manifesto_id,text,partyname,date
71110_201212,"「
卒
原
発
」
も
「
脱
増
税
」
も
［ 未 来 へ の 約 束 ］
（正式名称：日本未来の党）
いま、日本中に将来への不安や、政治への不信、失望がうずまいています。
この不安を安心に、不信を信頼に、失望を希望に変えなければ。
わたしたちは、国民のみなさんの「今のままでは選ぶ政党がない」
「本当の第三極を作ってほしい」という声に応え、新しい党をつくりました。
にっぽん
わたしたちの名前は「未来の党」（日本未来の党）です。
このままでは、我々の日本は、国としての品格を失います。
だれもが
世界は我々の動きを見ています。
希望をもてる
そう、あのふくしまの原子力発電所の事故です。終わっていません。
未来を。
これを確実に終わらせて、着実に原発から卒業できる道を示さなければならないのです。
我々は、世界に、地球に、未来を、希望を発信しなければなりません。
そう考えて、わたしたちは、この理念の下に、多くの仲間たちと新しい党をつくりました。
国民のみなさんの政治への信頼を取り戻すためです。
未来をつくる政治、希望を見いだすためです。
政治には未来をつくる力があります。政治は未来をつくるものです。
ご一緒に未来をつくっていきましょう。
今回の選挙は3.11事故のあと、初めての総選挙です。
わたしたちは、ふくしまを忘れてはいけません。
福井若挟湾に集中する原発。その若狭湾に近く、近畿圏1450万人の命の水源・琵琶湖。
その琵琶湖をあずかる知事として、このまま国政に何のメッセージも出さないわけにはいきません。
まずやるべきは、大地を汚し、ふるさとを奪う原発から卒業することです。
あの復興予算の使われ方、おかしくないですか。子どもたちにこれ以上、ツケを回してはいけません。
増税の前に、ムダづかいをなくします。
私は滋賀県知事として、400億円のダムをやめ、
40億円で同じ効果の水害対策、河川改修をやり遂げました。
これと同じことを国全体でやらせていただきたい。
私が訴えたいのは、子どもたち、お父さん、お母さん、
おじいちゃん、おばあちゃんに優しい社会をつくることです。
若者に仕事があり、女性の力が活かされ、子どもがすこやかに生まれ育つ。
にっぽん
高齢者が不安を感じず安心して生活できる。そして、原発のない日本へ。
政治は未来をつくるもの。
にっぽん
日本の未来を決めるのは、あなたの一票です。
だれもが希望をもてる未来を！ 未来の党 代表
原発のない再生可能エネルギー社会へ ● 東京電力は破綻処理し、国が直轄して福島第一原発からの
放射能汚染の拡大を防ぎ、責任をもって損害賠償や
被ばく防護に対応する。
卒 原発
● もんじゅと六ヶ所再処理工場の廃止、世界最高水準の安全規制、
大間原発など新増設の禁止、使用済み核燃料の総量規制と
乾式暫定保管からなる「卒原発プログラム」を定める。
原発稼働ゼロから遅くとも10年以内の
完全廃炉・完全卒業の道筋を創ります。 ● 原発稼働ゼロに伴う雇用・経済対策などを実施し、
国民生活や経済の混乱を避けつつ、
「原発稼働ゼロ」という現実において、安全や雇用・経済 全原発の廃炉への道のりを定める。
対策などの直面する課題に責任ある対応をし、全ての原
● 発送電分離など電力システム改革を貫徹して公正な競争を促し、
発が確実に廃炉となる「卒原発」への道のりを定めます。 地域分散ネットワーク型のエネルギー地域主権を実現する。
原発に代わって再生可能エネルギーを普及させるエネル
● 大胆な省エネルギーと再生可能エネルギーの飛躍的な普及を
ギーの大転換で、地域産業を育成し雇用を拡大させます。 実現して、石油・石炭への依存度を減らし、
昨年に脱原発を決めたドイツでは、すでに5兆円規模の産 地域の雇用拡大と経済の活性化を図る。
業と38万人の雇用が生まれ、地域が活性化しています。
全員参加型社会へ ● 子ども一人当たりの中学卒業まで年間31万2000円の手当を
支給し、その一部を「子育て応援券」（バウチャー）とする。
活 子ども・女性 ● 結婚・出産が女性のキャリア形成に不利にならない社会を創る。
● 子どもが虐待や育児放棄にあわないよう
親の子育て環境の改善を図る。
子どもや女性の声なき声を
● 離婚・別居時に両親が子どもの
きちんと政治に反映させます。
共同養育計画を作成することを義務化する。
女性が社会の中で活き活きとし、子どもが笑顔ですこやかに ● 家庭・学校・地域が一体となって
育つ社会が当たり前でなければいけません。日本の未来を 「 子育て」「子育ち」を応援する社会を創る。
担ってくれるはずの子どもが減少している原因の一つは「子
● 高校授業料の無償化などを堅持する。
どもを産みにくい、育てにくい」という不安を多くの女性が抱
● いじめの撲滅に向け小・中学生への「心の教育」を実施する。
いているからです。その状況を打破し、同時に、子どもたちが
● 配偶者暴力に対し刑事罰を科すよう法改正する。
「この国に生まれて良かった」と思える社会を実現します。
安心・安全を実感できる社会へ ● ワークシェアリングを促進し、家庭と仕事の両立ができる社会を
創造するとともに、完全雇用を実現する。
守 暮らし ● 子育て、医療、福祉、教育分野での産業・バイオマス資源の活用
による環境配慮型産業の振興や戸別所得補償による
農林漁業の活性化などにより雇用の創出を進める。
みなさんの生活に対する
● 若い世代の人材育成・キャリア形成を促進する。
不安を取り除きます。
● 非正規社員の正規社員化を促し、安心して働ける現場を
整備する。
地域内でお金が循環し、地域の人たちが元気になるような
内発的経済を発展させることなどにより、暮らしの根底を支 ● 税を財源とする最低保障年金と所得比例年金の構築により
年金制度の一元化を図る。
える「雇用」の不安を払拭します。あわせて、年金・医療制
度を充実させることで、人々の暮らしを守ります。 ● 地域包括ケア、在宅介護支援体制を強化して、
介護制度を充実させる。
● 国民皆保険を堅持し、医療保険制度の一元化を目指す。
● 後期高齢者医療制度は廃止する。
家計の復活へ 国民の平均所得を引き上げるために、家計を圧迫する行政の規制・ムダを徹
底的になくすとともに、内発的経済の発展を促進します。それにより、デフレ脱
脱 増税 却と経済の再生を実現します。その結果、円高の是正や、税収の増加、財政
再建も可能になり、消費増税の必要がなくなります。
デフレ、個人所得の低下が続く中での増税は、ますます消費を冷え込ませ、中
消費増税法は凍結します。
小零細企業の倒産などを招きます。したがって、税収はかえって落ち込むこと
になります。この点からも増税法は凍結します。
● 必要な財源は、特別会計の全面見直しをはじめとする政治改革、行財政改革、
地域主権改革によって捻出する。
● 業界・業種によって損税・益税が生ずるなどの現行消費税の欠陥を是正する。
行政・司法の抜本改革の断行へ 震災復興の遅れ、復興予算のあきれた流用に象徴されるように、国民の視点
を失った中央の官僚が全てを決めて人々に押しつける仕組みは、人々に多大
制 官僚 な損害を与えています。官僚の暴走を止め、地域のことは地域で決める「地
域が主役の社会」を実現します。
● 画一的・硬直的な行政から脱却し、各地域のニーズに応えられる財政支援制度を
国民・地域の立場に立った
創ることで、東日本大震災の復興を加速させる。
行政・司法に改めます。
● 政治主導を貫徹できる公務員制度改革を実施する。
● 天下り全面禁止と政府関係法人の廃止でムダと利権をなくす。
● 国の補助金と政策経費は原則、自主財源として地方に交付する。
● 国の地方支分部局を広域連合へ移譲する。
● 司法官僚による国民の権利侵害を止めさせる措置を早急に講ずる。
● 行政・司法苦情処理第三者委員会を国会内に設置する。
主権国家としての権利を堅持へ 日本は、自立と共生の理念の下で、自ら主張し信頼を築く外交を展開しなけれ
ばならず、独立国家としての責任に基づいた日米関係を構築しなければなりま
誇 外交 せん。TPP（環太平洋戦略的経済連携協定）は、単なる自由貿易協定では
ありません。牛肉など食品の安全基準、医療保険などすべてをアメリカのルー
ルに合わせようというものです。だから交渉入りに反対です。
食品の安全・医療制度を守り、
● 自由貿易のためのFTA（自由貿易協定）、EPA（経済連携協定）は積極的に推進する。
品格ある外交を展開します。
● 食料安全保障の観点からも食料自給率50%を目指す。
● 東アジア外交を重視し、アジアの平和の調整機能を果たす。
● 安全保障基本法の制定と国連平和維持活動への参加を進める。
● テロ、大災害にも対応できる日本版NSCを創設する。
● 多様な資源外交により安定的なエネルギーの確保を図る。
●「拉致国家」の汚名を返上するためハーグ条約を早期に批准するとともに
国内の子どもの連れ去り行為を禁止する。
（正式名称：日本未来の党）
政策ビラ",,
71111_201412,"生
活
者
本
位
の
国
へ
。
生
活
の
党
● ● ●
非 消 脱
報道・研究資料用
正 費 原
増 発
規
税 。
雇
凍 新
用 結 エ
の と ネ
是 内 ル
需 ギ
正
拡 ー
と
大 政
少
で 策
子 景 へ
化 気 転
対 を
換
策 良
く
で
し
し
活
自
国
然
力 民
エ
生
ネ
あ 活 ル
向
る ギ
ー
社
上
立
会
国
へ へ へ
シ フ ト
生活の党本部
〒100-0014 東京都千代田区永田町2-12-8永田町SRビル
ホームページhttp://www.seikatsu1.jp/
政策パンフレット
経済を国民の手に取り戻し、生活者本位の国へ。
破綻が明確になった「アベノミクス」を引き続き支持するの これでは国は存続できません。多くの国民が疲弊し困憊すれば、国
か、それとも経済を国民の手に取り戻す政権をつくるのか。 家自体も滅んでしまいます。この当たり前の道理を、なぜ安倍内閣は
これを国民が自らの意志で選択し、決定するのが民主主義です。 分かろうとしないのでしょうか。
小泉政権以降、安倍政権に至るまで、私たちの暮らしは徹底的に痛 安倍内閣は今回の解散を「消費増税先送り」で国民に信を問うなどと
めつけられ疲弊しています。これまで日本を支えてきた名も無き中間 言っています。しかし、そこに大義は全くありません。破綻が明確な「ア
層が消滅し、日本はいま大きな格差社会になっていることを多くの人 ベノミクス」を引き続き支持するのか、それとも国民の力でこの流れを
が実感しているのではないでしょうか。 止めるのか。今回の総選挙の本当の争点は、経済を国民の手に取り
戻す政権をつくるのか、それとも拡大しつつある格差をさらに広げ、日
私は国民本位の経済に政策をシフトし、失われた中間層を取り戻すこと 本という国をなきものにしてしまうかの選択です。それを国民が自らの
こそが、いま政治に求められている責任だと思います。経済は大会社の 意志で決めるのが民主主義のルールです。
ためだけにあるわけではありません。国は一部の資産家だけで成り立っ
ているわけでもありません。日本を支えているのは99.7％を占める中小・ 2008年秋のリーマンショック、そして2011 年 3 月 11 日に発生し
零細企業です。そこに働く人たちが主役になれる社会を取り戻すことこ た東日本大震災。日本はいま大きな岐路に立ち、もがき苦しんでいま
そが、日本を元気で活力あふれる国にする最短で最良の方法です。 す。しかし、私たち生活の党はその処方箋を持っています。
初期の資本主義は自由放任主義の経済を推し進めていった結果、国 日本の仕組みや制度を抜本的に組み変え地方分権を推進し、国民経
内に極端な格差が生まれました。この弱肉強食の際限ない競争に歯 済を復活させる。この作業は容易ではなく、正に白いキャンバスに新
止めをかけるため、民主主義国家が制度や規制というセーフティーネッ たな地図を描くような難解な作業になります。
トを設けたのです。これにより資本主義は、現在まで生き延びてくる
ことができました。しかし、安倍政権が進める「アベノミクス」は、こ しかし、私たちはひるみません。
うした民主主義や資本主義の歴史を完全に否定するもので、強い者 勇気を持って、まっすぐに取り組んでいきます。
だけが生き残る日本になればいいという発想です。
生活の党代表
活力 非正規雇用の是正と少子化対策で 向上 消費増税凍結と内需拡大で景気を
活力ある社会へシフト。 良くし国民生活向上へシフト。
●非正規労働者の正規化と同一労働・同一賃金を推進。安心・安定し ●消費増税凍結で家計と中小事業者の負担を軽減するとともに、高
て働くことができる生活者本位の雇用政策へシフトしていきます。 校無償化など各種手当で可処分所得を増やし内需を拡大します。
●少子化対策は喫緊の課題。若い人たちが安心して子どもを生み、 ●輸出型大企業に頼る経済政策から、行政の無駄を省き地方分権を推進さ
育てることができる環境整備を推進します。 せ、地方の特徴を活かした産業の創出と雇用の拡大を図っていきます。
安倍政権の下で非正規雇用はついに4割に達しました。正規社員と非正 政府はいろいろないいわけをしていますが、各種数字を見ても、また生活
規労働者の間には生涯賃金で２倍以上の差があるだけでなく、待遇面などで 実感からしても、景気は悪化する一方です。安倍政権のやっていることは日銀
も大きな差があります。雇用と労働の問題は、基本的な人権に関わる重要な への圧力による物価高・円安政策であり、国民は物価高と実質賃金の低下で
問題だけに、非正規の正規化や同一労働・同一賃金を推進して、何としても 疲弊し、内需の屋台骨を支えている中小零細事業者も増税と円安による原材
格差社会の拡大を阻止しなければなりません。 料の高騰に苦しめられる。これがアベノミクスの正体です。
しかし、安倍政権は非正規社員をさらに増やす方向を明確に打ち出してい 日本のGDPの6割を個人消費が占めていますが、その国民の大多数の所
ます。国民をコストとしてしか考えず、人権を無視して経済の効率化だけを考 得が減り続けているわけですから、景気がよくなるはずがありません。生活の
える政権とは一日も早く決別すべきです。 党は金融財政政策を正常な形に戻し行政の無駄を省くとともに、輸出型大企
特に若年層では、年収200万円以下のワーキングプアと呼ばれる労働者 業に頼る経済政策から、地域のことは地域に任せる経済政策へシフト。これ
が1000万人を超えています。これでは安心して子どもを生むこともできませ により地域経済の発展と雇用を拡大していきます。
ん。明日の日本を創る若い人たちが、安定して働くことができ、子どもを生み、 さらに、農業者戸別所得補償制度などを法制化し、地域に根ざした安定的
育てることに自信を持てる社会をつくることが少子化対策の第一歩といえます。 な農業経営の維持・発展を図ります。
議 員 立 法 議 員 立 法
生活の党は議員立法で政治を前へ進めています！ 生活の党は議員立法で政治を前へ進めています！
■非正規労働者の希望に応じた正規への転換推進法案 ■消費増税凍結法案（2014年11月4日衆議院提出）
（2014年11月17日衆議院提出） （社会保障の安定財源の確保等を図る税制の抜本的な改革を行うための消費税法の一部
（非正規労働者の希望に応じた正規労働者への転換の推進及び労働者の職 を改正する等の法律及び社会保障の安定財源の確保等を図る税制の抜本的な改革を行
務に応じた待遇の確保に関する法律案） うための地方税法及び地方交付税法の一部を改正する法律の一部を改正する法律案）
■労働基準法等の一部を改正する法案（2014年11月17日衆議院提出） ■高等教育家計負担軽減推進法案（2014年11月14日参議院提出）
（労働基準法及び労働者派遣事業の適正な運営の確保及び派遣労働者の保 （高等教育に係る家計の負担を軽減するための税制上その他の必要な施策の
護等に関する法律の一部を改正する法律案） 推進に関する法律案）
■同一労働・同一賃金推進法案（2014年11月6日衆議院提出） ■国・地方関係の抜本的な改革推進法案（ 2014年10月31日衆議院提）
（労働者の職務に応じた待遇の確保等のための施策の推進に関する法律案） （国と地方公共団体との関係の抜本的な改革の推進に関する法律案）
転換 脱原発。新エネルギー政策へ転換し
生活者本位の政治へシフト
自然エネルギー立国へシフト。
❶家計収入の増大こそ最優先課題 地熱、波力、水力など安全な再生可能エ
・家計と景気に大きなダメージを与える消 ネルギーを急ピッチで普及させます。
●政府主導に転換し、福島第一原発事故の早期収束を図ります。 費増税は凍結します。 ・省エネルギー技術と再生可能エネルギー
・非正規労働者の正規化を拡充し、雇用の の普及、高効率火力発電技術の活用、エ
●原発の再稼働・新増設は一切容認しません。 安定化と賃金引上げを推進します。 ネルギーの地産地消を強力に推進し地域
・子育て応援券、高校無償化、最低保障 経済の発展と雇用の拡大を実現します。
●脱原発による新エネルギー政策で、エネルギーの地産地消を強力に
年金を推進し、可処分所得を増やします。 ❺東日本大震災からの復興加速
推進。地域経済の発展と雇用の拡大を実現します。 ・給付型奨学金の創設を含め、奨学金制度
・福島第一原発事故の早期収束を政府主
を拡充し、希望する全ての人が高等教育
導に転換し、被災住民への損害賠償、汚
を受けられるようにします。
染水対策・廃炉作業を迅速かつ適切に実
太陽光の買い取り拒否で地域は大混乱に陥りました。安倍政権は国と国民を ・定年延長、高齢者雇用、女性雇用、子育
施します。
て後の再就職支援の制度を拡充します。
守るエネルギー政策ビジョンがないままに原発を再稼働させベースロード電源と ・復興用地取得の特例措置などによる住宅
・住宅ローン減税とともに、住宅取得にか
再建やまちづくりの推進を加速化させます。
かる税制上の優遇措置、給付措置などに
して推進していく方針です。しかし、日本は３.１１で自らが得た教訓を真摯に受 ・除染しても居住にふさわしくない地域の
より負担を軽減します。
被災者の移住を経済的に支援します。
け止め、一日も早く原発のない社会の実現に向け真剣に取り組んでいくべきです。
❷地域が主役の社会を実現 ・雇用創出を視野に入れた復興計画を推進
日本には世界に誇る環境にやさしい最新型火力発電もあれば、近海にはメタ ・行政の権限と財源を地方に大胆に移して、 し、地域経済を再生します。
地域のことは地域で決められる仕組みに ❻TPPは断固反対
ンハイドレートもあります。また、太陽光、風力、地熱、波力、水力などの再生
改めることで、地方の雇用を増やし、地
・日本の経済・社会を根底から破壊しかね
可能エネルギーも豊富で、日本はまさにエネルギー資源大国といえます。さらに、 域経済を活発にします。
ないTPPには参加せず、各国とのFTA
・予算の組替え、特別会計の抜本改革によっ
（自由貿易協定）を推進します。
燃料電池車や家庭用燃料電池など日本は水素エネルギー技術で世界トップ水準 て無駄を省き財源を捻出し、年金・医療・
・農業者戸別所得補償制度などを法制化し
介護など国民生活を豊かにするために活
にあります。 て農業者の経営の安定化と農村の活力の
用します。
維持を確立します。
これらを踏まえ、地産地消を基本とした新エネルギー政策に転換していくこと ・地方にとって必要な次世代のための公共
・青年の就農・農村定住を促進するため、
投資を持続的かつ適正規模で実施します。
で脱原発を実現するとともに、地方分権と相まって地場産業の創出で活力ある 就農支援策を充実するとともに、6次産
❸格差をなくして 業化を推進するなどの地域に根差した雇
日本へシフトしていきます。 国民が助け合う仕組みにする 用の場を確保します。
・最低保障年金と所得比例年金の構築によ ❼平和を自ら創造する
議 員 立 法
り年金制度の一元化を図ります。
・日米両国の相互信頼関係を築き対等な日
・医師の適正配置、診療科の偏在是正を
生活の党は議員立法で政治を前へ進めています！ 米関係を確立。普天間基地の辺野古移
推進するために地域医療基本法を成立さ
転計画は中止し、国外・県外への移設を
■東日本大震災復興特別区域法の一部を改正する法律 せます。
法案成立 検討します。
（2014年3月25日衆議院提出） ・介護休業制度の拡充とともに、地域の知 ・中国、韓国をはじめ、アジア諸国との友好
生活の党がリーダーシップを発揮して全党の理解と賛同を得て、議員立法 恵を活かした在宅介護に係る現金給付な 協力関係を発展させ、アジアの成長を日本
で成立させたものです。東日本大震災被災地で復興整備事業について土地 ど介護手当をセットで導入します。 経済の活力に取り込む施策を推進します。
収用法の特例を設けることで、なかなか進まなかった住宅再建やまちづく ・貧困により困窮する家庭における子どもを乳 ・憲法の平和主義、国際協調の理念に基づき、
りを現場の実情に即して進めることができるようになり、これにより被災 幼児期・児童期から重点的に支援し、貧困 国家を守り、世界の平和、地球環境の保
地での復興が加速されました。 の連鎖を断ち切るための対策を強化します。 全に貢献します。
■原子力規制委員会設置法の一部を改正する法律案 ❹脱原発こそ成長戦略 ・安倍内閣が閣議決定した憲法の改正なき
（2014年5月21日参議院提出） ・原発の再稼働・新増設は一切容認しません。 集団的自衛権の行使容認には憲法9条に
原発は全て廃止し、代わって太陽光、風力、 則り断固反対します。",,
71220_200311,"（前ページからつづく）
自民党政治を
当面の重点政策 イラク派兵と先制攻撃戦略への
11
参加に反対する
自衛隊の海外派兵に反対します。
大もとからきりかえ
女性が生きいきと力を発揮できる
7 米軍基地の異常をただし、米軍の横暴勝手をやめさせます。
平等な社会をめざす
ヘリ空母などの軍拡を中止し、大幅軍縮をすすめます。
安心して子どもを生み育てられる 北朝鮮問題の解決、
8 12
条件づくりを 東アジアの平和と安定のために 「国民が主人公」の
1少子化傾向を克服する努力を強めます。
北朝鮮問題の解決は、東アジアの平和と安定にとって欠くこ
2教育条件を向上させ、国の統制から「地域発・学校発」の教育
とのできない課題です。
改革にきりかえます。 1●朝鮮半島で戦争をおこさせない――
社会の道義的危機の克服を、国民的対 北朝鮮が核開発をすすめ、瀬戸際外交をつづければ、アメリ
9
日本改革
話と運動をつうじてすすめる カに先制攻撃の口実をあたえ、数十万人の犠牲者が予想され
る戦争に発展しかねません。戦争の火種をなくし、軍事衝突の を
重大で衝撃的な少年犯罪があいつぎ、いじめ、児童虐待、少
危険をとりのぞくことは、国際社会が一致して追求すべき最優先
女買春などが頻発していることに多くの国民が不安をもち、心
目標です。日本共産党は、平和的手段によって北朝鮮問題を解
を痛めています。日本共産党は国民的な対話と運動をひろげ、
決するよう、強く主張します。
みなさんとともに社会の道義的危機を克服するため、４つの角
2●国際社会が立つべき３つの原則――
度でのとりくみを重視します。
すすめます
民主的社会にふさわしい市民道徳の規準をどう確立してゆくか 日本共産党はそのさい、国際社会が次の原則をまもって解決
子どもをまもるための社会の自己規律をどうきずくか にあたることを主張します。
子どもが自由に意見をのべ、社会に参加する権利をどのよう 北朝鮮にたいし、核兵器開発路線を放棄し、国際社会と安
に保障するか 定した外交関係をきずくことこそ、みずからの安全保障にとって
子どもの成長をささえあう草の根からの取り組みをどうすす も重要であることを道理をもって説く。
めるか 北朝鮮が犯してきた拉致事件、テロ事件などの無法行為をきっぱり
清算し、真の意味で国際社会の仲間入りをするよううながす。
「政治とカネ」のよごれた関係を すべての当事国が、軍事対応の悪循環を断ち切る立場にた
10
断ち切り、民主的政治制度の実現を
つ。
こんどの総選挙は、21世紀の日本の進路が大きく
企業・団体献金をただちに全面禁止します。 3●日本人拉致事件を理性的に解決する―
問われる選挙です。先行きどころか、国民の「いま」
国民の税金を政党が分け取りする政党助成法を廃止します。 日本共産党は、国会質問で拉致疑惑の存在を政府にはじめ
の苦難をとりのぞく手立てをまったくしめせない自民
選挙制度の改悪に反対し、民意を反映する選挙制度改革を てみとめさせ、この問題の交渉による解決を提言してきました。
党政治――ゆきづまった古い政治の枠組みを続ける
――少数政党を国会からしめだし、民意の反映しない国会を この立場を堅持し、真相の全面解明、責任者の厳正な処罰、北
つくる、衆院比例代表制の削減・廃止に断固反対します。 朝鮮による被害者への謝罪と補償、被害者の家族の帰国など、 のか、それとも政治と経済の弱点・欠陥にメスを入
拉致問題の理性的な解決に力をつくします。 れ、国民が希望のもてる国づくりをすすめてゆくの
政策全文は党出版局発行のパンフレットをお求めください。 かが問われる選挙です。そして、どの野党が、自民党
政治にとってかわる日本の改革のたしかな方向と中
身をしめしているのか ―― 日本の政党のほんとう
の“値打ち”が問われる選挙です。
日本共産党は、日本の政治・経済・外交を「国民が主
人公」をつらぬく方向にきりかえるほんものの改革＝
日本改革を、国民のみなさんに訴えてたたかいます。
総選挙にのぞむ日本共産党の政策
ダイジェスト版
日本共産党
日本共産党中央委員会
〒151-8586 東京都渋谷区千駄ヶ谷4-26-7 http://www.jcp.or.jp
TEL03-3403-6111（代表）FAX03-5474-8358
(3)経済までアメリカに指図される
働くものの権利
日本とヨーロッパでこんなにちがう 現状から抜け出す
日 本 ド イ ツ フランス
「不良債権の早期処理」、ゼロ金利など、国民のくら
法律による残業 １日２時間 残業を含め
なし
時 間 の 規 制 年６０日以内 週４８時間以内 しにかかわる問題が、アメリカの要求を発端にすすめ
日本改革の提案 解 雇 規 制 法 なし あり あり られる、日本経済のゆがみを正します。
失 業 保 険 11ヶ月 32ヶ月 60ヶ月
納税者をまもる
なし あり あり
憲章
日本共産党は
外交・安全保障の改革――
2
「アメリカいいなり」政治を断ち切り、
こういう日本をめざします
ほんとうの独立・平和・非同盟の国へ
日本共産党は、ゆきづまった現状を打開し、政治でも経済でも名実ともに アメリカ追従の「海外派兵国家」の道をつづ
「国民が主人公」となる21世紀の新しい日本への進路をきりひらくために、 ければ、世界とアジアから孤立するばかりです。
日本共産党は、「アメリカいいなり」からぬけだし、
２つの改革を、国民のみなさんと力をあわせてすすめます。
自主・独立の国づくりをすすめ、アジアと世界の
平和・友好に貢献する日本にします。
日本経済の民主的改革――
1
(1)イラク派兵に反対し、「海外派兵国
財界主役ではなく、国民のくらし応援の政治を 家」の仕組みづくりをやめさせる
自衛隊派兵はきっぱり中止し、アメリカの占領費
経済をささえる一番の土台である国民のくらし とで、雇用を確保しながら、段階的にバブル前の水準 負担もことわるべきです。憲法９条をまもる立場
が粗末にあつかわれる――ここに、日本経済の の２５兆円に半減させます。５兆円の軍事費にメスを入 で、有事法制・海外派兵法の発動を阻止するため
れ、抜本的な軍縮に転換させます。 に、国民のみなさんとの共同を強めます。
最大の弱点があります。国民のくらしに活力をと
「歳入改革」――「所得・資産に応じた負担」という
りもどす――財界主役ではなく、国民のくらしを
(2)国民の利益と世界の公理にかなっ
経済民主主義をつらぬく
応援する政治をすすめることこそ、日本経済を立
た自主外交に転換する
いまの日本は、企業が負担する税金と社会保険料
ち直らせ、先行きに明るさを見出せる道です。
が、諸外国にくらべ安すぎます。これを改革し、大企業
国連憲章の平和のルー
「（アメリカのイラク攻撃
などに応分の負担を求めれば財源は生まれます。
(1)社会保障とくらしをささえるため ルをまもり、「アメリカいいな は）国連憲章の原則への 沖縄・普天間基地
の財政と税制の改革 り」外交から、日本国民の 根本的挑戦」（9月23日 (4)日米軍事同盟をなくし、ほんとうに
(2)国民のくらしと権利をまもる
利益にたった自主・平和 の国連総会、アナン事務
独立した自主・平和の日本へ
納めた税金が社会 “ルールある経済社会”をつくる の外交に転換します。 総長）
保障に使われる割合は 日米安保は、いま、世界とアジアの緊張を高める危
47％
44％ 43％ リストラ、サービス残業、過労死、長時間労働、下請 険な震源地の１つとなっています。日本共産党は、日本
(3「) 米軍基地国家」の
けいじめ――日本は、くらしや雇用、中小企業をまもる でただひとつ、日米軍事同盟からぬけだし、独立・平 29％ 現状をあらためる
ルールがあまりに弱く、大企業の身勝手が野放しにさ 和の国をめざすことを主張している政党です。安保条 日
本 れています。大企業に雇用・地域経済・環境・下請企業 沖縄・名護への新基地建設など、海外への“殴り 約第10条の規定にしたがい、アメリカに「安保廃
などへの社会的責任を果たさせます。 込み”専門部隊の増強計画や「ミサイル防衛戦略」 棄」を通告します。アメリカとは「友好条約」を結んで、
に日本が参加することに反対します。 対等・平等の新しい関係をつくります。
日
本
イ ギ リ
ス
ド イ ツ
ア
メ リ カ
「歳出改革」――「逆立ち」
財政をあらためる
社会保障の支出より大型
公共事業の支出が極端に多
い税金の使い方をあらため
ます。90年代に50兆円にまで
ふくれあがった公共事業費を、
福祉・環境型に重点化するこ 日本は９９年度、アメリカは９５暦年、その他
は９９暦年。社会保障審議会資料から作成
(3)経済までアメリカに指図される
働くものの権利
日本とヨーロッパでこんなにちがう 現状から抜け出す
日 本 ド イ ツ フランス
「不良債権の早期処理」、ゼロ金利など、国民のくら
法律による残業 １日２時間 残業を含め
なし
時 間 の 規 制 年６０日以内 週４８時間以内 しにかかわる問題が、アメリカの要求を発端にすすめ
日本改革の提案 解 雇 規 制 法 なし あり あり られる、日本経済のゆがみを正します。
失 業 保 険 11ヶ月 32ヶ月 60ヶ月
納税者をまもる
なし あり あり
憲章
日本共産党は
外交・安全保障の改革――
2
「アメリカいいなり」政治を断ち切り、
こういう日本をめざします
ほんとうの独立・平和・非同盟の国へ
日本共産党は、ゆきづまった現状を打開し、政治でも経済でも名実ともに アメリカ追従の「海外派兵国家」の道をつづ
「国民が主人公」となる21世紀の新しい日本への進路をきりひらくために、 ければ、世界とアジアから孤立するばかりです。
日本共産党は、「アメリカいいなり」からぬけだし、
２つの改革を、国民のみなさんと力をあわせてすすめます。
自主・独立の国づくりをすすめ、アジアと世界の
平和・友好に貢献する日本にします。
日本経済の民主的改革――
1
(1)イラク派兵に反対し、「海外派兵国
財界主役ではなく、国民のくらし応援の政治を 家」の仕組みづくりをやめさせる
自衛隊派兵はきっぱり中止し、アメリカの占領費
経済をささえる一番の土台である国民のくらし とで、雇用を確保しながら、段階的にバブル前の水準 負担もことわるべきです。憲法９条をまもる立場
が粗末にあつかわれる――ここに、日本経済の の２５兆円に半減させます。５兆円の軍事費にメスを入 で、有事法制・海外派兵法の発動を阻止するため
れ、抜本的な軍縮に転換させます。 に、国民のみなさんとの共同を強めます。
最大の弱点があります。国民のくらしに活力をと
「歳入改革」――「所得・資産に応じた負担」という
りもどす――財界主役ではなく、国民のくらしを
(2)国民の利益と世界の公理にかなっ
経済民主主義をつらぬく
応援する政治をすすめることこそ、日本経済を立
た自主外交に転換する
いまの日本は、企業が負担する税金と社会保険料
ち直らせ、先行きに明るさを見出せる道です。
が、諸外国にくらべ安すぎます。これを改革し、大企業
国連憲章の平和のルー
「（アメリカのイラク攻撃
などに応分の負担を求めれば財源は生まれます。
(1)社会保障とくらしをささえるため ルをまもり、「アメリカいいな は）国連憲章の原則への 沖縄・普天間基地
の財政と税制の改革 り」外交から、日本国民の 根本的挑戦」（9月23日 (4)日米軍事同盟をなくし、ほんとうに
(2)国民のくらしと権利をまもる
利益にたった自主・平和 の国連総会、アナン事務
独立した自主・平和の日本へ
納めた税金が社会 “ルールある経済社会”をつくる の外交に転換します。 総長）
保障に使われる割合は 日米安保は、いま、世界とアジアの緊張を高める危
47％
44％ 43％ リストラ、サービス残業、過労死、長時間労働、下請 険な震源地の１つとなっています。日本共産党は、日本
(3「) 米軍基地国家」の
けいじめ――日本は、くらしや雇用、中小企業をまもる でただひとつ、日米軍事同盟からぬけだし、独立・平 29％ 現状をあらためる
ルールがあまりに弱く、大企業の身勝手が野放しにさ 和の国をめざすことを主張している政党です。安保条 日
本 れています。大企業に雇用・地域経済・環境・下請企業 沖縄・名護への新基地建設など、海外への“殴り 約第10条の規定にしたがい、アメリカに「安保廃
などへの社会的責任を果たさせます。 込み”専門部隊の増強計画や「ミサイル防衛戦略」 棄」を通告します。アメリカとは「友好条約」を結んで、
に日本が参加することに反対します。 対等・平等の新しい関係をつくります。
日
本
イ ギ リ
ス
ド イ ツ
ア
メ リ カ
「歳出改革」――「逆立ち」
財政をあらためる
社会保障の支出より大型
公共事業の支出が極端に多
い税金の使い方をあらため
ます。90年代に50兆円にまで
ふくれあがった公共事業費を、
福祉・環境型に重点化するこ 日本は９９年度、アメリカは９５暦年、その他
は９９暦年。社会保障審議会資料から作成
2
つの 導入以来15年間、国民か 増える消費税収、減る法人税収 消費税の免税点引き下げに反対し、
（８９〜２００３年度）
らしぼりとられた消費税 15 増収 消費税増収計136兆円 中止をもとめる
（兆円）
の総額は、社会保障財源
10
になるどころか、大企業 消費税大増税の計画に反対する
5
減税と不況による法人税
悪政にストップを 0 1989 92 95 98 01 03（年度）
の減収で消えてしまいま 消費税は、「所得の多い人は多い税金、所得の少な
-5
した。いま、日本経団連は い人は少ない税金」「国民の生活必要費には税金をか
消費税増税とあわせ、さら -10 けない」という近代的な税の大原則に反した「最悪の
なる「法人税率の引き下 -15 不公平税制」です。
減収 法人税等減収計131兆円
消費税大増税・憲法改悪の げ」を要求しています。消 日本共産党は、いっかんして消費税の廃止を主張し
費税増税は大企業減税の てきました。この悪税の２ケタ増税計画につよく反対す
財源にほかなりません。 るものです。
計画をくいとめるよう、
憲法改悪に反対し、現行憲法をまもる
力をつくします
自民党は政権公約に「2005年、憲法改正に大 を要求しています。憲法９条は、日本が世界にほ
きく踏みだします」と明記。自民党が期限つきで こる「平和の宝」。日本共産党は、戦前の侵略戦
改憲案をつくり、選挙で公約するのは、史上はじ 争に命がけで反対を貫いた党として、憲法改悪
自民党と財界勢力は、消費税大増税と憲法改悪という２つの大きな「計画」をたて、
めてのことです。一番のねらいは「戦争はしない、軍 計画をやめさせるため全力を尽くします。
近い将来、実行するための“地ならし作戦”に乗り出しました。
隊はもたない」と決めた憲法9条を改悪し、アメリ
これを許したら、わが国の21世紀は経済とくらしの面でも、 世界が評価する憲法9条
カの海外での戦争に、自由勝手に参戦すること
外交と平和の面でも「暗い世紀」となってしまいます。 「各国議会は日本の憲法９条を見習い、自国政府に戦
です。
争させない決議をすべきだ（」ハーグ世界平和市民会
日本共産党はこのくわだてを阻止するため、多くの国民のみなさんと力をあわせます。 日本共産党は、現憲法のすべての条項を厳格
議「公正な国際秩序のための基本１０原則」、９９年５月）
にまもり、とくに平和的・民主的条項の完全実施
消費税の大増税は国民の新たな苦難の道
いま、消費税の税率を２ケタに引き上げろとい
財界・政府・各党の増税大合唱
う大合唱が、財界から起こっています。自民党も
政権公約で「消費税率引き上げについて、結論 「2007年度までに10％、2025年度には18％」
を得る」と、増税方針を打ち出しました。黙ってい （日本経団連の提言、5月29日）
たら大変なことになります。 「2020年度以降、20％未満（19％）」
（経済同友会の提言、2月27日）
消費税大増税は、庶民のくらし、中小
「2桁の税率に引き上げる必要もあろう」
業者の営業、景気と経済を破壊する
（政府税制調査会の中期答申、6月17日）
消費税は、所得が少ない人ほど重い負担になる最 「将来を展望すれば、消費税、上げざるをえない」
悪の不公平税制、身銭を切って納税している多くの （現首相、10月11日）
中小零細業者などにとっては営業破壊税です。
「基礎年金部分に全部消費税をあてると10％に
なることもある」 （民主党代表、10月13日）
“社会保障の財源”どころか
“大企業減税の財源” 「消費税の引き上げの検討は避けられない」
（公明党代表、10月16日）
「増税は社会保障のため」？――とんでもありません。
2
つの 導入以来15年間、国民か 消費税の免税点引き下げに反対し、
増える消費税収、減る法人税収
（８９〜２００３年度）
らしぼりとられた消費税 15 増収 消費税増収計136兆円 中止をもとめる
（兆円）
の総額は、社会保障財源
10
になるどころか、大企業
消費税大増税の計画に反対する
5
減税と不況による法人税
悪政にストップを
0 1989 92 95 98 01 03（年度）
の減収で消えてしまいま 消費税は、「所得の多い人は多い税金、所得の少な
した。いま、日本経団連は
-5
い人は少ない税金」「国民の生活必要費には税金をか
消費税増税とあわせ、さら -10 けない」という近代的な税の大原則に反した「最悪の
なる「法人税率の引き下 -15 不公平税制」です。
減収 法人税等減収計131兆円
消費税大増税・憲法改悪の げ」を要求しています。消 日本共産党は、いっかんして消費税の廃止を主張し
費税増税は大企業減税の てきました。この悪税の２ケタ増税計画につよく反対す
財源にほかなりません。 るものです。
計画をくいとめるよう、
憲法改悪に反対し、現行憲法をまもる
力をつくします
自民党は政権公約に「2005年、憲法改正に大 を要求しています。憲法９条は、日本が世界にほ
きく踏みだします」と明記。自民党が期限つきで こる「平和の宝」。日本共産党は、戦前の侵略戦
改憲案をつくり、選挙で公約するのは、史上はじ 争に命がけで反対を貫いた党として、憲法改悪
自民党と財界勢力は、消費税大増税と憲法改悪という２つの大きな「計画」をたて、
めてのことです。一番のねらいは「戦争はしない、軍 計画をやめさせるため全力を尽くします。
近い将来、実行するための“地ならし作戦”に乗り出しました。
隊はもたない」と決めた憲法9条を改悪し、アメリ
これを許したら、わが国の21世紀は経済とくらしの面でも、 世界が評価する憲法9条
カの海外での戦争に、自由勝手に参戦すること
外交と平和の面でも「暗い世紀」となってしまいます。 「各国議会は日本の憲法９条を見習い、自国政府に戦
です。
争させない決議をすべきだ（」ハーグ世界平和市民会
日本共産党はこのくわだてを阻止するため、多くの国民のみなさんと力をあわせます。 日本共産党は、現憲法のすべての条項を厳格
議「公正な国際秩序のための基本１０原則」、９９年５月）
にまもり、とくに平和的・民主的条項の完全実施
消費税の大増税は国民の新たな苦難の道
いま、消費税の税率を２ケタに引き上げろとい
財界・政府・各党の増税大合唱
う大合唱が、財界から起こっています。自民党も
政権公約で「消費税率引き上げについて、結論 「2007年度までに10％、2025年度には18％」
を得る」と、増税方針を打ち出しました。黙ってい （日本経団連の提言、5月29日）
たら大変なことになります。 「2020年度以降、20％未満（19％）」
（経済同友会の提言、2月27日）
消費税大増税は、庶民のくらし、中小
「2桁の税率に引き上げる必要もあろう」
業者の営業、景気と経済を破壊する
（政府税制調査会の中期答申、6月17日）
消費税は、所得が少ない人ほど重い負担になる最 「将来を展望すれば、消費税、上げざるをえない」
悪の不公平税制、身銭を切って納税している多くの （現首相、10月11日）
中小零細業者などにとっては営業破壊税です。
「基礎年金部分に全部消費税をあてると10％に
なることもある」 （民主党代表、10月13日）
“社会保障の財源”どころか
“大企業減税の財源” 「消費税の引き上げの検討は避けられない」
（公明党代表、10月16日）
「増税は社会保障のため」？――とんでもありません。
結・見直します。 公共企業体として再生させます。
当面の重点政策
債務負担を計画的に返済し、料金の段階的引き下げ、将来
の無料化にむかいます。
5●「生活・福祉・防災・環境」重視の
道路４公団は、「天下り」を禁止し、ファミリー企業を廃止し、
公共事業をすすめる
国民の管理・監視のもとで債務返済と維持・管理を運営する
社会保障を予算の主役にすえ、年金・医療・介護など、 国民のくらしと権利をまもる
1 3
国民が安心できる制度を確立する 「ルールある経済社会」への前進をはかる
小泉内閣は社会保障のあらゆる分野で制度改悪と負担増を この間の社会保障改悪・負担増 くり返されるリストラ、雇用不安の拡大、サービス残業と長時 ｢乱暴な リストラを抑え、雇用をまもるルールをつくる
実施し、来年の国会でも年金制度の抜本的な大改悪をおこな 医 療 サラリーマン負担増、高齢者 1兆5000億円 間労働の横行――このままでは、国民のくらしと日本経済にと ｣失業者への生活保障 と仕事の対策をすすめる
おうとしています。不況のときこそ社会保障に予算をふりむけ、 医療費値上げ り返しのつかない事態をまねくことになります。リストラと不況
国民のくらしを最優先すべきです。日本共産党は、社会保障を 年 金 物 削 価 減 スライドによる給付の 4000億円 の悪循環は大企業の経営も圧迫しています。日本共産党は大 2●金融制度は公共的責任を優先に
予算の主役にすえ、国民が安心できる制度を確立します。 介 護 保険料値上げ 2000億円 企業にあたりまえの社会的責任をはたさせ、持続可能な経済社 金融機関に、中小企業への資金供給という責任を果たさせ
会をきずきます。 ます。郵政民営化に反対し、庶民の貯蓄を守ります。
1●年金大改悪に反対し、3つの改革で 雇用保険 失業給付の削減など 3400億円
3●中小企業の経営の発展のために
将来に安心がもてる年金制度をつくる 1●労働者の雇用と労働条件のために
来年以降に計画される社会保障改悪・負担増
大型店の出店を規制し、地元商店街をまもります。親企業の
基礎年金への国庫負担を、現行の3分の1からただちに2分 所 住 得 民 税 税 ・ 配偶者特別控除の廃止など 7300億円 ｡「安定した雇用を増やし、雇用危機を打開するための 下請けいじめをやめさせます。納税者をまもる憲章の制定。
の1に引き上げます。財源は、公共事業費の削減など歳出の見 ４つの緊急提案」を実行する
消 費 税 免税点の引き下げ 6300億円 勤労者の生活は大変な事態に
直しで生みだします。 サービス残業・長時間労働をなくし、新しい雇用を
リストラの横暴をおさえ、雇用と所得をまもる政策に転換して、 年 金 物価スラ （ イ 財 ド 務 に 省 よ 案 る ） 給 付削減 8000億円 平均２００時間のサービス残業→雇用にまわせば 勤労者世帯の年収 この１年で23万円減（この６年で７７万円減）
年金の安定した支え手を増やします。 １６０万人の雇用増に
175兆円にのぼる巨額の年金積立金を計画的に活用します。 3●だれもが安心して利用できる 雇 用 者 総 数 小泉内閣発足後の2年4ヶ月で63万人減
未来をになう若者に仕事を。政府と大企業の責任で
●さらに将来的には、基礎年金部分を発展させて、｢最低保障 介護保険制度に改善する 若者の雇用拡大を
年金制度｣を創設します。 福祉、医療、防災、教育など 完 全 失 業 者 数 350万人（半分は３４歳以下の若者）
●保険料、利用料の免除・軽減制度を国の制度として確立します。
国民のくらしに必要な分野で人手不足を解消
2●3割負担などの医療改悪を元にもどし、 ●介護給付費への国庫負担を現在の4分の1から2分の1に引 倒 産 件 数 小 泉内閣発足後の2年4ヶ月で4万4000件
国民の命と健康をまもる き上げます。 教 師――「３０人学級」実現すれば１２万人が必要 （帝国データバンク調べ）
保育士――待機児童（6万人）の解消で１万人必要
●特養ホームを計画的に増設し、待機者の解消をはかります。 4●人間と環境の共生のために
消防士――現在５万人が不足
当面、医療制度を02年の改悪前の状態にもどし、これ以上 ●短期入所（ショートステイ）の緊急用ベッドの確保など、高齢者
の医療大改悪をやめさせるために、３つの改革をすすめます。 が地域で安心してくらせる条件を整備します。 国が、自治体を財政的に支援し、 地域レベルでの環境破壊、地球的規模での環境破壊をおさ
地域での雇用対策をすすめる えるルールをつくります。
減らし続けた医療費に占める国庫負担の割合を計画的に元
4●福祉を拡充し、だれもが安心して
にもどします。
過ごせる地域社会をつくる
世界一高い薬価や高額医療機器が医療費を押し上げてい 農林漁業を再生し、食料自給率の向上、安全な食料の
4
乳幼児医療費無料化を国の制度として実現します。生活保
る仕組みにメスをいれます。 安定供給と地域経済の振興をはかります
護費の減額反対。児童扶養手当の削減中止。障害者プランを
予防・公衆衛生や福祉施策に本腰をいれ、国民の健康づく
拡充し、支援費制度を改善します。 ＷＴＯ農業協定の改定を求め、食料主権を回復します。
りを推進します。
価格・所得保障を農業予算の主役にし、家族経営や多様な
担い手をささえます。
公共事業の大改革をはかる――
2 消費者参加とチェック体制の強化で食の安全を確保します。
林業と漁業を振興し、地域経済の活性化をはかります。
予算規模は２５兆円、内容は国民生活優先
危険な「原発だのみ」をやめ、地域の自然エネルギー
5
50兆円の公共事業費を半額にしても、国土面積25倍、人口 3●道路特定財源などを一般財源化し、ムダ 開発など、安全なエネルギー供給をめざす
2倍のアメリカを上回る規模。国民生活に必要な社会資本は十
な公共事業でなく、社会保障などくらしのた
地方財源を拡充し、
分に整備できます。内容を巨大開発中心から、「生活・福祉・防 6
めに活用する
災・環境」重視に切りかえれば中小企業や雇用への波及効果 住民のくらしと地方自治をまもる
は大きくなります。 4●道路公団改革――「民営化」でなく、ムダ
市町村合併の押しつけをやめ、地域振興をはかり、地方自
1●必要性のないダム、空港、港湾などの な高速道路の建設中止、債務の計画的返済、 治をまもります。
公共事業にメスを入れる 組織のスリム化をすすめる 開発優先の「逆立ち」行政の旗振りをやめ、「自治体らしい自
治体」づくりの支援に転換します。
日本共産党は、つぎの３つの内容で、道路公団の改革をすす
2●新手のムダ――「都市再生」事業に 国から自治体への財政支出の削減でなく、地方財源の拡充
めます。
ストップをかける をおこないます。
高速道路整備計画を廃止し、新たな高速道路建設は凍
（次ページにつづく）
結・見直します。 公共企業体として再生させます。
当面の重点政策
債務負担を計画的に返済し、料金の段階的引き下げ、将来
の無料化にむかいます。
5●「生活・福祉・防災・環境」重視の
道路４公団は、「天下り」を禁止し、ファミリー企業を廃止し、
公共事業をすすめる
国民の管理・監視のもとで債務返済と維持・管理を運営する
社会保障を予算の主役にすえ、年金・医療・介護など、 国民のくらしと権利をまもる
1 3
国民が安心できる制度を確立する 「ルールある経済社会」への前進をはかる
小泉内閣は社会保障のあらゆる分野で制度改悪と負担増を この間の社会保障改悪・負担増 くり返されるリストラ、雇用不安の拡大、サービス残業と長時 ｢乱暴な リストラを抑え、雇用をまもるルールをつくる
実施し、来年の国会でも年金制度の抜本的な大改悪をおこな 医 療 サラリーマン負担増、高齢者 1兆5000億円 間労働の横行――このままでは、国民のくらしと日本経済にと ｣失業者への生活保障 と仕事の対策をすすめる
おうとしています。不況のときこそ社会保障に予算をふりむけ、 医療費値上げ り返しのつかない事態をまねくことになります。リストラと不況
国民のくらしを最優先すべきです。日本共産党は、社会保障を 年 金 物 削 価 減 スライドによる給付の 4000億円 の悪循環は大企業の経営も圧迫しています。日本共産党は大 2●金融制度は公共的責任を優先に
予算の主役にすえ、国民が安心できる制度を確立します。 介 護 保険料値上げ 2000億円 企業にあたりまえの社会的責任をはたさせ、持続可能な経済社 金融機関に、中小企業への資金供給という責任を果たさせ
会をきずきます。 ます。郵政民営化に反対し、庶民の貯蓄を守ります。
1●年金大改悪に反対し、3つの改革で 雇用保険 失業給付の削減など 3400億円
3●中小企業の経営の発展のために
将来に安心がもてる年金制度をつくる 1●労働者の雇用と労働条件のために
来年以降に計画される社会保障改悪・負担増
大型店の出店を規制し、地元商店街をまもります。親企業の
基礎年金への国庫負担を、現行の3分の1からただちに2分 所 住 得 民 税 税 ・ 配偶者特別控除の廃止など 7300億円 ｡「安定した雇用を増やし、雇用危機を打開するための 下請けいじめをやめさせます。納税者をまもる憲章の制定。
の1に引き上げます。財源は、公共事業費の削減など歳出の見 ４つの緊急提案」を実行する
消 費 税 免税点の引き下げ 6300億円 勤労者の生活は大変な事態に
直しで生みだします。 サービス残業・長時間労働をなくし、新しい雇用を
リストラの横暴をおさえ、雇用と所得をまもる政策に転換して、 年 金 物価スラ （ イ 財 ド 務 に 省 よ 案 る ） 給 付削減 8000億円 平均２００時間のサービス残業→雇用にまわせば 勤労者世帯の年収 この１年で23万円減（この６年で７７万円減）
年金の安定した支え手を増やします。 １６０万人の雇用増に
175兆円にのぼる巨額の年金積立金を計画的に活用します。 3●だれもが安心して利用できる 雇 用 者 総 数 小泉内閣発足後の2年4ヶ月で63万人減
未来をになう若者に仕事を。政府と大企業の責任で
●さらに将来的には、基礎年金部分を発展させて、｢最低保障 介護保険制度に改善する 若者の雇用拡大を
年金制度｣を創設します。 福祉、医療、防災、教育など 完 全 失 業 者 数 350万人（半分は３４歳以下の若者）
●保険料、利用料の免除・軽減制度を国の制度として確立します。
国民のくらしに必要な分野で人手不足を解消
2●3割負担などの医療改悪を元にもどし、 ●介護給付費への国庫負担を現在の4分の1から2分の1に引 倒 産 件 数 小 泉内閣発足後の2年4ヶ月で4万4000件
国民の命と健康をまもる き上げます。 教 師――「３０人学級」実現すれば１２万人が必要 （帝国データバンク調べ）
保育士――待機児童（6万人）の解消で１万人必要
●特養ホームを計画的に増設し、待機者の解消をはかります。 4●人間と環境の共生のために
消防士――現在５万人が不足
当面、医療制度を02年の改悪前の状態にもどし、これ以上 ●短期入所（ショートステイ）の緊急用ベッドの確保など、高齢者
の医療大改悪をやめさせるために、３つの改革をすすめます。 が地域で安心してくらせる条件を整備します。 国が、自治体を財政的に支援し、 地域レベルでの環境破壊、地球的規模での環境破壊をおさ
地域での雇用対策をすすめる えるルールをつくります。
減らし続けた医療費に占める国庫負担の割合を計画的に元
4●福祉を拡充し、だれもが安心して
にもどします。
過ごせる地域社会をつくる
世界一高い薬価や高額医療機器が医療費を押し上げてい 農林漁業を再生し、食料自給率の向上、安全な食料の
4
乳幼児医療費無料化を国の制度として実現します。生活保
る仕組みにメスをいれます。 安定供給と地域経済の振興をはかります
護費の減額反対。児童扶養手当の削減中止。障害者プランを
予防・公衆衛生や福祉施策に本腰をいれ、国民の健康づく
拡充し、支援費制度を改善します。 ＷＴＯ農業協定の改定を求め、食料主権を回復します。
りを推進します。
価格・所得保障を農業予算の主役にし、家族経営や多様な
担い手をささえます。
公共事業の大改革をはかる――
2 消費者参加とチェック体制の強化で食の安全を確保します。
林業と漁業を振興し、地域経済の活性化をはかります。
予算規模は２５兆円、内容は国民生活優先
危険な「原発だのみ」をやめ、地域の自然エネルギー
5
50兆円の公共事業費を半額にしても、国土面積25倍、人口 3●道路特定財源などを一般財源化し、ムダ 開発など、安全なエネルギー供給をめざす
2倍のアメリカを上回る規模。国民生活に必要な社会資本は十
な公共事業でなく、社会保障などくらしのた
地方財源を拡充し、
分に整備できます。内容を巨大開発中心から、「生活・福祉・防 6
めに活用する
災・環境」重視に切りかえれば中小企業や雇用への波及効果 住民のくらしと地方自治をまもる
は大きくなります。 4●道路公団改革――「民営化」でなく、ムダ
市町村合併の押しつけをやめ、地域振興をはかり、地方自
1●必要性のないダム、空港、港湾などの な高速道路の建設中止、債務の計画的返済、 治をまもります。
公共事業にメスを入れる 組織のスリム化をすすめる 開発優先の「逆立ち」行政の旗振りをやめ、「自治体らしい自
治体」づくりの支援に転換します。
日本共産党は、つぎの３つの内容で、道路公団の改革をすす
2●新手のムダ――「都市再生」事業に 国から自治体への財政支出の削減でなく、地方財源の拡充
めます。
ストップをかける をおこないます。
高速道路整備計画を廃止し、新たな高速道路建設は凍
（次ページにつづく）
（前ページからつづく）
自民党政治を
当面の重点政策 イラク派兵と先制攻撃戦略への
11
参加に反対する
自衛隊の海外派兵に反対します。
大もとからきりかえ
女性が生きいきと力を発揮できる
7 米軍基地の異常をただし、米軍の横暴勝手をやめさせます。
平等な社会をめざす
ヘリ空母などの軍拡を中止し、大幅軍縮をすすめます。
安心して子どもを生み育てられる 北朝鮮問題の解決、
8 12
条件づくりを 東アジアの平和と安定のために 「国民が主人公」の
1少子化傾向を克服する努力を強めます。
北朝鮮問題の解決は、東アジアの平和と安定にとって欠くこ
2教育条件を向上させ、国の統制から「地域発・学校発」の教育
とのできない課題です。
改革にきりかえます。 1●朝鮮半島で戦争をおこさせない――
社会の道義的危機の克服を、国民的対 北朝鮮が核開発をすすめ、瀬戸際外交をつづければ、アメリ
9
日本改革
話と運動をつうじてすすめる カに先制攻撃の口実をあたえ、数十万人の犠牲者が予想され
る戦争に発展しかねません。戦争の火種をなくし、軍事衝突の を
重大で衝撃的な少年犯罪があいつぎ、いじめ、児童虐待、少
危険をとりのぞくことは、国際社会が一致して追求すべき最優先
女買春などが頻発していることに多くの国民が不安をもち、心
目標です。日本共産党は、平和的手段によって北朝鮮問題を解
を痛めています。日本共産党は国民的な対話と運動をひろげ、
決するよう、強く主張します。
みなさんとともに社会の道義的危機を克服するため、４つの角
2●国際社会が立つべき３つの原則――
度でのとりくみを重視します。
すすめます
民主的社会にふさわしい市民道徳の規準をどう確立してゆくか 日本共産党はそのさい、国際社会が次の原則をまもって解決
子どもをまもるための社会の自己規律をどうきずくか にあたることを主張します。
子どもが自由に意見をのべ、社会に参加する権利をどのよう 北朝鮮にたいし、核兵器開発路線を放棄し、国際社会と安
に保障するか 定した外交関係をきずくことこそ、みずからの安全保障にとって
子どもの成長をささえあう草の根からの取り組みをどうすす も重要であることを道理をもって説く。
めるか 北朝鮮が犯してきた拉致事件、テロ事件などの無法行為をきっぱり
清算し、真の意味で国際社会の仲間入りをするよううながす。
「政治とカネ」のよごれた関係を すべての当事国が、軍事対応の悪循環を断ち切る立場にた
10
断ち切り、民主的政治制度の実現を
つ。
こんどの総選挙は、21世紀の日本の進路が大きく
企業・団体献金をただちに全面禁止します。 3●日本人拉致事件を理性的に解決する―
問われる選挙です。先行きどころか、国民の「いま」
国民の税金を政党が分け取りする政党助成法を廃止します。 日本共産党は、国会質問で拉致疑惑の存在を政府にはじめ
の苦難をとりのぞく手立てをまったくしめせない自民
選挙制度の改悪に反対し、民意を反映する選挙制度改革を てみとめさせ、この問題の交渉による解決を提言してきました。
党政治――ゆきづまった古い政治の枠組みを続ける
――少数政党を国会からしめだし、民意の反映しない国会を この立場を堅持し、真相の全面解明、責任者の厳正な処罰、北
つくる、衆院比例代表制の削減・廃止に断固反対します。 朝鮮による被害者への謝罪と補償、被害者の家族の帰国など、 のか、それとも政治と経済の弱点・欠陥にメスを入
拉致問題の理性的な解決に力をつくします。 れ、国民が希望のもてる国づくりをすすめてゆくの
政策全文は党出版局発行のパンフレットをお求めください。 かが問われる選挙です。そして、どの野党が、自民党
政治にとってかわる日本の改革のたしかな方向と中
身をしめしているのか ―― 日本の政党のほんとう
の“値打ち”が問われる選挙です。
日本共産党は、日本の政治・経済・外交を「国民が主
人公」をつらぬく方向にきりかえるほんものの改革＝
日本改革を、国民のみなさんに訴えてたたかいます。
総選挙にのぞむ日本共産党の政策
ダイジェスト版
日本共産党
日本共産党中央委員会
〒151-8586 東京都渋谷区千駄ヶ谷4-26-7 http://www.jcp.or.jp
TEL03-3403-6111（代表）FAX03-5474-8358",,
71220_200509,"(cid:11172)(cid:7856)(cid:3496)(cid:6707)(cid:7958)(cid:2139)(cid:2112)(cid:2134)(cid:2148)(cid:2173)(cid:5194)(cid:7916)(cid:2124)(cid:2174)(cid:3)
(cid:2130)(cid:2122)(cid:2110)(cid:2141)(cid:13589)(cid:3496)(cid:2284)(cid:6813)(cid:7047)(cid:3511)(cid:9168)(cid:3496)(cid:2181)(cid:2145)(cid:2147)(cid:2122)(cid:2137)(cid:2114)(cid:2131)(cid:2120)(cid:2103)(cid:3)
(cid:3)(cid:3) (cid:1552)(cid:1552)(cid:3)(cid:10602)(cid:13373)(cid:6378)(cid:2142)(cid:2101)(cid:2130)(cid:2134)(cid:2137)(cid:2145)ソ(cid:2107)(cid:2139)(cid:15916)(cid:2135)(cid:2145)(cid:13588)Ⅴ(cid:3508)(cid:10449)(cid:3)(cid:1552)(cid:1552)(cid:3)(cid:3)
(cid:3) (cid:3) (cid:3) (cid:3) (cid:3) (cid:3) (cid:3) (cid:21)(cid:19)(cid:19)(cid:24)(cid:5555)(cid:27)(cid:7022)(cid:20)(cid:20)(cid:6813)(cid:3) (cid:3) (cid:3) (cid:3) (cid:3) (cid:6813)(cid:7047)(cid:3511)(cid:9168)(cid:3496)
(cid:4439)(cid:7856)(cid:2145)(cid:2162)(cid:2141)(cid:2120)(cid:2182)(cid:3)
(cid:5210)(cid:7968)(cid:14635)┞(cid:2146)(cid:2057)(cid:3940)(cid:12695)(cid:14156)(cid:2138)(cid:13449)(cid:6707)(cid:7856)(cid:4252)(cid:3817)(cid:7978)(cid:7236)(cid:2111)(cid:4012)(cid:7916)(cid:2120)(cid:2175)(cid:2130)(cid:2118)(cid:2139)(cid:2181)(cid:8998)(cid:9180)(cid:2142)(cid:12175)(cid:12695)(cid:14156)(cid:2181)よ(cid:6731)(cid:2122)(cid:2161)(cid:2122)(cid:2130)(cid:2058)
(cid:13449)(cid:6707)(cid:7856)(cid:4252)(cid:3817)(cid:7978)(cid:7236)(cid:2146)(cid:2057)(cid:2068)(cid:5115)(cid:2110)(cid:2172)(cid:7856)(cid:2155)(cid:2069)(cid:2145)(cid:3998)(cid:2145)(cid:2165)(cid:2139)(cid:2142)(cid:2057)(cid:3504)(cid:4439)(cid:8024)(cid:2061)(cid:8062)(cid:2061)(cid:2145)(cid:13449)(cid:3196)(cid:5243)(cid:2111)(cid:4439)(cid:7856)(cid:2142)(cid:6494)(cid:3177)(cid:2122)(cid:2137)
(cid:2103)(cid:2174)(cid:3508)(cid:3511)(cid:2214)(cid:2285)(cid:2244)(cid:2218)(cid:2181)(cid:8149)(cid:3655)(cid:2141)(cid:3889)(cid:7597)(cid:2142)├(cid:14331)(cid:2120)(cid:2126)(cid:2161)(cid:2124)(cid:2058)(cid:2161)(cid:2130)(cid:2057)(cid:2118)(cid:2145)(cid:13449)(cid:6707)(cid:7856)(cid:4252)(cid:3817)(cid:2146)(cid:2057)(cid:13449)(cid:3196)(cid:12811)(cid:13592)(cid:2284)(cid:10302)
(cid:6846)(cid:3221)(cid:14172)(cid:2139)(cid:2103)(cid:2105)(cid:2068)(cid:10111)(cid:2979)┞(cid:6245)(cid:2069)(cid:2181)(cid:10664)(cid:5210)(cid:2284)(cid:5603)(cid:7742)(cid:2142)(cid:6362)(cid:2132)㎲(cid:2162)(cid:2130)(cid:2103)(cid:2139)(cid:2103)(cid:2105)(cid:2057)(cid:2195)(cid:2258)(cid:2267)(cid:2204)(cid:2139)(cid:6813)(cid:7047)(cid:2145)(cid:13719)(cid:12180)(cid:2284)
(cid:3221)(cid:14172)(cid:3084)♣(cid:2145)(cid:14031)(cid:5555)(cid:2145)さ(cid:7883)(cid:2142)(cid:5818)(cid:2107)(cid:2174)(cid:2118)(cid:2139)(cid:2111)(cid:2892)(cid:9226)(cid:2145)(cid:2144)(cid:2172)(cid:2103)(cid:2138)(cid:2057)(cid:4439)(cid:7856)(cid:2142)(cid:2139)(cid:2134)(cid:2137)(cid:2146)(cid:2068)(cid:9418)(cid:5136)(cid:2101)(cid:2134)(cid:2137)(cid:2892)(cid:3642)
(cid:2141)(cid:2122)(cid:2069)(cid:2145)(cid:2165)(cid:2145)(cid:2138)(cid:2122)(cid:2130)(cid:2058)(cid:2118)(cid:2175)(cid:2111)(cid:4439)(cid:3084)(cid:2138)(cid:4012)(cid:7916)(cid:2120)(cid:2175)(cid:2057)(cid:5603)(cid:7236)(cid:2142)(cid:2141)(cid:2134)(cid:2130)(cid:2118)(cid:2139)(cid:2146)(cid:2057)(cid:4439)(cid:7856)(cid:2912)(cid:12597)(cid:2145)(cid:3771)(cid:3642)(cid:2138)(cid:2124)(cid:2058)
(cid:2128)(cid:2175)(cid:2142)(cid:2165)(cid:2110)(cid:2110)(cid:2178)(cid:2172)(cid:2125)(cid:14635)┞(cid:2146)(cid:2057)(cid:12175)(cid:12695)(cid:14156)(cid:2181)よ(cid:6731)(cid:2122)(cid:2137)(cid:2057)(cid:3120)(cid:2111)(cid:3120)(cid:2138)(cid:2165)(cid:13449)(cid:6707)(cid:7856)(cid:4252)(cid:3817)(cid:2181)(cid:6314)(cid:2122)(cid:13299)(cid:2128)(cid:2105)(cid:2139)
(cid:2122)(cid:2137)(cid:2103)(cid:2161)(cid:2124)(cid:2058)(cid:2068)(cid:3508)(cid:3768)(cid:4132)(cid:2181)(cid:8174)(cid:2172)(cid:2122)(cid:2137)(cid:5210)(cid:2120)(cid:2141)(cid:6707)(cid:5579)(cid:2142)(cid:2124)(cid:2174)(cid:2130)(cid:2164)(cid:2131)(cid:2069)(cid:2139)(cid:2103)(cid:2103)(cid:2161)(cid:2124)(cid:2111)(cid:2057)(cid:13449)(cid:6707)(cid:2981)(cid:7439)(cid:2146)(cid:8826)(cid:10079)
(cid:6463)(cid:10212)(cid:3650)(cid:2138)(cid:2057)(cid:10947)(cid:4132)(cid:2145)(cid:10525)(cid:6761)(cid:2165)(cid:4017)(cid:2164)(cid:2137)(cid:9959)(cid:13592)(cid:2146)(cid:15910)(cid:3525)(cid:2165)(cid:3152)(cid:2178)(cid:2175)(cid:2137)(cid:2103)(cid:2161)(cid:2126)(cid:2182)(cid:2058)(cid:2068)(cid:7856)(cid:4252)(cid:3817)(cid:2122)(cid:2141)(cid:2116)(cid:2175)(cid:2147)(cid:3481)(cid:10485)(cid:2173)
(cid:2131)(cid:2069)(cid:2139)(cid:2103)(cid:2103)(cid:2161)(cid:2124)(cid:2111)(cid:2057)(cid:6707)(cid:5579)(cid:2145)モ(cid:10212)(cid:2138)(cid:2165)(cid:3508)♣(cid:2145)(cid:2161)(cid:2161)(cid:2141)(cid:2172)(cid:15334)(cid:5066)(cid:2111)(cid:10558)(cid:2114)(cid:2145)(cid:2142)(cid:2057)(cid:7856)(cid:4252)(cid:3817)(cid:2122)(cid:2130)(cid:2172)(cid:12893)(cid:5066)(cid:2142)
㌹(cid:11544)(cid:2122)(cid:2161)(cid:2124)(cid:2058)(cid:2118)(cid:2182)(cid:2141)(cid:3966)(cid:5121)(cid:2138)(cid:2057)(cid:4480)(cid:4577)(cid:2145)(cid:13449)(cid:3196)(cid:5243)(cid:2181)(cid:2141)(cid:2114)(cid:2122)(cid:2137)(cid:2122)(cid:2161)(cid:2105)(cid:2118)(cid:2139)(cid:2141)(cid:2140)セ(cid:2120)(cid:2175)(cid:2161)(cid:2126)(cid:2182)(cid:2058)(cid:3)
(cid:3)(cid:3)(cid:2162)(cid:2141)(cid:2120)(cid:2182)(cid:3)
(cid:3) (cid:5210)(cid:7968)(cid:14635)┞(cid:2146)(cid:2057)(cid:13449)(cid:6707)(cid:7856)(cid:4252)(cid:3817)(cid:2181)(cid:2068)(cid:7499)(cid:13304)(cid:6701)(cid:14337)(cid:2145)(cid:7047)(cid:2935)(cid:2069)(cid:2139)(cid:4067)(cid:2150)(cid:2057)(cid:2068)(cid:6701)(cid:14337)(cid:2181)(cid:7742)(cid:2164)(cid:2174)(cid:2141)(cid:2069)(cid:2139)(cid:2120)(cid:2116)(cid:2182)(cid:2138)(cid:2103)
(cid:2161)(cid:2124)(cid:2058)(cid:2122)(cid:2110)(cid:2122)(cid:2057)(cid:2118)(cid:2175)(cid:2161)(cid:2138)(cid:2068)(cid:7499)(cid:13304)(cid:6701)(cid:14337)(cid:2069)(cid:2145)(cid:3998)(cid:2145)(cid:2165)(cid:2139)(cid:2142)(cid:12180)(cid:2178)(cid:2175)(cid:2137)(cid:2112)(cid:2130)(cid:2145)(cid:2146)(cid:2057)(cid:5555)(cid:13592)(cid:2057)(cid:3848)⒢(cid:2057)(cid:3026)(cid:12700)
(cid:2141)(cid:2140)♣(cid:3084)(cid:3221)(cid:14200)(cid:3650)(cid:5584)(cid:2145)(cid:4780)(cid:6701)(cid:5959)(cid:2057)(cid:2068)(cid:2267)(cid:2218)(cid:2233)(cid:2266)(cid:2069)(cid:5818)(cid:6516)(cid:2139)(cid:12828)(cid:13592)(cid:9682)(cid:4714)(cid:2141)(cid:2140)(cid:2057)(cid:4439)(cid:7856)(cid:2142)(cid:2146)(cid:2124)(cid:2120)(cid:2161)(cid:2123)(cid:2103)(cid:838)(cid:9306)(cid:2162)(cid:839)
(cid:2145)(cid:13307)(cid:10558)(cid:2138)(cid:2122)(cid:2130)(cid:2058)(cid:2122)(cid:2110)(cid:2165)(cid:2068)(cid:2103)(cid:2161)(cid:2145)(cid:9306)(cid:2162)(cid:2142)(cid:10887)(cid:2107)(cid:2175)(cid:2147)(cid:2057)(cid:5493)(cid:7035)(cid:2101)(cid:2174)(cid:6842)(cid:6813)(cid:2111)(cid:7086)(cid:2174)(cid:2069)(cid:2139)(cid:2103)(cid:2103)(cid:2141)(cid:2111)(cid:2172)(cid:2057)(cid:2068)(cid:6842)
(cid:6813)(cid:2069)(cid:2142)ぜ(cid:2107)(cid:2137)(cid:2112)(cid:2130)(cid:2165)(cid:2145)(cid:2146)(cid:2057)(cid:2068)(cid:5493)(cid:7035)(cid:2069)(cid:2140)(cid:2118)(cid:2176)(cid:2110)(cid:2057)(cid:5594)(cid:7856)(cid:2181)(cid:8818)(cid:2103)(cid:6585)(cid:2132)(cid:2142)(cid:2124)(cid:2174)(cid:8080)(cid:12821)(cid:9959)(cid:2145)(cid:4780)(cid:4684)(cid:9959)(cid:2057)(cid:2214)(cid:2266)
(cid:2267)(cid:2285)(cid:2255)(cid:2276)(cid:4684)(cid:9959)(cid:2141)(cid:2140)(cid:10029)(cid:3665)(cid:2145)(cid:4780)(cid:4684)(cid:9959)ゝ(cid:9188)(cid:2138)(cid:2124)(cid:2058)(cid:2128)(cid:2145)(cid:2892)(cid:6785)(cid:2138)(cid:2057)(cid:4780)(cid:3066)(cid:7439)(cid:2146)(cid:3981)(cid:2901)(cid:7017)(cid:14799)(cid:2145)(cid:3642)─(cid:2181)(cid:2901)(cid:2117)(cid:2174)
(cid:2171)(cid:2105)(cid:2142)(cid:2161)(cid:2138)(cid:2141)(cid:2173)(cid:2161)(cid:2122)(cid:2130)(cid:2058)(cid:2068)(cid:5697)(cid:2112)(cid:2181)(cid:3728)(cid:2116)(cid:2057)(cid:5693)(cid:2112)(cid:2181)(cid:2114)(cid:2123)(cid:2114)(cid:2069)(cid:6707)(cid:7958)(cid:2146)(cid:2057)(cid:6813)(cid:7047)♣(cid:3084)(cid:2181)(cid:2165)(cid:7805)(cid:2147)(cid:2135)(cid:2139)(cid:2122)(cid:2130)
(cid:2165)(cid:2145)(cid:2142)(cid:2122)(cid:2137)(cid:2103)(cid:2161)(cid:2124)(cid:2058)(cid:2118)(cid:2182)(cid:2141)(cid:6707)(cid:7958)(cid:2145)(cid:2140)(cid:2118)(cid:2111)(cid:2068)(cid:6701)(cid:14337)(cid:2069)(cid:2141)(cid:2145)(cid:2138)(cid:2122)(cid:2170)(cid:2105)(cid:2110)(cid:2058)(cid:2068)(cid:6701)(cid:14337)(cid:2145)(cid:7047)(cid:2935)(cid:2069)(cid:2139)(cid:2103)(cid:2105)(cid:13449)
(cid:6707)(cid:7856)(cid:4252)(cid:3817)(cid:2138)(cid:2057)(cid:4439)(cid:7856)(cid:2145)(cid:2114)(cid:2172)(cid:2122)(cid:2167)(cid:6813)(cid:7047)♣(cid:3084)(cid:2142)(cid:2057)(cid:2140)(cid:2182)(cid:2141)(cid:2068)(cid:5493)(cid:7035)(cid:2069)(cid:2111)ぜ(cid:2107)(cid:2174)(cid:2139)(cid:2103)(cid:2105)(cid:2145)(cid:2138)(cid:2122)(cid:2170)(cid:2105)(cid:2110)(cid:2058)
(cid:3025)(cid:5584)(cid:2145)(cid:10602)(cid:13373)(cid:6378)(cid:2138)(cid:2146)(cid:2057)(cid:5210)(cid:7968)(cid:14635)┞(cid:2145)(cid:13317)(cid:2164)(cid:2174)(cid:13449)(cid:6707)(cid:7856)(cid:4252)(cid:3817)(cid:2181)(cid:2112)(cid:2134)(cid:2148)(cid:2173)(cid:2167)(cid:2164)(cid:2120)(cid:2126)(cid:2057)(cid:5210)(cid:7968)(cid:3524)(cid:14062)(cid:2145)(cid:15913)(cid:5555)
(cid:14051)(cid:2145)(cid:2068)(cid:7499)(cid:13304)(cid:6701)(cid:14337)(cid:2069)(cid:2145)(cid:3998)(cid:2142)(cid:2171)(cid:2174)(cid:4439)(cid:7856)(cid:2103)(cid:2123)(cid:2164)(cid:2145)(cid:6707)(cid:7958)(cid:2155)(cid:2145)(cid:2112)(cid:2150)(cid:2122)(cid:2103)(cid:5180)(cid:3638)(cid:2181)(cid:2114)(cid:2131)(cid:2128)(cid:2105)(cid:2138)(cid:2146)(cid:2101)(cid:2173)(cid:2161)(cid:2126)
(cid:2182)(cid:2110)(cid:2058)
(cid:2162)(cid:2141)(cid:2120)(cid:2182)(cid:3)
(cid:3) (cid:13373)(cid:6378)(cid:5763)(cid:2145)(cid:6778)(cid:2122)(cid:2103)(cid:4439)(cid:3084)(cid:2138)(cid:2130)(cid:2131)(cid:2132)(cid:2142)(cid:6074)(cid:5584)(cid:2111)(cid:4193)(cid:2178)(cid:2175)(cid:2137)(cid:2114)(cid:2174)(cid:4439)(cid:6707)(cid:2145)(cid:4780)(cid:4193)(cid:14487)(cid:2146)(cid:2057)(cid:5594)(cid:7856)(cid:4780)(cid:4684)(cid:9959)(cid:2139)(cid:6143)(cid:7978)
(cid:6701)(cid:5117)(cid:2138)(cid:2124)(cid:2058)(cid:11172)(cid:7856)(cid:2139)(cid:7856)(cid:2937)(cid:2146)(cid:2057)(cid:8080)(cid:12821)(cid:9959)(cid:4684)(cid:9959)(cid:2139)(cid:2214)(cid:2266)(cid:2267)(cid:2285)(cid:2255)(cid:2276)(cid:4780)(cid:4684)(cid:9959)(cid:15901)(cid:6236)(cid:5771)(cid:9959)(cid:4684)(cid:9959)(cid:15902)(cid:2141)(cid:2140)(cid:2057)(cid:2165)(cid:2134)(cid:2148)
(cid:2172)(cid:5594)(cid:7856)(cid:2142)(cid:4684)(cid:9959)(cid:2181)(cid:7883)(cid:2164)(cid:2174)(cid:2139)(cid:2103)(cid:2105)Ⅴ(cid:2138)(cid:2146)(cid:13346)(cid:2103)(cid:2146)(cid:2101)(cid:2173)(cid:2161)(cid:2126)(cid:2182)(cid:2058)(cid:6143)(cid:7978)(cid:2181)(cid:6701)(cid:5117)(cid:2122)(cid:2137)(cid:2068)(cid:8071)(cid:4768)(cid:2138)(cid:6219)(cid:2979)(cid:2181)(cid:2124)
(cid:2174)(cid:4439)(cid:2069)(cid:2181)(cid:2135)(cid:2114)(cid:2174)(cid:2139)(cid:2103)(cid:2105)Ⅴ(cid:2138)(cid:2165)(cid:2057)(cid:10079)(cid:4628)(cid:2146)(cid:2103)(cid:2134)(cid:2122)(cid:2170)(cid:2138)(cid:2124)(cid:2058)
(cid:3) (cid:11172)(cid:7856)(cid:2165)(cid:7856)(cid:2937)(cid:2165)(cid:2057)(cid:5594)(cid:7856)(cid:4780)(cid:4684)(cid:9959)(cid:2139)(cid:6143)(cid:7978)(cid:6701)(cid:5959)(cid:2139)(cid:2103)(cid:2105)(cid:4439)(cid:6707)(cid:2145)(cid:4780)(cid:4193)(cid:14487)(cid:2138)(cid:2057)(cid:3997)(cid:2123)(cid:2269)(cid:2285)(cid:2268)(cid:2145)(cid:2901)(cid:2181)(cid:12902)(cid:2134)(cid:2137)
(cid:2103)(cid:2174)(cid:2145)(cid:2138)(cid:2124)(cid:2058)(cid:2128)(cid:2122)(cid:2137)(cid:2128)(cid:2145)(cid:2140)(cid:2132)(cid:2172)(cid:2111)(cid:6707)(cid:7562)(cid:2142)(cid:2135)(cid:2103)(cid:2137)(cid:2165)(cid:13307)(cid:10079)(cid:2124)(cid:2174)(cid:2118)(cid:2139)(cid:2181)(cid:2068)㌅㌃(cid:15901)(cid:2132)(cid:2168)(cid:2105)(cid:2132)(cid:2170)(cid:15902)(cid:2122)
(cid:2141)(cid:2103)(cid:2069)(cid:2139)(cid:2103)(cid:2105)(cid:2145)(cid:2111)(cid:3508)(cid:6842)(cid:3496)(cid:2138)(cid:2124)(cid:2058)(cid:2118)(cid:2105)(cid:2103)(cid:2105)(cid:6707)(cid:3496)(cid:2111)(cid:2140)(cid:2182)(cid:2141)(cid:10500)(cid:2162)(cid:3993)(cid:2178)(cid:2126)(cid:2138)(cid:6707)(cid:7562)(cid:2145)(cid:6320)(cid:2103)(cid:6245)(cid:2142)(cid:2141)(cid:2134)(cid:2130)
(cid:2139)(cid:2122)(cid:2137)(cid:2165)(cid:2057)(cid:6813)(cid:7047)(cid:2145)(cid:6707)(cid:7958)(cid:2146)(cid:2103)(cid:2171)(cid:2103)(cid:2171)(cid:2149)(cid:2140)(cid:2114)(cid:2141)(cid:2174)(cid:2147)(cid:2110)(cid:2173)(cid:2138)(cid:2124)(cid:2058)(cid:3) (cid:3)
(cid:2162)(cid:2141)(cid:2120)(cid:2182)(cid:3)
(cid:2103)(cid:2161)(cid:6813)(cid:7047)(cid:2145)(cid:6707)(cid:7958)(cid:2142)(cid:2146)(cid:2057)(cid:12569)(cid:2111)(cid:6707)(cid:7562)(cid:2145)(cid:6320)(cid:2103)(cid:6245)(cid:2142)(cid:2141)(cid:2176)(cid:2105)(cid:2139)(cid:2057)(cid:11172)(cid:7856)(cid:3496)(cid:6707)(cid:7958)(cid:2142)(cid:2112)(cid:2134)(cid:2148)(cid:2173)(cid:5194)(cid:7916)(cid:2122)(cid:2057)(cid:2140)
1
(cid:2182)(cid:2141)(cid:4193)(cid:14487)(cid:2138)(cid:2165)(cid:4439)(cid:7856)(cid:2145)(cid:10079)(cid:4628)(cid:2138)(cid:2111)(cid:2182)(cid:2147)(cid:2174)(cid:2057)(cid:2130)(cid:2122)(cid:2110)(cid:2141)(cid:13589)(cid:3496)(cid:2111)(cid:5802)さ(cid:2138)(cid:2124)(cid:2058)(cid:2128)(cid:2145)(cid:5746)(cid:3690)(cid:2181)(cid:2142)(cid:2141)(cid:2107)(cid:2174)(cid:2145)(cid:2146)
(cid:6813)(cid:7047)(cid:3511)(cid:9168)(cid:3496)(cid:2138)(cid:2124)(cid:2058)(cid:2118)(cid:2145)(cid:3496)(cid:2181)(cid:2145)(cid:2147)(cid:2122)(cid:2137)(cid:2118)(cid:2128)(cid:2057)(cid:6707)(cid:7958)(cid:2145)(cid:14042)(cid:4651)(cid:8799)(cid:7963)(cid:2181)(cid:4439)(cid:7856)(cid:2145)(cid:10079)(cid:4628)(cid:2138)(cid:6252)(cid:14044)(cid:2122)(cid:2057)(cid:5493)(cid:7035)(cid:2145)
(cid:2165)(cid:2137)(cid:2174)(cid:6778)(cid:2122)(cid:2103)(cid:6813)(cid:7047)(cid:2155)(cid:2145)(cid:13344)(cid:2181)(cid:14044)(cid:2114)(cid:2118)(cid:2139)(cid:2111)(cid:2138)(cid:2112)(cid:2161)(cid:2124)(cid:2058)
(cid:2165)(cid:2132)(cid:2176)(cid:2182)(cid:6813)(cid:7047)(cid:3511)(cid:9168)(cid:3496)(cid:2146)(cid:2057)(cid:2068)(cid:2103)(cid:2135)(cid:2161)(cid:2138)(cid:2165)(cid:13589)(cid:3496)(cid:2145)(cid:2161)(cid:2161)(cid:2138)(cid:2171)(cid:2103)(cid:2069)(cid:2139)(cid:2103)(cid:2105)(cid:6707)(cid:3496)(cid:2138)(cid:2146)(cid:2101)(cid:2173)(cid:2161)(cid:2126)(cid:2182)(cid:2058)(cid:6813)
(cid:7047)(cid:3511)(cid:9168)(cid:3496)(cid:2146)(cid:2057)21 (cid:2912)(cid:10446)(cid:2145)(cid:6817)(cid:2103)(cid:6884)(cid:7039)(cid:2142)(cid:7856)(cid:2937)(cid:9423)(cid:2141)(cid:13307)(cid:3993)(cid:6707)(cid:7562)(cid:2181)(cid:2135)(cid:2114)(cid:2174)(cid:2118)(cid:2139)(cid:2181)(cid:2164)(cid:2121)(cid:2122)(cid:2137)(cid:2103)(cid:2161)(cid:2124)(cid:2058)(cid:9910)(cid:2130)
(cid:2132)(cid:2146)(cid:2057)(cid:2118)(cid:2145)(cid:7856)(cid:2937)(cid:9423)(cid:6707)(cid:7562)(cid:2142)(cid:2124)(cid:2124)(cid:2161)(cid:2141)(cid:2103)(cid:2110)(cid:2113)(cid:2173)(cid:2057)(cid:4439)(cid:7856)(cid:2145)(cid:7039)(cid:5757)(cid:2142)(cid:2118)(cid:2130)(cid:2107)(cid:2174)(cid:7047)(cid:7225)(cid:9423)(cid:2141)(cid:6701)(cid:14337)(cid:2165)(cid:2057)(cid:6813)(cid:7047)
(cid:2145)(cid:13317)㊪(cid:2145)(cid:5554)(cid:4080)(cid:9423)(cid:2141)㌹(cid:6502)(cid:2165)(cid:5121)(cid:8991)(cid:2138)(cid:2112)(cid:2141)(cid:2103)(cid:2139)(cid:10875)(cid:2107)(cid:2137)(cid:2103)(cid:2161)(cid:2124)(cid:2058)
(cid:2122)(cid:2110)(cid:2122)(cid:2057)(cid:2128)(cid:2145)(cid:13344)(cid:2142)(cid:2124)(cid:2124)(cid:2163)(cid:7082)(cid:3058)(cid:2111)(cid:2161)(cid:2131)⇅(cid:2122)(cid:2137)(cid:2103)(cid:2141)(cid:2103)(cid:2103)(cid:2161)(cid:2145)(cid:7801)(cid:14189)(cid:2138)(cid:2146)(cid:2057)(cid:6813)(cid:7047)(cid:3511)(cid:9168)(cid:3496)(cid:2111)(cid:13589)(cid:3496)(cid:2139)
(cid:2122)(cid:2137)(cid:2140)(cid:2105)(cid:2103)(cid:2105)(cid:5746)(cid:3690)(cid:2181)(cid:7125)(cid:2130)(cid:2124)(cid:2145)(cid:2110)(cid:2181)(cid:2057)(cid:4439)(cid:7856)(cid:2145)(cid:2162)(cid:2141)(cid:2120)(cid:2182)(cid:2142)(cid:12808)(cid:3060)(cid:2181)(cid:2165)(cid:2134)(cid:2137)(cid:6842)(cid:2172)(cid:2110)(cid:2142)(cid:2124)(cid:2174)(cid:2118)(cid:2139)(cid:2111)(cid:13588)
さ(cid:2131)(cid:2139)(cid:10875)(cid:2107)(cid:2137)(cid:2103)(cid:2161)(cid:2124)(cid:2058)
(cid:6813)(cid:7047)(cid:3511)(cid:9168)(cid:3496)(cid:2146)(cid:2118)(cid:2145)(cid:10602)(cid:13373)(cid:6378)(cid:2138)(cid:2057)(cid:5594)(cid:7856)(cid:4780)(cid:4684)(cid:9959)(cid:2284)(cid:12799)(cid:6320)(cid:4684)(cid:2155)(cid:2145)(cid:4780)(cid:2112)(cid:2141)(cid:5851)(cid:2173)(cid:2057)(cid:6143)(cid:7978)(cid:15918)(cid:7082)(cid:2181)(cid:2161)(cid:2165)(cid:2173)(cid:2130)
(cid:2103)(cid:2139)(cid:2103)(cid:2105)(cid:14498)(cid:2103)(cid:2057)(cid:3014)(cid:14051)(cid:2181)(cid:9306)(cid:2164)(cid:2135)(cid:2116)(cid:2174)(cid:6707)(cid:7958)(cid:2181)(cid:2167)(cid:2164)(cid:2137)(cid:2158)(cid:2122)(cid:2103)(cid:2139)(cid:2103)(cid:2105)(cid:3974)(cid:2150)(cid:2181)(cid:2057)(cid:4439)(cid:6707)(cid:2142)(cid:2161)(cid:2134)(cid:2124)(cid:2115)(cid:5248)(cid:2116)
(cid:2174)(cid:13589)(cid:3496)(cid:2139)(cid:2122)(cid:2137)(cid:2145)(cid:15916)(cid:2135)(cid:2145)(cid:13588)Ⅴ(cid:3508)(cid:10449)(cid:2181)(cid:2057)(cid:4439)(cid:7856)(cid:2145)(cid:2162)(cid:2141)(cid:2120)(cid:2182)(cid:2142)ソ(cid:2107)(cid:2161)(cid:2124)(cid:2058)
(cid:6813)(cid:7047)(cid:3511)(cid:9168)(cid:3496)(cid:2146)(cid:2057)(cid:13589)(cid:3496)(cid:2139)(cid:2122)(cid:2137)(cid:2135)(cid:2113)(cid:2145)(cid:3032)(cid:2981)(cid:2142)(cid:2139)(cid:2173)(cid:2114)(cid:2162)(cid:2161)(cid:2124)(cid:1552)(cid:1552)(cid:15916)(cid:2135)(cid:2145)(cid:13588)Ⅴ(cid:3508)(cid:10449)(cid:3)
(cid:3)
(cid:2072)(cid:15910)(cid:2073)(cid:5594)(cid:7856)(cid:4780)(cid:4684)(cid:9959)(cid:2057)♣(cid:3084)(cid:3221)(cid:14200)(cid:6701)(cid:5959)(cid:2142)(cid:7743)(cid:14331)(cid:2110)(cid:2172)(cid:3948)(cid:5194)(cid:2122)(cid:2161)(cid:2124)
(cid:3) (cid:2139)(cid:2182)(cid:2138)(cid:2165)(cid:2141)(cid:2103)(cid:4780)(cid:4684)(cid:9959)(cid:2284)(cid:12799)(cid:6320)(cid:4684)(cid:2111)ゝ(cid:9188)(cid:2120)(cid:2175)(cid:2137)(cid:2103)(cid:2161)(cid:2124)(cid:848)(cid:848)(cid:6707)(cid:5579)(cid:9959)(cid:3650)(cid:12578)(cid:7189)(cid:3084)(cid:2146)(cid:2057)(cid:6236)(cid:5771)(cid:9959)(cid:2284)(cid:3114)(cid:7856)
(cid:9959)(cid:2145)(cid:5117)(cid:8921)(cid:8174)(cid:9959)(cid:2145)(cid:5603)(cid:7742)(cid:2057)(cid:3992)(cid:9976)(cid:6469)(cid:14158)(cid:2145)(cid:5603)(cid:7742)(cid:2284)(cid:10664)(cid:8174)(cid:2138)(cid:2057)(cid:10602)(cid:14488)12(cid:3479)(cid:3525)(cid:2142)(cid:2165)(cid:2145)(cid:2159)(cid:2174)(cid:2214)(cid:2266)(cid:2267)(cid:2285)(cid:2255)(cid:2276)(cid:2181)(cid:2927)
(cid:5800)(cid:2142)(cid:2122)(cid:2130)(cid:4439)(cid:7856)(cid:2155)(cid:2145)(cid:4780)(cid:4684)(cid:9959)(cid:7236)(cid:2181)(cid:9414)(cid:12202)(cid:2122)(cid:2161)(cid:2122)(cid:2130)(cid:2058)(cid:2068)(cid:8080)(cid:12821)(cid:9959)(cid:8921)(cid:2145)(cid:15911)(cid:2210)(cid:2224)(cid:3817)(cid:2069)(cid:2165)(cid:2103)(cid:2134)(cid:2137)(cid:2103)(cid:2161)(cid:2124)(cid:2058)(cid:8080)(cid:12821)
(cid:9959)(cid:8921)(cid:2181)10(cid:15898)(cid:2142)(cid:2124)(cid:2175)(cid:2147)12(cid:3479)(cid:3525)(cid:2145)(cid:4684)(cid:9959)(cid:2138)(cid:2124)(cid:2110)(cid:2172)(cid:2057)(cid:2101)(cid:2178)(cid:2126)(cid:2137)24(cid:3479)(cid:3525)(cid:2165)(cid:2145)(cid:4684)(cid:9959)(cid:2138)(cid:2124)(cid:2058)(cid:5555)(cid:3949)500(cid:2898)
(cid:3525)(cid:2057)(cid:15913)(cid:3014)(cid:5139)(cid:6800)(cid:2145)(cid:2214)(cid:2266)(cid:2267)(cid:2285)(cid:2255)(cid:2276)(cid:2912)(cid:5512)(cid:2138)(cid:2146)(cid:2057)(cid:6236)(cid:5771)(cid:9959)(cid:2284)(cid:3114)(cid:7856)(cid:9959)(cid:2138)42(cid:2898)(cid:3525)(cid:2057)(cid:8080)(cid:12821)(cid:9959)(cid:2139)(cid:2101)(cid:2178)(cid:2126)(cid:2174)(cid:2139)55
(cid:2898)(cid:3525)(cid:2165)(cid:2145)(cid:4684)(cid:9959)(cid:2142)(cid:2141)(cid:2173)(cid:2161)(cid:2124)(cid:2058)
(cid:2068)(cid:2214)(cid:2266)(cid:2267)(cid:2285)(cid:2255)(cid:2276)(cid:4780)(cid:4684)(cid:9959)(cid:2069)ゝ(cid:9188)(cid:2155)(cid:2145)(cid:4439)(cid:7856)(cid:2145)(cid:5851)(cid:2173)(cid:2111)(cid:7955)(cid:14728)(cid:2124)(cid:2174)(cid:2139)(cid:2057)(cid:11172)(cid:7856)(cid:2284)(cid:3508)(cid:6842)(cid:2146)(cid:2101)(cid:2178)(cid:2137)(cid:2137)(cid:2068)(cid:2224)
(cid:2197)(cid:2256)(cid:2276)(cid:2209)(cid:2111)(cid:5959)(cid:2103)(cid:2069)(cid:2141)(cid:2140)(cid:2139)(cid:2103)(cid:2103)(cid:2131)(cid:2122)(cid:2161)(cid:2122)(cid:2130)(cid:2058)(cid:2122)(cid:2110)(cid:2122)(cid:2057)(cid:2165)(cid:2139)(cid:2165)(cid:2139)(cid:2057)(cid:6236)(cid:5771)(cid:9959)(cid:2145)(cid:3992)(cid:9976)(cid:6469)(cid:14158)(cid:2145)(cid:2068)ぜ├
(cid:2122)(cid:2069)(cid:2146)(cid:2057)(cid:6862)(cid:5555)(cid:7046)(cid:2145)(cid:11172)(cid:7856)(cid:3496)(cid:2284)(cid:3508)(cid:6842)(cid:3496)(cid:2145)(cid:2068)(cid:2905)(cid:3496)(cid:9959)(cid:12578)(cid:2069)(cid:2138)(cid:3993)(cid:6030)(cid:2122)(cid:2130)(cid:2165)(cid:2145)(cid:2138)(cid:2057)(cid:6707)(cid:5579)(cid:9959)(cid:12578)(cid:2145)(cid:4684)(cid:9959)(cid:6785)(cid:13602)
(cid:2146)(cid:2118)(cid:2175)(cid:2181)(cid:5821)(cid:5121)(cid:2142)(cid:3515)(cid:3118)(cid:3817)(cid:2122)(cid:2130)(cid:2165)(cid:2145)(cid:2138)(cid:2124)(cid:2058)(cid:3508)(cid:6842)(cid:3496)(cid:2146)(cid:2057)(cid:5117)(cid:8921)(cid:8174)(cid:9959)(cid:2145)(cid:5603)(cid:7742)(cid:2139)(cid:2103)(cid:2105)(cid:6236)(cid:5771)(cid:9959)(cid:4684)(cid:9959)(cid:7236)(cid:2181)(cid:2103)
(cid:2132)(cid:6817)(cid:2114)(cid:6494)(cid:7236)(cid:2122)(cid:2057)(cid:11172)(cid:7856)(cid:2284)(cid:3508)(cid:6842)(cid:6707)(cid:7562)(cid:2146)(cid:4439)(cid:7856)(cid:2145)(cid:6272)(cid:3638)(cid:2181)(cid:6314)(cid:2122)(cid:2112)(cid:2134)(cid:2137)(cid:2057)(cid:7086)(cid:5555)(cid:2139)(cid:3530)(cid:7086)(cid:5555)(cid:2138)(cid:5117)(cid:8921)(cid:8174)(cid:9959)(cid:2181)(cid:5603)
(cid:7742)(cid:2122)(cid:2171)(cid:2105)(cid:2139)(cid:2122)(cid:2137)(cid:2103)(cid:2161)(cid:2124)(cid:2058)
(cid:7856)(cid:2937)(cid:3496)(cid:2146)(cid:2057)(cid:2068)(cid:2214)(cid:2266)(cid:2267)(cid:2285)(cid:2255)(cid:2276)(cid:4684)(cid:9959)(cid:2142)(cid:3948)(cid:5194)(cid:2069)(cid:2141)(cid:2140)(cid:2139)(cid:2103)(cid:2134)(cid:2137)(cid:2103)(cid:2161)(cid:2124)(cid:2058)(cid:2122)(cid:2110)(cid:2122)(cid:2057)(cid:8080)(cid:12821)(cid:9959)(cid:4684)(cid:9959)(cid:2181)(cid:2892)(cid:9226)
(cid:8653)(cid:5800)(cid:2142)(cid:6707)(cid:5579)(cid:2142)(cid:2126)(cid:2161)(cid:2134)(cid:2137)(cid:2112)(cid:2130)(cid:2145)(cid:2146)(cid:7856)(cid:2937)(cid:3496)(cid:2138)(cid:2124)(cid:2058)(cid:6236)(cid:5771)(cid:9959)(cid:2145)(cid:4684)(cid:9959)(cid:2142)(cid:2135)(cid:2103)(cid:2137)(cid:2165)(cid:2057)(cid:3025)(cid:5555)(cid:2895)(cid:7022)(cid:2142)(cid:9414)(cid:12202)(cid:2122)
(cid:2130)(cid:2068)(cid:12800)(cid:6707)(cid:3320)(cid:3504)(cid:3817)(cid:2248)(cid:2266)(cid:2276)(cid:2069)(cid:2145)(cid:2141)(cid:2110)(cid:2138)(cid:2057)(cid:13500)(cid:3331)(cid:10877)(cid:6469)(cid:14158)(cid:2167)(cid:6271)(cid:14572)(cid:6469)(cid:14158)(cid:2145)(cid:5603)(cid:7742)(cid:2141)(cid:2140)(cid:2057)(cid:6707)(cid:5579)(cid:9959)(cid:12578)(cid:2139)(cid:3997)(cid:2123)(cid:2927)
(cid:13079)(cid:2145)(cid:6236)(cid:5771)(cid:9959)(cid:4684)(cid:9959)(cid:2181)(cid:6494)(cid:7236)(cid:2122)(cid:2137)(cid:2103)(cid:2161)(cid:2124)(cid:2058)(cid:2161)(cid:2120)(cid:2142)(cid:4780)(cid:4684)(cid:9959)(cid:2145)(cid:2068)(cid:6805)(cid:6386)(cid:2173)(cid:5746)(cid:2069)(cid:2142)(cid:2141)(cid:2134)(cid:2137)(cid:2103)(cid:2174)(cid:2145)(cid:2111)(cid:7856)(cid:2937)(cid:3496)
(cid:2138)(cid:2124)(cid:2058)
(cid:3) ♣(cid:3084)(cid:3221)(cid:14200)(cid:2138)(cid:2165)(cid:2057)(cid:12799)(cid:6320)(cid:4684)(cid:2139)(cid:10525)(cid:3035)(cid:3662)(cid:8174)(cid:2145)(cid:13307)(cid:10558)(cid:2138)(cid:2124)(cid:2058)(cid:5210)(cid:7968)(cid:3524)(cid:14062)(cid:2146)(cid:2057)(cid:3848)⒢(cid:12821)(cid:2145)(cid:4780)(cid:5525)(cid:3275)(cid:2901)(cid:2117)(cid:15901)(cid:2214)(cid:2266)
(cid:2267)(cid:2285)(cid:2255)(cid:2276)(cid:7047)(cid:3014)(cid:15912)(cid:3690)(cid:12799)(cid:6320)(cid:2141)(cid:2140)(cid:15902)(cid:2142)(cid:10558)(cid:2112)(cid:2057)(cid:6862)(cid:5555)(cid:2146)(cid:2057)(cid:4439)(cid:7856)(cid:2145)(cid:5697)(cid:2103)(cid:3948)(cid:5194)(cid:2181)(cid:6314)(cid:2122)(cid:2112)(cid:2134)(cid:2137)(cid:5555)(cid:13592)(cid:6701)(cid:5959)(cid:2181)(cid:5697)
(cid:12180)(cid:2122)(cid:2057)(cid:3025)(cid:5555)(cid:2146)(cid:2057)(cid:3026)(cid:12700)(cid:3221)(cid:14172)(cid:2145)(cid:6701)(cid:5959)(cid:2181)(cid:7856)(cid:2937)(cid:3496)(cid:2165)㈰(cid:6202)(cid:2122)(cid:2137)(cid:6202)(cid:10079)(cid:2120)(cid:2126)(cid:2161)(cid:2122)(cid:2130)(cid:2058)(cid:7086)(cid:5555)(cid:2142)(cid:2146)(cid:2057)(cid:3530)(cid:2150)(cid:3848)⒢
2
(cid:2145)(cid:4780)(cid:6701)(cid:5959)(cid:2111)(cid:8818)(cid:2178)(cid:2175)(cid:2137)(cid:2103)(cid:2161)(cid:2124)(cid:2058)♣(cid:3084)(cid:3221)(cid:14200)(cid:2145)(cid:3623)(cid:2173)(cid:6422)(cid:2137)(cid:2057)(cid:12799)(cid:6320)(cid:4684)(cid:2142)(cid:2146)(cid:14199)(cid:14144)(cid:2111)(cid:2101)(cid:2173)(cid:2161)(cid:2126)(cid:2182)(cid:2058)(cid:2103)(cid:2161)(cid:2167)
(cid:4439)(cid:7856)(cid:2145)(cid:2114)(cid:2172)(cid:2122)(cid:2181)(cid:2120)(cid:2120)(cid:2107)(cid:2174)(cid:2146)(cid:2125)(cid:2145)♣(cid:3084)(cid:3221)(cid:14200)(cid:3650)(cid:5584)(cid:2111)(cid:2057)(cid:13283)(cid:2142)(cid:4439)(cid:7856)(cid:2145)(cid:2114)(cid:2172)(cid:2122)(cid:2142)ぉ(cid:2103)(cid:2110)(cid:2110)(cid:2134)(cid:2137)(cid:2103)(cid:2161)(cid:2124)(cid:2058)
(cid:3) (cid:2118)(cid:2145)(cid:3764)(cid:2112)(cid:2145)(cid:7223)″(cid:2142)(cid:2146)(cid:12800)(cid:9202)(cid:2145)(cid:13589)(cid:7035)(cid:2111)(cid:2101)(cid:2173)(cid:2161)(cid:2124)(cid:848)(cid:848)(cid:11172)(cid:7856)(cid:2284)(cid:3508)(cid:6842)(cid:2165)(cid:2057)(cid:7856)(cid:2937)(cid:2165)(cid:2057)(cid:2165)(cid:2134)(cid:2148)(cid:2172)(cid:14488)(cid:2142)(cid:7893)
(cid:2122)(cid:2137)(cid:3388)(cid:2114)(cid:4439)(cid:7856)(cid:2110)(cid:2172)(cid:3955)(cid:2173)(cid:10079)(cid:2137)(cid:2174)(cid:6785)(cid:10175)(cid:2181)(cid:2105)(cid:2132)(cid:2131)(cid:2124)(cid:2131)(cid:2116)(cid:2138)(cid:2124)(cid:2058)(cid:2118)(cid:2145)(cid:14051)(cid:2114)(cid:2173)(cid:13249)(cid:2120)(cid:2175)(cid:2137)(cid:2112)(cid:2130)(cid:4780)(cid:3066)(cid:7439)(cid:7978)
(cid:3014)(cid:9959)(cid:2145)(cid:8174)(cid:9959)(cid:2057)(cid:14799)(cid:14488)(cid:6236)(cid:5771)(cid:10877)(cid:2155)(cid:2145)(cid:8174)(cid:9959)(cid:2142)(cid:2146)(cid:6366)(cid:2892)(cid:7047)(cid:2152)(cid:2175)(cid:2171)(cid:2105)(cid:2139)(cid:2122)(cid:2161)(cid:2126)(cid:2182)(cid:2058)
(cid:8080)(cid:12821)(cid:9959)(cid:4684)(cid:9959)(cid:2142)(cid:2122)(cid:2137)(cid:2165)(cid:2057)(cid:2214)(cid:2266)(cid:2267)(cid:2285)(cid:2255)(cid:2276)(cid:4684)(cid:9959)(cid:2142)(cid:2122)(cid:2137)(cid:2165)(cid:2057)(cid:2128)(cid:2145)(cid:7223)″(cid:2142)(cid:2146)(cid:2057)(cid:12800)(cid:9202)(cid:2284)(cid:4780)(cid:3066)(cid:7439)(cid:2145)(cid:838)(cid:11172)
(cid:3622)(cid:2130)(cid:2132)(cid:2131)(cid:2116)(cid:2146)(cid:12799)(cid:6320)(cid:2181)(cid:8174)(cid:2172)(cid:2122)(cid:2130)(cid:2103)(cid:839)(cid:2139)(cid:2103)(cid:2105)(cid:13589)(cid:7035)(cid:2111)(cid:2101)(cid:2173)(cid:2161)(cid:2124)(cid:2058)2003 (cid:5555)(cid:15910)(cid:7022)(cid:2142)(cid:6813)(cid:7047)(cid:10506)(cid:4422)(cid:13307)(cid:2111)(cid:9414)(cid:12202)
(cid:2122)(cid:2130)(cid:2068)(cid:4826)(cid:9179)(cid:2244)(cid:2217)(cid:2264)(cid:2276)(cid:2069)(cid:2138)(cid:2165)(cid:2057)(cid:2068)(cid:2165)(cid:2134)(cid:2139)(cid:7978)(cid:3014)(cid:9959)(cid:2146)(cid:8174)(cid:9959)(cid:2126)(cid:2171)(cid:2069)(cid:2068)♣(cid:3084)(cid:3221)(cid:14172)(cid:6761)(cid:2145)(cid:3084)♣(cid:12799)(cid:6320)(cid:3622)(cid:2181)(cid:2141)(cid:2114)
(cid:2126)(cid:2069)(cid:2139)さ(cid:7883)(cid:2124)(cid:2174)(cid:2892)(cid:6785)(cid:2138)(cid:2057)(cid:8080)(cid:12821)(cid:9959)(cid:2146)(cid:2068)(cid:7801)(cid:14189)(cid:9423)(cid:2142)(cid:5668)(cid:2112)(cid:2901)(cid:2117)(cid:2137)16(cid:15898)(cid:2142)(cid:2124)(cid:2174)(cid:2069)(cid:2057)(cid:6236)(cid:5771)(cid:9959)(cid:2165)(cid:2068)(cid:3992)(cid:9976)(cid:6469)(cid:14158)
(cid:3650)(cid:5584)(cid:2181)(cid:10664)(cid:5210)(cid:2284)(cid:5603)(cid:7742)(cid:2124)(cid:2174)(cid:2069)(cid:2141)(cid:2140)(cid:2145)(cid:5594)(cid:7856)(cid:4780)(cid:4684)(cid:9959)(cid:2181)さ(cid:7883)(cid:2122)(cid:2137)(cid:2103)(cid:2161)(cid:2124)(cid:2058)(cid:2118)(cid:2182)(cid:2141)(cid:8998)(cid:2904)(cid:5240)(cid:2141)さ(cid:7883)(cid:2181)(cid:12437)(cid:2178)
(cid:2175)(cid:2174)(cid:2161)(cid:2161)(cid:2142)(cid:3956)(cid:2116)(cid:3502)(cid:2175)(cid:2174)(cid:6707)(cid:7958)(cid:2138)(cid:2171)(cid:2103)(cid:2145)(cid:2138)(cid:2122)(cid:2170)(cid:2105)(cid:2110)(cid:2058)
(cid:2124)(cid:2138)(cid:2142)(cid:2057)(cid:2118)(cid:2175)(cid:2161)(cid:2138)(cid:2145)(cid:4780)(cid:3066)(cid:7439)(cid:2155)(cid:2145)(cid:8174)(cid:9959)(cid:2141)(cid:2140)(cid:2142)(cid:2171)(cid:2134)(cid:2137)(cid:2057)80(cid:5555)(cid:3045)(cid:7046)(cid:2142)(cid:2146)(cid:2057)20(cid:3479)(cid:3525)(cid:13246)(cid:2114)(cid:2101)(cid:2134)(cid:2130)(cid:7978)
(cid:3014)(cid:9959)(cid:3949)(cid:2111)(cid:2057)(cid:2103)(cid:2161)(cid:2167)10(cid:3479)(cid:3525)(cid:9956)(cid:5584)(cid:2142)(cid:2161)(cid:2138)(cid:8174)(cid:5211)(cid:2122)(cid:2137)(cid:2103)(cid:2161)(cid:2124)(cid:2058)(cid:2128)(cid:2145)(cid:2892)(cid:6785)(cid:2138)(cid:2057)(cid:3997)(cid:2123)(cid:6884)(cid:7039)(cid:2142)(cid:2057)(cid:8080)(cid:12821)(cid:9959)(cid:2145)
(cid:5209)(cid:3502)(cid:2057)(cid:4684)(cid:9959)(cid:2111)(cid:5121)(cid:6787)(cid:2120)(cid:2175)(cid:2057)(cid:7822)(cid:5555)(cid:2057)12(cid:3479)(cid:3525)(cid:2181)(cid:5594)(cid:7856)(cid:2111)(cid:12799)(cid:6320)(cid:2122)(cid:2137)(cid:2103)(cid:2161)(cid:2124)(cid:2058)(cid:2122)(cid:2110)(cid:2165)(cid:2057)(cid:2103)(cid:2161)(cid:2057)(cid:4780)(cid:3066)(cid:7439)(cid:2146)(cid:2057)
(cid:2241)(cid:2247)(cid:2268)(cid:6884)(cid:3045)(cid:2181)(cid:2901)(cid:4418)(cid:2174)(cid:3981)(cid:2901)(cid:7017)(cid:14799)(cid:2145)(cid:3642)─(cid:2181)(cid:2101)(cid:2117)(cid:2057)(cid:3066)(cid:7439)(cid:2145)(cid:6245)(cid:3476)(cid:2142)(cid:2101)(cid:2174)(cid:2068)(cid:3124)(cid:3688)(cid:12832)(cid:13592)(cid:2069)(cid:2146)82(cid:3479)(cid:3525)(cid:2142)(cid:2165)
(cid:2145)(cid:2159)(cid:2174)(cid:2139)(cid:2120)(cid:2175)(cid:2137)(cid:2103)(cid:2161)(cid:2124)(cid:15901)(cid:7856)(cid:14051)(cid:2216)(cid:2276)(cid:2208)(cid:2224)(cid:2276)(cid:2208)(cid:12578)(cid:7189)(cid:15902)(cid:2058)(cid:2118)(cid:2145)(cid:2105)(cid:2107)(cid:2057)(cid:2120)(cid:2172)(cid:2142)(cid:7978)(cid:3014)(cid:9959)(cid:2146)(cid:8174)(cid:9959)(cid:2126)(cid:2171)(cid:2057)(cid:2128)
(cid:2145)(cid:3622)(cid:2057)(cid:5594)(cid:7856)(cid:2142)(cid:8080)(cid:12821)(cid:9959)(cid:2057)(cid:6236)(cid:5771)(cid:9959)(cid:2145)(cid:4780)(cid:4684)(cid:9959)(cid:2181)(cid:6314)(cid:2122)(cid:2135)(cid:2116)(cid:2174)(cid:2139)(cid:2103)(cid:2105)(cid:2145)(cid:2146)(cid:2057)(cid:2101)(cid:2161)(cid:2173)(cid:2142)(cid:13079)(cid:3771)(cid:6245)(cid:2141)(cid:12437)(cid:2103)(cid:3622)
(cid:2138)(cid:2146)(cid:2141)(cid:2103)(cid:2138)(cid:2122)(cid:2170)(cid:2105)(cid:2110)(cid:2058)
(cid:2120)(cid:2172)(cid:2142)(cid:2057)(cid:4780)(cid:13592)(cid:6362)(cid:2132)(cid:2057)(cid:2139)(cid:2114)(cid:2142)(cid:4780)(cid:7212)(cid:2937)(cid:2057)(cid:4780)(cid:12832)(cid:9168)(cid:5139)(cid:2155)(cid:2145)(cid:3457)(cid:13333)(cid:2165)(cid:2124)(cid:2124)(cid:2182)(cid:2138)(cid:2103)(cid:2161)(cid:2124)(cid:2058)(cid:6236)(cid:5771)(cid:9959)(cid:2145)(cid:7017)(cid:14799)
(cid:9959)(cid:8921)(cid:2146)70(cid:15898)(cid:2110)(cid:2172)37(cid:15898)(cid:2142)(cid:2057)(cid:3114)(cid:7856)(cid:9959)(cid:2145)(cid:7017)(cid:14799)(cid:9959)(cid:8921)(cid:2146)18(cid:15898)(cid:2110)(cid:2172)13(cid:15898)(cid:2142)(cid:5668)(cid:2112)(cid:2902)(cid:2117)(cid:2172)(cid:2175)(cid:2161)(cid:2122)(cid:2130)(cid:2058)(cid:5594)(cid:7856)
(cid:2145)(cid:2141)(cid:2116)(cid:2141)(cid:2122)(cid:2145)(cid:14448)(cid:12811)(cid:13592)(cid:2145)(cid:3642)(cid:5060)(cid:2142)(cid:2110)(cid:2110)(cid:2174)(cid:9959)(cid:13592)(cid:2146) 20(cid:15898)(cid:2141)(cid:2145)(cid:2142)(cid:2057)(cid:4780)(cid:12832)(cid:9168)(cid:5139)(cid:2145)(cid:5555)(cid:14051)(cid:3120)(cid:3430)(cid:3525)(cid:2165)(cid:2145)(cid:7212)(cid:5663)(cid:13500)
(cid:5716)(cid:2167)(cid:7212)(cid:5663)(cid:12697)(cid:8179)(cid:6236)(cid:5771)(cid:2142)(cid:2146)(cid:2178)(cid:2125)(cid:2110)10(cid:15898)(cid:2142)(cid:8174)(cid:2172)(cid:2120)(cid:2175)(cid:2161)(cid:2122)(cid:2130)(cid:2058)(cid:2068)(cid:3982)(cid:2110)(cid:2172)(cid:5470)(cid:2155)(cid:13592)(cid:2181)(cid:3764)(cid:2110)(cid:2124)(cid:2131)(cid:2116)(cid:2069)(cid:2145)(cid:7212)(cid:5663)
(cid:13500)(cid:5716)(cid:2167)(cid:12697)(cid:8179)(cid:6236)(cid:5771)(cid:2155)(cid:2145)(cid:12570)(cid:9959)(cid:2111)(cid:2057)(cid:2892)(cid:9165)(cid:6185)(cid:4068)(cid:3388)(cid:2103)(cid:2137)(cid:5771)(cid:2130)(cid:6236)(cid:5771)(cid:2155)(cid:2145)(cid:12570)(cid:9959)(cid:2171)(cid:2173)(cid:3457)(cid:13333)(cid:2120)(cid:2175)(cid:2174)(cid:9959)(cid:3650)(cid:2146)(cid:2057)♣
(cid:3084)(cid:2145)(cid:2101)(cid:2173)(cid:6785)(cid:2165)(cid:2169)(cid:2111)(cid:2164)(cid:2137)(cid:2122)(cid:2161)(cid:2103)(cid:2161)(cid:2124)(cid:2058)(cid:2118)(cid:2182)(cid:2141)(cid:2904)(cid:3508)(cid:5554)(cid:2146)セ(cid:2126)(cid:2161)(cid:2126)(cid:2182)(cid:2058)
(cid:8080)(cid:12821)(cid:9959)(cid:4684)(cid:9959)(cid:2165)(cid:2214)(cid:2266)(cid:2267)(cid:2285)(cid:2255)(cid:2276)(cid:4780)(cid:4684)(cid:9959)(cid:2165)(cid:2057)(cid:2118)(cid:2182)(cid:2140)(cid:2145)(cid:10602)(cid:13373)(cid:6378)(cid:2138)(cid:13373)(cid:3613)(cid:2120)(cid:2175)(cid:2174)(cid:12175)(cid:14156)(cid:12695)(cid:4132)(cid:2111)(cid:2057)(cid:6778)(cid:2122)(cid:2103)
(cid:4439)(cid:3084)(cid:2138)(cid:2130)(cid:2131)(cid:2132)(cid:2142)(cid:6074)(cid:5584)(cid:2111)(cid:4193)(cid:2178)(cid:2175)(cid:2174)(cid:4193)(cid:14487)(cid:2138)(cid:2124)(cid:2058)(cid:2118)(cid:2145)(cid:10602)(cid:13373)(cid:6378)(cid:2138)(cid:2057)(cid:4780)(cid:4684)(cid:9959)(cid:2139)♣(cid:3084)(cid:3221)(cid:14200)(cid:2145)(cid:13307)(cid:10558)(cid:6701)(cid:5959)(cid:2155)
(cid:2145)(cid:5851)(cid:2173)(cid:2145)(cid:4743)(cid:2181)(cid:2122)(cid:2164)(cid:2122)(cid:2137)(cid:2114)(cid:2131)(cid:2120)(cid:2103)(cid:2058)
(cid:1552)(cid:1552)(cid:6813)(cid:7047)(cid:3511)(cid:9168)(cid:3496)(cid:2146)(cid:2057)(cid:5594)(cid:7856)(cid:4780)(cid:4684)(cid:9959)(cid:2142)(cid:3948)(cid:5194)(cid:2122)(cid:2137)(cid:2130)(cid:2130)(cid:2110)(cid:2103)(cid:2161)(cid:2124)(cid:2058)(cid:3)
(cid:1552)(cid:1552)♣(cid:3084)(cid:3221)(cid:14200)(cid:2145)(cid:6701)(cid:5959)(cid:2181)(cid:2114)(cid:2103)(cid:2139)(cid:2164)(cid:2174)(cid:2130)(cid:2164)(cid:2142)(cid:3504)(cid:3719)(cid:2181)(cid:2101)(cid:2117)(cid:2161)(cid:2124)(cid:2058)(cid:3)
(cid:1552)(cid:1552)(cid:8587)(cid:14663)(cid:2141)(cid:3508)(cid:3511)(cid:2981)(cid:7439)(cid:2057)(cid:13344)㊪(cid:8769)(cid:5117)(cid:12800)″(cid:2141)(cid:2140)(cid:2057)(cid:9959)(cid:13592)(cid:2145)(cid:2257)(cid:2225)(cid:2136)(cid:2110)(cid:2103)(cid:2142)(cid:5797)(cid:5575)(cid:9423)(cid:2142)(cid:2258)(cid:2218)(cid:2181)(cid:3502)(cid:2175)(cid:2161)(cid:2124)(cid:2058)(cid:3)
(cid:1552)(cid:1552)(cid:3981)(cid:2901)(cid:7017)(cid:14799)(cid:2145)(cid:3642)─(cid:2181)(cid:2101)(cid:2117)(cid:2137)(cid:2103)(cid:2174)(cid:12800)(cid:9202)(cid:2284)(cid:4780)(cid:3066)(cid:7439)(cid:2142)┞(cid:5818)(cid:2145)(cid:12799)(cid:6320)(cid:2181)(cid:7883)(cid:2164)(cid:2161)(cid:2124)(cid:2058)(cid:3)
(cid:1552)(cid:1552)(cid:838)(cid:2255)(cid:2238)(cid:2285)(cid:2211)(cid:2285)(cid:2257)(cid:839)(cid:2057)(cid:4780)(cid:7212)(cid:2937)(cid:2057)(cid:4780)(cid:12832)(cid:9168)(cid:5139)(cid:3457)(cid:13333)(cid:2145)(cid:2904)(cid:3508)(cid:5554)(cid:9959)(cid:3650)(cid:2181)(cid:2101)(cid:2172)(cid:2130)(cid:2164)(cid:2174)(cid:2118)(cid:2139)(cid:2181)さ(cid:7883)(cid:2122)(cid:2161)(cid:2124)(cid:2058)(cid:3)
(cid:2072)(cid:15911)(cid:2073)(cid:6813)(cid:7047)(cid:2181)(cid:2068)(cid:6219)(cid:2979)(cid:2124)(cid:2174)(cid:4439)(cid:2069)(cid:2142)(cid:2122)(cid:2141)(cid:2103)(cid:2130)(cid:2164)(cid:2142)(cid:1552)(cid:1552)(cid:6143)(cid:7978)(cid:2181)(cid:2161)(cid:2165)(cid:2173)(cid:2143)(cid:2112)(cid:2161)(cid:2124)
(cid:3)
(cid:15917)(cid:7022)(cid:2146)(cid:2123)(cid:2164)(cid:2142)(cid:9414)(cid:12202)(cid:2120)(cid:2175)(cid:2130)(cid:11172)(cid:7856)(cid:3496)(cid:2145)(cid:6701)(cid:6143)(cid:7236)(cid:2146)(cid:2057)(cid:15918)(cid:7082)(cid:2142)(cid:2144)(cid:2172)(cid:2103)(cid:2181)(cid:5117)(cid:2164)(cid:2057)(cid:2068)(cid:11172)(cid:12192)㌱(cid:2069)(cid:2181)(cid:7009)(cid:2112)㎲(cid:2163)
(cid:2139)(cid:2139)(cid:2165)(cid:2142)(cid:2057)(cid:2128)(cid:2145)(cid:3060)(cid:3768)(cid:2142)(cid:2068)(cid:4439)(cid:14199)♣(cid:3084)(cid:2145)(cid:5554)(cid:4080)(cid:2069)(cid:2181)(cid:6842)オ(cid:2122)(cid:2161)(cid:2122)(cid:2130)(cid:2058)(cid:7856)(cid:2937)(cid:3496)(cid:2165)(cid:2057)(cid:4439)(cid:13307)(cid:7916)(cid:12695)(cid:2111)(cid:2101)(cid:2175)(cid:2147)
(cid:8071)(cid:4768)(cid:2138)(cid:2145)(cid:7746)(cid:3719)(cid:12180)(cid:3152)(cid:2146)(cid:3978)(cid:11031)(cid:2131)(cid:2139)(cid:2122)(cid:2137)(cid:2057)(cid:2128)(cid:2145)(cid:10079)(cid:4628)(cid:2181)(cid:6701)(cid:6143)(cid:7236)(cid:2142)┊(cid:2173)㎲(cid:2163)(cid:2139)(cid:2122)(cid:2137)(cid:2103)(cid:2161)(cid:2124)(cid:2058)(cid:3508)(cid:6842)(cid:3496)(cid:2165)
(cid:2068)(cid:3722)(cid:6143)(cid:2069)(cid:2145)(cid:3998)(cid:2138)(cid:6701)(cid:6143)(cid:2145)(cid:8046)(cid:2175)(cid:2142)(cid:3508)↓(cid:2139)(cid:3993)(cid:8046)(cid:2122)(cid:2161)(cid:2122)(cid:2130)(cid:2058)(cid:3)
(cid:2103)(cid:2161)(cid:6701)(cid:6143)(cid:8044)(cid:2111)(cid:3511)(cid:13299)(cid:2122)(cid:2137)(cid:2165)(cid:2139)(cid:2164)(cid:2137)(cid:2103)(cid:2174)(cid:2145)(cid:2146)(cid:2057)(cid:6143)(cid:7978)(cid:15918)(cid:7082)(cid:2057)(cid:2141)(cid:2110)(cid:2138)(cid:2165)(cid:2068)(cid:6219)(cid:3719)(cid:2904)(cid:3221)(cid:6362)(cid:2069)(cid:2139)(cid:2068)(cid:3001)(cid:6219)
(cid:7562)(cid:4012)(cid:12542)(cid:2069)(cid:2181)ぞ(cid:5117)(cid:2122)(cid:2130)(cid:15918)(cid:7082)(cid:15911)(cid:14439)(cid:2181)(cid:6701)(cid:4757)(cid:2122)(cid:2057)(cid:2068)(cid:11172)(cid:12192)㌱(cid:2145)(cid:3221)(cid:6362)(cid:2069)(cid:2181)(cid:6842)オ(cid:2124)(cid:2174)(cid:2118)(cid:2139)(cid:2138)(cid:2124)(cid:2058)(cid:2118)(cid:2145)(cid:6785)(cid:4002)(cid:2138)
3
(cid:6143)(cid:7978)(cid:2111)(cid:6701)(cid:5117)(cid:2120)(cid:2175)(cid:2175)(cid:2147)(cid:2057)(cid:11172)(cid:12192)(cid:14186)(cid:2145)(cid:8991)(cid:8799)(cid:2181)(cid:6143)(cid:7978)(cid:2138)(cid:2068)(cid:13275)(cid:12542)(cid:2069)(cid:2124)(cid:2174)(cid:2131)(cid:2116)(cid:2142)(cid:2139)(cid:2140)(cid:2161)(cid:2172)(cid:2141)(cid:2103)(cid:13588)(cid:4780)(cid:2141)(cid:2165)(cid:2145)
(cid:2139)(cid:2141)(cid:2173)(cid:2161)(cid:2124)(cid:2058)(cid:3)
(cid:11172)(cid:7856)(cid:3496)(cid:6707)(cid:5579)(cid:2146)(cid:2057)(cid:6143)(cid:7978)(cid:15918)(cid:7082)(cid:2142)(cid:13346)(cid:3948)(cid:2122)(cid:2137)(cid:11172)(cid:12192)(cid:14186)(cid:2181)(cid:2135)(cid:2114)(cid:2173)(cid:4684)(cid:5697)(cid:2122)(cid:2137)(cid:2112)(cid:2161)(cid:2122)(cid:2130)(cid:2058)(cid:2122)(cid:2110)(cid:2122)(cid:2057)(cid:2068)(cid:6219)(cid:3719)(cid:2904)
(cid:3221)(cid:6362)(cid:2069)(cid:2139)(cid:2068)(cid:3001)(cid:6219)(cid:7562)(cid:4012)(cid:12542)(cid:2069)(cid:2139)(cid:2103)(cid:2105)ぞ(cid:5117)(cid:2111)(cid:2068)(cid:7753)(cid:7742)(cid:2164)(cid:2069)(cid:2142)(cid:2141)(cid:2134)(cid:2137)(cid:2057)(cid:2068)(cid:8071)(cid:4768)(cid:2138)(cid:2145)(cid:7746)(cid:3719)(cid:12180)(cid:3152)(cid:2146)(cid:2138)(cid:2112)(cid:2141)(cid:2103)(cid:2069)
(cid:2139)(cid:2103)(cid:2105)(cid:5643)(cid:3665)(cid:2161)(cid:2138)(cid:2146)(cid:5371)(cid:2126)(cid:2161)(cid:2126)(cid:2182)(cid:2138)(cid:2122)(cid:2130)(cid:2058)(cid:15918)(cid:7082)(cid:15911)(cid:14439)(cid:2181)(cid:6701)(cid:4757)(cid:2122)(cid:2057)(cid:2068)(cid:11172)(cid:12192)㌱(cid:2069)(cid:2181)(cid:6842)オ(cid:2124)(cid:2174)(cid:2118)(cid:2139)(cid:2146)(cid:2057)(cid:2118)
(cid:2145)(cid:2068)(cid:7753)(cid:7742)(cid:2164)(cid:2069)(cid:2181)(cid:2139)(cid:2173)(cid:6254)(cid:2103)(cid:2057)(cid:6813)(cid:7047)(cid:2181)(cid:2068)(cid:8071)(cid:4768)(cid:2138)(cid:6219)(cid:2979)(cid:2181)(cid:2124)(cid:2174)(cid:4439)(cid:2069)(cid:2142)(cid:4757)㈻(cid:2120)(cid:2126)(cid:2174)(cid:2118)(cid:2139)(cid:2142)(cid:2141)(cid:2173)(cid:2161)(cid:2124)(cid:2058)
(cid:2128)(cid:2175)(cid:2146)(cid:2068)(cid:6219)(cid:2979)(cid:6706)(cid:7320)(cid:2069)(cid:2181)ぞ(cid:5117)(cid:2122)(cid:2130)(cid:15918)(cid:7082)(cid:15910)(cid:14439)(cid:2181)(cid:2152)(cid:2114)(cid:2164)(cid:2130)(cid:15918)(cid:7082)(cid:3504)(cid:3118)(cid:2181)(cid:6706)(cid:7320)(cid:2124)(cid:2174)(cid:2118)(cid:2139)(cid:2138)(cid:2124)(cid:2058)(cid:6143)(cid:7978)(cid:15918)
(cid:7082)(cid:2181)(cid:2141)(cid:2117)(cid:2124)(cid:2137)(cid:2174)(cid:2118)(cid:2139)(cid:2146)(cid:2057)(cid:2195)(cid:2217)(cid:2195)(cid:2139)(cid:2912)(cid:9202)(cid:2142)(cid:2130)(cid:2103)(cid:2124)(cid:2174)(cid:2904)(cid:6219)(cid:2145)(cid:12547)(cid:2103)(cid:2057)(cid:4439)(cid:14199)(cid:3508)(cid:10449)(cid:2181)(cid:9682)(cid:2173)(cid:6422)(cid:2137)(cid:2174)(cid:2118)(cid:2139)
(cid:2138)(cid:2101)(cid:2173)(cid:2057)(cid:6813)(cid:7047)(cid:2145)(cid:4439)(cid:14199)(cid:9423)(cid:3224)(cid:14479)(cid:2145)(cid:2146)(cid:2110)(cid:2173)(cid:2122)(cid:2175)(cid:2141)(cid:2103)(cid:4790)(cid:4685)(cid:2139)(cid:2141)(cid:2174)(cid:2138)(cid:2122)(cid:2170)(cid:2105)(cid:2058)(cid:3)
(cid:6143)(cid:7978)(cid:2181)(cid:6701)(cid:5959)(cid:2122)(cid:2057)(cid:6813)(cid:7047)(cid:2181)(cid:2068)(cid:6219)(cid:2979)(cid:2181)(cid:2124)(cid:2174)(cid:4439)(cid:2069)(cid:2142)(cid:2122)(cid:2171)(cid:2105)(cid:2139)(cid:2124)(cid:2174)(cid:3764)(cid:2112)(cid:2145)(cid:7223)(cid:7047)(cid:2142)(cid:2057)(cid:2195)(cid:2258)(cid:2267)(cid:2204)(cid:2145)(cid:3481)(cid:3650)
(cid:6703)(cid:6585)(cid:2145)(cid:6219)(cid:2979)(cid:2142)(cid:6813)(cid:7047)(cid:2181)(cid:3940)(cid:3722)(cid:2120)(cid:2126)(cid:2171)(cid:2105)(cid:2139)(cid:2103)(cid:2105)(cid:2068)(cid:6813)(cid:10359)(cid:3997)┍(cid:2069)(cid:2145)(cid:3889)(cid:14172)(cid:2141)(cid:4757)㈻(cid:2111)(cid:2101)(cid:2173)(cid:2161)(cid:2124)(cid:2058)(cid:2195)(cid:2258)(cid:2267)(cid:2204)
(cid:2142)(cid:13275)(cid:14190)(cid:2122)(cid:2137)(cid:2057)(cid:8587)(cid:7978)(cid:2141)(cid:2197)(cid:2266)(cid:2208)(cid:6219)(cid:2979)(cid:2181)(cid:6693)(cid:6362)(cid:2122)(cid:2057)(cid:11172)(cid:12192)(cid:14186)(cid:2145)(cid:8044)(cid:3513)(cid:2138)(cid:3722)(cid:6320)(cid:2122)(cid:2130)(cid:5210)(cid:7968)(cid:3524)(cid:14062)(cid:2145)(cid:838)(cid:2195)(cid:2258)(cid:2267)(cid:2204)
(cid:2103)(cid:2103)(cid:2141)(cid:2173)(cid:839)(cid:2146)(cid:2912)(cid:9202)(cid:2138)(cid:2165)(cid:2112)(cid:2178)(cid:2131)(cid:2134)(cid:2137)(cid:2103)(cid:2161)(cid:2124)(cid:2058)(cid:6813)(cid:10359)(cid:5101)(cid:3221)(cid:7082)(cid:10449)(cid:2145)(cid:7127)(cid:10500)(cid:2162)(cid:2120)(cid:2107)(cid:2118)(cid:2107)(cid:2130)(cid:2057)(cid:4480)(cid:8995)ぞ(cid:7557)(cid:2145)
(cid:2068)(cid:6813)(cid:10359)(cid:3997)┍(cid:2069)(cid:2155)(cid:2145)(cid:3188)(cid:9222)(cid:9423)(cid:2141)(cid:4780)(cid:4757)㈻(cid:2111)(cid:2124)(cid:2124)(cid:2164)(cid:2172)(cid:2175)(cid:2137)(cid:2103)(cid:2161)(cid:2124)(cid:2058)(cid:2912)(cid:9202)(cid:9423)(cid:2141)(cid:10359)㌱(cid:3530)(cid:10621)(cid:2145)(cid:3764)(cid:2112)(cid:2145)(cid:2141)(cid:2110)
(cid:2138)(cid:2057)(cid:10359)㌱(cid:2139)(cid:11172)(cid:12192)(cid:14186)(cid:2145)(cid:2892)(cid:3118)(cid:3817)(cid:2111)(cid:6470)(cid:13317)(cid:2120)(cid:2175)(cid:2057)(cid:4593)(cid:4480)(cid:2145)(cid:3511)(cid:3997)(cid:3152)(cid:9173)(cid:2145)(cid:6345)(cid:4780)(cid:2111)(cid:2146)(cid:2110)(cid:2172)(cid:2175)(cid:2137)(cid:2103)(cid:2161)(cid:2124)(cid:2058)(cid:7936)(cid:10638)
(cid:2181)(cid:2146)(cid:2123)(cid:2164)(cid:6813)(cid:7047)(cid:3504)(cid:4464)(cid:2145)(cid:4593)(cid:4480)(cid:2146)(cid:2057)(cid:4480)(cid:8995)ぞ(cid:7557)(cid:2145)(cid:3613)(cid:6585)(cid:2284)(cid:12269)(cid:10525)(cid:6344)Ⅴ(cid:2139)(cid:2122)(cid:2137)(cid:2103)(cid:2134)(cid:2128)(cid:2105)(cid:5697)(cid:3817)(cid:2120)(cid:2175)(cid:2171)(cid:2105)(cid:2139)(cid:2122)
(cid:2137)(cid:2103)(cid:2161)(cid:2124)(cid:2058)(cid:11172)(cid:12192)(cid:14186)(cid:2145)(cid:7047)(cid:7086)(cid:3060)(cid:3768)(cid:2142)(cid:2068)(cid:4439)(cid:14199)(cid:8041)(cid:3764)(cid:2069)(cid:2181)(cid:3112)(cid:10784)(cid:2136)(cid:2116)(cid:2057)(cid:2068)(cid:8071)(cid:4768)(cid:8044)(cid:3513)(cid:14186)(cid:2069)(cid:2155)(cid:2145)(cid:7047)(cid:7225)(cid:9423)(cid:2141)(cid:4757)㈻
(cid:2181)(cid:2146)(cid:2110)(cid:2174)(cid:11172)(cid:12192)(cid:14186)(cid:7978)(cid:6701)(cid:5959)(cid:2145)(cid:2130)(cid:2114)(cid:2172)(cid:2162)(cid:2165)(cid:2057)(cid:2195)(cid:2258)(cid:2267)(cid:2204)(cid:2145)(cid:6219)(cid:2979)(cid:2142)(cid:2146)(cid:2912)(cid:9202)(cid:2145)(cid:2140)(cid:2118)(cid:2138)(cid:2101)(cid:2175)(cid:8587)(cid:7082)(cid:3058)(cid:2142)(cid:3869)(cid:3719)
(cid:2124)(cid:2174)(cid:3032)(cid:10500)(cid:2162)(cid:2181)(cid:2135)(cid:2114)(cid:2176)(cid:2105)(cid:2139)(cid:2124)(cid:2174)(cid:2165)(cid:2145)(cid:2138)(cid:2124)(cid:2058)(cid:3)
(cid:1552)(cid:1552)(cid:3)(cid:6143)(cid:7978)(cid:2181)(cid:2161)(cid:2165)(cid:2173)(cid:2143)(cid:2112)(cid:2161)(cid:2124)(cid:2058)(cid:6143)(cid:7978)(cid:6701)(cid:5959)(cid:2142)(cid:3948)(cid:5194)(cid:2124)(cid:2174)(cid:2124)(cid:2156)(cid:2137)(cid:2145)(cid:3014)(cid:2061)(cid:2139)(cid:3719)(cid:2181)(cid:2101)(cid:2178)(cid:2126)(cid:2161)(cid:2124)(cid:2058)(cid:3)
(cid:1552)(cid:1552)(cid:6725)(cid:10985)(cid:4593)(cid:7047)(cid:7978)(cid:6701)(cid:5959)(cid:2146)(cid:2057)(cid:6725)(cid:10985)(cid:2145)┘(cid:9423)(cid:2181)(cid:2068)(cid:8071)(cid:4768)(cid:2138)(cid:6219)(cid:2979)(cid:2181)(cid:2124)(cid:2174)(cid:4439)(cid:2069)(cid:2145)(cid:2130)(cid:2164)(cid:2145)(cid:3014)(cid:2136)(cid:2114)(cid:2173)(cid:2142)(cid:4757)㈻(cid:2120)
(cid:2126)(cid:2174)(cid:2118)(cid:2139)(cid:2139)(cid:2163)(cid:2124)(cid:2150)(cid:2135)(cid:2103)(cid:2130)(cid:2165)(cid:2145)(cid:2138)(cid:2124)(cid:2058)(cid:2118)(cid:2145)(cid:3764)(cid:2112)(cid:2142)(cid:7743)(cid:14331)(cid:2110)(cid:2172)(cid:3948)(cid:5194)(cid:2181)(cid:2135)(cid:2172)(cid:2143)(cid:2112)(cid:2161)(cid:2124)(cid:2058)(cid:3)
(cid:1552)(cid:1552)(cid:3)(cid:11172)(cid:12192)(cid:14186)(cid:2145)(cid:2197)(cid:2266)(cid:2208)(cid:2110)(cid:2172)(cid:2145)(cid:2124)(cid:2162)(cid:2167)(cid:2110)(cid:2141)(cid:6604)(cid:3513)(cid:2181)(cid:5697)(cid:2114)さ(cid:7883)(cid:2122)(cid:2161)(cid:2124)(cid:2058)(cid:2101)(cid:2172)(cid:2169)(cid:2174)(cid:8071)(cid:4768)(cid:8044)(cid:3513)(cid:2142)(cid:3948)(cid:5194)(cid:2122)
(cid:2161)(cid:2124)(cid:2058)(cid:3)
(cid:1552)(cid:1552)(cid:3)(cid:2068)(cid:10359)㌱(cid:3530)(cid:10621)(cid:2069)(cid:2145)(cid:3998)(cid:2142)(cid:2171)(cid:2174)(cid:4593)(cid:4480)(cid:5697)(cid:3817)(cid:2284)(cid:7876)(cid:2945)(cid:3817)(cid:2142)(cid:3948)(cid:5194)(cid:2122)(cid:2161)(cid:2124)(cid:2058)(cid:4593)(cid:4480)(cid:2145)(cid:2141)(cid:2103)(cid:6813)(cid:7047)(cid:2181)(cid:2164)(cid:2121)(cid:2122)(cid:2137)(cid:2057)
(cid:4439)(cid:7856)(cid:2139)(cid:2139)(cid:2165)(cid:2142)(cid:2130)(cid:2130)(cid:2110)(cid:2103)(cid:2161)(cid:2124)(cid:2058)(cid:3)
(cid:1552)(cid:1552)(cid:3)(cid:6813)(cid:10359)(cid:5101)(cid:3221)(cid:2145)(cid:3188)(cid:9222)(cid:9423)(cid:4757)㈻(cid:2142)(cid:3948)(cid:5194)(cid:2122)(cid:2161)(cid:2124)(cid:2058)(cid:2068)(cid:6813)(cid:10359)(cid:5101)(cid:3221)(cid:7082)(cid:10449)(cid:2181)(cid:2141)(cid:2114)(cid:2122)(cid:8826)(cid:10079)(cid:2284)(cid:5554)(cid:4080)(cid:2145)(cid:6813)(cid:7047)(cid:2181)(cid:2069)
(cid:2139)(cid:2103)(cid:2105)(cid:4743)(cid:2111)(cid:4439)(cid:7856)(cid:4771)(cid:6736)(cid:2145)(cid:6030)ぜ(cid:2142)(cid:2141)(cid:2174)(cid:2171)(cid:2105)(cid:3719)(cid:2181)(cid:2135)(cid:2114)(cid:2122)(cid:2161)(cid:2124)(cid:2058)(cid:3)
(cid:3)
(cid:2072)(cid:15912)(cid:2073)(cid:13339)(cid:3937)(cid:2145)(cid:3188)(cid:9222)(cid:6219)(cid:2979)(cid:2139)(cid:7380)(cid:7856)(cid:4480)(cid:6693)(cid:13500)(cid:2181)(cid:7743)(cid:5716)(cid:3817)(cid:2124)(cid:2174)(cid:3764)(cid:2112)(cid:2181)セ(cid:2122)(cid:2161)(cid:2126)(cid:2182)
(cid:3)
(cid:3) (cid:6219)(cid:5763)(cid:15915)(cid:15909)(cid:5555)(cid:2145)(cid:3025)(cid:5555)(cid:2057)(cid:5210)(cid:7968)(cid:14635)┞(cid:2145)(cid:14321)(cid:4439)(cid:9852)♣(cid:2155)(cid:2145)(cid:3940)(cid:6343)(cid:4193)(cid:14487)(cid:2111)(cid:2057)(cid:6813)(cid:7047)(cid:2138)(cid:2165)(cid:2057)(cid:2195)(cid:2217)(cid:2195)(cid:2167)(cid:2912)(cid:9202)(cid:2138)(cid:2165)
(cid:4780)(cid:4193)(cid:14487)(cid:2142)(cid:2141)(cid:2134)(cid:2137)(cid:2103)(cid:2161)(cid:2124)(cid:2058)(cid:2118)(cid:2145)(cid:4193)(cid:14487)(cid:2145)(cid:7222)(cid:5800)(cid:2146)(cid:2057)(cid:6813)(cid:7047)(cid:2111)(cid:5668)(cid:2112)(cid:12907)(cid:2118)(cid:2122)(cid:2130)(cid:3188)(cid:9222)(cid:6219)(cid:2979)(cid:2139)(cid:7380)(cid:7856)(cid:4480)(cid:6693)(cid:13500)(cid:2181)
(cid:2140)(cid:2105)ぜ(cid:2174)(cid:2145)(cid:2110)(cid:2139)(cid:2103)(cid:2105)(cid:7756)(cid:3981)(cid:12542)(cid:12681)(cid:2142)(cid:2101)(cid:2173)(cid:2161)(cid:2124)(cid:2058)(cid:14321)(cid:4439)(cid:9852)♣(cid:2146)(cid:2057)(cid:21)(cid:19)(cid:19)(cid:19) (cid:2898)(cid:3014)(cid:3047)(cid:2901)(cid:2145)(cid:2195)(cid:2217)(cid:2195)(cid:2145)(cid:3014)(cid:2150)(cid:2139)(cid:2057)
(cid:22)(cid:20)(cid:19) (cid:2898)(cid:3014)(cid:3047)(cid:2901)(cid:2145)(cid:6813)(cid:7047)(cid:4439)(cid:7856)(cid:2145)(cid:4068)(cid:2181)(cid:4830)(cid:2134)(cid:2130)(cid:13339)(cid:3937)(cid:2145)(cid:6219)(cid:2979)(cid:2181)(cid:2057)(cid:2118)(cid:2139)(cid:2165)(cid:2101)(cid:2176)(cid:2105)(cid:2142)(cid:2068)(cid:11172)(cid:5067)(cid:11172)(cid:12192)(cid:2069)(cid:2145)(cid:6219)(cid:2979)(cid:2057)
(cid:2068)(cid:2195)(cid:2217)(cid:2195)よ(cid:6706)(cid:2069)(cid:2145)(cid:6219)(cid:2979)(cid:2131)(cid:2139)(cid:7743)(cid:5716)(cid:3817)(cid:2122)(cid:2057)(cid:2128)(cid:2145)(cid:14051)(cid:13346)(cid:2134)(cid:2130)(cid:6219)(cid:2979)ふ(cid:2057)(cid:7756)(cid:3981)ふ(cid:2181)(cid:4439)(cid:7856)(cid:2142)(cid:5123)(cid:3086)(cid:2124)(cid:2174)(cid:2118)(cid:2139)
(cid:2181)(cid:3152)(cid:4068)(cid:2142)(cid:2122)(cid:2137)(cid:2103)(cid:2161)(cid:2124)(cid:2058)(cid:2139)(cid:2118)(cid:2176)(cid:2111)(cid:5210)(cid:7968)(cid:14635)┞(cid:2146)(cid:2057)(cid:2068)(cid:14321)(cid:4439)(cid:9852)♣(cid:2145)(cid:10875)(cid:2107)(cid:2146)(cid:2057)(cid:6707)(cid:5579)(cid:2139)(cid:2146)(cid:2132)(cid:2111)(cid:2105)(cid:2069)(cid:2139)(cid:2103)(cid:2103)
(cid:2141)(cid:2111)(cid:2172)(cid:2057)(cid:2103)(cid:2127)(cid:2182)(cid:2139)(cid:2122)(cid:2137)(cid:14321)(cid:4439)(cid:3940)(cid:6343)(cid:2142)(cid:4438)(cid:4590)(cid:2122)(cid:2137)(cid:2103)(cid:2161)(cid:2124)(cid:2058)(cid:3)
(cid:3) (cid:14635)┞(cid:2111)(cid:14321)(cid:4439)(cid:9852)♣(cid:2142)(cid:3940)(cid:6343)(cid:2124)(cid:2174)(cid:2118)(cid:2139)(cid:2146)(cid:2057)(cid:2068)(cid:6813)(cid:7047)(cid:2145)(cid:6219)(cid:2979)(cid:2146)(cid:7743)(cid:2122)(cid:2110)(cid:2134)(cid:2130)(cid:2069)(cid:2139)(cid:2103)(cid:2105)(cid:14321)(cid:4439)(cid:9852)♣(cid:2145)(cid:6219)(cid:2979)ふ
(cid:2142)(cid:2057)(cid:6707)(cid:5579)(cid:3508)(cid:12542)(cid:2145)(cid:838)(cid:2109)(cid:4693)(cid:3035)(cid:2112)(cid:839)(cid:2181)(cid:2101)(cid:2130)(cid:2107)(cid:2174)(cid:2118)(cid:2139)(cid:2142)(cid:2141)(cid:2134)(cid:2137)(cid:2122)(cid:2161)(cid:2103)(cid:2161)(cid:2124)(cid:2058)(cid:2128)(cid:2175)(cid:2146)(cid:2057)(cid:6813)(cid:7047)(cid:6707)(cid:5579)(cid:2145)(cid:3508)
(cid:5663)(cid:2145)(cid:10079)(cid:4628)(cid:3)(cid:1552)(cid:1552)(cid:3)(cid:2068)(cid:3188)(cid:9222)(cid:2139)(cid:7380)(cid:7856)(cid:4480)(cid:6693)(cid:13500)(cid:2069)(cid:2181)(cid:3948)┤(cid:2122)(cid:12648)(cid:10781)(cid:2124)(cid:2174)(cid:20)(cid:28)(cid:28)(cid:24)(cid:5555)(cid:2145)(cid:7071)(cid:5276)(cid:14635)┞(cid:12583)リ(cid:2057)(cid:3025)(cid:5555)(cid:2057)(cid:2197)
4
(cid:2276)(cid:2234)(cid:2238)(cid:2216)(cid:2195)(cid:2145)(cid:2217)(cid:2260)(cid:2204)(cid:2268)(cid:2224)(cid:2138)(cid:14044)(cid:2110)(cid:2175)(cid:2130)(cid:2068)(cid:2195)(cid:2217)(cid:2195)(cid:2284)(cid:2195)(cid:2246)(cid:2267)(cid:2204)(cid:14635)(cid:11059)(cid:3084)(cid:12695)(cid:2069)(cid:2138)(cid:2145)(cid:5210)(cid:7968)(cid:14635)┞(cid:11172)(cid:13079)(cid:2145)(cid:12437)
(cid:6842)(cid:2181)(cid:2057)(cid:12180)(cid:3764)(cid:2138)(cid:12260)(cid:3623)(cid:2174)(cid:2165)(cid:2145)(cid:2138)(cid:2124)(cid:2058)(cid:3)
(cid:2118)(cid:2175)(cid:2138)(cid:2146)(cid:2057)(cid:2927)(cid:4439)(cid:2167)(cid:14409)(cid:4439)(cid:2181)(cid:2146)(cid:2123)(cid:2164)(cid:2139)(cid:2124)(cid:2174)(cid:2195)(cid:2217)(cid:2195)(cid:2145)(cid:4439)(cid:2115)(cid:2142)(cid:2111)(cid:2057)(cid:6813)(cid:7047)(cid:2181)(cid:3188)(cid:9222)(cid:2145)(cid:13339)(cid:3937)(cid:2181)(cid:3948)┤(cid:2122)(cid:2137)
(cid:2103)(cid:2141)(cid:2103)(cid:4439)(cid:2139)(cid:2162)(cid:2141)(cid:2124)(cid:2145)(cid:2146)(cid:5716)↓(cid:2138)(cid:2124)(cid:2058)(cid:8991)(cid:2142)(cid:2057)(cid:6813)(cid:7047)(cid:4768)(cid:3001)(cid:2145)(cid:9682)(cid:2130)(cid:2182)(cid:2146)(cid:2057)(cid:2068)(cid:4439)(cid:13307)(cid:5101)(cid:3221)(cid:8998)(cid:5519)(cid:3060)(cid:8998)(cid:2981)(cid:4439)(cid:3502)(cid:2173)(cid:2069)
(cid:2145)(cid:7499)(cid:6007)(cid:2111)(cid:2057)(cid:2195)(cid:2217)(cid:2195)(cid:13246)(cid:14204)(cid:12622)(cid:4439)(cid:2110)(cid:2172)(cid:2161)(cid:2134)(cid:2130)(cid:2114)┞(cid:6245)(cid:2142)(cid:2120)(cid:2175)(cid:2125)(cid:2057)(cid:2135)(cid:2103)(cid:2142)(cid:2146)(cid:2195)(cid:2258)(cid:2267)(cid:2204)(cid:2142)(cid:2165)(cid:3948)(cid:5194)(cid:2120)(cid:2175)(cid:2057)
(cid:2142)(cid:2134)(cid:2132)(cid:2165)(cid:2120)(cid:2134)(cid:2132)(cid:2165)(cid:2169)(cid:2110)(cid:2141)(cid:2114)(cid:2141)(cid:2134)(cid:2137)(cid:2103)(cid:2174)(cid:2118)(cid:2139)(cid:2142)(cid:2165)(cid:2122)(cid:2164)(cid:2120)(cid:2175)(cid:2137)(cid:2103)(cid:2161)(cid:2124)(cid:2058)
(cid:6219)(cid:5763)(cid:2145)(cid:4439)(cid:14199)(cid:6707)(cid:7958)(cid:2146)(cid:2057)(cid:4439)(cid:13307)(cid:6143)(cid:10094)(cid:2142)(cid:2068)(cid:3188)(cid:9222)(cid:6707)(cid:10175)(cid:2145)(cid:3530)(cid:8991)(cid:2142)(cid:3353)(cid:2107)(cid:2174)(cid:2069)(cid:15901)(cid:10144) (cid:24)(cid:22) (cid:7082)(cid:15902)(cid:2139)(cid:2103)(cid:2105)ぞ(cid:5117)(cid:2111)(cid:2101)
(cid:2174)(cid:2118)(cid:2139)(cid:2110)(cid:2172)(cid:2165)(cid:6842)(cid:9417)(cid:2141)(cid:2171)(cid:2105)(cid:2142)(cid:2057)(cid:10144)(cid:15911)(cid:7703)(cid:2912)(cid:9202)(cid:4780)(cid:6219)(cid:2142)(cid:2109)(cid:2116)(cid:2174)(cid:2234)(cid:2197)(cid:2229)(cid:2167)(cid:6813)(cid:7047)(cid:2145)(cid:12180)Ⅵ(cid:2181)(cid:2068)(cid:3188)(cid:9222)(cid:2069)(cid:2131)(cid:2139)
(cid:6775)(cid:10781)(cid:2122)(cid:2057)(cid:2140)(cid:2145)(cid:4439)(cid:2142)(cid:2171)(cid:2174)(cid:2165)(cid:2145)(cid:2138)(cid:2101)(cid:2175)(cid:3997)(cid:7509)(cid:2145)(cid:12180)Ⅵ(cid:2145)(cid:3530)(cid:8991)(cid:2181)セ(cid:2120)(cid:2141)(cid:2103)(cid:2139)(cid:2103)(cid:2105)(cid:7916)(cid:6030)(cid:2181)(cid:3665)(cid:6494)(cid:2142)(cid:2122)(cid:2137)(cid:6202)
(cid:2173)(cid:10079)(cid:2134)(cid:2137)(cid:2103)(cid:2161)(cid:2124)(cid:2058)(cid:6219)(cid:5763)(cid:15915)(cid:15909)(cid:5555)(cid:2130)(cid:2134)(cid:2130)(cid:2103)(cid:2161)(cid:2057)(cid:2068)(cid:6813)(cid:7047)(cid:2145)(cid:6219)(cid:2979)(cid:2146)(cid:7743)(cid:2122)(cid:2110)(cid:2134)(cid:2130)(cid:2069)(cid:2141)(cid:2140)(cid:2139)(cid:2103)(cid:2105)(cid:10079)(cid:4628)(cid:2181)(cid:7563)
(cid:12180)(cid:2120)(cid:2126)(cid:2130)(cid:2172)(cid:2057)(cid:6813)(cid:7047)(cid:2146)(cid:2912)(cid:9202)(cid:2138)(cid:9165)(cid:2112)(cid:2137)(cid:2103)(cid:2114)(cid:13344)(cid:2181)(cid:4790)(cid:2103)(cid:2161)(cid:2124)(cid:2058)(cid:3)
(cid:6813)(cid:7047)(cid:3511)(cid:9168)(cid:3496)(cid:2146)(cid:2057)(cid:6813)(cid:7047)(cid:4768)(cid:3001)(cid:2145)(cid:2169)(cid:2112)(cid:2136)(cid:2161)(cid:2173)(cid:2111)(cid:8149)(cid:3655)(cid:2142)(cid:2141)(cid:2174)(cid:2165)(cid:2139)(cid:2138)(cid:2057)(cid:2128)(cid:2145)(cid:6252)(cid:14044)(cid:2145)(cid:2130)(cid:2164)(cid:2145)(cid:6494)(cid:12437)(cid:2181)(cid:2109)
(cid:2118)(cid:2141)(cid:2134)(cid:2137)(cid:2112)(cid:2161)(cid:2122)(cid:2130)(cid:2058)(cid:4193)(cid:2178)(cid:2175)(cid:2137)(cid:2103)(cid:2174)(cid:4193)(cid:14487)(cid:2145)(cid:7047)㈻(cid:2111)(cid:2057)(cid:3188)(cid:9222)(cid:6219)(cid:2979)(cid:2181)(cid:7743)(cid:5716)(cid:3817)(cid:2124)(cid:2174)(cid:14321)(cid:4439)(cid:9852)♣(cid:2145)(cid:6219)(cid:2979)ふ(cid:2057)
(cid:7756)(cid:3981)ふ(cid:2181)(cid:10983)(cid:5117)(cid:2124)(cid:2174)(cid:2110)(cid:2140)(cid:2105)(cid:2110)(cid:2142)(cid:2101)(cid:2174)(cid:2118)(cid:2139)(cid:2181)┷(cid:7743)(cid:14331)(cid:2110)(cid:2172)(cid:6494)(cid:12907)(cid:2122)(cid:2057)(cid:14635)┞(cid:2145)(cid:3940)(cid:6343)(cid:2927)(cid:7742)(cid:2181)(cid:2112)(cid:2150)(cid:2122)(cid:2114)さ
(cid:7883)(cid:2122)(cid:2137)(cid:2112)(cid:2161)(cid:2122)(cid:2130)(cid:2058)(cid:14321)(cid:4439)(cid:9852)♣(cid:2145)(cid:6219)(cid:2979)ふ(cid:2057)(cid:7756)(cid:3981)ふ(cid:2146)(cid:2057)(cid:3992)(cid:4439)(cid:4780)(cid:3152)(cid:14595)(cid:2167)(cid:7706)(cid:10359)(cid:2258)(cid:2232)(cid:2196)(cid:2195)(cid:2110)(cid:2172)(cid:2165)(cid:7992)┘(cid:2120)
(cid:2175)(cid:2057)(cid:6813)(cid:7047)(cid:2145)(cid:2258)(cid:2232)(cid:2196)(cid:2195)(cid:2131)(cid:2116)(cid:2138)(cid:2141)(cid:2114)(cid:7706)(cid:10359)(cid:2145)(cid:2258)(cid:2232)(cid:2196)(cid:2195)(cid:2165)(cid:2057)(cid:3188)(cid:9222)(cid:2181)㈰(cid:10806)(cid:2124)(cid:2174)(cid:14321)(cid:4439)(cid:9852)♣(cid:2145)(cid:5121)(cid:6074)(cid:2181)(cid:4626)(cid:13344)
(cid:2124)(cid:2174)(cid:2171)(cid:2105)(cid:2142)(cid:2141)(cid:2173)(cid:2057)(cid:3221)(cid:5100)(cid:6707)(cid:9202)(cid:2145)(cid:2892)(cid:13442)(cid:2167)(cid:4780)(cid:6245)(cid:6778)(cid:10930)♣(cid:2161)(cid:2138)(cid:14635)┞(cid:2145)(cid:3940)(cid:6343)(cid:2927)(cid:7742)(cid:2181)(cid:2165)(cid:2139)(cid:2164)(cid:2174)(cid:2171)(cid:2105)(cid:2142)(cid:2141)(cid:2173)
(cid:2161)(cid:2122)(cid:2130)(cid:2058)(cid:6813)(cid:7047)(cid:3511)(cid:9168)(cid:3496)(cid:2111)(cid:2118)(cid:2145)(cid:4193)(cid:14487)(cid:2138)(cid:7125)(cid:2130)(cid:2122)(cid:2137)(cid:2112)(cid:2130)(cid:5746)(cid:3690)(cid:2145)(cid:7223)(cid:7047)(cid:2142)(cid:2146)(cid:2057)(cid:3496)(cid:3693)(cid:10079)(cid:15901)1922(cid:5555)(cid:15902)(cid:3047)(cid:7086)(cid:2057)
(cid:3948)(cid:6219)(cid:2284)(cid:5554)(cid:4080)(cid:2181)(cid:12807)(cid:2103)(cid:2137)(cid:2112)(cid:2130)(cid:7756)(cid:3981)(cid:2111)(cid:2101)(cid:2173)(cid:2161)(cid:2124)(cid:2058)(cid:3)
(cid:6813)(cid:7047)(cid:4768)(cid:3001)(cid:2145)(cid:2169)(cid:2112)(cid:2136)(cid:2161)(cid:2173)(cid:2181)(cid:6252)(cid:14044)(cid:2124)(cid:2174)(cid:3032)(cid:2981)(cid:2111)(cid:2057)(cid:11172)(cid:7856)(cid:2057)(cid:7856)(cid:2937)(cid:2142)(cid:2138)(cid:2112)(cid:2174)(cid:2138)(cid:2122)(cid:2170)(cid:2105)(cid:2110)(cid:2058)(cid:9910)(cid:2130)(cid:2132)(cid:2146)(cid:3221)
(cid:5100)(cid:2145)(cid:6707)(cid:7958)(cid:5139)(cid:2145)(cid:2141)(cid:2110)(cid:2142)(cid:2165)(cid:2057)(cid:14635)┞(cid:2145)(cid:14321)(cid:4439)(cid:3940)(cid:6343)(cid:2142)(cid:6272)(cid:3638)(cid:9423)(cid:2141)(cid:4743)(cid:2111)(cid:5568)(cid:2111)(cid:2134)(cid:2137)(cid:2103)(cid:2174)(cid:2118)(cid:2139)(cid:2142)(cid:7992)┘(cid:2122)(cid:2137)(cid:2103)(cid:2161)
(cid:2124)(cid:2058)(cid:2122)(cid:2110)(cid:2122)(cid:7775)(cid:5837)(cid:2141)(cid:2118)(cid:2139)(cid:2142)(cid:2057)(cid:11172)(cid:7856)(cid:2057)(cid:7856)(cid:2937)(cid:2142)(cid:2146)(cid:2057)(cid:6707)(cid:3496)(cid:2139)(cid:2122)(cid:2137)(cid:2057)(cid:3025)(cid:6813)(cid:2145)(cid:2981)(cid:6074)(cid:2181)(cid:6252)(cid:14044)(cid:2122)(cid:2057)(cid:2145)(cid:2173)(cid:2118)(cid:2107)
(cid:2174)(cid:3719)(cid:2146)(cid:2101)(cid:2173)(cid:2161)(cid:2126)(cid:2182)(cid:2058)(cid:11172)(cid:7856)(cid:2057)(cid:7856)(cid:2937)(cid:2146)(cid:2057)(cid:2068)(cid:2162)(cid:2182)(cid:2141)(cid:2138)(cid:14321)(cid:4439)(cid:9852)♣(cid:2181)(cid:3940)(cid:6343)(cid:2124)(cid:2174)(cid:4439)(cid:3084)(cid:12695)(cid:4132)(cid:2145)(cid:3084)(cid:2069)(cid:2142)(cid:2057)(cid:2918)(cid:3496)
(cid:2145)(cid:6236)(cid:5260)(cid:12695)(cid:4132)(cid:2111)(cid:3940)(cid:3722)(cid:2122)(cid:2137)(cid:2103)(cid:2174)(cid:2118)(cid:2139)(cid:2142)(cid:2122)(cid:2164)(cid:2120)(cid:2175)(cid:2174)(cid:2171)(cid:2105)(cid:2142)(cid:2057)(cid:2128)(cid:2175)(cid:2129)(cid:2175)(cid:2145)(cid:3496)(cid:2145)(cid:2141)(cid:2110)(cid:2142)(cid:2068)(cid:6813)(cid:7047)(cid:2145)(cid:6219)(cid:2979)
(cid:2146)(cid:7743)(cid:2122)(cid:2110)(cid:2134)(cid:2130)(cid:2069)(cid:2139)(cid:2124)(cid:2174)(cid:3014)(cid:2130)(cid:2132)(cid:2181)(cid:6306)(cid:2107)(cid:2137)(cid:2103)(cid:2161)(cid:2124)(cid:2058)(cid:2161)(cid:2130)(cid:6219)(cid:5763)(cid:15915)(cid:15909)(cid:5555)(cid:2145)(cid:3025)(cid:5555)(cid:2057)(cid:11172)(cid:7856)(cid:2284)(cid:7856)(cid:2937)(cid:2284)(cid:3508)(cid:6842)(cid:2284)
♣(cid:7856)(cid:2145)㈰(cid:6202)(cid:2138)(cid:2057)(cid:838)(cid:6813)(cid:7047)(cid:2131)(cid:2116)(cid:2111)(cid:5959)(cid:2103)(cid:2118)(cid:2139)(cid:2181)(cid:2122)(cid:2130)(cid:2145)(cid:2138)(cid:2146)(cid:2141)(cid:2103)(cid:839)(cid:2141)(cid:2140)(cid:2139)(cid:2057)(cid:6813)(cid:7047)(cid:2145)(cid:3188)(cid:9222)(cid:6219)(cid:2979)(cid:2181)(cid:3993)(cid:8998)(cid:3817)
(cid:2124)(cid:2174)(cid:4439)(cid:3084)(cid:7916)(cid:12695)(cid:2111)(cid:2119)(cid:2173)(cid:6314)(cid:2122)(cid:2120)(cid:2175)(cid:2161)(cid:2122)(cid:2130)(cid:2058)(cid:11172)(cid:7856)(cid:2057)(cid:7856)(cid:2937)(cid:2142)(cid:2146)(cid:2057)(cid:6813)(cid:7047)(cid:4768)(cid:3001)(cid:2145)(cid:2109)(cid:2132)(cid:2103)(cid:2134)(cid:2130)(cid:8149)(cid:3655)(cid:2141)(cid:2169)(cid:2112)
(cid:2136)(cid:2161)(cid:2173)(cid:2181)(cid:6252)(cid:14044)(cid:2124)(cid:2174)(cid:3719)(cid:2146)(cid:2101)(cid:2173)(cid:2161)(cid:2126)(cid:2182)(cid:2058)(cid:3)
(cid:1552)(cid:1552)(cid:3)(cid:6813)(cid:7047)(cid:3511)(cid:9168)(cid:3496)(cid:2146)(cid:2057)(cid:3188)(cid:9222)(cid:6219)(cid:2979)(cid:2139)(cid:7380)(cid:7856)(cid:4480)(cid:6693)(cid:13500)(cid:2181)(cid:7743)(cid:5716)(cid:3817)(cid:2122)(cid:2171)(cid:2105)(cid:2139)(cid:2124)(cid:2174)(cid:3764)(cid:2112)(cid:2142)(cid:5697)(cid:2114)(cid:3948)(cid:5194)(cid:2122)(cid:2161)(cid:2124)(cid:2058)(cid:3)
(cid:1552)(cid:1552)(cid:14635)┞(cid:2145)(cid:14321)(cid:4439)(cid:9852)♣(cid:3940)(cid:6343)(cid:2145)(cid:2927)(cid:7742)(cid:2181)さ(cid:7883)(cid:2122)(cid:2161)(cid:2124)(cid:2058)(cid:3)
(cid:1552)(cid:1552)(cid:3)(cid:7756)(cid:3981)(cid:2181)(cid:2144)(cid:2123)(cid:2161)(cid:2117)(cid:2174)(cid:6725)(cid:9921)(cid:7009)(cid:2181)(cid:6725)(cid:10985)(cid:8991)(cid:4628)(cid:2142)(cid:6314)(cid:2122)(cid:2135)(cid:2116)(cid:2174)(cid:3764)(cid:2112)(cid:2181)セ(cid:2120)(cid:2125)(cid:2057)(cid:5211)(cid:2141)(cid:2114)(cid:2139)(cid:2165)(cid:2068)(cid:3188)(cid:9222)(cid:2139)
(cid:7380)(cid:7856)(cid:4480)(cid:6693)(cid:13500)(cid:2145)(cid:12559)(cid:2173)(cid:2155)(cid:2145)(cid:3948)┤(cid:2069)(cid:2139)(cid:2103)(cid:2105)(cid:6707)(cid:5579)(cid:2145)(cid:3508)(cid:5663)ぜよ(cid:2181)(cid:2057)(cid:6725)(cid:10985)(cid:2139)(cid:6725)(cid:9921)(cid:7009)(cid:2142)(cid:3948)(cid:6854)(cid:2120)(cid:2126)(cid:2174)(cid:2118)(cid:2139)(cid:2181)
(cid:2165)(cid:2139)(cid:2164)(cid:2161)(cid:2124)(cid:2058)(cid:3)
(cid:1552)(cid:1552)(cid:3)(cid:4439)(cid:5139)(cid:2142)(cid:2171)(cid:2174)(cid:6725)(cid:10985)(cid:10531)(cid:3650)(cid:2057)(cid:6143)(cid:7978)(cid:2111)(cid:3221)(cid:14200)(cid:2124)(cid:2174)(cid:2068)(cid:5862)(cid:6007)(cid:2284)(cid:11267)(cid:5800)(cid:2145)(cid:11172)(cid:9180)(cid:2069)(cid:2181)(cid:3188)(cid:2124)(cid:2068)(cid:4006)(cid:2111)(cid:3045)(cid:2069)(cid:2284)(cid:2068)(cid:6813)(cid:2145)
(cid:2935)(cid:2069)(cid:2145)(cid:6314)(cid:2122)(cid:2135)(cid:2116)(cid:2142)(cid:3948)(cid:5194)(cid:2122)(cid:2161)(cid:2124)(cid:2058)(cid:3)
(cid:2072)(cid:15913)(cid:2073)(cid:5554)(cid:4080)(cid:2284)(cid:3946)(cid:4845)(cid:2145)(cid:2068)(cid:13589)(cid:3496)(cid:4768)(cid:3001)(cid:2069)(cid:2138)(cid:2057)(cid:2912)(cid:9202)(cid:2139)(cid:2195)(cid:2217)(cid:2195)(cid:2142)(cid:10002)(cid:7447)(cid:9423)(cid:2142)(cid:3388)(cid:2112)(cid:2110)(cid:2116)(cid:2161)(cid:2124)
(cid:3)
(cid:6813)(cid:7047)(cid:3511)(cid:9168)(cid:3496)(cid:2146)(cid:2057)(cid:11172)(cid:2937)(cid:8826)(cid:10079)(cid:2145)(cid:10079)(cid:4628)(cid:2057)(cid:2912)(cid:9202)(cid:5554)(cid:4080)(cid:2145)(cid:13344)(cid:8998)(cid:2142)(cid:2165)(cid:2139)(cid:2136)(cid:2103)(cid:2137)(cid:2057)(cid:10002)(cid:7447)(cid:9423)(cid:2141)(cid:2068)(cid:13589)(cid:3496)(cid:4768)(cid:3001)(cid:2069)
(cid:2181)(cid:5256)(cid:14044)(cid:2122)(cid:2057)(cid:2912)(cid:9202)(cid:2139)(cid:2195)(cid:2217)(cid:2195)(cid:2145)(cid:5554)(cid:4080)(cid:2139)(cid:5101)(cid:5117)(cid:2145)(cid:2130)(cid:2164)(cid:2142)(cid:2057)(cid:3992)(cid:4439)(cid:2145)(cid:3014)(cid:2150)(cid:2139)(cid:2139)(cid:5800)(cid:2181)(cid:14044)(cid:2103)(cid:2130)(cid:5194)リ(cid:2139)(cid:3001)(cid:8046)(cid:2145)
(cid:3729)(cid:3719)(cid:2181)(cid:10002)(cid:2162)(cid:13588)(cid:2144)(cid:2137)(cid:2112)(cid:2161)(cid:2122)(cid:2130)(cid:2058)
5
(cid:6813)(cid:7047)(cid:3511)(cid:9168)(cid:3496)(cid:2146)(cid:2057)(cid:4439)(cid:13307)(cid:6143)(cid:10094)(cid:2181)(cid:8587)っ(cid:2122)(cid:2130)(cid:2197)(cid:2266)(cid:2208)(cid:6219)(cid:2979)(cid:2111)(cid:3623)(cid:13261)(cid:2122)(cid:2137)(cid:2112)(cid:2130)(cid:14199)(cid:2142)(cid:2057)(cid:2195)(cid:2217)(cid:2195)(cid:2057)(cid:2197)(cid:2218)(cid:2266)(cid:2257)
(cid:12622)(cid:4439)(cid:2181)ザ(cid:4193)(cid:2122)(cid:2057)(cid:10079)(cid:4628)(cid:2145)(cid:13346)(cid:2103)(cid:2181)(cid:2118)(cid:2107)(cid:2137)(cid:2057)(cid:4771)(cid:2114)(cid:2145)(cid:4439)(cid:2145)(cid:6707)(cid:5579)(cid:2139)(cid:2057)(cid:4439)(cid:13307)(cid:6143)(cid:10094)(cid:2142)(cid:2165)(cid:2139)(cid:2136)(cid:2114)(cid:5554)(cid:4080)(cid:2141)(cid:4439)(cid:14199)
(cid:9939)(cid:5574)(cid:2181)(cid:2164)(cid:2121)(cid:2124)(cid:2139)(cid:2103)(cid:2105)(cid:2892)(cid:11180)Ⅴ(cid:2181)(cid:9748)(cid:12542)(cid:2122)(cid:2137)(cid:2112)(cid:2161)(cid:2122)(cid:2130)(cid:2058)
(cid:2161)(cid:2130)(cid:2057)(cid:6862)(cid:5555)(cid:2057)(cid:2195)(cid:2217)(cid:2195) 35 (cid:2278)(cid:4439) 83 (cid:2145)(cid:6707)(cid:3496)(cid:2142)(cid:2171)(cid:2134)(cid:2137)(cid:14044)(cid:2110)(cid:2175)(cid:2130)(cid:2068)(cid:2195)(cid:2217)(cid:2195)(cid:6707)(cid:3496)(cid:4439)(cid:14199)(cid:3084)(cid:12695)(cid:2069)(cid:2142)(cid:3940)(cid:3722)
(cid:2122)(cid:2057)(cid:4439)(cid:13307)(cid:6143)(cid:10094)(cid:2142)(cid:2165)(cid:2139)(cid:2136)(cid:2114)(cid:2068)(cid:6219)(cid:2979)(cid:2145)(cid:2141)(cid:2103)(cid:2912)(cid:9202)(cid:2069)(cid:2068)(cid:6219)(cid:2979)(cid:2145)(cid:2141)(cid:2103)(cid:2195)(cid:2217)(cid:2195)(cid:2069)(cid:2181)┘(cid:7550)(cid:2142)(cid:2122)(cid:2137)(cid:2057)(cid:6707)(cid:7958)(cid:2057)(cid:10506)
(cid:8165)(cid:2057)(cid:6749)(cid:3817)(cid:2145)(cid:3622)(cid:13589)(cid:2138)(cid:2145)(cid:3869)(cid:3719)(cid:2181)(cid:9414)(cid:5256)(cid:2120)(cid:2126)(cid:2174)(cid:2130)(cid:2164)(cid:2145)(cid:5194)リ(cid:2165)(cid:2109)(cid:2118)(cid:2141)(cid:2134)(cid:2137)(cid:2112)(cid:2161)(cid:2122)(cid:2130)(cid:2058)
(cid:6813)(cid:7047)(cid:3511)(cid:9168)(cid:3496)(cid:2146)(cid:2057)(cid:2135)(cid:2113)(cid:2145)(cid:10079)(cid:4628)(cid:2142)(cid:2130)(cid:2134)(cid:2137)(cid:2057)(cid:13589)(cid:3496)(cid:4768)(cid:3001)(cid:2181)(cid:2120)(cid:2172)(cid:2142)(cid:9414)(cid:5256)(cid:2120)(cid:2126)(cid:2161)(cid:2124)(cid:2058)
(cid:1552)(cid:1552)(cid:3)(cid:4439)(cid:13307)(cid:6143)(cid:10094)(cid:2145)(cid:10405)(cid:9852)(cid:2142)(cid:2128)(cid:2134)(cid:2130)(cid:5554)(cid:4080)(cid:2145)(cid:4439)(cid:14199)(cid:9939)(cid:5574)(cid:2181)(cid:9748)(cid:10079)(cid:2124)(cid:2174)(cid:2130)(cid:2164)(cid:2142)(cid:3729)(cid:3719)(cid:2122)(cid:2161)(cid:2124)(cid:2058)(cid:2197)(cid:2266)(cid:2208)(cid:6219)(cid:2979)(cid:2145)
(cid:2171)(cid:2105)(cid:2141)(cid:8587)(cid:7978)(cid:2141)(cid:3481)(cid:3650)(cid:6703)(cid:6585)(cid:2145)(cid:6219)(cid:2979)(cid:2142)(cid:6775)(cid:4438)(cid:2139)(cid:2122)(cid:2137)(cid:3948)(cid:5194)(cid:2122)(cid:2161)(cid:2124)(cid:2058)(cid:2140)(cid:2145)(cid:4439)(cid:2138)(cid:2101)(cid:2175)(cid:8826)(cid:10079)(cid:2139)(cid:2937)(cid:7562)(cid:2181)(cid:5205)(cid:13588)(cid:2122)
(cid:2161)(cid:2124)(cid:2058)(cid:3)
(cid:1552)(cid:1552)(cid:3)(cid:3014)(cid:14502)(cid:2145)(cid:7762)(cid:8041)(cid:2142)(cid:2110)(cid:2110)(cid:2178)(cid:2174)(cid:7222)(cid:6219)(cid:2979)(cid:2145)(cid:14125)(cid:7742)(cid:2139)(cid:7222)(cid:3513)(cid:4345)(cid:2145)(cid:5603)(cid:10535)(cid:2145)(cid:2130)(cid:2164)(cid:2142)(cid:5121)(cid:3741)(cid:2101)(cid:2174)(cid:6472)(cid:10784)(cid:2181)さ(cid:7883)(cid:2122)
(cid:2161)(cid:2124)(cid:2058)(cid:3)
(cid:1552)(cid:1552)(cid:3)(cid:4771)(cid:4439)(cid:10328)(cid:3066)(cid:7439)(cid:2145)(cid:8587)(cid:12808)(cid:3060)(cid:2141)(cid:8041)(cid:3764)(cid:2181)ぞ(cid:3650)(cid:2122)(cid:2057)(cid:4480)(cid:8995)(cid:9100)(cid:4670)(cid:2167)(cid:14546)(cid:14577)(cid:4193)(cid:14487)(cid:2141)(cid:2140)(cid:2145)よ(cid:7916)(cid:2145)(cid:2130)(cid:2164)(cid:2142)(cid:2057)(cid:3508)(cid:7743)
(cid:2138)(cid:2268)(cid:2285)(cid:2268)(cid:2101)(cid:2174)(cid:7856)(cid:2937)(cid:9423)(cid:2141)(cid:4439)(cid:14199)(cid:10506)(cid:8165)(cid:14061)(cid:3199)(cid:2145)(cid:5121)(cid:8991)(cid:2181)(cid:2164)(cid:2121)(cid:2122)(cid:2161)(cid:2124)(cid:2058)(cid:3)
(cid:1552)(cid:1552)(cid:9231)(cid:2141)(cid:2174)(cid:3182)(cid:3275)ふ(cid:2181)(cid:2165)(cid:2134)(cid:2130)(cid:6749)(cid:6842)(cid:14051)(cid:2145)(cid:5194)リ(cid:2139)(cid:3511)(cid:5067)(cid:2145)(cid:14061)(cid:3199)(cid:2145)(cid:9748)(cid:10079)(cid:2142)(cid:3729)(cid:3719)(cid:2122)(cid:2161)(cid:2124)(cid:2058)(cid:3)
(cid:1552)(cid:1552)(cid:8587)(cid:5475)(cid:3639)(cid:2231)(cid:2270)(cid:2142)(cid:2165)(cid:4626)(cid:5783)(cid:6219)(cid:2979)(cid:2142)(cid:2165)(cid:3948)(cid:5194)(cid:2122)(cid:2057)(cid:2231)(cid:2270)(cid:2181)(cid:7223)(cid:10535)(cid:2124)(cid:2174)(cid:2130)(cid:2164)(cid:2145)(cid:4439)(cid:14199)(cid:9423)(cid:2141)(cid:2912)(cid:12597)(cid:2139)(cid:3511)(cid:3997)(cid:12180)(cid:3764)
(cid:2181)(cid:9414)(cid:5256)(cid:2120)(cid:2126)(cid:2161)(cid:2124)(cid:2058)(cid:3)
(cid:1552)(cid:1552)(cid:3)(cid:3818)(cid:7094)(cid:2195)(cid:2217)(cid:2195)(cid:2145)(cid:5554)(cid:4080)(cid:2139)(cid:5101)(cid:5117)(cid:2145)(cid:2130)(cid:2164)(cid:2142)(cid:3719)(cid:2181)(cid:2135)(cid:2114)(cid:2122)(cid:2161)(cid:2124)(cid:2058)(cid:6813)(cid:7037)(cid:14061)(cid:3199)(cid:2145)(cid:3665)(cid:4002)(cid:2112)(cid:2145)(cid:6252)(cid:14044)(cid:2145)(cid:2130)(cid:2164)(cid:2142)(cid:2057)
(cid:2068)(cid:6813)(cid:7037)(cid:5554)(cid:4715)(cid:5123)(cid:12437)(cid:2069)(cid:2181)(cid:4603)(cid:6362)(cid:2122)(cid:2057)(cid:3947)(cid:6785)(cid:2111)(cid:6324)(cid:11180)(cid:4193)(cid:14487)(cid:2145)よ(cid:7916)(cid:2142)(cid:5802)さ(cid:2141)(cid:3729)(cid:3719)(cid:2181)(cid:2135)(cid:2114)(cid:2124)(cid:2118)(cid:2139)(cid:2057)(cid:3001)(cid:8166)(cid:6252)(cid:2132)
(cid:3623)(cid:2173)(cid:2167)(cid:2068)(cid:3719)(cid:2145)(cid:6707)(cid:10175)(cid:2069)(cid:2141)(cid:2140)(cid:2181)(cid:2103)(cid:2161)(cid:2122)(cid:2164)(cid:2101)(cid:2105)(cid:2118)(cid:2139)(cid:2057)(cid:2068)(cid:15915)(cid:2278)(cid:4439)(cid:3869)(cid:12695)(cid:2069)(cid:2181)(cid:13299)(cid:2123)(cid:2137)(cid:12622)(cid:4193)(cid:14487)(cid:2181)よ(cid:7916)(cid:2124)(cid:2174)(cid:2118)
(cid:2139)(cid:2181)(cid:2057)(cid:3388)(cid:2112)(cid:2110)(cid:2116)(cid:2161)(cid:2124)(cid:2058)(cid:3)
(cid:2072)(cid:15914)(cid:2073)(cid:3014)(cid:14051)(cid:2172)(cid:2122)(cid:2103)(cid:2114)(cid:2172)(cid:2122)(cid:2181)(cid:5121)(cid:8991)(cid:2124)(cid:2174)(cid:2130)(cid:2164)(cid:2142)(cid:2057)(cid:4439)(cid:7856)(cid:2145)(cid:13336)(cid:3764)(cid:2139)(cid:3719)(cid:2181)(cid:2101)(cid:2178)(cid:2126)(cid:2057)(cid:6707)(cid:7958)(cid:2181)
(cid:3764)(cid:2110)(cid:2122)(cid:2161)(cid:2124)
(cid:6813)(cid:7047)(cid:3511)(cid:9168)(cid:3496)(cid:2146)(cid:2057)(cid:13589)(cid:3496)(cid:2138)(cid:2101)(cid:2134)(cid:2137)(cid:2165)(cid:2057)(cid:4439)(cid:7856)(cid:2145)(cid:13336)(cid:3764)(cid:2139)(cid:3719)(cid:2181)(cid:2101)(cid:2178)(cid:2126)(cid:2137)(cid:2057)(cid:4439)(cid:7856)(cid:2145)さ(cid:7883)(cid:2181)(cid:4439)(cid:6707)(cid:2142)(cid:3948)(cid:6854)
(cid:2120)(cid:2126)(cid:2174)(cid:2130)(cid:2164)(cid:2142)(cid:2111)(cid:2182)(cid:2147)(cid:2134)(cid:2137)(cid:2112)(cid:2161)(cid:2122)(cid:2130)(cid:2058)(cid:5693)(cid:10959)(cid:5697)(cid:14543)(cid:2145)(cid:10506)(cid:8165)(cid:2181)(cid:2135)(cid:2114)(cid:2173)(cid:2131)(cid:2124)(cid:6707)(cid:7958)(cid:2111)(cid:2057)(cid:2068)(cid:3771)(cid:2132)(cid:10500)(cid:2069)(cid:2068)(cid:12799)(cid:2116)
(cid:10500)(cid:2069)(cid:2141)(cid:2140)(cid:2139)(cid:2103)(cid:2105)(cid:838)(cid:7225)(cid:5475)♣(cid:3084)(cid:839)(cid:2181)(cid:2149)(cid:2140)(cid:2114)(cid:2122)(cid:2137)(cid:2103)(cid:2174)(cid:2165)(cid:2139)(cid:2138)(cid:2057)(cid:6813)(cid:7047)(cid:3511)(cid:9168)(cid:3496)(cid:2146)(cid:2057)(cid:3014)(cid:14051)(cid:2172)(cid:2122)(cid:2103)(cid:2114)(cid:2172)(cid:2122)
(cid:2181)(cid:5121)(cid:8991)(cid:2124)(cid:2174)(cid:2130)(cid:2164)(cid:2142)(cid:2057)(cid:4439)(cid:7856)(cid:2145)(cid:2162)(cid:2141)(cid:2120)(cid:2182)(cid:2139)(cid:2139)(cid:2165)(cid:2142)(cid:2057)(cid:6707)(cid:7958)(cid:2181)(cid:3764)(cid:2110)(cid:2124)(cid:2130)(cid:2164)(cid:2142)(cid:4834)(cid:14098)(cid:2122)(cid:2161)(cid:2124)(cid:2058)(cid:3)
(cid:5101)(cid:5117)(cid:2122)(cid:2130)(cid:14232)(cid:9173)(cid:2139)(cid:3014)(cid:14051)(cid:2172)(cid:2122)(cid:2103)(cid:3736)(cid:3388)(cid:2145)(cid:2130)(cid:2164)(cid:2142)(cid:848)(cid:848)(cid:12800)(cid:9202)(cid:2145)(cid:2068)(cid:2267)(cid:2218)(cid:2233)(cid:2266)(cid:2069)(cid:2139)(cid:2128)(cid:2175)(cid:2181)(cid:5763)(cid:6314)(cid:2122)(cid:2124)(cid:2174)(cid:3736)
(cid:3388)(cid:7978)(cid:3650)(cid:2145)(cid:6701)(cid:5959)(cid:2142)(cid:2171)(cid:2134)(cid:2137)(cid:2057)(cid:2242)(cid:2285)(cid:2233)(cid:2057)(cid:8044)(cid:13357)(cid:2057)(cid:4809)(cid:10449)(cid:2141)(cid:2140)(cid:2145)(cid:2904)(cid:5101)(cid:5117)(cid:14232)(cid:9173)(cid:2111)(cid:5868)(cid:4684)(cid:2122)(cid:2057)(cid:14328)(cid:7743)♣(cid:4132)(cid:2111) 3 (cid:3690)
(cid:2142)(cid:2145)(cid:2159)(cid:2134)(cid:2137)(cid:2103)(cid:2161)(cid:2124)(cid:2058)(cid:2139)(cid:2114)(cid:2142)(cid:11349)(cid:2103)(cid:2912)(cid:3045)(cid:2167)(cid:4837)(cid:5870)(cid:2138)(cid:2146)(cid:2057)(cid:15911)(cid:3014)(cid:2142)(cid:15910)(cid:3014)(cid:2111)(cid:14328)(cid:7743)♣(cid:4132)(cid:2142)(cid:2141)(cid:2134)(cid:2137)(cid:2103)(cid:2161)(cid:2124)(cid:2058)
(cid:7743)♣(cid:4132)(cid:2142)(cid:2141)(cid:2134)(cid:2137)(cid:2165)(cid:2057)(cid:9231)(cid:5519)(cid:2141)(cid:14031)(cid:6884)(cid:14051)(cid:3736)(cid:3388)(cid:2139)(cid:7978)(cid:5762)(cid:13346)(cid:3948)(cid:2145)(cid:2068)(cid:2214)(cid:2285)(cid:2244)(cid:2218)(cid:7775)(cid:7439)(cid:2069)(cid:2111)(cid:2161)(cid:2110)(cid:2173)(cid:2139)(cid:2109)(cid:2134)(cid:2137)(cid:2103)
(cid:2161)(cid:2124)(cid:2058)(cid:4780)(cid:3066)(cid:7439)(cid:2145) 34 (cid:7755)(cid:3047)(cid:2902)(cid:2145)(cid:7743)♣(cid:4132)(cid:2181)(cid:5194)(cid:12759)(cid:2142)(cid:2122)(cid:2130)(cid:12578)(cid:7189)(cid:2138)(cid:2146)(cid:2057)(cid:3084)♣(cid:2142)(cid:2103)(cid:2174)(cid:6884)(cid:14051)(cid:2146)(cid:5554)(cid:4493)(cid:2138)(cid:2165) 11
(cid:6884)(cid:14051)16(cid:3622)(cid:2142)(cid:2165)(cid:2141)(cid:2173)(cid:2057)(cid:10449)4(cid:3690)(cid:2111)(cid:2068)(cid:3025)(cid:2145)(cid:3388)(cid:2112)(cid:6785)(cid:2111)(cid:10558)(cid:2114)(cid:2139)(cid:9291)(cid:7860)(cid:2142)(cid:2141)(cid:2174)(cid:2069)(cid:2139)(cid:10173)(cid:2107)(cid:2137)(cid:2103)(cid:2161)(cid:2124)(cid:2058)
(cid:3014)(cid:14051)(cid:2146)(cid:2259)(cid:2239)(cid:2138)(cid:2146)(cid:2101)(cid:2173)(cid:2161)(cid:2126)(cid:2182)(cid:2058)(cid:3014)(cid:7070)(cid:2181)(cid:3152)(cid:2103)(cid:6422)(cid:2137)(cid:2142)(cid:2124)(cid:2174)(cid:2171)(cid:2105)(cid:2141)(cid:3388)(cid:2110)(cid:2126)(cid:6785)(cid:2146)(cid:2057)┘(cid:3481)(cid:2145)(cid:2212)(cid:2218)(cid:2233)(cid:3662)
(cid:8174)(cid:2142)(cid:2146)(cid:2141)(cid:2134)(cid:2137)(cid:2165)(cid:2057)(cid:2927)(cid:14031)(cid:7039)(cid:9423)(cid:2142)(cid:2146)(cid:3066)(cid:7439)(cid:2145)(cid:2130)(cid:2164)(cid:2142)(cid:2165)(cid:2141)(cid:2173)(cid:2161)(cid:2126)(cid:2182)(cid:2058)
(cid:6813)(cid:7047)(cid:3511)(cid:9168)(cid:3496)(cid:2146)(cid:2057)(cid:12800)(cid:9202)(cid:2142)(cid:2171)(cid:2174)(cid:2068)よ(cid:14232)(cid:11172)(cid:9180)(cid:3817)(cid:2069)(cid:2145)(cid:2130)(cid:2114)(cid:2172)(cid:2162)(cid:2181)(cid:2146)(cid:2144)(cid:2110)(cid:2107)(cid:2122)(cid:2137)(cid:2057)(cid:3736)(cid:3388)(cid:4593)(cid:8245)(cid:7978)(cid:2142)(cid:2057)
(cid:3084)♣(cid:2142)(cid:2171)(cid:2174)(cid:3771)(cid:6245)(cid:2141)よ(cid:14232)(cid:2181)ぞ(cid:3650)(cid:2124)(cid:2174)(cid:7082)(cid:14439)(cid:2181)(cid:2135)(cid:2114)(cid:2172)(cid:2126)(cid:2174)(cid:2130)(cid:2130)(cid:2110)(cid:2103)(cid:2138)(cid:2057)(cid:4780)(cid:2112)(cid:2141)(cid:5746)(cid:3690)(cid:2181)(cid:2146)(cid:2130)(cid:2122)(cid:2161)(cid:2122)
(cid:2130)(cid:2058)(cid:9231)(cid:5519)(cid:2141)(cid:14031)(cid:6884)(cid:14051)(cid:3736)(cid:3388)(cid:2145)(cid:6869)(cid:7743)(cid:2057)(cid:2068)(cid:2214)(cid:2285)(cid:2244)(cid:2218)(cid:7775)(cid:7439)(cid:2069)(cid:2145)(cid:7223)(cid:10535)(cid:2138)(cid:2111)(cid:2182)(cid:2147)(cid:2134)(cid:2137)(cid:2112)(cid:2161)(cid:2122)(cid:2130)(cid:2058)(cid:4439)(cid:3084)(cid:2138)1976
(cid:5555)(cid:3047)(cid:7086)(cid:2057)240 (cid:4418)(cid:2181)(cid:12912)(cid:2107)(cid:2174)㈻(cid:4193)(cid:2138)(cid:13275)(cid:3945)(cid:2122)(cid:2057)2001 (cid:5555)(cid:2142)(cid:2146)(cid:3913)(cid:3736)┤(cid:2142)(cid:2214)(cid:2285)(cid:2244)(cid:2218)(cid:7775)(cid:7439)(cid:2181)(cid:2141)(cid:2114)(cid:2124)(cid:2130)(cid:2164)(cid:2145)
6
(cid:13299)(cid:13345)(cid:2181)(cid:3613)(cid:2120)(cid:2126)(cid:2057)(cid:2128)(cid:2175)(cid:3047)(cid:14142)(cid:2057)605(cid:3430)(cid:3525)(cid:2181)(cid:12912)(cid:2107)(cid:2174)(cid:2904)(cid:6254)(cid:7775)(cid:7439)(cid:3045)(cid:2111)(cid:6693)(cid:6254)(cid:2178)(cid:2175)(cid:2161)(cid:2122)(cid:2130)(cid:2058)
(cid:2904)(cid:5101)(cid:5117)(cid:14232)(cid:9173)(cid:2145)(cid:5868)(cid:13303)(cid:2141)(cid:6345)(cid:4780)(cid:2142)(cid:7753)(cid:7742)(cid:2164)(cid:2181)(cid:2110)(cid:2116)(cid:2174)(cid:2139)(cid:2139)(cid:2165)(cid:2142)(cid:2057)(cid:14328)(cid:7743)♣(cid:4132)(cid:2145)(cid:3736)(cid:3388)(cid:10877)(cid:2139)(cid:2122)(cid:2137)(cid:2145)(cid:5716)(cid:2130)(cid:2173)
(cid:3665)(cid:2145)(cid:7562)(cid:3642)(cid:2181)(cid:2161)(cid:2165)(cid:2173)(cid:2161)(cid:2124)(cid:2058)(cid:2242)(cid:2285)(cid:2233)(cid:2167)(cid:8044)(cid:13357)(cid:2138)(cid:2101)(cid:2134)(cid:2137)(cid:2165)(cid:2057)(cid:3084)♣(cid:2167)(cid:2901)(cid:3987)(cid:2111)(cid:3771)(cid:6245)(cid:2142)(cid:3736)(cid:3388)(cid:10877)(cid:2181)よ(cid:14232)(cid:2124)(cid:2174)
(cid:2118)(cid:2139)(cid:2146)(cid:2138)(cid:2112)(cid:2161)(cid:2126)(cid:2182)(cid:2058)(cid:7743)♣(cid:4132)(cid:2139)(cid:2145)(cid:3736)(cid:3388)(cid:7082)(cid:3058)(cid:2145)(cid:2904)(cid:5716)(cid:2141)(cid:5475)(cid:3639)(cid:2167)(cid:7225)(cid:5475)(cid:2181)(cid:2141)(cid:2114)(cid:2122)(cid:2057)(cid:2068)(cid:4493)(cid:10164)(cid:5757)(cid:13333)(cid:2069)(cid:2145)(cid:2268)(cid:2285)
(cid:2268)(cid:2181)(cid:2135)(cid:2114)(cid:2174)(cid:2130)(cid:2164)(cid:2142)(cid:3719)(cid:2181)(cid:2135)(cid:2114)(cid:2122)(cid:2161)(cid:2124)(cid:2058)
(cid:9231)(cid:5519)(cid:2141)(cid:14031)(cid:6884)(cid:14051)(cid:3736)(cid:3388)(cid:2181)(cid:2141)(cid:2114)(cid:2124)(cid:2130)(cid:2164)(cid:2142)(cid:2130)(cid:2130)(cid:2110)(cid:2103)(cid:2161)(cid:2124)(cid:2058)(cid:12800)(cid:9202)(cid:2145)さ(cid:7883)(cid:2181)(cid:2105)(cid:2116)(cid:2137)(cid:2057)(cid:6707)(cid:5579)(cid:2111)(cid:7392)(cid:12446)(cid:2122)(cid:2137)
(cid:2103)(cid:2174)(cid:2057)(cid:2214)(cid:2266)(cid:2267)(cid:2285)(cid:2255)(cid:2276)(cid:2181)(cid:3736)(cid:3388)(cid:6884)(cid:14051)ぞ(cid:3650)(cid:2145)(cid:5194)(cid:12759)(cid:2110)(cid:2172)(cid:14158)(cid:4768)(cid:15901)(cid:2201)(cid:2209)(cid:2221)(cid:2276)(cid:2248)(cid:2216)(cid:2264)(cid:2276)(cid:15902)(cid:2122)(cid:2057)(cid:7775)(cid:7439)(cid:3045)(cid:2181)(cid:4830)
(cid:2105)(cid:2139)(cid:2139)(cid:2165)(cid:2142)(cid:14031)(cid:6884)(cid:14051)(cid:3736)(cid:3388)(cid:2181)(cid:3993)(cid:7978)(cid:3817)(cid:2124)(cid:2174)(cid:2068)(cid:2252)(cid:2272)(cid:2197)(cid:2233)(cid:2204)(cid:2266)(cid:2285)(cid:2201)(cid:2209)(cid:2221)(cid:2276)(cid:2248)(cid:2216)(cid:2264)(cid:2276)(cid:2069)(cid:2142)(cid:3948)(cid:5194)(cid:2122)(cid:2161)(cid:2124)(cid:2058)
♣(cid:3084)(cid:3221)(cid:14200)(cid:2145)(cid:6701)(cid:5959)(cid:2142)(cid:3948)(cid:5194)(cid:2122)(cid:2057)(cid:5693)(cid:2103)(cid:2165)(cid:2145)(cid:2103)(cid:2123)(cid:2164)(cid:2145)(cid:6707)(cid:7958)(cid:2139)(cid:2130)(cid:2130)(cid:2110)(cid:2103)(cid:2161)(cid:2124)(cid:848)(cid:848)(cid:5210)(cid:7968)(cid:3524)(cid:14062)(cid:2146)(cid:2057)(cid:5555)(cid:13592)(cid:2057)
(cid:3848)⒢(cid:2057)(cid:3026)(cid:12700)(cid:2139)♣(cid:3084)(cid:3221)(cid:14200)(cid:2145)(cid:2101)(cid:2172)(cid:2169)(cid:2174)(cid:3622)(cid:13589)(cid:2138)(cid:2057)(cid:12799)(cid:6320)(cid:4684)(cid:2139)(cid:10525)(cid:3035)(cid:2145)(cid:3662)(cid:8174)(cid:2181)(cid:2124)(cid:2124)(cid:2164)(cid:2057)♣(cid:3084)(cid:3221)(cid:14200)(cid:3650)(cid:5584)(cid:2181)
(cid:2125)(cid:2130)(cid:2125)(cid:2130)(cid:2142)(cid:2122)(cid:2137)(cid:2122)(cid:2161)(cid:2103)(cid:2161)(cid:2122)(cid:2130)(cid:2058)(cid:4439)(cid:7856)(cid:5555)(cid:13592)(cid:2138)(cid:2146)(cid:2057)(cid:7045)(cid:3722)(cid:3502)(cid:2167)(cid:3221)(cid:14172)(cid:6761)(cid:2145)(cid:7045)(cid:10457)(cid:2284)(cid:8291)(cid:10457)(cid:2057)(cid:3486)(cid:14158)(cid:10877)(cid:2111)(cid:15910)
(cid:3856)(cid:2898)(cid:3014)(cid:2142)(cid:2165)(cid:2145)(cid:2159)(cid:2134)(cid:2137)(cid:2103)(cid:2161)(cid:2124)(cid:2058)(cid:7045)(cid:10457)(cid:8998)(cid:9180)(cid:2145) 64.5(cid:15898)(cid:2111)(cid:2068)(cid:3221)(cid:14172)(cid:6761)(cid:2111)(cid:14799)(cid:2114)(cid:2057)(cid:10506)(cid:8165)(cid:9423)(cid:2142)(cid:6693)(cid:6254)(cid:2105)(cid:2145)(cid:2111)(cid:4431)
(cid:14252)(cid:2069)(cid:2131)(cid:2110)(cid:2172)(cid:2138)(cid:2124)(cid:2058)(cid:4439)(cid:7856)(cid:3320)(cid:5595)(cid:3221)(cid:14172)(cid:2138)(cid:2165)(cid:2057)(cid:8291)(cid:10457)(cid:2181)(cid:8998)(cid:9180)(cid:2139)(cid:2122)(cid:2130)(cid:3221)(cid:14172)ッ(cid:3955)(cid:2173)(cid:2901)(cid:2117)(cid:2111)30(cid:2898)(cid:2912)(cid:5512)(cid:2142)(cid:2165)(cid:2109)
(cid:2171)(cid:2182)(cid:2138)(cid:2103)(cid:2161)(cid:2124)(cid:2058)(cid:3026)(cid:12700)(cid:3221)(cid:14172)(cid:2138)(cid:2165)(cid:2057)(cid:8769)(cid:14572)(cid:2252)(cid:2285)(cid:2257)(cid:2141)(cid:2140)(cid:2145)(cid:3502)(cid:5245)(cid:12821)(cid:2181)(cid:5554)(cid:4493)(cid:5555)(cid:14051)39(cid:2898)(cid:3525)(cid:2165)(cid:3275)(cid:2901)(cid:2117)(cid:2124)(cid:2174)(cid:7978)
(cid:6701)(cid:5959)(cid:2111)(cid:6202)(cid:10079)(cid:2120)(cid:2126)(cid:2172)(cid:2175)(cid:2161)(cid:2122)(cid:2130)(cid:2058)(cid:14799)(cid:2103)(cid:3221)(cid:14172)(cid:6761)(cid:2167)(cid:3642)(cid:9173)(cid:6761)(cid:2181)(cid:6254)(cid:2107)(cid:2125)(cid:2142)(cid:2057)(cid:4771)(cid:2114)(cid:2145)(cid:4439)(cid:7856)(cid:2111)♣(cid:3084)(cid:3221)(cid:14200)(cid:3650)(cid:5584)
(cid:2110)(cid:2172)(cid:6452)(cid:14158)(cid:2120)(cid:2175)(cid:2171)(cid:2105)(cid:2139)(cid:2122)(cid:2137)(cid:2103)(cid:2161)(cid:2124)(cid:2058)
(cid:4790)(cid:7439)(cid:2167)(cid:3259)(cid:9168)(cid:2057)(cid:9291)(cid:7860)(cid:2141)(cid:2140)(cid:2138)(cid:10506)(cid:8165)(cid:9423)(cid:2142)(cid:11350)(cid:2122)(cid:2114)(cid:2141)(cid:2174)(cid:2139)(cid:2057)(cid:5555)(cid:13592)(cid:2110)(cid:2172)(cid:2165)(cid:3848)⒢(cid:2110)(cid:2172)(cid:2165)ぜ(cid:6706)(cid:2120)(cid:2175)(cid:2174)(cid:2057)(cid:2118)
(cid:2182)(cid:2141)♣(cid:3084)(cid:2138)(cid:5101)(cid:5800)(cid:2122)(cid:2137)(cid:2114)(cid:2172)(cid:2122)(cid:2137)(cid:2103)(cid:2116)(cid:2174)(cid:2138)(cid:2122)(cid:2170)(cid:2105)(cid:2110)(cid:2058)(cid:5693)(cid:10877)(cid:2181)(cid:12987)(cid:2162)(cid:2135)(cid:2116)(cid:2174)(cid:6707)(cid:7958)(cid:2146)(cid:2057)(cid:6813)(cid:7047)(cid:2181)(cid:838)(cid:14328)(cid:5975)
(cid:2141)♣(cid:3084)(cid:839)(cid:2142)(cid:2122)(cid:2137)(cid:2122)(cid:2161)(cid:2103)(cid:2161)(cid:2124)(cid:2058)(cid:838)(cid:13592)(cid:2145)(cid:3623)(cid:2175)┘(cid:2111)(cid:4068)(cid:2145)(cid:3623)(cid:2175)┘(cid:839)(cid:2139)(cid:2103)(cid:2105)♣(cid:3084)(cid:2142)(cid:2122)(cid:2137)(cid:2146)(cid:2141)(cid:2173)(cid:2161)(cid:2126)(cid:2182)(cid:2058)
(cid:6813)(cid:7047)(cid:3511)(cid:9168)(cid:3496)(cid:2146)(cid:2057)(cid:2068)(cid:2109)(cid:13592)(cid:2111)(cid:2141)(cid:2114)(cid:2137)(cid:3026)(cid:12700)(cid:2214)(cid:2285)(cid:2244)(cid:2218)(cid:2111)(cid:3956)(cid:2116)(cid:2172)(cid:2175)(cid:2141)(cid:2103)(cid:2069)(cid:2139)(cid:2103)(cid:2105)(cid:2981)(cid:6074)(cid:2181)(cid:5211)(cid:2122)(cid:2138)(cid:2165)(cid:2141)(cid:2114)
(cid:2128)(cid:2105)(cid:2139)(cid:2057)(cid:3026)(cid:12700)(cid:3221)(cid:14172)(cid:2145)(cid:3221)(cid:14172)(cid:6761)(cid:2284)(cid:3642)(cid:9173)(cid:6761)(cid:2145)(cid:8174)(cid:3486)(cid:3650)(cid:5584)(cid:2142)(cid:2057)(cid:4439)(cid:6707)(cid:2138)(cid:2165)(cid:2057)(cid:4480)(cid:6785)(cid:6707)(cid:7958)(cid:2138)(cid:2165)┷(cid:7743)(cid:14331)(cid:2110)(cid:2172)(cid:3955)
(cid:2173)(cid:10500)(cid:2182)(cid:2138)(cid:2112)(cid:2161)(cid:2122)(cid:2130)(cid:2058)(cid:3114)(cid:7856)(cid:2145)(cid:2162)(cid:2141)(cid:2120)(cid:2182)(cid:2139)(cid:3719)(cid:2181)(cid:2101)(cid:2178)(cid:2126)(cid:2137)(cid:2057)(cid:3913)(cid:3736)┤(cid:2145)(cid:4868)(cid:5136)(cid:2165)(cid:2146)(cid:2144)(cid:2145)(cid:2116)(cid:2137)(cid:2057)(cid:10449)(cid:15913)(cid:3622)
(cid:2145)(cid:15910)(cid:2145)(cid:11172)(cid:7958)(cid:3118)(cid:2138)(cid:8826)(cid:11172)(cid:2145)(cid:8174)(cid:3486)(cid:3650)(cid:5584)(cid:2111)(cid:5121)(cid:6787)(cid:2120)(cid:2175)(cid:2174)(cid:2161)(cid:2138)(cid:5568)(cid:2111)(cid:2173)(cid:2161)(cid:2122)(cid:2130)(cid:2058)
(cid:2103)(cid:2161)(cid:2118)(cid:2128)(cid:6143)(cid:7978)25(cid:7082)(cid:2111)(cid:5117)(cid:2164)(cid:2174)(cid:2068)(cid:9165)(cid:5067)(cid:7562)(cid:2069)(cid:2181)(cid:3221)(cid:14200)(cid:2124)(cid:2174)(cid:10079)(cid:4628)(cid:2110)(cid:2172)(cid:2145)♣(cid:3084)(cid:3221)(cid:14200)(cid:3650)(cid:5584)(cid:2145)(cid:3530)(cid:7499)(cid:10247)(cid:2181)(cid:2124)
(cid:2124)(cid:2164)(cid:2141)(cid:2116)(cid:2175)(cid:2147)(cid:2141)(cid:2173)(cid:2161)(cid:2126)(cid:2182)(cid:2058)(cid:6813)(cid:7047)(cid:3511)(cid:9168)(cid:3496)(cid:2146)(cid:2057)(cid:2128)(cid:2145)(cid:3481)(cid:14468)(cid:2142)(cid:2130)(cid:2132)(cid:2161)(cid:2124)(cid:2058)
(cid:6813)(cid:7047)(cid:3511)(cid:9168)(cid:3496)(cid:2146)(cid:2057)(cid:10873)(cid:5763)(cid:2145)(cid:2904)(cid:5101)(cid:2139)(cid:5555)(cid:13592)(cid:3650)(cid:5584)(cid:2155)(cid:2145)(cid:2904)(cid:3224)(cid:2181)よ(cid:8080)(cid:2124)(cid:2174)(cid:2105)(cid:2107)(cid:2138)(cid:2165)(cid:2057)(cid:2103)(cid:2161)(cid:2145)(cid:5555)(cid:13592)(cid:3650)(cid:5584)(cid:2111)
(cid:2110)(cid:2110)(cid:2107)(cid:2174)(cid:7509)(cid:2061)(cid:2141)(cid:2904)(cid:3508)(cid:5554)(cid:2167)(cid:2904)(cid:3993)(cid:8998)(cid:2181)よ(cid:7916)(cid:2124)(cid:2174)(cid:2130)(cid:2164)(cid:2142)(cid:2165)(cid:2057)(cid:2068)(cid:7017)(cid:3113)(cid:3221)(cid:14200)(cid:5555)(cid:13592)(cid:2069)(cid:2145)(cid:5121)(cid:8991)(cid:2181)(cid:2164)(cid:2121)(cid:2122)(cid:2161)(cid:2124)(cid:2058)
(cid:14200)(cid:5136)(cid:10877)(cid:2068)(cid:11172)(cid:10079)(cid:6693)(cid:6516)(cid:2069)(cid:7978)(cid:7236)(cid:2146)(cid:2057)(cid:14200)(cid:5136)(cid:10877)(cid:2145)(cid:4780)(cid:2112)(cid:2141)(cid:13336)(cid:3764)(cid:2138)(cid:5603)(cid:7236)(cid:2142)(cid:2141)(cid:2173)(cid:2161)(cid:2122)(cid:2130)(cid:2058)(cid:6707)(cid:5579)(cid:2146)(cid:3530)(cid:6494)(cid:3613)(cid:2181)
(cid:2144)(cid:2172)(cid:2134)(cid:2137)(cid:2103)(cid:2161)(cid:2124)(cid:2111)(cid:2057)(cid:14200)(cid:5136)(cid:2111)(cid:13588)(cid:2116)(cid:2175)(cid:2147)(cid:13588)(cid:2103)(cid:2158)(cid:2140)(cid:12799)(cid:6320)(cid:2111)(cid:13588)(cid:2114)(cid:2145)(cid:2122)(cid:2110)(cid:2110)(cid:2174)(cid:2068)(cid:5818)─(cid:12799)(cid:6320)(cid:2069)(cid:2145)(cid:5209)(cid:3502)(cid:2181)
(cid:6604)(cid:4418)(cid:2124)(cid:2174)(cid:2118)(cid:2139)(cid:2181)(cid:7883)(cid:2164)(cid:2161)(cid:2124)(cid:2058)
(cid:5555)(cid:13592)(cid:2057)(cid:3848)⒢(cid:2057)(cid:3026)(cid:12700)(cid:2141)(cid:2140)(cid:2145)(cid:2057)(cid:3221)(cid:14172)(cid:6761)(cid:2167)(cid:3642)(cid:9173)(cid:6761)(cid:2057)(cid:10046)(cid:3966)(cid:12799)(cid:6320)(cid:2145)(cid:8174)(cid:3486)(cid:3650)(cid:5584)(cid:2181)(cid:6345)(cid:3478)(cid:2120)(cid:2126)(cid:2161)(cid:2124)(cid:2058)(cid:4439)(cid:3221)
ッ(cid:2145)(cid:3955)(cid:2173)(cid:2901)(cid:2117)(cid:2141)(cid:2140)(cid:2181)(cid:2167)(cid:2164)(cid:2120)(cid:2126)(cid:2161)(cid:2124)(cid:2058)(cid:9165)(cid:8041)(cid:3221)(cid:12700)(cid:2145)(cid:2967)(cid:6968)(cid:2141)(cid:3623)(cid:2173)(cid:6422)(cid:2137)(cid:2142)(cid:3948)(cid:5194)(cid:2122)(cid:2161)(cid:2124)(cid:2058)
(cid:5060)(cid:2140)(cid:2165)(cid:2130)(cid:2132)(cid:2142)(cid:12743)(cid:2110)(cid:2141)(cid:6725)(cid:10985)(cid:2181)(cid:3221)(cid:14200)(cid:2124)(cid:2174)(cid:2130)(cid:2164)(cid:2142)(cid:848)(cid:848)(cid:2103)(cid:2123)(cid:2164)(cid:2167)(cid:2904)(cid:9415)(cid:7207)(cid:2057)(cid:5077)(cid:10469)(cid:5371)(cid:4714)(cid:2141)(cid:2140)(cid:2057)(cid:5077)(cid:7207)(cid:6725)
(cid:10985)(cid:2145)(cid:8991)(cid:8799)(cid:2146)(cid:2149)(cid:2112)(cid:2135)(cid:2136)(cid:2112)(cid:8149)(cid:3655)(cid:2138)(cid:2124)(cid:2058)(cid:2118)(cid:2145)さ(cid:4420)(cid:2146)(cid:2120)(cid:2161)(cid:2121)(cid:2161)(cid:2138)(cid:2124)(cid:2111)(cid:2057)(cid:2128)(cid:2145)(cid:7223)(cid:5575)(cid:2142)(cid:2146)(cid:2057)(cid:2103)(cid:2112)(cid:2124)(cid:2113)(cid:2130)
(cid:10111)(cid:2979)(cid:2139)(cid:10222)(cid:8998)(cid:2142)(cid:2171)(cid:2174)(cid:6725)(cid:10985)(cid:2145)(cid:2169)(cid:2111)(cid:2162)(cid:2111)(cid:2101)(cid:2173)(cid:2161)(cid:2124)(cid:2058)(cid:6813)(cid:7047)(cid:3511)(cid:9168)(cid:3496)(cid:2146)(cid:4439)(cid:3084)(cid:2138)(cid:2057)(cid:2118)(cid:2105)(cid:2103)(cid:2105)(cid:4193)(cid:14487)(cid:2142)(cid:2122)(cid:2134)(cid:2110)
(cid:2173)(cid:3955)(cid:2173)(cid:10500)(cid:2162)(cid:2141)(cid:2111)(cid:2172)(cid:2057)(cid:6725)(cid:10985)(cid:7082)(cid:3058)(cid:2181)(cid:6738)(cid:2107)(cid:2174)(cid:3032)(cid:2981)(cid:2142)(cid:3719)(cid:2181)(cid:2128)(cid:2128)(cid:2103)(cid:2138)(cid:2112)(cid:2161)(cid:2122)(cid:2130)(cid:2058)
30(cid:3014)(cid:5077)(cid:10469)(cid:2145)(cid:5121)(cid:8991)(cid:2142)(cid:2163)(cid:2116)(cid:2137)(cid:2057)(cid:4439)(cid:3084)(cid:2138)90(cid:4418)(cid:3047)(cid:2901)(cid:2139)(cid:2173)(cid:2101)(cid:2117)(cid:2057)2002(cid:5555)(cid:2142)(cid:2146)(cid:4480)(cid:6785)(cid:2145)(cid:3638)(cid:6775)(cid:2138)(cid:3722)(cid:13500)(cid:6725)
(cid:4132)(cid:2181)(cid:5077)(cid:10469)(cid:6320)(cid:3060)(cid:2142)(cid:2122)(cid:2137)(cid:5211)(cid:3014)(cid:6736)(cid:5077)(cid:10469)(cid:2111)(cid:2138)(cid:2112)(cid:2174)(cid:2171)(cid:2105)(cid:6494)(cid:7236)(cid:2122)(cid:2137)(cid:2112)(cid:2161)(cid:2122)(cid:2130)(cid:2058)04 (cid:5555)(cid:2142)(cid:2128)(cid:2145)(cid:3729)(cid:3719)(cid:2111)(cid:5121)(cid:2173)(cid:2057)
(cid:5211)(cid:3014)(cid:6736)(cid:5077)(cid:10469)(cid:2181)45(cid:13344)(cid:5579)┬(cid:2142)(cid:5568)(cid:2117)(cid:2174)㌹(cid:7597)(cid:2181)(cid:2135)(cid:2114)(cid:2173)(cid:2161)(cid:2122)(cid:2130)(cid:2058)(cid:2120)(cid:2172)(cid:2142)(cid:2057)(cid:3025)(cid:5555)(cid:2145)2(cid:7022)(cid:2142)(cid:2146)(cid:2057)(cid:5769)(cid:7086)(cid:2145)(cid:2068)(cid:5211)
(cid:3014)(cid:6736)(cid:5077)(cid:10469)(cid:2146)(cid:2167)(cid:2172)(cid:2141)(cid:2103)(cid:2069)(cid:2139)(cid:2103)(cid:2105)(cid:6707)(cid:5579)(cid:10173)(cid:5650)(cid:2181)(cid:4757)(cid:2107)(cid:2120)(cid:2126)(cid:2137)(cid:2057)(cid:2068)(cid:6470)(cid:13317)(cid:2069)(cid:2181)(cid:12542)(cid:2164)(cid:2120)(cid:2126)(cid:2161)(cid:2122)(cid:2130)(cid:2058)(cid:6725)(cid:10985)(cid:7082)(cid:3058)
(cid:2145)(cid:6701)(cid:4219)(cid:2145)(cid:2130)(cid:2164)(cid:2145)(cid:3729)(cid:3719)(cid:2181)(cid:2149)(cid:2112)(cid:2135)(cid:2136)(cid:2112)(cid:2146)(cid:2110)(cid:2173)(cid:2161)(cid:2124)(cid:2058)
7
(cid:3)
(cid:2072)(cid:15915)(cid:2073)(cid:8163)(cid:8353)(cid:2138)(cid:7856)(cid:2937)(cid:9423)(cid:2141)(cid:12695)(cid:3084)(cid:6707)(cid:7958)(cid:2181)(cid:2135)(cid:2114)(cid:2174)(cid:2130)(cid:2164)(cid:2142)(cid:3719)(cid:2181)(cid:2135)(cid:2114)(cid:2122)(cid:2161)(cid:2124)
(cid:3)
(cid:6813)(cid:7047)(cid:2145)(cid:6707)(cid:9202)(cid:2138)(cid:2057)(cid:2114)(cid:2173)(cid:13249)(cid:2120)(cid:2175)(cid:2137)(cid:2112)(cid:2130)(cid:2068)(cid:6707)(cid:7958)(cid:2139)(cid:2204)(cid:2238)(cid:2069)(cid:2145)(cid:4193)(cid:14487)(cid:2146)(cid:2057)(cid:2128)(cid:2145)(cid:2158)(cid:2139)(cid:2182)(cid:2140)(cid:2111)(cid:3066)(cid:7439)(cid:2284)(cid:4422)(cid:3118)
(cid:8865)(cid:13592)(cid:2181)(cid:2110)(cid:2114)(cid:2175)(cid:2162)(cid:2145)(cid:2142)(cid:2122)(cid:2130)(cid:12817)(cid:3949)(cid:3704)(cid:2138)(cid:2124)(cid:2058)(cid:6813)(cid:7753)(cid:13307)(cid:2981)(cid:3058)(cid:2138)(cid:2165)(cid:2057)(cid:7587)(cid:7047)(cid:3476)(cid:14635)┞(cid:2111)(cid:15910)(cid:3430)(cid:3525)(cid:2181)(cid:3956)(cid:2116)(cid:3955)(cid:2173)(cid:2141)
(cid:2111)(cid:2172)(cid:2068)(cid:5816)(cid:2175)(cid:2130)(cid:2069)(cid:2139)(cid:12437)(cid:2103)(cid:13280)(cid:2175)(cid:2057)(cid:2118)(cid:2182)(cid:2140)(cid:2146)(cid:2057)(cid:5210)(cid:7968)(cid:14635)┞(cid:2145)(cid:838)┍(cid:3946)(cid:839)(cid:2138)(cid:2101)(cid:2174)(cid:5276)(cid:5351)(cid:6333)(cid:3665)(cid:11172)(cid:7856)(cid:3496)(cid:3687)(cid:10602)(cid:12250)
(cid:2111)(cid:2057)(cid:7392)(cid:5171)(cid:5180)(cid:7189)(cid:3084)(cid:2110)(cid:2172)(cid:2057)(cid:6813)(cid:7753)(cid:13307)(cid:2145)(cid:8991)(cid:13592)(cid:3613)(cid:10457)(cid:10321)(cid:2142)(cid:7854)(cid:2155)(cid:2145)(cid:15912)(cid:3856)(cid:2898)(cid:3525)(cid:2145)(cid:6693)(cid:3613)(cid:2111)オ(cid:13133)(cid:2120)(cid:2175)(cid:2137)(cid:2103)(cid:2130)(cid:2139)(cid:2103)
(cid:2105)(cid:3764)(cid:2110)(cid:2143)ッ(cid:6344)(cid:2181)(cid:2122)(cid:2164)(cid:2120)(cid:2175)(cid:2057)(cid:6707)(cid:7958)(cid:12832)(cid:13592)ぞ(cid:7743)(cid:7978)(cid:13346)(cid:3948)(cid:2138)(cid:2068)(cid:12907)ソ┞(cid:5716)(cid:2069)(cid:2145)(cid:5180)(cid:3638)(cid:2181)(cid:3956)(cid:2116)(cid:2161)(cid:2122)(cid:2130)(cid:2058)(cid:2068)(cid:13237)(cid:4418)
(cid:8865)(cid:13592)(cid:2146)(cid:2141)(cid:2103)(cid:2069)(cid:2139)(cid:6775)(cid:12437)(cid:2122)(cid:2130)(cid:5210)(cid:7968)(cid:14635)┞(cid:2145)(cid:12808)(cid:3060)(cid:2165)(cid:4193)(cid:2178)(cid:2175)(cid:2161)(cid:2124)(cid:2058)(cid:11172)(cid:7856)(cid:3496)(cid:3504)(cid:3118)(cid:2142)(cid:13346)(cid:7978)(cid:2141)(cid:8865)(cid:13592)(cid:2111)(cid:2161)(cid:2178)(cid:2173)(cid:2057)
(cid:3848)⒢(cid:12180)(cid:6707)(cid:2181)(cid:2169)(cid:2111)(cid:2164)(cid:2137)(cid:2112)(cid:2130)(cid:2118)(cid:2139)(cid:2111)(cid:2103)(cid:2171)(cid:2103)(cid:2171)(cid:6842)(cid:9417)(cid:2142)(cid:2141)(cid:2134)(cid:2137)(cid:2112)(cid:2161)(cid:2122)(cid:2130)(cid:2058)
(cid:3) (cid:2139)(cid:2118)(cid:2176)(cid:2111)(cid:2057)(cid:11172)(cid:7856)(cid:2165)(cid:7856)(cid:2937)(cid:2165)(cid:2057)(cid:6813)(cid:7047)(cid:10506)(cid:4422)(cid:13307)(cid:2142)(cid:2068)(cid:13299)(cid:3224)(cid:10321)(cid:2069)(cid:2181)(cid:2135)(cid:2116)(cid:2137)(cid:2165)(cid:2172)(cid:2134)(cid:2137)(cid:2057)(cid:12800)(cid:9202)(cid:2142)(cid:8865)(cid:13592)(cid:2181)(cid:2126)
(cid:2150)(cid:2134)(cid:2137)(cid:2103)(cid:2161)(cid:2124)(cid:2058)(cid:2068)(cid:2982)(cid:4780)(cid:6707)(cid:3496)(cid:2069)(cid:2111)(cid:2057)(cid:4439)(cid:7856)(cid:2155)(cid:2145)(cid:4780)(cid:4684)(cid:9959)(cid:2181)(cid:10111)(cid:2103)(cid:3993)(cid:2103)(cid:2057)(cid:4780)(cid:3066)(cid:7439)(cid:2167)(cid:14799)(cid:14488)(cid:6236)(cid:5771)(cid:10877)(cid:2155)(cid:2145)(cid:8174)(cid:9959)
(cid:2142)(cid:2146)(cid:6366)(cid:2892)(cid:7047)り(cid:2175)(cid:2141)(cid:2103)(cid:2139)(cid:2103)(cid:2105)(cid:6707)(cid:7958)(cid:4918)(cid:3776)(cid:2142)(cid:2141)(cid:2174)(cid:2145)(cid:2165)(cid:2057)(cid:12800)(cid:9202)(cid:2142)(cid:2204)(cid:2238)(cid:2138)(cid:12817)(cid:3949)(cid:2120)(cid:2175)(cid:2137)(cid:2103)(cid:2174)(cid:2118)(cid:2139)(cid:2142)(cid:7223)(cid:7047)
(cid:3915)(cid:4420)(cid:2111)(cid:2101)(cid:2173)(cid:2161)(cid:2124)(cid:2058)
(cid:3) (cid:6707)(cid:3496)(cid:3728)(cid:6202)(cid:13592)(cid:2165)(cid:2057)(cid:6707)(cid:7958)(cid:2139)(cid:6707)(cid:3496)(cid:2145)(cid:13277)(cid:5603)(cid:2181)(cid:2135)(cid:2114)(cid:2173)(cid:2131)(cid:2122)(cid:2137)(cid:2103)(cid:2161)(cid:2124)(cid:2058)(cid:2068)(cid:12800)(cid:6707)(cid:3889)(cid:7597)(cid:2131)(cid:2110)(cid:2172)(cid:2069)(cid:2139)(cid:2103)(cid:2134)(cid:2137)(cid:4439)
(cid:7856)(cid:2142)(cid:9306)(cid:2162)(cid:2181)(cid:6314)(cid:2122)(cid:2135)(cid:2116)(cid:2137)(cid:2109)(cid:2112)(cid:2141)(cid:2111)(cid:2172)(cid:2057)(cid:6707)(cid:3496)(cid:3728)(cid:6202)(cid:13592)(cid:2146)(cid:2068)(cid:10927)(cid:4577)(cid:2069)(cid:2101)(cid:2135)(cid:2110)(cid:2103)(cid:2122)(cid:2057)(cid:2128)(cid:2145)(cid:10602)(cid:14488)(cid:2146)(cid:3693)ス(cid:3047)
(cid:7086)10(cid:5555)(cid:2138)3443(cid:3430)(cid:3525)(cid:2142)(cid:2165)(cid:2145)(cid:2159)(cid:2134)(cid:2137)(cid:2103)(cid:2161)(cid:2124)(cid:2058)(cid:11172)(cid:7856)(cid:3496)(cid:2165)(cid:2057)(cid:7856)(cid:2937)(cid:3496)(cid:2165)(cid:2057)(cid:2068)(cid:5115)(cid:2110)(cid:2172)(cid:7856)(cid:2155)(cid:2069)(cid:2139)(cid:2103)(cid:2105)(cid:2145)(cid:2141)
(cid:2172)(cid:2057)(cid:11172)(cid:3622)(cid:2130)(cid:2132)(cid:2118)(cid:2128)(cid:2057)(cid:6707)(cid:3496)(cid:3728)(cid:6202)(cid:13592)(cid:2131)(cid:2145)(cid:2162)(cid:2145)(cid:2068)(cid:4439)(cid:4252)(cid:6707)(cid:3496)(cid:2069)(cid:2110)(cid:2172)(cid:11058)(cid:2116)(cid:3613)(cid:2124)(cid:2156)(cid:2112)(cid:2138)(cid:2146)(cid:2101)(cid:2173)(cid:2161)(cid:2126)(cid:2182)(cid:2110)(cid:2058)
(cid:1552)(cid:1552)(cid:3)(cid:3066)(cid:7439)(cid:2284)(cid:4422)(cid:3118)(cid:8865)(cid:13592)(cid:2181)(cid:2130)(cid:2131)(cid:2132)(cid:2142)(cid:3504)(cid:14331)(cid:9871)(cid:7742)(cid:2124)(cid:2174)(cid:2118)(cid:2139)(cid:2181)さ(cid:7883)(cid:2122)(cid:2161)(cid:2124)(cid:2058)(cid:3)
(cid:1552)(cid:1552)(cid:3)(cid:9959)(cid:13592)(cid:2181)(cid:3622)(cid:2116)(cid:3955)(cid:2173)(cid:2124)(cid:2174)(cid:6707)(cid:3496)(cid:3728)(cid:6202)(cid:13592)(cid:3650)(cid:5584)(cid:2145)(cid:5603)(cid:7742)(cid:2181)(cid:2165)(cid:2139)(cid:2164)(cid:2161)(cid:2124)(cid:2058)(cid:3)
(cid:1552)(cid:1552)(cid:12175)(cid:14156)(cid:7826)(cid:3162)(cid:3045)(cid:12202)(cid:5117)(cid:6736)(cid:3662)(cid:8174)(cid:2145)(cid:3764)(cid:2112)(cid:2142)(cid:3948)(cid:5194)(cid:2122)(cid:2161)(cid:2124)(cid:2058)(cid:5210)(cid:13373)(cid:6378)(cid:3847)(cid:3650)(cid:2145)(cid:5603)(cid:7742)(cid:2181)(cid:2165)(cid:2139)(cid:2164)(cid:2161)(cid:2124)(cid:2058)(cid:3)
(cid:1552)(cid:1552)(cid:4439)(cid:3084)(cid:12695)(cid:4132)(cid:5555)(cid:13592)(cid:3650)(cid:5584)(cid:2145)(cid:8769)(cid:7562)(cid:2181)(cid:5603)(cid:7742)(cid:2122)(cid:2161)(cid:2124)(cid:2058)(cid:4439)(cid:7856)(cid:2145)(cid:9959)(cid:13592)(cid:2181) (cid:20) (cid:3525)(cid:2165)(cid:3152)(cid:2178)(cid:2125)(cid:2057)(cid:12695)(cid:4132)(cid:2145)(cid:10457)(cid:2164)(cid:2174)(cid:10457)
(cid:3035)(cid:13592)(cid:2145)(cid:10242)(cid:4433)(cid:3524)(cid:2138)(cid:13336)(cid:4252)(cid:2124)(cid:2174)(cid:2171)(cid:2105)(cid:2142)(cid:2122)(cid:2161)(cid:2124)(cid:2058)(cid:3)
(cid:1552)(cid:1552)(cid:10079)(cid:3265)(cid:12269)(cid:2145)(cid:11172)(cid:9180)(cid:2181)(cid:6290)(cid:3650)(cid:2124)(cid:2174)(cid:2057)(cid:2912)(cid:9202)(cid:2142)(cid:14502)(cid:2145)(cid:2141)(cid:2103)(cid:14799)(cid:14488)(cid:2145)(cid:13373)(cid:6378)(cid:3177)ォ(cid:13592)(cid:2145)(cid:4780)(cid:5525)(cid:2141)(cid:5668)(cid:2112)(cid:2902)(cid:2117)(cid:2181)さ(cid:7883)
(cid:2122)(cid:2161)(cid:2124)(cid:2058)(cid:3)
(cid:2072)(cid:15916)(cid:2073)(cid:13449)(cid:6707)(cid:7856)(cid:4252)(cid:3817)(cid:2142)(cid:3948)(cid:5194)(cid:2122)(cid:2057)(cid:13449)(cid:3196)(cid:5243)(cid:2145)(cid:2238)(cid:2228)(cid:2233)(cid:2272)(cid:2285)(cid:2208)(cid:2139)(cid:4439)(cid:7856)(cid:2155)(cid:2145)(cid:2214)(cid:2285)(cid:2244)(cid:2218)(cid:2181)(cid:2161)(cid:2165)
(cid:2173)(cid:2161)(cid:2124)
(cid:3) (cid:5210)(cid:7968)(cid:14635)┞(cid:2146)(cid:2057)(cid:3940)(cid:14156)(cid:2138)(cid:4780)(cid:5475)(cid:2138)(cid:4012)(cid:7916)(cid:2120)(cid:2175)(cid:5603)(cid:7236)(cid:2142)(cid:2141)(cid:2134)(cid:2130)(cid:13449)(cid:6707)(cid:7856)(cid:4252)(cid:3817)(cid:2142)(cid:4438)(cid:4590)(cid:2122)(cid:2137)(cid:2103)(cid:2161)(cid:2124)(cid:2058)(cid:4439)(cid:3084)(cid:2145)
(cid:12597)(cid:6219)(cid:2145)(cid:2927)(cid:2138)(cid:2165)(cid:2057)(cid:4439)(cid:7856)(cid:2142)(cid:2139)(cid:2134)(cid:2137)(cid:838)(cid:9418)(cid:5136)(cid:2101)(cid:2134)(cid:2137)(cid:2892)(cid:3642)(cid:2141)(cid:2122)(cid:839)(cid:2139)(cid:2103)(cid:2105)(cid:7743)(cid:3118)(cid:2111)(cid:2146)(cid:2134)(cid:2112)(cid:2173)(cid:2122)(cid:2130)(cid:13449)(cid:6707)(cid:7856)(cid:4252)
(cid:3817)(cid:2146)(cid:2057)(cid:2112)(cid:2134)(cid:2148)(cid:2173)(cid:2927)(cid:7742)(cid:2124)(cid:2156)(cid:2112)(cid:2138)(cid:2124)(cid:2058)
(cid:13449)(cid:3196)(cid:5243)(cid:2145)(cid:2214)(cid:2285)(cid:2244)(cid:2218)(cid:2181)(cid:2118)(cid:2178)(cid:2124)(cid:13449)(cid:6707)(cid:7856)(cid:4252)(cid:3817)(cid:848)(cid:848)(cid:5210)(cid:7968)(cid:14635)┞(cid:18165)(cid:18094)(cid:2068)(cid:7856)(cid:14051)(cid:2138)(cid:2138)(cid:2112)(cid:2174)(cid:2118)(cid:2139)(cid:2146)(cid:7856)(cid:14051)(cid:2155)(cid:2069)(cid:2139)
(cid:2103)(cid:2134)(cid:2137)(cid:13449)(cid:6707)(cid:7856)(cid:4252)(cid:3817)(cid:2181)(cid:2119)(cid:2173)(cid:6314)(cid:2122)(cid:2122)(cid:2171)(cid:2105)(cid:2139)(cid:2122)(cid:2161)(cid:2122)(cid:2130)(cid:2058)(cid:2122)(cid:2110)(cid:2122)(cid:2057)(cid:7856)(cid:14051)(cid:2111)(cid:2167)(cid:2172)(cid:2141)(cid:2103)(cid:3622)(cid:13589)(cid:2145)(cid:2214)(cid:2285)(cid:2244)(cid:2218)
(cid:2181)(cid:7978)(cid:5762)(cid:2142)(cid:2165)(cid:2139)(cid:2136)(cid:2103)(cid:2137)(cid:6494)(cid:3177)(cid:2122)(cid:2137)(cid:2103)(cid:2174)(cid:2145)(cid:2111)(cid:13449)(cid:3196)(cid:5243)(cid:2138)(cid:2124)(cid:2058)
(cid:13449)(cid:3196)(cid:12811)(cid:13592)(cid:2146)(cid:2057)(cid:4439)(cid:7856)(cid:2145)(cid:2120)(cid:2120)(cid:2167)(cid:2110)(cid:2141)(cid:12811)(cid:11627)(cid:2181)(cid:2161)(cid:2165)(cid:2173)(cid:2057)(cid:2068)(cid:2101)(cid:2161)(cid:2144)(cid:2114)(cid:3508)(cid:5554)(cid:2142)(cid:2069)(cid:15901)(cid:13449)(cid:3196)(cid:12811)(cid:13592)(cid:7978)(cid:15902)(cid:4439)(cid:7856)(cid:2155)
(cid:2145)(cid:13592)(cid:12061)(cid:2214)(cid:2285)(cid:2244)(cid:2218)(cid:2181)(cid:3221)(cid:14200)(cid:2124)(cid:2174)(cid:2118)(cid:2139)(cid:2181)┘(cid:9423)(cid:2139)(cid:2122)(cid:2130)(cid:4439)(cid:4252)(cid:2145)(cid:2981)(cid:7439)(cid:2138)(cid:2124)(cid:2058)(cid:2128)(cid:2145)(cid:2130)(cid:2164)(cid:2057)(cid:3504)(cid:5488)(cid:9187)(cid:7071)(cid:2142)(cid:13449)(cid:3196)
(cid:5243)(cid:2111)(cid:2109)(cid:2110)(cid:2175)(cid:2137)(cid:2103)(cid:2174)(cid:2145)(cid:2138)(cid:2124)(cid:2058)(cid:2892)(cid:6785)(cid:2057)(cid:13719)(cid:12180)(cid:2146)(cid:2057)(cid:2165)(cid:2105)(cid:2116)(cid:2181)(cid:3457)(cid:3481)(cid:2122)(cid:2137)(cid:2057)(cid:4480)(cid:6785)(cid:2138)(cid:2165)(cid:2057)(cid:13452)(cid:5488)(cid:13442)(cid:2138)(cid:2165)(cid:6693)(cid:5577)
(cid:2181)(cid:7703)(cid:2061)(cid:14042)(cid:13896)(cid:2122)(cid:2057)(cid:2120)(cid:2161)(cid:2121)(cid:2161)(cid:2141)(cid:6245)(cid:6736)(cid:6761)(cid:2181)(cid:2139)(cid:2174)(cid:2141)(cid:2140)(cid:2057)(cid:2892)(cid:11225)(cid:14448)(cid:13592)(cid:10877)(cid:4002)(cid:2116)(cid:2145)(cid:2212)(cid:2218)(cid:2233)(cid:2181)(cid:2116)(cid:2125)(cid:2134)(cid:2137)(cid:3642)─(cid:2181)
(cid:4684)(cid:2167)(cid:2124)(cid:10506)(cid:4252)(cid:2142)(cid:2135)(cid:2112)(cid:2124)(cid:2124)(cid:2182)(cid:2138)(cid:2103)(cid:2161)(cid:2124)(cid:2058)(cid:2165)(cid:2122)(cid:13449)(cid:3196)(cid:5243)(cid:2111)(cid:7856)(cid:4252)(cid:3817)(cid:2120)(cid:2175)(cid:2175)(cid:2147)(cid:2057)(cid:13079)(cid:13246)(cid:2141)(cid:13449)(cid:3196)(cid:5243)(cid:2111)(cid:2141)(cid:2114)(cid:2141)
(cid:2134)(cid:2130)(cid:2173)(cid:2057)(cid:13592)(cid:12061)(cid:2214)(cid:2285)(cid:2244)(cid:2218)(cid:2110)(cid:2172)(cid:6452)(cid:14158)(cid:2120)(cid:2175)(cid:2174)(cid:3014)(cid:2111)(cid:2130)(cid:2114)(cid:2120)(cid:2182)(cid:9165)(cid:2161)(cid:2175)(cid:2130)(cid:2173)(cid:2122)(cid:2137)(cid:2122)(cid:2161)(cid:2103)(cid:2161)(cid:2124)(cid:2058)
8
(cid:4593)(cid:7047)(cid:9423)(cid:2141)(cid:13592)(cid:12061)(cid:2214)(cid:2285)(cid:2244)(cid:2218)(cid:2181)(cid:3221)(cid:14200)(cid:2124)(cid:2174)(cid:2118)(cid:2139)(cid:2146)(cid:2912)(cid:9202)(cid:2145)(cid:8046)(cid:2175)(cid:2138)(cid:2124)(cid:2058)(cid:6862)(cid:5555)(cid:15910)(cid:15909)(cid:7022)(cid:2145)(cid:2912)(cid:9202)(cid:12811)(cid:11627)(cid:13719)(cid:12180)(cid:7597)
(cid:7499)(cid:2139)(cid:2912)(cid:9202)(cid:13719)(cid:12180)(cid:2145)(cid:10602)(cid:3084)(cid:7916)(cid:12695)(cid:2146)(cid:2057)(cid:2068)(cid:13592)(cid:12061)(cid:2214)(cid:2285)(cid:2244)(cid:2218)(cid:2155)(cid:2145)(cid:2195)(cid:2208)(cid:2220)(cid:2218)(cid:2146)(cid:4593)(cid:7047)(cid:9423)(cid:2141)(cid:3014)(cid:7562)(cid:2138)(cid:2101)(cid:2174)(cid:2069)(cid:2139)(cid:5123)(cid:12437)(cid:2122)(cid:2057)
(cid:2068)(cid:13592)(cid:12061)(cid:6452)(cid:14158)(cid:2069)(cid:2181)(cid:2141)(cid:2114)(cid:2124)┘(cid:7550)(cid:2181)(cid:2110)(cid:2110)(cid:2117)(cid:2161)(cid:2122)(cid:2130)(cid:2058)(cid:13449)(cid:3196)(cid:5243)(cid:2145)(cid:2214)(cid:2285)(cid:2244)(cid:2218)(cid:2181)(cid:2118)(cid:2178)(cid:2124)(cid:13449)(cid:6707)(cid:7856)(cid:4252)(cid:3817)(cid:2146)(cid:2057)(cid:13592)
(cid:12061)(cid:2214)(cid:2285)(cid:2244)(cid:2218)(cid:2181)(cid:2161)(cid:2165)(cid:2174)(cid:2912)(cid:9202)(cid:2145)(cid:2124)(cid:2105)(cid:3776)(cid:2110)(cid:2172)(cid:2162)(cid:2137)(cid:2165)(cid:13283)(cid:12180)(cid:2138)(cid:2124)(cid:2058)(cid:6813)(cid:7047)(cid:3511)(cid:9168)(cid:3496)(cid:2146)(cid:2057)(cid:13449)(cid:6707)(cid:7856)(cid:4252)(cid:3817)(cid:2142)(cid:3948)(cid:5194)
(cid:2122)(cid:2057)(cid:4439)(cid:7856)(cid:2145)(cid:13592)(cid:12061)(cid:2214)(cid:2285)(cid:2244)(cid:2218)(cid:2181)(cid:2161)(cid:2165)(cid:2173)(cid:2161)(cid:2124)(cid:2058)
(cid:2161)(cid:2139)(cid:2165)(cid:2141)(cid:8998)(cid:9180)(cid:2124)(cid:2172)(cid:12565)(cid:6842)(cid:2138)(cid:2112)(cid:2141)(cid:2103)(cid:13449)(cid:6707)(cid:7856)(cid:4252)(cid:3817)(cid:848)(cid:848)(cid:5210)(cid:7968)(cid:14635)┞(cid:2146)(cid:2057)(cid:2068)(cid:5210)(cid:2120)(cid:2141)(cid:6707)(cid:5579)(cid:2069)(cid:2142)(cid:2124)(cid:2174)(cid:2130)(cid:2164)(cid:2145)
(cid:13449)(cid:6707)(cid:7856)(cid:4252)(cid:3817)(cid:2131)(cid:2139)(cid:12437)(cid:2134)(cid:2137)(cid:2103)(cid:2161)(cid:2124)(cid:2058)(cid:2101)(cid:2130)(cid:2110)(cid:2165)(cid:13449)(cid:6707)(cid:2981)(cid:7439)(cid:2111)(cid:9959)(cid:13592)(cid:2181)(cid:2257)(cid:2225)(cid:2136)(cid:2110)(cid:2103)(cid:2122)(cid:2137)(cid:2103)(cid:2174)(cid:2110)(cid:2145)(cid:2171)(cid:2105)(cid:2141)
(cid:12437)(cid:2103)(cid:6785)(cid:2138)(cid:2124)(cid:2111)(cid:2057)(cid:13449)(cid:6707)(cid:3508)♣(cid:2146)(cid:8826)(cid:10079)(cid:6463)(cid:10212)(cid:2138)(cid:2057)(cid:10947)(cid:4132)(cid:10525)(cid:6761)(cid:2142)(cid:2165)(cid:2057)(cid:2981)(cid:7439)(cid:2142)(cid:2165)(cid:9959)(cid:13592)(cid:2146)(cid:15910)(cid:3525)(cid:2165)(cid:3152)(cid:2178)(cid:2175)(cid:2137)(cid:2103)
(cid:2161)(cid:2126)(cid:2182)(cid:2058)(cid:2118)(cid:2182)(cid:2141)(cid:3966)(cid:5121)(cid:2138)(cid:2057)(cid:4480)(cid:4577)(cid:2145)(cid:4780)(cid:3623)(cid:2141)(cid:13449)(cid:3196)(cid:5243)(cid:2181)(cid:2141)(cid:2114)(cid:2122)(cid:2137)(cid:2122)(cid:2161)(cid:2105)(cid:2118)(cid:2139)(cid:2141)(cid:2140)セ(cid:2120)(cid:2175)(cid:2161)(cid:2126)(cid:2182)(cid:2058)(cid:3)
(cid:6707)(cid:5579)(cid:2146)(cid:2057)(cid:2068)(cid:3508)♣(cid:2146)(cid:9959)(cid:13592)(cid:2181)(cid:6254)(cid:2178)(cid:2141)(cid:2103)(cid:2069)(cid:2139)(cid:2165)(cid:12437)(cid:2103)(cid:2161)(cid:2124)(cid:2111)(cid:2057)(cid:2118)(cid:2175)(cid:2165)(cid:2149)(cid:2140)(cid:2103)(cid:2119)(cid:2161)(cid:2110)(cid:2122)(cid:2138)(cid:2124)(cid:2058)(cid:13449)(cid:6707)(cid:3508)
♣(cid:2146)(cid:2057)(cid:3642)─(cid:2145)(cid:3862)(cid:3622)(cid:2181)(cid:4439)(cid:5588)(cid:2142)(cid:10457)(cid:3035)(cid:2124)(cid:2174)(cid:2118)(cid:2139)(cid:2142)(cid:2141)(cid:2134)(cid:2137)(cid:2109)(cid:2173)(cid:2057)(cid:7856)(cid:14051)(cid:3066)(cid:7439)(cid:2145)(cid:7978)(cid:3014)(cid:9959)(cid:8921)(cid:2171)(cid:2173)(cid:14799)(cid:2103)(cid:2145)(cid:2138)
(cid:2124)(cid:2058)(cid:2122)(cid:2110)(cid:2165)(cid:2057)(cid:6707)(cid:5579)(cid:2145)モ(cid:10212)(cid:2138)(cid:2146)(cid:2057)(cid:13449)(cid:3196)(cid:12811)(cid:13592)(cid:2981)(cid:7439)(cid:2146)(cid:13449)(cid:6707)(cid:3508)♣(cid:2145)(cid:2161)(cid:2161)(cid:2141)(cid:2172)(cid:15334)(cid:5066)(cid:2111)(cid:10558)(cid:2112)(cid:2057)(cid:7856)(cid:4252)(cid:3817)(cid:2120)
(cid:2175)(cid:2175)(cid:2147)600(cid:3430)(cid:3525)(cid:2145)(cid:12893)(cid:5066)(cid:15901)2016(cid:5555)(cid:5584)(cid:15902)(cid:2142)(cid:2141)(cid:2173)(cid:2057)(cid:7978)(cid:3014)(cid:9959)(cid:2165)(cid:10457)(cid:2164)(cid:2161)(cid:2126)(cid:2182)(cid:2058)(cid:4439)(cid:7856)(cid:2142)(cid:2139)(cid:2134)(cid:2137)(cid:2165)(cid:2057)(cid:4439)(cid:2145)
(cid:12800)(cid:6707)(cid:2142)(cid:2139)(cid:2134)(cid:2137)(cid:2165)(cid:2057)(cid:2141)(cid:2142)(cid:2165)(cid:2103)(cid:2103)(cid:2118)(cid:2139)(cid:2146)(cid:2101)(cid:2173)(cid:2161)(cid:2126)(cid:2182)(cid:2058)
(cid:2068)(cid:12832)(cid:13592)(cid:2145)(cid:8046)(cid:2175)(cid:2181)(cid:5115)(cid:2110)(cid:2172)(cid:7856)(cid:2155)(cid:2069)(cid:2139)(cid:2165)(cid:12437)(cid:2103)(cid:2161)(cid:2124)(cid:2058)(cid:2118)(cid:2175)(cid:2146)(cid:2057)(cid:5210)(cid:7968)(cid:14635)┞(cid:2111)(cid:2068)(cid:3508)♣(cid:2138)(cid:2101)(cid:2174)(cid:14144)(cid:2173)(cid:2057)(cid:5101)
(cid:3504)(cid:13336)(cid:9173)(cid:2111)(cid:13588)さ(cid:2058)(cid:4771)(cid:5211)(cid:2267)(cid:2218)(cid:2208)(cid:2145)(cid:2101)(cid:2174)(cid:13336)(cid:9173)(cid:2146)(cid:2138)(cid:2112)(cid:2141)(cid:2103)(cid:2069)(cid:15901)(cid:12175)(cid:14156)(cid:13449)(cid:6707)(cid:8769)(cid:3639)(cid:4895)(cid:4132)(cid:3084)(cid:15902)(cid:2139)(cid:10173)(cid:5650)(cid:2122)(cid:2137)(cid:2103)(cid:2174)
(cid:2171)(cid:2105)(cid:2142)(cid:2057)(cid:7856)(cid:4252)(cid:3817)(cid:2138)(cid:2057)(cid:13449)(cid:12811)(cid:2284)(cid:10302)(cid:3221)(cid:12832)(cid:13592)(cid:2181)(cid:2267)(cid:2218)(cid:2208)(cid:2145)(cid:2101)(cid:2174)(cid:6294)(cid:7597)(cid:9423)(cid:13336)(cid:9173)(cid:2142)(cid:13344)(cid:2181)(cid:14044)(cid:2118)(cid:2105)(cid:2139)(cid:2103)(cid:2105)(cid:2118)(cid:2139)(cid:2142)
(cid:2158)(cid:2110)(cid:2141)(cid:2173)(cid:2161)(cid:2126)(cid:2182)(cid:2058)(cid:2122)(cid:2110)(cid:2122)(cid:2057)(cid:4439)(cid:7856)(cid:2145)(cid:4780)(cid:3623)(cid:2141)(cid:9165)(cid:8041)(cid:12832)(cid:13592)(cid:2146)(cid:2057)(cid:4439)(cid:3372)(cid:2141)(cid:2140)(cid:5101)(cid:3504)(cid:2284)(cid:9748)(cid:5121)(cid:2141)(cid:13336)(cid:9173)(cid:2142)(cid:2124)(cid:2174)(cid:2145)
(cid:2111)(cid:5716)↓(cid:2138)(cid:2101)(cid:2134)(cid:2137)(cid:2057)(cid:2267)(cid:2218)(cid:2208)(cid:2142)(cid:2120)(cid:2172)(cid:2124)(cid:2171)(cid:2105)(cid:2141)(cid:13336)(cid:9173)(cid:2181)(cid:2124)(cid:2174)(cid:2118)(cid:2139)(cid:2141)(cid:2140)セ(cid:2120)(cid:2175)(cid:2161)(cid:2126)(cid:2182)(cid:2058)
(cid:2068)(cid:13449)(cid:12811)(cid:2284)(cid:10302)(cid:3221)(cid:2111)(cid:2101)(cid:2174)(cid:2110)(cid:2172)(cid:2057)(cid:3508)(cid:3511)(cid:2981)(cid:7439)(cid:2167)(cid:8769)(cid:7774)(cid:7978)(cid:3014)(cid:10164)(cid:2145)(cid:8065)(cid:12821)(cid:2111)(cid:2141)(cid:2114)(cid:2141)(cid:2172)(cid:2141)(cid:2103)(cid:2069)(cid:2139)(cid:2103)(cid:2105)(cid:2142)(cid:2103)(cid:2130)
(cid:2134)(cid:2137)(cid:2146)(cid:2057)(cid:6707)(cid:5579)(cid:2111)(cid:11172)(cid:2172)(cid:8065)(cid:12821)(cid:4533)(cid:2145)(cid:12800)(cid:6294)ゝ(cid:9188)(cid:2181)(cid:3127)(cid:2134)(cid:2137)(cid:2109)(cid:2103)(cid:2137)(cid:2057)(cid:2128)(cid:2145)(cid:12808)(cid:3060)(cid:2181)(cid:13449)(cid:12811)(cid:2284)(cid:10302)(cid:3221)(cid:2142)㌹(cid:5003)(cid:2124)(cid:2174)
(cid:2165)(cid:2145)(cid:2131)(cid:2139)(cid:2103)(cid:2178)(cid:2141)(cid:2116)(cid:2175)(cid:2147)(cid:2141)(cid:2173)(cid:2161)(cid:2126)(cid:2182)(cid:2058)(cid:12800)(cid:6294)ゝ(cid:9188)(cid:2142)(cid:4593)(cid:2136)(cid:2103)(cid:2137)(cid:4439)(cid:3372)(cid:15901)(cid:12800)(cid:6294)(cid:3372)(cid:15902)(cid:2181)(cid:9414)(cid:12180)(cid:2122)(cid:2137)(cid:2103)(cid:2174)(cid:2145)
(cid:2146)(cid:6707)(cid:5579)(cid:2141)(cid:2145)(cid:2138)(cid:2124)(cid:2058)(cid:2128)(cid:2175)(cid:2181)(cid:13449)(cid:12811)(cid:2284)(cid:10302)(cid:3221)(cid:12832)(cid:13592)(cid:2146)(cid:12870)(cid:3502)(cid:2122)(cid:2137)(cid:2103)(cid:2174)(cid:2131)(cid:2116)(cid:2138)(cid:2124)(cid:2058)(cid:2122)(cid:2110)(cid:2165)(cid:13449)(cid:12811)(cid:2167)(cid:10302)(cid:3221)(cid:2131)(cid:2116)
(cid:2138)(cid:2141)(cid:2114)(cid:2057)(cid:7856)(cid:14051)(cid:13592)(cid:12061)(cid:7597)(cid:14061)(cid:2165)(cid:5472)(cid:14488)(cid:2145)(cid:4439)(cid:3372)(cid:2181)(cid:12870)(cid:3502)(cid:2122)(cid:2137)(cid:2103)(cid:2161)(cid:2124)(cid:2058)(cid:3)
(cid:2128)(cid:2165)(cid:2128)(cid:2165)(cid:2057)(cid:4780)(cid:13590)(cid:2145)(cid:4439)(cid:3372)(cid:9414)(cid:12180)(cid:2181)ゝ(cid:9188)(cid:9423)(cid:2142)(cid:8174)(cid:2172)(cid:2122)(cid:2137)(cid:2103)(cid:2114)(cid:2130)(cid:2164)(cid:2142)(cid:2146)(cid:2057)(cid:7755)(cid:3613)(cid:2145)(cid:2257)(cid:2225)(cid:2167)(cid:8065)(cid:12821)(cid:2181)(cid:2141)(cid:2114)
(cid:2124)(cid:2118)(cid:2139)(cid:2138)(cid:2057)(cid:2068)(cid:11940)(cid:3966)(cid:2069)(cid:2181)(cid:2122)(cid:2159)(cid:2172)(cid:2141)(cid:2116)(cid:2175)(cid:2147)(cid:2138)(cid:2112)(cid:2161)(cid:2126)(cid:2182)(cid:2058)(cid:2128)(cid:2175)(cid:2146)(cid:6707)(cid:5579)(cid:2145)(cid:12808)(cid:3060)(cid:2138)(cid:2124)(cid:2058)
(cid:3) (cid:13449)(cid:12811)(cid:2284)(cid:10302)(cid:3221)(cid:2145)(cid:12832)(cid:13592)(cid:2181)(cid:6813)(cid:10359)(cid:13592)(cid:12061)(cid:12832)(cid:7047)(cid:2145)(cid:14543)(cid:2103)(cid:2165)(cid:2145)(cid:2142)(cid:2120)(cid:2126)(cid:2141)(cid:2103)(cid:848)(cid:848)(cid:13449)(cid:6707)(cid:7856)(cid:4252)(cid:3817)(cid:2111)(cid:4439)(cid:7856)(cid:2181)(cid:10457)(cid:5771)(cid:2120)
(cid:2126)(cid:2172)(cid:2175)(cid:2141)(cid:2103)(cid:2145)(cid:2146)(cid:2057)(cid:2165)(cid:2139)(cid:2165)(cid:2139)(cid:2057)(cid:13449)(cid:6707)(cid:7856)(cid:4252)(cid:3817)(cid:2111)(cid:2057)(cid:4439)(cid:7856)(cid:2145)さ(cid:7883)(cid:2138)(cid:2146)(cid:2141)(cid:2114)(cid:2057)(cid:6813)(cid:10359)(cid:2145)(cid:13592)(cid:12061)(cid:12832)(cid:7047)(cid:2145)さ(cid:7883)
(cid:2142)(cid:2165)(cid:2139)(cid:2136)(cid:2114)(cid:2165)(cid:2145)(cid:2131)(cid:2110)(cid:2172)(cid:2138)(cid:2124)(cid:2058)(cid:2068)(cid:11172)(cid:9180)(cid:2141)(cid:10111)(cid:2979)(cid:2069)(cid:2141)(cid:2140)(cid:2139)(cid:2103)(cid:2103)(cid:2161)(cid:2124)(cid:2111)(cid:2057)(cid:5121)(cid:6074)(cid:2146)(cid:2057)(cid:13719)(cid:12180)(cid:2167)(cid:3221)(cid:14172)(cid:3084)♣(cid:2111)(cid:2057)
(cid:2068)(cid:10111)(cid:2979)┞(cid:6245)(cid:2069)(cid:2138)(cid:2101)(cid:2174)(cid:13449)(cid:12811)(cid:2284)(cid:10302)(cid:3221)(cid:2111)(cid:13407)(cid:14889)(cid:2131)(cid:2110)(cid:2172)(cid:2057)(cid:14031)(cid:5555)(cid:2057)ぞ(cid:3650)(cid:10622)(cid:4080)(cid:2167)(cid:7856)(cid:4252)(cid:3817)(cid:2181)(cid:7883)(cid:2164)(cid:2137)(cid:2112)(cid:2130)(cid:2145)(cid:2138)
(cid:2124)(cid:2058)(cid:2122)(cid:2110)(cid:2165)(cid:2057)(cid:6707)(cid:5579)(cid:2145)(cid:13449)(cid:6707)(cid:7856)(cid:4252)(cid:3817)(cid:8245)(cid:3353)(cid:5124)(cid:2146)(cid:2057)(cid:10359)(cid:4439)(cid:6707)(cid:5579)(cid:2167)(cid:13592)(cid:12061)(cid:14061)(cid:3199)(cid:10877)(cid:2141)(cid:2140)(cid:2139)(cid:15910)(cid:15917)(cid:4418)(cid:2165)(cid:2145)(cid:2068)(cid:9926)(cid:5152)
(cid:2145)(cid:3084)(cid:12583)(cid:2069)(cid:2181)(cid:2109)(cid:2118)(cid:2141)(cid:2103)(cid:2057)(cid:2138)(cid:2112)(cid:2101)(cid:2111)(cid:2134)(cid:2130)(cid:7978)(cid:7236)(cid:2146)(cid:2057)(cid:2195)(cid:2258)(cid:2267)(cid:2204)(cid:3329)(cid:2110)(cid:2172)(cid:2068)さ(cid:7883)(cid:2111)┊(cid:2173)㎲(cid:2161)(cid:2175)(cid:2130)(cid:2069)(cid:2139)フ
(cid:3182)(cid:2120)(cid:2175)(cid:2137)(cid:2103)(cid:2130)(cid:2118)(cid:2139)(cid:2111)(cid:2057)(cid:6813)(cid:7047)(cid:3511)(cid:9168)(cid:3496)(cid:2145)(cid:4439)(cid:3084)(cid:2138)(cid:2145)(cid:13275)(cid:3945)(cid:2138)(cid:6842)(cid:2172)(cid:2110)(cid:2142)(cid:2141)(cid:2173)(cid:2161)(cid:2122)(cid:2130)(cid:2058)(cid:10510)(cid:5243)(cid:2057)(cid:13449)(cid:6707)(cid:7856)(cid:4252)
(cid:3817)(cid:2139)(cid:2146)(cid:2057)(cid:13079)(cid:13246)(cid:2141)(cid:13592)(cid:12061)(cid:10046)(cid:3966)(cid:2181)(cid:2141)(cid:2114)(cid:2122)(cid:2130)(cid:2173)(cid:2057)(cid:14799)(cid:2103)(cid:6245)(cid:6736)(cid:6761)(cid:2181)(cid:5793)(cid:3949)(cid:2124)(cid:2174)(cid:2141)(cid:2140)(cid:2057)(cid:13449)(cid:12811)(cid:2167)(cid:10302)(cid:3221)(cid:2145)(cid:4780)(cid:2981)(cid:2141)
(cid:5746)(cid:3690)(cid:2181)(cid:6706)(cid:7320)(cid:2124)(cid:2174)(cid:2118)(cid:2139)(cid:2138)(cid:2057)(cid:4439)(cid:7856)(cid:2145)(cid:4780)(cid:3623)(cid:2141)(cid:9165)(cid:8041)(cid:12832)(cid:13592)(cid:2139)(cid:2122)(cid:2137)ォ(cid:2120)(cid:2175)(cid:2130)(cid:15912)(cid:15913)(cid:15909)(cid:3479)(cid:3525)(cid:2145)(cid:13592)(cid:12061)(cid:12832)(cid:9168)(cid:2181)(cid:2057)
(cid:6813)(cid:7047)(cid:2167)(cid:2195)(cid:2258)(cid:2267)(cid:2204)(cid:2145)(cid:13719)(cid:12180)(cid:2057)(cid:3221)(cid:14172)(cid:3084)♣(cid:2142)(cid:9947)(cid:2122)(cid:7016)(cid:2107)(cid:2171)(cid:2105)(cid:2139)(cid:2103)(cid:2105)(cid:2139)(cid:2103)(cid:2105)(cid:2165)(cid:2145)(cid:2142)(cid:2158)(cid:2110)(cid:2141)(cid:2173)(cid:2161)(cid:2126)(cid:2182)(cid:2058)(cid:3)
(cid:3) (cid:2118)(cid:2182)(cid:2141)(cid:13449)(cid:6707)(cid:7856)(cid:4252)(cid:3817)(cid:2131)(cid:2110)(cid:2172)(cid:2057)(cid:2068)よ(cid:6731)(cid:2145)(cid:11035)(cid:2122)(cid:2069)(cid:2138)(cid:2122)(cid:2110)(cid:11172)(cid:7856)(cid:3496)(cid:3524)(cid:13442)(cid:2124)(cid:2172)(cid:2068)(cid:12565)(cid:5771)(cid:2069)(cid:2138)(cid:2112)(cid:2141)(cid:2110)(cid:2134)(cid:2130)(cid:2145)
(cid:2138)(cid:2124)(cid:2058)(cid:3)
(cid:1552)(cid:1552)(cid:6813)(cid:7047)(cid:3511)(cid:9168)(cid:3496)(cid:2146)(cid:2057)(cid:13449)(cid:6707)(cid:7856)(cid:4252)(cid:3817)(cid:2142)(cid:2112)(cid:2134)(cid:2148)(cid:2173)(cid:3948)(cid:5194)(cid:2122)(cid:2161)(cid:2124)(cid:2058)(cid:3)
(cid:1552)(cid:1552)(cid:13449)(cid:3196)(cid:5243)(cid:2145)(cid:3504)(cid:4439)(cid:2238)(cid:2228)(cid:2233)(cid:2272)(cid:2285)(cid:2208)(cid:2139)(cid:2124)(cid:2156)(cid:2137)(cid:2145)(cid:4439)(cid:7856)(cid:2155)(cid:2145)(cid:4593)(cid:9799)(cid:9423)(cid:13592)(cid:12061)(cid:2214)(cid:2285)(cid:2244)(cid:2218)(cid:2181)(cid:2161)(cid:2165)(cid:2173)(cid:2057)(cid:3642)(cid:9173)(cid:10877)
(cid:2145)(cid:10079)(cid:4628)(cid:2142)(cid:2130)(cid:2134)(cid:2130)(cid:2214)(cid:2285)(cid:2244)(cid:2218)(cid:2145)(cid:4002)(cid:2901)(cid:2181)(cid:2146)(cid:2110)(cid:2173)(cid:2161)(cid:2124)(cid:2058)(cid:3)
9
(cid:1552)(cid:1552)(cid:13449)(cid:6707)(cid:2981)(cid:7439)(cid:2145)(cid:11172)(cid:7856)(cid:3496)(cid:2142)(cid:2171)(cid:2174)(cid:9910)(cid:8760)(cid:3817)(cid:2057)(cid:13373)(cid:6378)(cid:2155)(cid:2145)(cid:13449)(cid:3196)(cid:5243)(cid:14031)(cid:2167)(cid:10947)(cid:4132)(cid:2145)(cid:3764)(cid:4132)(cid:2181)(cid:2167)(cid:2164)(cid:2120)(cid:2126)(cid:2161)(cid:2124)(cid:2058)(cid:5115)
(cid:3399)(cid:2145)(cid:4782)(cid:2902)(cid:2173)(cid:2167)(cid:7439)(cid:9202)(cid:2139)(cid:2145)(cid:2169)(cid:9548)(cid:2142)(cid:2258)(cid:2218)(cid:2181)(cid:2103)(cid:2175)(cid:2161)(cid:2124)(cid:2058)(cid:3)
(cid:3) (cid:4439)(cid:7856)(cid:2145)(cid:2162)(cid:2141)(cid:2120)(cid:2182)(cid:3)
(cid:6813)(cid:7047)(cid:3511)(cid:9168)(cid:3496)(cid:2146)(cid:2057)(cid:2103)(cid:2161)(cid:2145)(cid:3524)(cid:6707)(cid:2057)(cid:4768)(cid:3001)(cid:2145)(cid:2169)(cid:2111)(cid:2162)(cid:2181)(cid:4780)(cid:2165)(cid:2139)(cid:2110)(cid:2172)(cid:2130)(cid:2131)(cid:2124)(cid:6813)(cid:7047)(cid:6701)(cid:14337)(cid:2145)(cid:6494)(cid:7236)(cid:1552)(cid:1552)(1)(cid:4780)
(cid:3066)(cid:7439)(cid:2284)(cid:12800)(cid:9202)(cid:2147)(cid:2110)(cid:2173)(cid:2181)(cid:3457)(cid:13333)(cid:2124)(cid:2174)(cid:6707)(cid:7958)(cid:2181)(cid:6701)(cid:2164)(cid:2057)(cid:9959)(cid:13592)(cid:2145)(cid:3152)(cid:2103)(cid:6785)(cid:2057)(cid:14231)(cid:2164)(cid:6785)(cid:2181)(cid:4439)(cid:7856)(cid:2145)(cid:2114)(cid:2172)(cid:2122)(cid:10144)(cid:2892)(cid:2142)(cid:3623)
(cid:2173)(cid:2110)(cid:2107)(cid:2174)(cid:2139)(cid:2139)(cid:2165)(cid:2142)(cid:2057)(cid:4439)(cid:7856)(cid:2145)(cid:2114)(cid:2172)(cid:2122)(cid:2139)(cid:7562)(cid:3642)(cid:2181)(cid:2161)(cid:2165)(cid:2174)(cid:2268)(cid:2285)(cid:2268)(cid:2181)(cid:9748)(cid:10079)(cid:2124)(cid:2174)(cid:2057)(2)(cid:6813)(cid:10359)(cid:5101)(cid:3221)(cid:7082)(cid:10449)(cid:15922)(cid:6813)
(cid:10359)㌱(cid:2981)(cid:3997)┍(cid:2181)(cid:2141)(cid:2114)(cid:2122)(cid:2137)(cid:2057)(cid:2912)(cid:9202)(cid:2138)(cid:2165)(cid:2112)(cid:2178)(cid:2131)(cid:2134)(cid:2130)(cid:2068)(cid:2195)(cid:2258)(cid:2267)(cid:2204)(cid:2103)(cid:2103)(cid:2141)(cid:2173)(cid:2069)(cid:6707)(cid:7958)(cid:2181)(cid:6775)(cid:2132)(cid:3623)(cid:2173)(cid:2057)(cid:2912)(cid:9202)
(cid:2139)(cid:2195)(cid:2217)(cid:2195)(cid:2145)(cid:5554)(cid:4080)(cid:2284)(cid:3946)(cid:4845)(cid:2142)(cid:12801)(cid:8865)(cid:2124)(cid:2174)(cid:6813)(cid:7047)(cid:2142)(cid:2124)(cid:2174)(cid:2057)(3)(cid:6143)(cid:7978)(cid:2145)(cid:5554)(cid:4080)(cid:2284)(cid:3014)(cid:7562)(cid:2284)(cid:7856)(cid:2937)(cid:2145)(cid:8998)(cid:5837)(cid:2181)(cid:4439)(cid:2145)(cid:6707)
(cid:7958)(cid:2145)(cid:4593)(cid:7047)(cid:2142)(cid:2124)(cid:2107)(cid:2174)(cid:2118)(cid:2139)(cid:1552)(cid:1552)(cid:2145)(cid:5121)(cid:8991)(cid:2181)(cid:2164)(cid:2121)(cid:2122)(cid:2137)(cid:2103)(cid:2161)(cid:2124)(cid:2058)(cid:2118)(cid:2105)(cid:2103)(cid:2105)(cid:11172)(cid:7856)(cid:3496)(cid:6707)(cid:7958)(cid:2145)(cid:4780)(cid:2165)(cid:2139)(cid:2181)(cid:7743)(cid:2124)
(cid:6701)(cid:14337)(cid:2145)(cid:6494)(cid:7236)(cid:2181)(cid:2165)(cid:2134)(cid:2137)(cid:2103)(cid:2174)(cid:2110)(cid:2172)(cid:2118)(cid:2128)(cid:2057)(cid:11172)(cid:7856)(cid:3496)(cid:6707)(cid:7958)(cid:2139)(cid:2165)(cid:2057)(cid:2068)(cid:11172)(cid:7856)(cid:3496)(cid:4533)(cid:6707)(cid:7958)(cid:2069)(cid:2145)(cid:10557)(cid:6278)(cid:2139)(cid:2165)┷(cid:7743)(cid:14331)(cid:2110)
(cid:2172)(cid:5194)(cid:7916)(cid:2122)(cid:2137)(cid:2057)(cid:4439)(cid:7856)(cid:2145)(cid:3642)─(cid:2181)(cid:2161)(cid:2165)(cid:2174)(cid:2130)(cid:2164)(cid:2142)(cid:2111)(cid:2182)(cid:2147)(cid:2173)(cid:10558)(cid:2116)(cid:2174)(cid:2118)(cid:2139)(cid:2111)(cid:2138)(cid:2112)(cid:2161)(cid:2124)(cid:2058)
(cid:3) (cid:6813)(cid:7047)(cid:3511)(cid:9168)(cid:3496)(cid:2146)(cid:2057)(cid:10510)(cid:3496)(cid:3047)(cid:7086)83(cid:5555)(cid:14051)(cid:2057)(cid:2140)(cid:2182)(cid:2141)(cid:13261)(cid:5136)(cid:2142)(cid:2165)(cid:5247)(cid:2126)(cid:2125)(cid:2142)(cid:2068)(cid:3948)(cid:6219)(cid:5554)(cid:4080)(cid:2069)(cid:2181)(cid:2135)(cid:2172)(cid:2143)(cid:2103)(cid:2137)(cid:2112)
(cid:2161)(cid:2122)(cid:2130)(cid:2058)(cid:8163)(cid:8353)(cid:2284)(cid:7856)(cid:2937)(cid:2937)(cid:10823)(cid:2181)(cid:11172)(cid:2172)(cid:5797)(cid:5575)(cid:2122)(cid:2137)(cid:5121)(cid:12180)(cid:2122)(cid:2137)(cid:2112)(cid:2161)(cid:2122)(cid:2130)(cid:2058)(cid:2140)(cid:2182)(cid:2141)(cid:4768)(cid:4439)(cid:2142)(cid:2171)(cid:2174)(cid:4472)(cid:3719)(cid:2057)(cid:5553)(cid:8166)
(cid:2165)(cid:2146)(cid:2144)(cid:2145)(cid:2116)(cid:2137)(cid:2057)(cid:11172)(cid:2937)(cid:8826)(cid:10079)(cid:2145)(cid:3496)(cid:2139)(cid:2122)(cid:2137)(cid:2111)(cid:2182)(cid:2147)(cid:2173)(cid:10558)(cid:2116)(cid:2137)(cid:2112)(cid:2161)(cid:2122)(cid:2130)(cid:2058)
(cid:3)(cid:2068)(cid:4439)(cid:7856)(cid:2145)(cid:11350)(cid:14252)(cid:2101)(cid:2174)(cid:2139)(cid:2118)(cid:2176)(cid:6813)(cid:7047)(cid:3511)(cid:9168)(cid:3496)(cid:2101)(cid:2173)(cid:2069)(cid:2058)(cid:2118)(cid:2175)(cid:2111)(cid:9910)(cid:2130)(cid:2132)(cid:2145)(cid:10079)(cid:3496)(cid:2145)(cid:10405)(cid:9852)(cid:2138)(cid:2124)(cid:2058)(cid:2118)(cid:2145)(cid:10079)(cid:4628)(cid:2138)(cid:2057)
(cid:4439)(cid:7856)(cid:2145)(cid:2162)(cid:2141)(cid:2120)(cid:2182)(cid:2139)(cid:2139)(cid:2165)(cid:2142)(cid:2057)(cid:5594)(cid:7856)(cid:4780)(cid:4684)(cid:9959)(cid:2057)(cid:6143)(cid:7978)(cid:6701)(cid:5959)(cid:2141)(cid:2140)(cid:2181)(cid:2124)(cid:2124)(cid:2164)(cid:2174)(cid:2068)(cid:2982)(cid:4780)(cid:6707)(cid:3496)(cid:2069)(cid:2142)(cid:2130)(cid:2132)(cid:2163)(cid:2110)
(cid:2105)(cid:2057)(cid:2130)(cid:2122)(cid:2110)(cid:2141)(cid:13589)(cid:3496)(cid:2139)(cid:2122)(cid:2137)(cid:4834)(cid:14098)(cid:2122)(cid:2161)(cid:2124)(cid:2058)(cid:2140)(cid:2105)(cid:2110)(cid:2057)(cid:2162)(cid:2141)(cid:2120)(cid:2182)(cid:2145)(cid:4780)(cid:2112)(cid:2141)(cid:2119)(cid:6693)(cid:6362)(cid:2057)(cid:2119)(cid:6693)(cid:6516)(cid:2181)(cid:2109)(cid:14498)(cid:2103)
(cid:2122)(cid:2161)(cid:2124)(cid:2058)
(cid:3) (cid:3) (cid:3) (cid:3) (cid:3) (cid:3) (cid:3) (cid:3) (cid:3) (cid:3) (cid:3) (cid:3) (cid:3) (cid:3) (cid:3) (cid:3) (cid:3) (cid:3) (cid:3) (cid:3) (cid:3) (cid:3) (cid:3) (cid:3) (cid:3) (cid:3) (cid:3) (cid:3) (cid:3) (cid:3) (cid:3) (cid:3) (cid:3) (cid:3) (cid:3) (cid:3) (cid:3) (cid:3) (cid:3)
10",,
71220_200908,"「国民が主人公」の
新しい日本を
日本共産党の
総選挙政策
2009年7月28日
目 次
（国民へのアピール）
自公政権を終わらせる“審判”をくだし、新しい日本の進路の“選択”を
自公政権を終わらせる“審判を”――日本共産党はそのために全力をあげます …5
自公政治に代わる新しい政治、日本の進むべき道の“選択”を――日本共産党は２つの改革の旗印
をかかげます …5
１、国民のくらしと権利を守る「ルールある経済社会」を …5
２、憲法9条を生かす自主・自立の外交で、世界とアジアに貢献する日本に …8
日本共産党は、「国民が主人公」の新しい政治めざして「３つの仕事」をすすめます …10
「国民が主人公」の新しい日本をめざす日本共産党の基本政策 …12
【１】財界・大企業中心の政治をただし、くらしと権利をまもる「ルールある経済社会」を築きます
１、人間らしく働けるルールをつくり、安心して働き続けられる社会に …12
（１）大企業に雇用への社会的責任を果たさせ、無法な「非正規切り」やリストラ、雇用破壊をや
めさせます …12
（２）失業者への生活援助を抜本的に強化します …13
（３）新しい雇用の創出と再就職支援にとりくみます …13
（４）労働者派遣法の抜本改正をはじめ、雇用の安定と労働者の権利をまもる労働法制に …14
（５）長時間・過密労働を是正し、過労死を根絶します …14
（６）最低賃金の引き上げ、公契約法（条例）などで「働く貧困層」をなくします …14
２、くらしを支え、生存権を保障する社会保障制度に――削減から拡充への大転換を …14
（１）医療にかかる負担を軽減し、“医療崩壊”の危機を打開します …15
①後期高齢者医療制度を廃止します
②先進国では当たり前の“窓口負担ゼロ”をめざして、負担軽減をすすめます
③“医療崩壊”の危機を打開し、安心してかかれる医療体制を確立します
（２）最低保障年金制度をつくり、無年金・低年金問題の解決をはかります …16
（３）安心して利用できる介護制度への抜本的見直しをすすめます …16
（４）障害者自立支援法を廃止し、障害者福祉・医療を拡充します …17
（５）貧困の実態を国が把握し、憲法25条の生存権を保障する生活保護に …17
３、安心して子育てできる社会に――総合的な子育て支援をすすめます …17
（１）子育てと仕事が両立できる社会に …17
（２）医療費無料化、児童手当を現行の２倍の月１万円に …18
（３）教育費負担を軽減し、経済的理由で学業をあきらめる若者をなくします …18
（４）生活保護母子加算の復活、就学援助、児童扶養手当の拡充など、「子どもの貧困」の克服に力
- 2 -
をつくします …18
４、中小企業を応援する政治へ本格的な転換をはかります …19
（１）景気悪化から中小企業をまもる４つの緊急課題に取り組みます …19
（２）日本経済の基盤をささえる中小企業への支援を抜本的に強化します …19
（３）地域に密着した生活・福祉型公共事業で仕事と雇用を生み出します …21
５、農林漁業の再生で食料自給率を高め、｢安全な食料を日本の大地から｣を実現します …21
（１）安心して農業・漁業にはげめるよう価格保障・所得補償を実施します …22
（２）農林漁業の担い手を育成し、後継者確保のために就業援助を強めます …22
（３）関税など国境措置を維持・強化し、「食料主権」を保障する貿易ルールに …23
（４）都市農業、中山間地農業にたいする支援を強化します …23
（５）農業者・消費者の共同を広げ、「食の安全」と地域農業の再生をめざします …23
６、地球温暖化をくいとめる国際的な責任を果たし、地球環境を守ります …23
（１）基準年を1990年から2005年に変更するごまかしをやめ、2020年までに温室効果ガスを30％
削減する中期目標を設定します …24
（２）最大の排出源である産業界に対し、公的削減協定など実績のある施策を実施します …24
（３）自然エネルギーの活用を大幅に拡大します …24
７、国民サービスの拡充、どんな利権も許さない郵政事業に――郵政民営化を中止します …25
８、消費税増税に反対し、軍事費・大型公共事業などの無駄をなくし、大企業・大資産家に応分の
負担を求めて、社会保障などの財源を確保します …26
（１）消費税増税に反対します …26
（２）軍事費・大型公共事業などの歳出の無駄をなくします …26
（３）大企業・大資産家に「能力に応じた税負担」を求めます …26
※税金のムダ遣いを改めるなど歳出の改革で５兆円。大企業・大資産家への行き過ぎた減税の見直
しなど歳入の改革で7兆円。あわせて12兆円の財源を確保する。
【２】憲法９条を生かした自主・自立の平和外交で、世界とアジアに貢献する日本をつくります。日米
安保条約＝日米軍事同盟を廃棄し、アメリカと対等・平等の関係をつくります …28
（１）地球上から核兵器をなくすために積極的な役割をはたします …28
（２）核密約の全ぼうを公開させ、名実ともに「非核の日本」を実現します …28
（３）北朝鮮の核開発を放棄させるために、６カ国協議の再開を求め、日朝両国間の諸問題の解決
のために力をつくします …29
（４）憲法９条に反する自衛隊の海外派兵を中止します …30
（５）米軍基地強化・永久化に反対し、基地のない平和な日本を実現します …31
（６）憲法改悪を許さず、憲法の全条項をまもり、平和・人権・民主主義の条項の完全実施をはか
ります …32
（７）憲法９条にもとづく自主・自立の外交をすすめます …33
（８）日米安保条約をなくして、独立・平和の日本を築き、アメリカと対等・平等の新しい関係を
つくります …34
- 3 -
【３】民主主義がつらぬかれ、人権が大切にされる社会をつくります …34
１.世界でも異常な女性への差別をなくし、「両性の平等」を社会に徹底します …34
（１）企業の女性差別や不利益扱いを許さず、差別是正のための法改正をすすめます …35
（２）女性も男性も仕事と家庭の責任をはたせるよう社会的援助を強めます …35
（３）男女平等・人権尊重・民主主義をすべての分野につらぬきます …35
２.すべての子どもの成長発達をささえる教育に転換します …35
（１）競争とふるいわけの教育を根本から是正します …35
（２）子どもの豊かな成長を保障します …36
（３）豊かな教育条件を実現します …36
（４）「子どもの貧困」を克服し、国民の教育費負担を軽減します …36
（５）憲法が保障する教育の自由と自主性をまもりぬきます …36
３.「国民が主人公」の立場で国の政治・行政の仕組みを改革します …36
（１）政治腐敗の温床＝企業・団体献金を即時・無条件に禁止します …36
（２）国民の税金を政党が分け取りする政党助成金制度を廃止します …37
（３）民意を切り捨てる比例代表定数削減に反対し、選挙制度の民主的改革をおこないます …37
４.政官財のゆ着を断ち切り、国民に奉仕する公正で清潔な行政を実現します …37
５.「地方分権」というなら切り捨てをやめ、財源を保障して地方自治の発展を …39
（１）福祉、教育などへの国の責任放棄を許さず、地方財源を保障します …39
（２）道州制導入とさらなる市町村再編に反対します …39
- 4 -
国民へのアピール
自公政権を終わらせる“審判”をくだし、新しい日本の進路の
“選択”を
いよいよ総選挙です。こんどの選挙は、主権者国民が、自公政権に退場を求めるきっぱりした“審
判”をくだすとともに、自公政治に代わる新しい政治のあり方、日本の進路を“選択”する歴史的な
選挙です。自公政治を退場させ、「国民が主人公」の新しい政治を――この願いを日本共産党に託して
ください。
自公政権を終わらせる“審判”を――日本共産党はそのために全力をあげます
いまや「自公政治ノー」は圧倒的多数の国民の声となっています。国民が自公政権を見放している
のは、首相の資質や政権運営の失態などの個々の問題に原因があるだけではありません。
自公政治のもとで、国民のくらしの安心が奪われ、明日への希望さえも奪われてきました。「使い捨
て」の不安定雇用が全労働者の３人に１人にまで広がり、年間を通じて働いても年収２００万円にも
満たない「働く貧困層」が１０００万人を超えています。「人間はモノではない」「若者から夢と希望
を奪う社会でいいのか」――切実で深刻な声が沸き起こっています。社会保障予算を連続的に削減し、
制度の改悪を繰り返した政治によって、医療も、年金も、介護も、どの制度も深刻な危機にさらされ、
医療難民、介護難民などといわれるような事態まで広がっています。庶民には年間で５兆円の増税、
大企業と大資産家に年間７兆円もの減税が実施されるなど、弱肉強食の政治が貧困と格差に追い打ち
をかけています。農業と中小企業の経営が立ち行かなくなり、地域経済は深刻な疲弊へと追いやられ
ています。政府の調査でも６割の国民が「くらしが苦しくなっている」と訴えています。
こんな政治が続けば国民のくらしは土台から崩され、日本の経済も社会も衰退してしまう――この
不安と怒りが「自公政権は退場せよ」という大きな流れとなっているのではないでしょうか。自公政
権が続くことは国民にとって百害あって一利なしです。日本共産党は、どんな問題でも、自公政権に
正面から対決してきた政党として、自公政権を退場に追い込むために全力をあげます。国民の手で決
定的な審判をくだそうではありませんか。
自公政治に代わる新しい政治、日本の進むべき道の“選択”を――日本共産党は二つの改革の旗
印をかかげます
同時に、こんどの総選挙は、自公政治を終わらせた後、それに代わるどのような新しい政治をつく
るのか、新しい政治の進路を国民のみなさんが選択する選挙です。
日本共産党は、自公政権を終わらせた後、日本の政治が取り組むべき二つの改革の「旗印」――①
国民のくらしと権利をまもる「ルールある経済社会」を築く、そのために異常な財界・大企業中心の
政治を転換する、②憲法９条を生かした自主・自立の平和外交でアジアと世界に貢献する、そのため
に異常な「日米軍事同盟絶対」の政治から脱却する――を掲げてこの総選挙をたたかいます。
１、国民のくらしと権利をまもる「ルールある経済社会」を
- 5 -
世界的な経済危機の中で、日本の経済社会のあり方が根本から問われています。世界不況のなかで、
ヨーロッパでも失業が大問題になっていますが、首都のど真ん中に「派遣村」ができたのは日本だけ
です。貧困と格差が広がり、まじめに働き、つましくくらしてきた人たちが、失業や倒産、病気など
で簡単に貧困に陥ってしまう――日本では、経済危機の影響が特に残酷な形で現れています。これは、
日本には国民のくらしをまもるまともなルールがなく、大企業の横暴勝手な行動が他の資本主義国に
比べても野放しにされているためです。今こそ、こうした異常な財界・大企業中心の政治を根本から
あらため、雇用、社会保障、中小企業、農林水産業、税制など経済のあらゆる分野で、国民のくらし
と権利をまもるルールをつくる道にすすむべきです。
人間らしく働けるルールを築きます……さんざん安い賃金で働かせ、不況になったらモノのように
「使い捨てる」、その一方で、「サービス残業」「名ばかり管理職」など違法行為による長時間労働がは
びこり、過労死・過労自殺が後を絶たない――こんな働かせ方で、日本の経済、社会、そして企業そ
のものに未来があるでしょうか。
「派遣村」も、過労死も、自然災害ではありません。財界いいなりに労働法制の規制緩和をすすめ、
安定した雇用を壊して、不安定雇用に置き換えてしまった政治の責任が問われています。労働者派遣
法を抜本改正し「『雇用は正社員』が当たり前の社会」にしていく、同じ労働なら同じ賃金・休暇が保
障される「均等待遇のルール」をつくる、法律で残業時間を規制し長時間労働をただして「過労死」
をなくす、雇用・失業保険の抜本的な充実など、ヨーロッパでは当たり前になっている人間らしい労
働のルールをつくります。
くらしを支え、命と健康をまもる社会保障制度にたて直します……もともと日本の社会保障はヨー
ロッパなどと比べても貧弱だったうえに、自公政権が毎年、毎年２２００億円もの社会保障予算を削
減してきたために、日本の社会保障制度は、世界でも例がない異常な事態が、あらゆる分野で引き起
こされるまでになっています。
日本のように医療費の窓口負担が通院でも入院でも３割もかかるという国は、他の先進国にはあり
ません。多くは無料か少額の定額制です。後期高齢者医療制度という高齢者を別枠の保険制度に囲い
込んで差別医療を強いる制度をつくったのも、日本だけです。年金を受給するのに２５年も保険料を
払い続けなければならない国もありません。「加入期間」を設けていない国も多く、設けていても５〜
１０年程度です。「障害者自立支援」の名で、障害者福祉にまで応益負担を持ち込み、障害が重い人ほ
ど負担が重くなるなどという制度をつくったのも日本だけです。
しかも、所得の少ない人、生活に困窮している人が社会保障制度から排除されています。健康保険
証の取り上げが３４万世帯にのぼり、雇用保険を受けられる失業者は２割程度、生活保護でさえ受け
る必要がある人の１〜２割しか受給していないとされています。
お金のあるなしで格差をつけず、誰もが平等に必要な給付を受けられる社会保障のルールを確立し、
憲法２５条の生存権を保障する社会保障制度へと抜本的に拡充をはかります。
消費税増税に反対、軍事費や大型開発などのムダをなくすとともに、大企業・大資産家へのゆきす
ぎた減税を見直して、社会保障などの財源を確保します……自公政権は、「福祉のための財源だから仕
方がない」と言って、２０１１年度までに消費税を増税する法案を通すとしています。消費税は、導
入の時も、５％への増税の時も「社会保障のため」が口実でした。しかし、消費税導入後の２０年間
で「良くなった」という社会保障制度が一つでもあるでしょうか。この間に、国民が払った消費税は
- 6 -
総額２１３兆円ですが、同じ時期に法人３税の税収は１８３兆円も減っています。消費税は、大企業
への減税の穴埋めにされたのです。
消費税の増税は、「派遣切り」された失業者にも、生活保護の母子加算を切られて苦しい生活を強い
られている親子にも、月に数万円の国民年金しか収入がない高齢者にも、容赦のない増税です。所得
が少ない人ほど重い負担となる増税、貧困と格差を拡大する増税で「社会保障の財源をつくる」とい
うのは本末転倒です。だから私たちは、「消費税増税は最大の福祉破壊増税」だと訴えています。しか
も、消費税増税は最大の景気破壊増税です。日本共産党は、消費税増税に反対をつらぬきます。
消費税増税に頼らなくても、安心できる社会保障のための財源をつくることはできます。
まず、税金の無駄遣いをなくすことです。年間５兆円にものぼる軍事費に“軍縮のメス”を入れま
す。とりわけ、米軍への年間２８００億円にものぼる「思いやり予算」や米国のグアムにつくる基地
建設費用など「米軍再編」に３兆円もの税金を注ぎ込む計画は、即刻やめるべきです。大型開発の無
駄、政官財のゆ着や特権による浪費、そして政党助成金などの税金の無駄遣いにも、徹底的なメスを
いれるべきです。
もう一つは、大企業・大資産家へのゆきすぎた減税を見直し、応分の負担を求めることです。自公
政権は、庶民には保険料の値上げや増税を押しつける一方で、大資産家や大企業への減税を繰り返し
てきました。証券優遇税制は、大資産家の株式配当や譲渡所得には、何億円の所得があっても１０％
しか課税しません。アメリカ２５％、フランス３０％からみても異常な金持ち優遇税制です。大企業
の税金と社会保険料の負担は、ドイツやフランスの７〜８割にすぎません。大企業や大資産家へのゆ
きすぎた減税を見直し、特権をなくし、所得に応じた負担で社会保障を支える、これが当たり前のや
り方です。
こうした歳出・歳入の改革をすすめれば１２兆円の財源を生み出すことができます。消費税増税な
どに頼らなくても社会保障や国民のくらしを支える財源はしっかりつくれます。どうか安心して消費
税増税反対の声をあげてください。その声を日本共産党に託してください。
「財界・大企業中心」の政治をただしてこそ、国民のくらしはまもれます……どうして、日本に「働
く貧困層」が広がり、「使い捨て」の働かせ方がこれほどまでに広がってしまったのでしょうか。その
出発点は、１９９５年に財界（日経連＝現・日本経団連）が、「新時代の『日本的経営』」という雇用
戦略を発表し、これを受けて労働者派遣法をはじめ、労働法制の規制緩和が次々におこなわれたから
です。
日本の社会保障をここまで貧しくした社会保障予算の連続削減政策も、日本経団連会長が、経済財
政諮問会議のメンバーとしての地位を利用して「社会保障については、大胆な制度改革を前提として
要求基準を定めるべき」だという号令を出したのがきっかけでした。
消費税の増税と法人税の減税を政府に要求し続けているのも財界です。２００３年１月に発表され
た日本経団連の提言「活力と魅力溢れる日本をめざして」は、「消費税率１６％」と「法人税の大幅引
き下げ」「企業の社会保険料負担をなくす」をセットにした要求をしています。
どんな問題でも大もとには、財界・大企業の身勝手な要求、違法・脱法行為も平然と繰り返す横暴
な態度があります。
「財界・大企業中心の政治」をただすには、何よりも、企業献金を禁止することが必要です。お金
をもらっていて「財界・大企業にモノを言う」ことはできません。しかも、いま日本経団連は、献金
- 7 -
をするときに政党の政策の「通信簿」までつけて、財界の要求により近い政党ほど多くの献金をする
という方針をとっています。巨額のひもつき献金に頼っているようでは、「モノを言われる」だけにな
ってしまいます。
また、経済財政諮問会議とか規制改革会議など、経団連会長をはじめ財界の首脳と政府寄りの学者、
そして官僚がいっしょになって、財界の利益最優先の政策を、日本経済全体のまともな方針だとして
押しつける仕組みをなくすことが必要です。政府のもとに設置される各種の審議会などは、日本社会
を公正に代表できるものにするべきです。この立場から現行制度の抜本的見直し・改革をおこないま
す。
さらに、日本の政治は、アメリカからの経済要求、対日要求にとても弱いという特徴があります。
郵政民営化も、日本の財界、銀行や保険業界だけでなくアメリカの保険業界からの強い要求で、ブッ
シュ大統領と小泉首相の日米首脳会談の議題にまでなっていました。アメリカ政府が日本をあたかも
属国のようにして「年次改革要望書」を毎年送りつけてくるような仕組みをなくすことも必要です。
「財界・大企業にモノが言える党」が必要です……こうした政策を果断にすすめる「財界・大企業
にモノが言える党」が必要です。日本共産党は、「雇用をまもれ」、「働いてきた人たちを路頭に迷わせ
るな」と、日本経団連にもトヨタやキヤノンなどの大企業にも堂々と申し入れました。大企業の違法・
不法な「非正規切り」には、国会できびしく追及するとともに、立ち上がった労働者と連帯し、労働
組合とも力をあわせて雇用破壊とたたかっています。
２、憲法９条を生かす自主・自立の外交で、世界とアジアに貢献する日本に
世界はいま大きく変わりつつあります。イラク戦争の失敗は、アメリカ一国がわがもの顔に世界を
支配しようとする「一国覇権主義」の時代が終わったこと、軍事力にものをいわせて世界の問題を“解
決”するやり方がもはや通用しないことをはっきりとしめしています。これに代わって、国連憲章に
もとづく新しい世界秩序への流れが大きく広がりつつあります。アジアでは、ＥＵ（欧州連合）が東
南アジア友好協力条約（ＴＡＣ）に加入を決め、アメリカも条約に署名しました。これによってＴＡ
Ｃ加入国は５２カ国、世界人口の７割近くに増え、世界を覆う一大潮流となります。また、アメリカ
大陸でも、「米国の裏庭」といわれた中南米の歴史に終止符がうたれ、対等・平等の新たな友好関係の
構築が日程にのぼりはじめています。
日本は、“戦争はしない”“国際紛争は平和的に解決する”ことを憲法に明記している国です。この
憲法９条をまもり生かして、世界の前向きの変化を促進し、世界とアジアの平和に貢献する日本をめ
ざします。
地球上から核兵器をなくすために積極的な役割を果たします……いま、人類の悲願である「核兵器
のない世界」をめぐって、世界の歴史の劇的な変化への大きな一歩が刻まれつつあります。オバマ米
大統領が４月にプラハでおこなった演説は、世界に大きな問題を提起しました。オバマ演説は、アメ
リカの大統領として初めて、「核兵器のない世界」を追求することを米国の国家目標にすると宣言しま
した。そして、広島・長崎への核兵器使用が人類的道義にかかわる問題であることを初めて表明しま
した。そのうえでオバマ演説は、核兵器廃絶にむけた世界の諸国民の協力を呼びかけています。
日本共産党の志位委員長は、この演説を歴史的意義をもつものとして重視し、オバマ大統領にあて
て、「核兵器廃絶のための国際条約の締結をめざして、国際交渉を開始するイニシアチブを発揮するこ
と」、「２０１０年の（ＮＰＴ＝核不拡散条約）再検討会議において、核保有国によって、核兵器廃絶
- 8 -
への『明確な約束』が再確認されること」を求める書簡を送りました。これにたいして米国政府から、
書簡への感謝を表明し、「この問題（核兵器のない世界）にたいするあなたの情熱をうれしく思う」と
のべる返書が届けられました。私たちは、「核兵器廃絶をめざす国際交渉を開始せよ」の声と運動を広
げるために全力をつくします。
この問題での自公政権の対応は、時代の巨大な流れにまったく逆行するものです。核兵器廃絶にむ
けて歴史が動きはじめているときに、核兵器廃絶のためのイニシアチブをなにひとつとらず、米国の
核戦力への依存を繰り返し求める態度をとっています。「唯一の被爆国」の政府として恥ずかしいかぎ
りです。
「核密約」を全面公開させ、「非核の日本」を実現します……そればかりではありません。日米間の
核密約問題をめぐって、複数の外務次官経験者が「密約はあった」と証言するなど、日本への核持ち
込みの「黙認」を取り決めた密約の存在が、いまあらためて国民の批判を浴びています。ところが麻
生政権は、あくまでも「密約はない」と言い逃れようとしています。こんなでたらめは絶対に許せま
せん。核密約に関するすべての記録を公開してきっぱりと廃棄し、今後、いかなる形であれ、核兵器
を積んだ軍艦や航空機の日本への寄港や一時乗り入れを認めない態度を明らかにすべきです。
同時に、この問題をめぐって、わが国の「国是」とされてきた「非核三原則」（つくらず、持たず、
持ち込ませず）を見直して、核持ち込みを公然と認めよという動きが強まっていることも見逃せませ
ん。世界で「核兵器のない世界」への巨大なうねりが広がりつつあるまさにそのときに、「非核三原則」
に風穴をあける――被爆国日本が絶対にやってはならないことであり、世界史への重大な逆行です。
日本共産党は、「非核三原則」を順守させ、名実ともに「非核の日本」を実現するために全力をつくし
ます。
北朝鮮が５月におこなった核実験は、北朝鮮に「核実験を実施しないこと」を求めた国連安保理決
議に違反するとともに、国際世論と、国際政治で新たに広がりつつある核兵器廃絶への具体的前進の
機運に挑戦するものです。日本共産党は、北朝鮮の行動に対してきびしく抗議しています。名実とも
に「非核の日本」をつくりあげてこそ、「核兵器のない世界」の実現にむけて、被爆国日本の政府がそ
れにふさわしいイニシアチブを発揮できます。また北朝鮮との関係でも、相手に対して「核兵器を捨
てよ」と求める強い立場に立てます。
「軍事偏重」「日米同盟絶対」外交から、憲法９条にもとづいて世界の前向きの変化を促進する外交
に転換します……世界が前向きに変化しているときに、自公政権は、“軍事偏重”でやみくもに海外派
兵を押しすすめ、憲法を改悪して、日本を「海外で戦争をする国」にしようとする動きを強めていま
す。憲法９条がめざす「戦争のない世界」の理想が、まさに世界政治の現実の流れとなりつつあるな
かで、世界にさきがけて憲法９条を掲げたその日本が、軍事偏重の政治にいつまでもしがみついてい
ていいのかが正面から問われています。
日米安保条約＝日米軍事同盟を廃棄し、アメリカと対等・平等の関係をつくります……自公政権の
「軍事偏重」政治の大もとに、日米安保条約＝日米軍事同盟があります。日米安保条約は、世界とア
ジアの軍事緊張を高めるとともに、沖縄をはじめ日本中で「基地あるがゆえ」の苦しみを国民に押し
つけています。
世界が変化するなかでわが国が進むべきは、日米安保＝日米軍事同盟を廃棄し、憲法９条にもとづ
いて世界とアジアの平和に貢献する道です。アメリカとの関係も、戦後６０年余続いてきた「対米従
- 9 -
属」から抜け出して、対等・平等の日米友好条約を結びます。
国民のみなさん
自公政治に代わる根本的対案――二つの改革の「旗印」を掲げ、行動する日本共産党を伸ばし、安
心と希望の新しい日本をつくろうではありませんか。
日本共産党は、「国民が主人公」の新しい政治めざして「三つの仕事」をすすめます
こんどの総選挙で、民主党中心の政権ができる可能性が大きいことは事実です。民主党とは、「財界
中心」「軍事同盟絶対」の政治など、国の政治の根本的な問題で立場の違いがあります。民主党の政策
は、後期高齢者医療制度の廃止など個々には日本共産党と一致する部分もあります。同時に、憲法改
定や消費税増税など容認できない政策も表明しています。そこで、民主党中心の政権がつくられた際
には、日本共産党は、建設的野党としての立場を堅持し、国民の利益にてらして、「良いものには賛成、
悪いものにはきっぱりと反対」という態度でのぞみ、次の三つの仕事に取り組みます。
国民の願いを実現する「推進者」として、積極的な提言で国政を動かします……切実な国民の要求
を実現するために、積極的提言をおこない、その実現のために、一致点で協力し、政治を前に動かす
「推進者」の仕事を果たします。
日本共産党は、労働者派遣法の抜本改正、後期高齢者医療制度の廃止、障害者自立支援法の廃止に
よる応益負担の撤回、食料自給率の向上をめざした農産物の価格保障・所得補償の実施、中小企業支
援の拡充、米軍基地の縮小・撤去、地球的規模での核兵器廃絶へのイニシアチブの発揮など、国民の
立場に立った積極的提言をおこない、その実現のために、一致する点での共同をすすめます。
消費税増税、憲法改定の推進、衆院比例代表の削減など、間違った政治を許さない「防波堤」の役
割を果たします……すでに民主党が表明している、国民を苦しめ、日本と世界の平和に逆行する危険
な諸政策を具体化させる動きがおこった時には、それを許さない「防波堤」の役割を果たします。
民主党は、「年金財源のため」として消費税増税が必要という立場を表明しています。憲法でも、民
主党の鳩山代表は、「新憲法試案」で９条２項を削除して「自衛軍」を書きこむという主張をしていま
す。非核三原則でも、アメリカとの「密約」が動かしがたい事実となったことを理由にして、「持ち込
ませず」の原則をはずして、「二原則」に後退させてしまうという考えを鳩山代表は表明しています。
さらに民主党は、比例代表選挙の定数を８０削減するとしています。直近の国政選挙の得票で試算
すると、自民・民主の「二大政党」が、６７・６％の得票で衆議院の議席の９５・３％を占めること
になります。共産党をはじめ他の政党は、３２・４％の比例得票があっても、議席はわずかに４・７％
になってしまいます。民意を切り捨て、議会制民主主義の根本を覆す動きを許すわけにはいきません。
日本共産党は、くらし、平和、民主主義を壊すような暴走が始まれば、これに正面から立ちはだか
ります。こうした問題でも、一致点での政党間の協力をすすめるとともに、広く国民世論を喚起し、
国民の運動と共同してたたかいの先頭にたちます。
「国民が主人公」の民主的な政権に向けた国民的な共同をすすめます……世界も日本も大きな激動
の時代に入っています。これまでのような「財界・大企業中心」、「軍事同盟絶対」の政治では、大き
な時代の変化に対応できません。日本共産党は、国民のくらしと権利をまもる「ルールある経済社会」
を築く、憲法９条を生かした「自主・自立の平和外交」で世界とアジアの平和に貢献する国になる―
- 10 -
―こうした方向での国民的共同を広げます。
日本共産党がこの総選挙で躍進すれば、いまの激動の時代に、「国民が主人公」の民主的政権＝民主
連合政府への大きな一歩を踏み出す道が開かれます。
国民のみなさん
日本共産党を伸ばして、「自公政権退場」の“審判”をくだし、新しい日本の進路を“選択”してく
ださい――私たちは、このことをすべての有権者に訴えます。比例代表では日本共産党と書いていた
だき、国民の立場でスジを通す党を伸ばしてください。日本共産党を伸ばしてこそ、自民党政治に代
わる新しい政治、「国民が主人公」の新しい日本に踏み出すいちばんの力になります。国民のくらしを
まもり、願いを実現する政治をすすめる力にもなります。みなさんのご支持、ご支援を心からお願い
します。
- 11 -
「国民が主人公」の新しい日本をめざす日本共産党の基本政策
【１】財界・大企業中心の政治をただし、くらしと権利をまもる「ルー
ルある経済社会」を築きます
１、人間らしく働けるルールをつくり、安心して働き続けられる社会に
雇用情勢は悪化の一途をたどり、厚生労働省の調査でも、昨年１０月から今年９月までに失職する
非正規労働者は２２万３千人にのぼり、リストラの波は正社員にも広がっています。自動車、電機な
どの大手製造業２０社だけで、この半年間に８万７千人の従業員を削減する（共同通信の集計）など、
日本有数の大企業が先頭にたって雇用破壊をすすめています。
こうした大企業の行動を後押ししたのが、労働者派遣法や労働基準法などの相次ぐ「規制緩和」で
す。労働者派遣の原則自由化を決めた１９９９年の派遣法改悪に日本共産党以外のすべての政党が賛
成するなど、「使い捨て」の働かせ方を広げた政治の責任は重大です。
大企業は「赤字経営」とはいっても、内部留保が全体で２３０兆円にのぼり、製造業大企業だけで
も、この５年間に９５兆円から１２０兆円へと２５兆円も増大させています。財界や大企業は、「雇用
には使えない」といいながら、内部留保を取り崩して株主への配当をしており、雇用を維持する体力
は十分あります。
雇用破壊は、内需の柱である個人消費、家計に大きな打撃となり、さらに景気全体が悪化するとい
う悪循環を引き起こしています。雇用をまもり、人間らしい労働のルールをつくる雇用政策に大きく
転換することは、経済と産業のまともな成長と日本社会の安定のためにも、避けて通れません。
（１）大企業に雇用への社会的責任を果たさせ、無法な「非正規切り」やリストラ、雇用破壊をやめ
させます
「非正規切り」の多くは、偽装請負、偽装派遣、契約途中の解雇、派遣期間違反など、現行法でも
違法・脱法行為のもとでおこなわれています。不当に解雇された労働者が全国で、労働組合をつくり、
たたかいに立ち上がっています。
違法行為を告発し、正規雇用を求める申告が広がり、マツダや東芝のグループ会社などに、労働局
から是正指導もおこなわれています。裁判でも、いすゞの「非正規切り」が違法行為であると断罪さ
れています。日本共産党は、労働者をはげまし、連帯して、雇用をまもるために全力をあげます。
監督・勧告・指導などあらゆる手段で雇用をまもる労働行政に……現行の労働者派遣法でも、偽装
請負などの期間を含め３年以上派遣労働者を受け入れていた企業には直接雇用をする義務があります。
本来なら、派遣先企業に直接雇用されるべき多くの派遣労働者が「派遣切り」されています。政府が、
違法・脱法の「派遣切り」「非正規切り」をやめさせれば、多くの労働者の生活と雇用をまもることが
できます。そのために労働者の申告、相談に親身になって対応できるよう労働局の体制強化も必要で
す。
日本共産党は、国会でも、日本経団連の代表や雇用破壊をすすめている大企業の経営者を参考人と
- 12 -
して招致するなど、国政調査権を発動し、機敏に対応することを求めていきます。
人権さえも踏みにじる退職強要や強制配転など乱暴なリストラをやめさせる……大量解雇の波は正
社員にも及び始めています。無理やり「自主退職」に追い込むための「パワーハラスメント」や強制
配転なども違法行為です。判例として確立し、労働契約法にもその趣旨が反映されている「整理解雇
４要件」（①解雇をしなければ企業の維持・存続ができないほどの必要性、②解雇回避の努力、③対象
となる労働者の人選が合理的、④労働者に十分な説明をして納得を得る努力）を厳格にまもらせてい
きます。
（２）失業者への生活援助を抜本的に強化します
日本は、先進国のなかでももっとも失業者に冷たい国になっています。国際労働機関（ＩＬＯ）に
よれば、日本は失業給付を受けていない失業者の割合が７７％にものぼっており、ドイツやフランス
の１０％台と比べてもあまりにも異常です。雇用保険の特別会計にため込まれている６兆円もの積立
金を有効に活用するなら、もっと大規模に、もっときめ細やかに、失業者への生活支援をすすめるこ
とができます。
雇用保険を抜本的に拡充する……０９年の雇用保険法の「改正」では、雇用保険から排除されてい
る失業者１００８万人のうち適用対象になるのは１４８万人にすぎません。雇用保険の拡充は、「失業
給付が切れる」から劣悪な労働条件でも就職せざるを得ないという状況を改善し、「働く貧困層」をな
くしていくうえでも重要です。失業給付期間を、現在の９０〜３３０日から１８０〜５４０日程度ま
でに延長する、給付水準の引き上げ、受給資格の取得に要する加入期間の短縮、退職理由による失業
給付の差別をなくし、受給開始時の３カ月の待機期間をなくすなど拡充します。
失業給付を受けられない失業者などへの支援をすすめる……政府がつくった失業者への生活援助制
度は、「住宅喪失者」とか「職業訓練」などの条件をつけたうえに、３年という期限付きです。生活援
助を、生活に困窮しているすべての失業者を対象にするように抜本的に拡充するとともに、恒久的な
生活扶助制度として確立します。
（３）新しい雇用の創出と再就職支援に取り組みます
介護、医療、保育など社会保障を充実させ、新しい雇用をつくる……社会保障分野は、「雇用誘発効
果」が「介護」が全産業中１位で、「社会福祉」３位など、国がまともに取り組めば大きな雇用が生ま
れます。しかし、「派遣切り」で仕事を失った人の就労の場として介護が注目されても、政府の社会保
障削減、介護報酬の引き下げによって、労働条件が非常に劣悪になっているために、新規雇用創出ど
ころか、離職と介護現場の人手不足が深刻化しています。医療や保育なども含めて、国の社会保障政
策を削減から拡充に転換してこそ、新しい雇用も創出できます。とくに劣悪になっている介護と障害
者福祉の労働者の賃金を月３万円以上引き上げるために特別の公費投入をおこないます。
自然エネルギーをはじめ環境での雇用創出をすすめる……地球温暖化などの環境問題に真剣に取り
組む政策に転換し、自然エネルギーなどの分野で新規雇用を創出します。自然エネルギー導入の先進
国であるドイツでの実績にてらせば、日本でも、年間約６万人の雇用を増やし、２０３０年には約７
０万人の雇用を擁する産業に発展させることも可能です。
職業訓練を充実・強化し、新しい分野の仕事に就けるようにする……日本は失業者の生活支援も貧
弱ですが、再就職支援の対策費も、ドイツ、フランスなどの５分の１程度です。公立の職業訓練校が
削減されたこともあって、公共職業訓練、民間委託の訓練ともに２倍近い倍率になっています。希望
- 13 -
するすべての失業者に職業訓練の機会を提供できるようにするとともに、技術や技能、資格を取得で
きるように職業訓練を充実することや相談体制の整備など再就職支援を強化します。
（４）労働者派遣法の抜本改正をはじめ、雇用の安定と労働者の権利をまもる労働法制に
派遣労働を臨時的・一時的な業務に限定し、常用雇用の代替にしてはならないことを明記するとと
もに、もっとも不安定な働かせ方となっている登録型派遣を原則禁止し、専門業務にきびしく限定し
ます。製造業への派遣を禁止します。派遣期間違反、偽装請負など違法行為があった場合には派遣先
企業が直接雇用していたとみなす「みなし雇用」の導入など、労働者派遣法を派遣労働者の雇用と権
利をまもる派遣労働者保護法に抜本改正します。数カ月単位の雇用契約を繰り返す「細切れ雇用」を
なくすために、期限の定めのある雇用契約を合理的な理由のある場合に限定するなど、非正規労働者
の雇用と権利をまもります。「同一価値労働同一賃金」の原則に基づいた均等待遇の法制化をすすめま
す。
（５）長時間・過密労働を是正し、過労死を根絶します
失業者が増える一方で、過労死基準を超えるような長時間労働がまかり通っています。「サービス残
業」を根絶するとともに、残業の上限を法律で制限し、残業代の割増率を５０％に引き上げるなど、
過労死や「心の病」を広げている長時間労働を是正します。“一人で二人分働かせる”ような長時間労
働を是正することは、新規雇用を創出することにもつながります。
（６）最低賃金の引き上げ、公契約法（条例）などで「働く貧困層」をなくします
全国最低賃金制度を確立し、当面、最低賃金を時給１０００円以上に引き上げ、くらしと地域経済
の底上げをはかります。そのために、中小・零細企業には雇用保険財政なども活用して必要な賃金助
成をおこないます。
国や自治体などが事業の外部委託を発注する際に、低賃金を押しつけるために生まれている「官製
ワーキング・プア」を是正します。発注する公的機関と受託する事業者の間で結ばれる契約（公契約）
に、生活できる賃金など人間らしく働くことのできる労働条件を定めるようにし、そのための法律や
条例を定めます。
２、くらしを支え、生存権を保障する社会保障制度に――削減から拡充への大転換を
深刻な経済危機だからこそ、自公政権がとりつづけてきた社会保障削減路線を撤回し、くらしを支
える社会保障制度の拡充へと大きく転換することが強く求められています。
自公政権は、社会保障予算の削減・抑制と社会保障制度の改悪を繰り返してきました。その結果、
日本の社会保障は、社会的弱者が制度から真っ先に排除され、貧困と格差を是正するどころか、「生活
苦で保険料が払えないと保険証を取り上げられ医者にもかかれない」など、貧困に追い打ちをかけて
います。社会保障の負担増は、国民のくらしに重くのしかかり、給付、サービスの削減は、生活と将
来への不安を増大させています。医療体制の崩壊や介護の人手不足など、社会保障の根幹にかかわる
深刻なゆがみが顕在化し、病院が次々に閉鎖される、お産ができない、救急車を呼んでも病院までた
どり着けないなど、これまで「当たり前」だったことさえも、まともに機能しなくなっています。
憲法２５条は、すべての国民に生存権を保障し、社会保障の増進を国の責務として明記しています。
日本共産党はこの立場から、医療・年金・介護をはじめ社会保障の各分野で、負担の軽減と不安の解
- 14 -
消をすすめます。
社会保障の拡充は、現在のくらしを支え、将来不安の解消にも大きく貢献し、内需の大きな柱であ
る個人消費をあたためます。さらに、雇用や地域経済にも大きく波及します。社会保障の削減から拡
充への転換は、景気対策としても大きな力を発揮します。
（１）医療にかかる負担を軽減し、“医療崩壊”の危機を打開します
お金のことを心配して医者にかからず重病化してしまう、国保料を払えない滞納世帯が２割におよ
ぶ――まともな医療保険制度とはよべない事態がひろがっています。「保険証１枚」あれば、誰でも、
どんな病気でも医療が受けられる――公的医療保険制度の原点です。日本共産党はこの立場での改革
をすすめていきます。
①後期高齢者医療制度を廃止します
高齢者だけ別の医療保険制度に囲い込む――こんな世界にも例がない差別医療制度は廃止し、老人
保健制度に戻します。これにともなう国保の財政負担は国が補てんします。
②先進国では当たり前の“窓口負担ゼロ”をめざして、負担軽減をすすめます
外来でも入院でも３割もの窓口負担をとられるなどという国は、先進国では日本だけです。公的医
療制度がある国では、窓口負担はゼロか、あっても少額の定額制です。日本も、８０年代前半までは、
「健保本人は無料」「老人医療費無料制度」でした。この当たり前の制度を崩し、“国際標準”から著
しく後退させてしまったのが自民党政治です。保険料は所得など能力に応じて負担し、必要な医療は
誰もが平等に受けられる、この方向にむかって日本の医療をたて直します。
子どもと高齢者の医療費を無料にする……“窓口負担ゼロ”をめざして負担軽減に踏み出します。
その第一歩として、就学前の子どもの医療費無料制度を国の制度として創設するとともに、７５歳以
上の高齢者の医療費を無料化します。さらに、現役世代の医療費３割負担も、健保も、国保も、本人
も、家族も、引き下げをめざします。自公政権が来年度からの実施を決めた７０〜７４歳の１割から
２割負担への２倍の値上げを撤回します。
国の責任で、国保料（税）をひとり当たり１万円引き下げる……国民健康保険は、加入者の所得が
減っているにもかかわらず、保険料がどんどん値上げされ、くらしを圧迫し、深刻な負担になってい
ます。その最大の要因は、１９８４年以来、国庫負担が削減されてきたことです。いまこそ負担増か
ら軽減に、国が責任を果たすため、国庫負担を引き上げます。
国保証取り上げをやめる……失業や経営難などで生活に困っている人から、「滞納」を理由に国民健
康保険証を取り上げるという無慈悲な行政をやめさせます。
③ “医療崩壊”の危機を打開し、安心してかかれる医療体制を確立します
医師・看護師を計画的に増員し、医療体制をたて直す……先進国で最低レベルの医師数を計画的に
増員し、ＯＥＣＤ（経済協力開発機構）加盟国の平均並みの医師数にします。そのために医学部入学
定員を１・５倍化します。看護師の増員と労働条件の改善で、看護師２００万人体制を確立します。“医
療崩壊”をもたらした大きな要因は診療報酬の連続引き下げです。診療報酬の改革――「総額削減」、
保険外診療の拡大をやめ、安全・有効な治療はすみやかに保険適用する、薬・医療機器にかたよった
報酬のあり方を見直し、医療従事者の労働を適正に評価するなどをすすめ、外来でも入院でも、医科
でも歯科でも、安全・安心で質の高い医療が受けられる医療提供体制を確立します。
国公立病院など公的医療機関への支援を強める……政府は、「採算重視」「コスト削減」を強要し、「不
- 15 -
採算部門」を口実に産科・小児科・救急医療などを率先して切り捨ててきました。総務省の「公立病
院改革ガイドライン」が、自治体病院の閉鎖や病床削減に拍車をかけています。国の政策が各地の医
療崩壊の“引き金”をひいています。
不採算部門やへき地医療をになう公的医療機関の役割を投げ捨てる政府のやり方をあらため、国公
立病院、厚生年金病院、社会保険病院など公的医療機関の乱暴な統廃合や民営化をやめ、地域医療の
拠点として支援を強めます。
難病や新型インフルエンザ、がん、ウイルス性肝炎などへの対策の強化……感染症治療体制を緊急
に整備します。肝炎対策基本法を制定し、すべてのウイルス性肝炎患者に対する恒久的な総合対策を
確立します。
原爆症認定訴訟を全面解決し、認定基準を抜本的に改善する……広島、長崎での被爆から６４年を
迎え、高齢化した被爆者の願いにこたえ、根本的な解決をはかります。
（２）最低保障年金制度をつくり、無年金・低年金問題の解決をはかります
日本の年金制度の最大の問題は、無年金者が１００万人を超え、国民年金だけの受給者は平均月額
４万７千円など、日々の生活をまかなえない低額年金の人々が膨大な数にのぼっていることです。次
の方向で無年金・低年金問題を解決し、年金全体の底上げをはかっていきます。
受給条件を「２５年以上」から「１０年以上」にただちに引き下げる……保険料を「２５年以上」
納めないと１円も年金が支給されないという過酷な制度は日本だけです。アメリカでも年金の受給資
格要件は約１０年以上で、イギリス、フランス、カナダなど、受給の資格要件に加入期間がない国も
少なくありません。
年金額を月額５万円底上げする最低保障年金制度をつくり、国民年金では月額８万３千円に引き上
げる……日本の年金制度には、諸外国では当然の最低額保障の仕組みがありません。全額国庫負担に
よる最低保障年金制度の創設に踏み出します。すべての国民に当面月５万円の最低額を保障し、その
上に支払った保険料に応じた額を上乗せします。それにより、国民年金の満額を現行の月額６万６千
円から８万３千円へと引き上げます。厚生年金も、基礎年金部分を同様に引き上げていきます。これ
により無年金者はなくなります。
「消えた年金」「消された年金」問題の解決……“被害者を一人たりとも残さない”“一日も早く”
という立場で、国の責任で解決します。
公的年金等控除など高齢者増税を見直す……この間におこなわれた高齢者の所得税・住民税の増税
について、公的年金等控除の最低保障額を１４０万円に戻すとともに、所得５００万円以下の高齢者
には老年者控除を復活します。
（３）安心して利用できる介護制度への抜本的見直しをすすめます
高すぎる保険料・利用料、在宅介護での利用制限、増え続ける特養老人ホーム待機者など、「介護地
獄」は解決されず、介護を苦にした痛ましい事件も続いています。安心して利用できる介護制度への
抜本的な見直しは待ったなしです。
保険料・利用料を減免し、経済的理由で介護を受けられない人をなくす……介護保険への国庫負担
割合をただちに５％引き上げ、国の制度として保険料・利用料の減免制度をつくります。さらに、国
庫負担を介護保険発足以前の５０％にまで戻し、所得の少ない高齢者には原則として負担を求めない
仕組みをつくるなど、お金の心配なく利用できる制度にしていきます。
- 16 -
要介護認定の改悪や「介護とりあげ」を中止する……要介護認定の改悪は大きな見直しを迫られま
したが、白紙撤回が必要です。要介護認定制度や利用限度額は廃止して、現場の専門家の判断で必要
な介護を提供できる制度に改善します。訪問介護、通所介護、福祉用具の利用制限などの「介護とり
あげ」をやめます。
介護施設などの整備をすすめる……特別養護老人ホームの待機者が３８万人にのぼることは重大で
す。国が２００６年から基盤整備への補助金をカットしたことが大きな原因です。５カ年計画で特養
老人ホームの待機者を解消し、「介護難民」をなくすため、特養老人ホームや生活支援ハウスなどの緊
急整備を国の責任ですすめます。療養病床の廃止・削減計画を白紙撤回します。
介護労働者の労働条件を改善し、人材不足を解消する……介護報酬を５％引き上げるとともに、介
護報酬とは別枠の公費投入で、介護労働者の賃金を月３万円以上引き上げます。２０１４年度をめど
に、１５０万人の介護従事者を養成・確保します。
（４）障害者自立支援法を廃止し、障害者福祉・医療を拡充します
障害者の福祉や医療は、本来、利用料負担を求めるべきものではありません。障害者自立支援法を
廃止し、「応益負担」を即刻撤廃します。福祉施設・作業所への報酬の日払い制度をやめ、大幅に引き
上げます。障害者福祉で働く労働者の賃金を国の責任で３万円以上引き上げます。
障害者関連予算は、ドイツの３分の１、スウェーデンの７分の１しかありません。これを大幅に増
額し、日本国憲法と国連「障害者権利条約」を踏まえた総合的な福祉法制を確立して、障害者福祉・
医療の拡充をはかります。
（５）貧困の実態を国が把握し、憲法２５条の生存権を保障する生活保護に
日本では、判明しているだけでも年間１００人近くが餓死し、「経済的な困難」で自殺する人が後を
絶たないなど、貧困の広がりが深刻な社会問題となっています。日本の相対的貧困率は、ＯＥＣＤ加
盟の先進国中で第４位です。ところが、いま生活保護を受けている人は対象となるべき人の１〜２割
程度にすぎないとされています。日本政府は他の先進国では当たり前の「生活保護の捕捉率」（生活保
護基準以下でくらす人たちのうち、どれだけ保護を受けているか）の調査さえしていません。政府と
して貧困の実態を把握することは、国民を貧困からまもる政治姿勢にたつ大前提です。貧困の実態調
査をおこない、政府が貧困を減らす具体的な目標を策定します。
保護申請の門前払いをやめ、老齢加算・母子加算の復活を……住所の有無、年齢などを理由にした
保護申請の門前払いをやめ、当座の所持金のない人には即日で保護決定をくだすなど、生活保護法の
本来の趣旨にそった行政に転換します。生活保護の老齢加算・母子加算を復活します。
３、安心して子育てできる社会に――総合的な子育て支援をすすめます
子育て支援は、仕事と子育ての両立、経済的負担の軽減、「子どもの貧困」の解決など、“子育てが
しにくい”という日本社会のあり方への総合的な取り組みが必要です。
（１）子育てと仕事が両立できる社会に
人間らしく働けるルールをつくる……残業規制の強化など長時間労働の是正、育児休業制度の改善、
妊娠・出産にともなう不当な解雇や退職勧奨、不利益な扱いをなくす、若い世代に安定した雇用を取
り戻すなど、子育てしやすい働き方、賃金・労働時間を保障することが大切です。
- 17 -
保育制度の改悪を中止し、待機児童を“ゼロ”にする……保育所に入れない待機児童は４万人にの
ぼり（０８年１０月現在）、認可外施設やベビーホテルなどに預けられている子どもや保育所への入所
を希望している潜在的な待機児童なども含めると１００万人近くになるとされています。待機児童を
すみやかにゼロにするために、国が計画をつくり、国の責任を明確にして認可保育所を整備していき
ます。希望者全員が入所できるよう学童保育を抜本的に拡充します。
政府・厚労省は、保育所にたいする市町村の義務をなくし、保護者と保育所の「直接『契約』・自己
責任」にする「改革」を実施しようとしています。保育料に「応益負担」を導入する仕組みに変える
ことも検討しています。保育への公的責任を後退させ、負担増や格差を持ち込む大改悪を中止させ、
公的保育をまもり、充実させます。保育料、幼稚園授業料の負担軽減をはかります。
（２）医療費無料化、児童手当を現行の２倍の月１万円に
子どもの医療費無料制度を国の制度として確立し、そこに自治体の独自助成を上乗せできるように
して、医療費負担軽減を拡充します。小学校６年生までの児童手当を、ただちに現行の２倍に引き上
げ１万円にします。１８歳までの支給をめざし改善していきます。その際、扶養控除、配偶者控除の
廃止などのいわゆるサラリーマン増税との「抱き合わせ」での手当増額はおこないません。
（３）教育費負担を軽減し、経済的理由で学業をあきらめる若者をなくします
高校入学から大学卒業にまでかかる費用は子ども１人当たり平均１０４５万円、教育費は年収の３
４％にのぼり、とくに年収２００万〜４００万円の世帯では５５・６％に達します（日本政策金融公
庫調査）。貧困と格差の広がりは、高すぎる学費のために中退せざるをえない若者を増やし、私立大学
では年間１万人の学生が経済的理由で退学しています。子育て支援というなら、この重い教育費負担
の軽減は避けて通れません。
憲法は国民に「ひとしく教育を受ける権利」（第２６条）を保障し、教育基本法は「すべて国民は…
経済的地位…によって、教育上差別されない」（第４条）としています。
高校授業料の無償化をすすめる……先進国（ＯＥＣＤ加盟３０カ国）で高校に授業料があるのは日
本を含めて４カ国（韓国、イタリア、ポルトガル）にすぎません。公立高校の授業料を無償化すると
ともに、私立も「授業料直接助成制度」（入学金等も対象とする）を創設し、年収５００万円未満の世
帯は全額助成、８００万円未満の世帯は半額助成にするなど、無償化をめざして負担を軽減していき
ます。
給付制奨学金の創設など奨学金制度の改革で支援を強める……国の奨学金はすべて無利子に戻すと
ともに、返済猶予を拡大します。とくに就学が困難な生徒・学生のため、返済不要の「給付制奨学金」
を創設します。給付制奨学金制度がない国は、先進国のなかで日本、メキシコ、アイスランドの３カ
国だけです。
大学の「世界一の高学費」を軽減する……国公立大学の授業料減免を広げ、私立大学の授業料負担
を減らす「直接助成制度」をつくります。「学費の段階的無償化」を定めた国際人権規約の「留保」を
撤回します。国際人権規約の第１３条は、高校と大学を段階的に無償化することを定めていますが、
条約加盟国１６０カ国中、この条項を「留保」しているのは、日本とマダガスカルの２カ国だけです。
（４）生活保護母子加算の復活、就学援助、児童扶養手当の拡充など、「子どもの貧困」の克服に力を
つくします
生活保護母子加算を復活します。生活困窮世帯の子どもに給食費・学用品代・修学旅行費などを援
- 18 -
助する「就学援助」も受給者が急増するなどその役割はますます重要になっています。ところが政府
が２００５年に国庫補助を廃止したために、支給額や基準を切り下げる自治体も増えています。国庫
補助を復活し、拡充へと転換します。父子家庭への対象拡大、手当額の引き上げなど、児童扶養手当
を拡充します。児童福祉施設の生活と進学保障の充実、児童相談所の体制強化を緊急にすすめます。
４、中小企業を応援する政治へ本格的な転換をはかります
自民党・公明党が推進してきた外需優先・内需切り捨ての「構造改革」路線によって、中小企業と
地域経済は痛めつけられてきました。そのうえ、アメリカ発の経済危機のもとで、原油・原材料高騰、
大企業による違法な「下請け切り」、銀行による理不尽な貸し渋り・貸しはがしで突然の経営難に追い
込まれるなど、二重三重に苦しめられています。今こそ、大企業優先の経済路線を転換し、中小企業
を本格的に応援する政治が必要です。
（１）景気悪化から中小企業をまもる四つの緊急課題に取り組みます
雇用の７割を支えている中小企業向け雇用調整助成金を抜本拡充する……仕事の激減など中小企業
を襲っている深刻な事態に即応できるように、給付開始を早めることや、助成率を休業補償の５分の
４から５分の５に引き上げるなど、中小企業向け雇用調整助成金を抜本的に拡充します。
貸し渋りをやめさせ、信用保証制度の改善で資金繰りを支える……三大メガバンクは、大企業貸し
出しを増やす一方で、昨年３月からの１年間で中小企業向け貸し出しを約２・６兆円も減らしていま
す。こうした理不尽な貸し渋り・貸しはがしは直ちにやめさせます。また、信用保証協会の「緊急保
証」制度は、全業種を対象にしていないだけでなく、３分の１の企業が、拒否・減額されるなど保証
を受けにくくなっています。緊急保証制度について全業種を対象とするほか、審査条件を緩和します。
さらに、「一般保証」制度に導入された「部分保証」制度を廃止し、全額保証に戻します。商工中金の
完全民営化をやめさせるなど、政策金融全体のあり方を再検討し、円滑な資金供給という本来の役割
を果たさせます。
違法な「下請け切り」をやめさせる……大企業による一方的な発注内容の変更など「下請け切り」
の多くは、下請代金支払遅延等防止法に反する違法・不法行為です。二階経済産業大臣でさえ、「違法
に近いものもたくさんある」（０９年２月５日、衆院予算委員会）と答弁しています。違法な「下請け
切り」への指導監督を抜本的に強化し、直ちにやめさせます。
中小企業が廃業・倒産しないために緊急の休業補償・直接支援をおこなう……仕事の激減によって、
多くの中小企業が廃業・倒産の危機にさらされています。中小企業の廃業・倒産の急増は、優れたモ
ノづくりの技術を失わせ、日本経済と産業にとって重大な損失です。
中小企業を対象にした緊急の休業補償・直接支援を実施します。中小貸し工場への家賃や光熱費な
どの固定費への補助、固定資産税の減免、大企業からの注文に応えるためにおこなった設備投資への
助成など、休業しても中小企業が存続できるような支援を抜本的に強化します。
（２）日本経済の基盤を支える中小企業への支援を抜本的に強化します
中小企業は、①短期的な利益よりも「雇用確保」や「社会貢献」を重視する、②地域経済への波及
効果が大きく、もうけが地域経済に還元される、③優れたモノづくり技術を持つ経済・文化資源であ
る、④地域経済に根ざし社会的責任を果たしているなど、日本の経済・社会にとってかけがえのない
- 19 -
役割を果たしています。内需主導で日本経済を立て直すことが求められている今こそ、中小企業が生
きいきとその力を発揮できるために、国・自治体が力を合わせて、本格的に支援することが必要です。
中小企業憲章を制定し、中小企業予算を１兆円に増額する……今年度の中小企業予算は１８９０億
円で、１企業当たり年４万５千円にすぎません。他方、米軍への「思いやり」予算は２８７９億円、
米兵１人当たり年８１１万円であり、中小企業の１８０倍です。
中小企業に冷たい政策を大もとから転換し、当面、一般歳出の２％、１兆円程度に増額します。中
小企業の各分野に専門家を配置し、製品開発や販路拡大、起業支援や人材・後継者の育成などへの支
援を抜本的に強化します。また、中小企業の新しい成長分野として、自然エネルギー、省資源・リサ
イクル分野への公的投資と助成を増やします。
ＥＵは、「小企業憲章」を制定し、「小企業が最優先の政策課題にとらえられてはじめて、“新しい経
済”の到来を告げようとするヨーロッパの努力は実を結ぶ」と位置づけています。日本でも「中小企
業憲章」を制定して中小企業の役割を明確にし、国の政策の影響・効果を検証して中小企業政策に反
映させます。
「地域金融活性化法」「納税者憲章」をつくる……中小企業・地域経済に対する金融機関の貢献を義
務づける「地域金融活性化法」を制定します。政府系金融機関の統廃合をやめ、公的金融制度の拡充
をはかります。先進国では当たり前の「納税者憲章」を制定し、消費税の免税点引き上げや家族の労
賃を必要経費と認めない所得税法５６条の廃止など、中小企業や零細業者を育てる税制に転換します。
中小企業の法人税率の引き下げ……法人税にも累進制を導入し、中小企業の一定範囲の所得につい
ては、現行より税率を引き下げます。
自治体のとりくみへの支援を拡充する……政府は、「三位一体改革」の中で、財政的な裏付けもおこ
なわないまま、地方自治体への中小企業施策の“丸投げ”をすすめてきました。こうした姿勢を転換
し、商店街の振興、農商工連携、伝統産業・地場産業の支援などについて、地方自治体が主導的な役
割を果たせるよう国の支援を抜本的に拡充します。
大企業・大銀行の横暴を規制し、中小企業をまもるルールをつくる……中小企業の経営難の背景に
は、違法な「下請け切り」や貸し渋り・貸しはがし、大型店の一方的な出退店など、大企業の身勝手
な行動があります。日本共産党は、中小企業や地域経済をまもるためのルールをつくり、大企業に当
たり前の社会的責任を果たさせます。
――独占禁止法を改正し、中小企業との取引・競争における大企業の地位の乱用を厳しく規制しま
す。
――下請代金法を改正し、違反した企業名や事実の公表、損害賠償支払いの義務化などの措置をと
れるようにします。訴えのあるなしにかかわらず、系統的に下請け取引に関する実態調査をおこなう
ため、下請検査官を抜本増員します。
――公正取引委員会に中小企業の代表を加えるなど、その機能を拡充・強化します。
――業界団体・中小企業団体が、大企業ならびに大手の業界相手に、「団体交渉」をおこなう権利を
保障した「公正取引確保法」（仮称）を制定します。
――労働者の平均賃金に見合う最低加工賃の算定基準を策定します。
――大店立地法第１３条を廃止し、自治体が自らの権限で条例をつくり、大型店や大工場等の出退
店を規制できるようにします。
- 20 -
（３）地域に密着した生活・福祉型公共事業で仕事と雇用を生み出します
政府の公共事業は、高速道路やスーパー中枢港湾、空港などの大型開発中心です。大型公共事業に
偏重した現状を見直し、小規模・生活密着型、福祉型の公共事業への本格的な転換をすすめます。こ
れは、雇用を生み出すとともに、特養ホームの待機者や保育園の待機児童を解消し、国民生活を改善
させるうえでも大きな役割をもちます。
待ったなしの耐震化工事にただちに取り組む……小中学校などの耐震化、老朽化した施設の維持補
修は、命と安全をまもるためにも最優先課題です。耐震性が不十分な公共施設７万棟、公営住宅７万
戸の耐震工事などに直ちに取り組みます。みずほ総研は、倒壊の危険の高い１万棟の小中学校の耐震
化工事で、約２万３千人の雇用が生まれると試算しています。耐震化・維持補修工事を実施し、雇用
創出と中小企業の仕事おこしにつなげます。
中小企業向け官公需を拡充し、入札制度を改善する……中小企業向け官公需発注比率を少なくとも
７割以上に引き上げるとともに、最大限、分離分割発注をおこないます。地方自治体による「小規模
工事登録制度」を創設・拡充し、中小企業の受注を増やします。“ダンピング競争”を防ぐため、積算
単価の適正化をはかるなど、入札制度を改善します。
波及効果の高い住宅リフォームへの助成を増やす……各地の自治体が実施している住宅リフォーム
への助成制度は、助成予算の２０倍を超える波及効果を生んでいます。住宅リフォームへの支援を抜
本的に拡充します。中小建設業者への著しい負担となっている「住宅瑕疵担保保証制度」の改善をは
かります。
大手ゼネコンから建設業者をまもるルールをつくる……大手ゼネコンによる低単価発注、下請け代
金支払いの未払いなどをやめさせます。自治体の仕事を受注する企業に、人間らしく働ける賃金と労
働条件を義務づける「公契約」法や「公契約」条例の制定をすすめます。労働協約をしっかり結ぶた
めのルールをつくります。
５、農林漁業の再生で食料自給率を高め、「安全な食料を日本の大地から」を実現します
日本は、食料自給率がわずか４０％、先進国の中でも異常な低さです。「お金を出せば世界中から食
料を買い集めることができる」という時代は終わりを告げています。
ところが自公政権は、国内生産を支える価格保障制度を廃止し、規模の大小で支援する農家を選別
するなど、現場の実態を無視した政策で、国内の生産基盤を弱体化させる農政を依然として続けてい
ます。さらに昨年７月のＷＴＯ（世界貿易機関）交渉では農産物の輸入をさらに拡大する関税引き下
げを事実上、容認しました。こんな政治では、日本農業も国民の食料もまもれません。
農林漁業など第１次産業の衰退は、地域経済を疲弊させています。居住人口の半数以上が高齢者と
なり、社会的な共同活動が困難となる「限界集落」を広げる要因にもなっています。農業生産を拡大
すれば、それに関連する食品加工、サービス、製造業なども活性化し、農業生産額の３倍もの規模で
地域経済に波及する効果があります。食料自給率向上と農林漁業再生に向けた政策への抜本的な転換
は、地域経済の再生にもつながります。
経済・社会の基盤である食料の安定的な確保のために、当面、食料自給率の５０％台への回復を最
優先の課題とします。その達成に向けて、昨年３月に発表した「日本共産党の農業再生プラン」で提
- 21 -
案した施策の実現をめざします。
（１）安心して農業・漁業にはげめるよう価格保障・所得補償を実施します
わが国農業の再生にとっていまもっとも必要なのは、農業経営を安定して持続できる条件を保障す
るための制度を整備・充実することです。価格低迷が農業の衰退を招き、大規模経営でさえ維持が困
難な状況です。経営が成り立ち、持続できる条件を整えてこそ、他の産業分野や都市部から参入して
くる人たちも増えます。
農産物輸出国であるＥＵやアメリカでも実施されているように、価格保障・所得補償の拡充を農政
の基本として日本でも実施し、生産・経営コストをカバーできる条件を早急に確立します。米でいえ
ば、過去３年間の平均生産費を基準にした不足払い制度による価格保障制度を創設して当面、少なく
とも１俵（６０キロ）あたり１万７千円以上を保障します。加えて、水田のもつ国土・環境保全の役
割を評価した直接支払い（所得補償）を拡大し、あわせて当面１俵あたり約１万８千円を確保します。
麦、大豆、畜産、野菜・果樹などの主な農畜産物も条件に合わせて価格保障・所得補償で増産をうな
がします。
とくに米価が急落している現状で、政府は、備蓄米の買い入れをルールどおりにおこない、米価の
低落を防ぎます。
農業経営の強化に取り組んでいる経営者や農協、共同組織に、機械導入・更新や事務コストに関す
る助成を拡充するなどの支援をすすめます。
水産物も、「調整保管制度」などを活用して価格の下落を防ぎます。経費に見合う魚価の実現のため
に、価格保障・所得補償をはかるとともに、食料自給率を支える資源管理型の漁業をめざし、資源回
復のための休業にたいする補償、適切な輸入管理を実施します。
（２）農林漁業の担い手を育成し、後継者確保のために就業援助を強めます
農業を中心的に担う基幹的農業従事者２０２万人のうち６５歳以上が約６割に達し、漁業者の半数
近くが６０歳以上です。食料自給率を支える後継者の確保は差し迫った課題です。
「担い手の多様化」を口実に、自民党、公明党、民主党の賛成で、農地法が改悪され、外国資本も
含む株式会社の農地利用が原則自由にされました。しかし北海道で大規模なトマトのハウス栽培に乗
り出した企業がわずか３年で撤退するなど、株式会社はもうからなければ撤退し、農地の荒廃を大規
模にすすめることにつながります。
今後の農業の担い手も家族経営が主役であり、多様な家族経営の維持を、担い手対策の中心にすえ
ます。小規模農家や兼業農家を排除する「水田・畑作経営所得安定対策」（「品目横断対策」）をやめ、
農業を続けたい人すべてを応援します。地域農業の重要な担い手であり、高齢者・離農者などの農地
や農作業を引き受けるなど、大規模農家や生産組織などが果たしている役割を重視して、支援を強め
ます。
新規就農者への就業支援を強化する……後継者をふくむ新規就農者へ「月１５万円を３年間」の「新
規就農者支援制度」を創設します。同時に、新規就農者の研修や技術指導を引き受ける農業生産法人
や農家への支援も強化します。都会から移り住んで就農することを望む人のための住宅提供などの支
援や、農林漁業の技術・経営を身につけるための教育・研究機関の強化、就業しようとする人のため
の農地、船などの確保に国の支援をすすめます。
地元木材の利用拡大や森林資源を使ったエネルギー供給で仕事を広げる……日本の国土の３分の２
- 22 -
を占める森林は、国土の保全、空気の浄化、水資源の涵養（かんよう）など多面的な役割を果たして
います。中山間地などの活性化のためには、農業とともに林業の振興が大切です。森林の維持を中心
的に担っているのは、わずか３万人の林業専業労働者ですが、５年間で３分の１も減少しています。
地元産の木材使用への補助、公共施設建設への地元産木材の優先使用などで、林業の活性化を図ると
ともに、間伐材や廃材によるバイオ燃料の供給など森林資源を活用した自然エネルギーの供給で新た
な仕事と収入を生み出します。
（３）関税など国境措置を維持・強化し、「食料主権」を保障する貿易ルールに
世界ではいま、各国が輸出のためでなく自国民のための食料生産を最優先し、実効ある輸入規制や
価格保障などの食料・農業政策を自主的に決定する権利＝「食料主権」を保障する貿易ルールの確立
を求める流れが広がっています。農業をめぐる自然的・社会的条件や、農業の果たしている多面的機
能には国ごとに違いがあります。そのため、生産条件の格差から生まれる不利を補正するため、関税
や輸入規制など必要な国境措置がとられています。こうした国境措置を維持・強化することは当然で
す。各国の「食料主権」を尊重する立場に立って、ＷＴＯ農業協定を根本から見直すよう求めます。
わが国が諸外国と結ぶＦＴＡ（自由貿易協定）・ＥＰＡ（経済連携協定）について、日本の農業と食料
をはじめ国民の利益に重大な打撃をあたえるものには反対します。
（４）都市農業、中山間地農業にたいする支援を強化します
都市の環境に果たす農地の役割と農業への参加の意欲に応えるため、都市計画制度での位置づけを
強化し、農地への相続税・固定資産税を、維持可能な水準に引き下げます。当面、生産緑地の指定を
拡大し、相続税猶予の条件を緩和します。期限切れとなる条件不利な中山間地農業への直接支払い制
度を継続し、指定の条件を緩和します。
（５）農業者・消費者の共同を広げ、「食の安全」と地域農業の再生をめざします
食品の産地・品質の偽装、添加物の表示違反、賞味期限の改ざん、メラミン混入など、山積する「食
の安全」問題を打開するには、食品に関する検査体制をただちに強化するとともに、根本的には食料
自給率を抜本的に高めることが必要です。ＢＳＥ(牛海綿状脳症)対策の全頭検査を維持するなど食に
関する信頼を高め、安全・安心の生産・流通の拡大など農業者と消費者の共同を広げて、｢食の安全｣
と地域農業の再生をめざします。
汚染米問題の根源には、日本に必要のないミニマムアクセス米を年間７７万トンも輸入するという
政府の施策があります。輸入機会の提供にすぎないはずのミニマムアクセス米の「義務的」輸入を中
止するとともに、「規制緩和」によって国の米流通に対する管理責任を放棄してしまった、小泉「改革」
の一環としての｢コメ改革｣を見直します。
６、地球温暖化をくいとめる国際的な責任を果たし、地球環境をまもります
７月のラクイラ・サミット（イタリア）でも改めて確認されたように、地球温暖化の被害が取り返
しのつかないレベルになるのを避けるには、産業革命前にくらべて２度以内の気温上昇（現在までに
すでに０・７６度上昇）にとどめることがカギです。
温暖化抑制に有効なルールをしっかり設定し、それにもとづいて中長期的な取り組みをすすめるこ
とが必要です。いまこそ、温室効果ガスの排出量を減らしながら発展する経済社会への本格的な転換
- 23 -
が求められています。国の将来にかかわる総合的な戦略・政策のなかに地球温暖化対策をしっかり位
置づけ、政府の取り組みを義務づける法律（気候保護法＝仮称）を制定します。
（１）基準年を１９９０年から２００５年に変更するごまかしをやめ、２０２０年までに温室効果ガ
スを３０％削減する中期目標を設定します
自公政権は、６月に、２０２０年までの日本の温室効果ガス削減中期目標を、２００５年基準で「１
５％削減する」と決定し、欧米と比べても遜色（そんしょく）がないなどといっています。しかし、
日本は、２００５年までに逆に７％も増やしています。政府の中期目標は、１９９０年比にすればわ
ずか８％の削減にすぎません。これでは、京都議定書で約束した２０１２年までの目標である１９９
０年比で６％削減と、ほとんど変わりません。ＥＵが９０年から０５年までにすでに２％削減し、さ
らに２０２０年までに９０年比で２０％〜３０％削減しようと取り組んでいる姿と比べると、日本は
「遜色がない」どころか、「基準年を移す」という小手先のごまかしの「目標」にすぎません。自公政
権は、削減のための施策を「統制経済」などとする財界のいいなりになってきた結果、まともな削減
目標さえ定めることができなくなっています。
今年１２月にコペンハーゲン（デンマーク）で開かれる温暖化に関する国際会議では、２０１３年
以降の新たな国際的取り組みを具体的に決定しなければなりません。日本共産党は、日本に課せられ
た先進国としての国際的義務を果たすために、２０２０年までに９０年比で３０％削減することを明
確にした中期目標を確立し、２０５０年までに８０％削減するという長期目標をすえ、着実に実現し
ていくための手立てを講じます。
（２）最大の排出源である産業界に対し、公的削減協定など実績のある施策を実施します
産業界は日本の温室効果ガスの総排出量の８割（家庭が使う電力分を電力会社の排出とすれば９割）
を占め、わずか１６６の事業所だけで日本全体の二酸化炭素排出量の５０％に達しています。
にもかかわらず日本では、もっぱら財界の“自主努力”まかせにされています。ＥＵ諸国では国が
産業界と公的協定を結んで実績を上げています。こうした施策によく学んで、日本でも政府と産業界
の間で削減目標を明記した公的な削減協定を義務づける必要があります。企業の目標達成のための補
助的手段としての「国内排出量取引制度」や、二酸化炭素の排出量などに着目した環境税を導入し、
削減を加速します。
（３）自然エネルギーの活用を大幅に拡大します
二酸化炭素の排出量の９割がエネルギー由来であり、エネルギー対策は温暖化抑制のかなめです。
現在、自然エネルギー（再生可能エネルギー）は１次エネルギーのわずか２％（大規模水力発電分３％
を除く）にとどまっています。国際的にも日本は、大きく立ち遅れ、電力供給にしめる比率でＥＵを
下回り、太陽光発電の導入量でドイツに首位の座を奪われスペインにも抜かれました。風力発電では
アメリカ、中国からも立ち遅れています。
自然エネルギー利用の発電を促進する固定価格買い取り義務制度を導入する……２０２０年までに
エネルギー(1次)の２０％、２０３０年までに３０％を自然エネルギーでまかなう計画を策定し、着実
に実行していきます。そのためにすでに国会で提案したように、電力会社が、太陽光だけでなく自然
エネルギーによる電力全般を、１０年程度で初期投資の費用を回収できる価格で、全量買い入れる「固
定価格買い取り義務制度」に転換します。初期投資を回収したあとは余剰電力の買い取りに切り替え
ます。そのさい、いま電気料金に含まれ主に原発用に使われている電源開発促進税（年間３５１０億
- 24 -
円）や、温室効果ガスの削減目標に達しない分の穴埋めに海外から排出権を買い取るのにも使われて
いる石油石炭税（同５１００億円）などの使い方を見直し、ユーザーへの負担を抑制するようにしま
す。
自然エネルギーの普及促進のために、家庭用の太陽光発電に対する国の補助を抜本的に引き上げ、
公的助成を半分まで高めます。国、自治体の施設や、一定規模以上の建物については、自然エネルギ
ーの利用、熱効率の改善を義務づけます。
危険な原発だのみの「環境対策」をあらためる……自公政権は、原子力発電を「温暖化対策の切り
札」とし、長期的にも電力供給の約半分を原発でまかなおうとしています。この間、地震などの自然
災害や、事故、データ捏造（ねつぞう）などによって、原発の停止が相次いでいます。しかも、事故
や廃棄物による放射能汚染という環境破壊の危険も大きく、安全上も、技術的にも未確立な原発に頼
った「温暖化対策」はやめるべきです。
７、国民サービスの拡充、どんな利権も許さない郵政事業に――郵政民営化を中止します
自民・公明は４年前の衆院選で、郵政民営化を「改革の本丸」などとして、民営化すれば、社会保
障の充実、地方経済の立て直し、戦略的外交の推進、安全保障の確立などにもつながるという荒唐無
稽（むけい）な「バラ色」の大宣伝をしました。しかし、こうした民営化の「バラ色」の宣伝は、す
べてメッキがはがれ落ちました。それどころか、簡易郵便局の閉鎖、郵貯ＡＴＭの撤去、各種手数料
の引き上げ、時間外窓口の閉鎖、集配郵便局の統廃合など、国民サービスが大きく後退しました。
しかも、民営化によって、国民共有の財産を食い物にする「新しい利権構造」と腐敗が次々に明ら
かになっています。「かんぽの宿」をはじめ郵政事業として保有していた資産の「たたき売り」や郵貯
カード事業との提携で利益をあげたのは、西川善文日本郵政社長の出身銀行である三井住友グループ
や、規制緩和の旗振り役だった宮内義彦氏が会長を務めるオリックス・グループです。自民党・公明
党は、「郵政民営化によって利権がなくなる」などと宣伝してきましたが、実際には、古い利権から新
しい利権に変わっただけです。
郵政事業は、長年にわたり、国民の貯金や保険料、郵便料金で培ってきた国民の共有財産であり、
地域住民のくらしを支える重要な役割を果たしています。それが、民営化をすすめた営利企業によっ
て食い物にされているのです。西川社長をはじめ、新たな利権を拡大し、国民共有の財産を食い物に
させた経営陣の責任は重大です。
国が保有している郵政株の売却を中止し、郵政民営化路線を根本から転換する……今必要なことは、
国民が安心して利用できる郵便・貯金・簡保などのサービスを提供することです。郵便局ネットワー
クによって提供されている生活に不可欠なサービスを「ユニバーサルサービス」として義務付け、全
国あまねく提供されるように力をつくします。そのためにも郵政事業を、三事業一体の運営を堅持し、
ユニバーサルサービスをまもり、利権を許さない公的な事業として再生します。
郵政事業を国民に開かれた、国民へのサービスに徹する事業にするための改革に取り組む……「か
んぽの宿」の売却問題など、民営化をめぐる利権についての実態解明をすすめます。郵政関連事業が
高級官僚の天下り先になり、無駄な施設をつくっている問題にもメスを入れます。民営化後、いっそ
うひどくなっている郵政事業での非正規雇用の拡大、「使い捨て」の働かせ方を改善します。
- 25 -
中小企業、住宅、福祉・医療施設などへの資金供給……これらの分野の資金供給は、民間銀行など
の「市場まかせ」ではなく、公的金融による支えが必要不可欠です。こうした公的金融の原資として、
郵貯・簡保資金を活用します。
８、消費税増税に反対し、軍事費・大型公共事業などの無駄をなくし、大企業・大資産家に応分
の負担を求めて、社会保障などの財源を確保します
（１）消費税増税に反対します
政府は、昨年１２月に閣議決定した「中期プログラム」と今年の国会で成立した税制「改正」法で、
今後２年間のうちに消費税増税を含む「税制改革」を実行する計画を決め、借金のつけを消費税増税
によって国民に押しつけようとしています。
日本共産党は、国民を苦しめる消費税大増税計画にきっぱり反対します。ヨーロッパ諸国で実施さ
れているように、消費税の減税に踏み切ります。その際、低所得者への減税効果が大きくなるよう、
食料品などの生活必需品を非課税にする方法で実施します。軍事費や大型公共事業をはじめとする歳
出面での無駄をなくすとともに、「負担能力に応じた税負担」の原則にたった税制改革をすすめます。
これによって、社会保障などに必要な財源を１２兆円以上確保することが可能です。
（２）軍事費・大型公共事業などの歳出の無駄をなくします
いま、どの政党も「歳出の無駄をなくす」と口ではいっています。しかし、本当に無駄をなくすた
めには、軍事費、財界・大企業の要望、アメリカからの対日要求、政官財のゆ着構造と利権など、「聖
域」に切り込めるかどうかという、政治の姿勢が問われます。
軍事費を「聖域」にせず、大幅に削減する……年間５兆円にものぼる軍事費を「聖域」とせずに削
減するかどうかは、本当に無駄を削れるかどうか、巨額の財政赤字にまともに立ち向かう意思がある
かどうかの「試金石」です。アメリカのオバマ政権は、財政健全化のために軍事費を今後１０年間に
１４０兆円削減するとしています。日本の軍事費は、国の人件費や物件費の４割、公共事業を除く施
設費の６割近くを占めており、これにメスを入れることなしに歳出の大幅削減はできません。米軍へ
の巨額の税金投入――３兆円ものグアム島への基地建設などの「米軍再編」経費、年間２８００億円
にのぼる米軍への「思いやり」予算や、憲法違反の海外派兵経費、海外派兵のための装備や訓練経費
を全額削減するとともに、軍事費全般を「聖域」とせずに削減していきます。
大型開発にメスを入れる……政府は、地域住民の反対もあって１９７０年以来凍結されてきた東京
外郭環状道路（練馬―世田谷間）の事業化を決定し、この計画を自民、民主の国会議員が委員となっ
ている国土開発幹線自動車道建設会議（国幹会議）が全会一致で承認してしまいました。地下４０メ
ートルに直径１６メートルのトンネルを２本も通すこの計画には、総額１兆８千億円、１メートル１
億円以上の費用がかかります。この外環道を含む「三大都市圏環状道路」には、毎年５千億円もの事
業費がつぎ込まれています。こうした高速道路建設をはじめ、八ツ場（やんば）ダム、川辺川ダムな
どのダム建設（３千億円弱）、スーパー中枢港湾（１千億円強）、空港建設などの大型事業を総点検し、
不要不急の事業を中止・延期します。
高速道路無料化より福祉・教育を優先する……高速道路料金の無料化や大幅引き下げに何千億円、
何兆円という税金を注ぎこむことが、「税金の使い方」として適切でしょうか。無駄な高速道路建設に
- 26 -
歯止めもかけないまま、旧道路公団の借金を国民に肩代わりさせて続けられようとしている高速道路
料金の軽減よりも、福祉や教育を税金の使い方として優先します。
政官財のゆ着や特権による浪費をなくす……官僚の天下りを禁止し、政官財のゆ着や特権による浪
費をなくします。政府が組んだ１５兆円もの補正予算には、自動車・家電業界などの要求を丸のみし
た補助金ばらまきや、目的も効果もはっきりしないのに基金を積むなど、無駄な事業が多数含まれて
います。これらの予算にメスを入れ、その財源を社会保障などに振り向けます。
政党助成金を廃止する……年間３２０億円もの国民の血税を政党が分け取りする政党助成金は、た
だちに廃止します。「無駄な補助金を削る」とか「財政難」と言いながら、自分たちへの巨額の補助金
は受け取り続ける政党に「聖域のない無駄の削減」はできません。
（３）大企業・大資産家に「能力に応じた税負担」を求めます
もう一つの「聖域」は、大企業や大資産家を不当に優遇している現在の税制です。この間、庶民に
は定率減税の廃止や年金課税の強化などの増税が続く一方で、大企業や大資産家には減税が繰り返さ
れてきました。最近１０年間におこなわれたものだけでも、年間ベースで７兆円以上、累計で４０兆
円以上の減税がされています。
いま、アメリカでは、ゆきすぎた「金持ち減税」を改め、富裕層に１０年間で１００兆円以上の負
担を求めるという税制改革が提案されています。イギリスでも４０％の所得税最高税率を来年４月か
ら５０％に引き上げることが提案されています。
日本でも、くらしをまもり、内需主導の経済危機打開の道を開くために、不公平税制にメスを入れ、
税制がほんらいの所得再分配機能をとりもどす方向での改革が必要です。
――所得税・住民税の最高税率を少なくとも９８年以前の水準（所得税・住民税あわせて６５％）
に戻し、高額所得者・大資産家に応分の負担を求めます。
――大資産家の株式配当や譲渡所得には、わずか１０％しか課税しない証券優遇税制は、アメリカ
（２５％）、フランス（３０％）など、欧米と比べても低すぎます。証券優遇税制をただちに廃止し、
税率を少なくとも２０％に戻します。
――社会保険料を含めた大企業の負担は、ドイツやフランスの７〜８割にすぎません。景気が回復
して大企業の利益があがった段階できちんともうけ相応の負担をさせるようにするのは当然です。大
企業の法人税率を９７年の水準まで段階的に引き上げます。
――政府が決めた贈与税の減税は、ひとにぎりの資産家だけを優遇するもので、景気対策としての
効果も見込めません。この間に引き下げられた相続税の最高税率を元に戻し、大資産家に応分の負担
を求めます。これは、格差是正につながるだけでなく、大資産家の消費や生前贈与による現役世代へ
の資産移転を促進することになり、当面の贈与税も増収になるなど、景気対策としても有効です。
以上のような改革をすすめれば、大型公共事業削減（約２兆円）、軍事費削減（約１兆円）などの歳
出の無駄の削減で５兆円以上、大企業の税率引き上げ（約４兆円）、証券優遇税制廃止（約１兆円）、
所得税の最高税率引き上げ（約０・７兆円）などの税制改革によって７兆円以上、あわせて１２兆円
以上の財源が確保できます。これらの改革は、今後、数年間かけて段階的にすすめていきます。当面
の緊急の景気対策のためには、特別会計の積立金など、いわゆる「埋蔵金」の活用もはかります。こ
れによって、消費税増税に頼らずに、社会保障などの拡充をはかることが可能になります。
さらに、将来必要になる社会保障などの財源は、“応能負担の原則――所得や資産など能力に応じた
- 27 -
負担”の立場で確保していきます。国民のくらしを支える改革をすすめれば、内需主導の安定した経
済成長への道が開かれます。そうしてこそ、新たな財源もつくりだすことができます。国民のくらし
をつぶしてしまうような増税で「財政の帳尻」を合わせようとしてもうまくいきません。「財政再建」
を「理由」に、１９９７年に消費税増税などの９兆円負担増を押しつけたことによって、財政赤字が
いっそう巨額に膨らんだ苦い教訓でも明らかです。
【２】憲法９条を生かした自主・自立の平和外交で、世界とアジアに貢
献する日本をつくります。日米安保条約＝日米軍事同盟を廃棄し、アメ
リカと対等・平等の関係をつくります
（１）地球上から核兵器をなくすために積極的な役割を果たします
被爆国日本の国民の切実な願いであり、人類的課題である「核兵器のない世界」――核兵器廃絶に
向けて、歴史的な変化がおこりつつあります。オバマ大統領が４月にプラハでおこなった演説は世界
に大きな問題を提起しています。これは、①米国大統領として初めて「核兵器のない世界」を追求す
ることを国家目標とすると宣言しています。②広島・長崎への核兵器使用が人類的道義にかかわる問
題であることを初めて表明するとともに、その立場から核兵器廃絶にむけた責任を語っています。③
そして、核兵器廃絶にむけて世界の諸国民に協力をよびかけています。
日本共産党の志位和夫委員長は、この演説を歴史的意義をもつものとして重視し、①核兵器廃絶の
ための国際条約の締結をめざして、核兵器保有国による国際交渉を開始するイニシアチブを発揮する
こと、②２０１０年のＮＰＴ（核不拡散条約）再検討会議において、核保有国によって、核兵器廃絶
への「明確な約束」が再確認されることを求める書簡をオバマ大統領に送りました。それにたいして、
米政府から書簡にたいする返書（オバマ大統領の指示で、国務次官補代理が大統領に代わって書いた
もの）が届けられました。書簡への感謝が表明され、「この問題（核兵器のない世界）にたいするあな
たの情熱をうれしく思う」という返書は、核兵器廃絶にたいするオバマ大統領の真剣さと熱意を示す
ものです。
米国大統領への書簡と、米政府からの返書は、内外に積極的な反響をよびおこしています。志位委
員長は衆参両院議長と会談し、被爆国・日本で核兵器廃絶の国民世論を喚起していくことで一致しま
した。多くの国々の在京大使や外交官からも歓迎の声が届けられています。全国各地で、自治体の首
長、平和・市民団体、宗教者などとの懇談がおこなわれ、政治的立場の違いをこえて、多くの人々か
ら歓迎の声が寄せられています。この反響の広がりは、核兵器廃絶という人類的課題が空想的なもの
ではけっしてなく、現実のものとなる可能性を多くの人々が感じだしていることを示しています。
アメリカに前向きの変化を促した根本の力は、平和を願う世界諸国民のたたかいです。日本共産党
は、戦後一貫して核兵器廃絶のためにたたかい続け、綱領にもその課題を明記した党として、この歴
史的なたたかいの一翼をにない、広範な人々と共同して地球上から核兵器をなくすために積極的な役
割を果たします。
（２）核密約の全ぼうを公開させ、名実ともに「非核の日本」を実現します
日本は、人類史上唯一、核戦争の惨禍を体験した国でありながら、自公政権のもとで、アメリカの
- 28 -
「核の傘」依存を正当化して、「核兵器をつくらず、持たず、持ち込ませず」の「非核三原則」をない
がしろにする動きや核武装論が繰り返されてきました。
元外務次官４人が核密約の存在をマスコミに証言し、衆院外務委員長も関係者と面談したうえで、
「核密約はあった」と確認するなか、日本への核持ち込みの黙認を取り決めた日米間の密約があらた
めて国民の批判を浴びています。
この密約は、１９６０年に日米間で結ばれ、６３年の大平外相とライシャワー駐日大使の会談で再
確認された、核兵器を積んだ軍艦や航空機の寄港、通過、乗り入れにかんするものです。この核密約
の存在は、日本共産党の不破哲三委員長（当時）が２０００年４月に初めて国会で明らかにした米政
府解禁文書でも証明されていますが、今回、日本の元外務次官ら直接、厳重秘匿管理してきた関係者
の証言によっていよいよ否定しがたいものになっています。日米間で核密約を結んでいながら、国会
と国民の前では「非核三原則」を強調し、核兵器を積んだ軍艦や飛行機は、一時的な寄港、通過、乗
り入れもありえないと言いはってきた歴代日本政府の欺瞞（ぎまん）性、反国民的な犯罪行為があら
ためて浮き彫りになっています。
麻生内閣はいまも「密約は存在しない」と否定し続けていますが、日本政府が約５０年にわたって、
国民をだまして、核兵器持ち込みの仕組みを維持してきたことは絶対に許せません。
この核密約以外に、「有事」、つまり「将来の緊急事態」のさいに核兵器を配備する密約が日米間で
結ばれていることも米政府解禁文書で明らかになっています。政府は、国民と国会にたいして、核密
約にかかわるあらゆる記録を公開し、核の闇の真相を全面的に明らかにすべきです。
これは、けっして過去の歴史問題ではありません。アメリカは、水上艦艇から核兵器を撤去しまし
たが、攻撃型原潜に必要があれば随時、核巡航ミサイル「トマホーク」を積載する態勢を継続してい
ます。さらに、「有事」には、核兵器の再配備をすることを宣言しており、「有事」にそなえるために、
特定の地点での核兵器の存在を「否定も肯定もしない」という政策を堅持しています。「有事」におけ
る核配備の密約の下で、国民も日本政府も知らないうちに核兵器が持ち込まれ、配備されるという仕
組みと体制は引き続き日本列島をおおっているのです。
核密約をめぐる政府のウソが否定しがたいものになるなか、これを改めるのではなく、逆に、「非核
三原則」を見直し、核持ち込みを公然と認めよという動きが強まっているのは重大です。民主党の鳩
山代表なども、「持ち込ませず」の原則をはずして、核持ち込みを容認する考えを明らかにしています。
日本共産党は、広範な人びとと共同して、政府に核密約を公開、廃棄させて、核持ち込み体制を一
掃するたたかいを強めるとともに、「非核三原則」を骨抜きにする策動を許さず、名実ともに「非核の
日本」を実現するために全力をあげます。
あらゆる密約を公開し、廃棄する……日米間の密約は、核密約だけではありません。沖縄返還をめ
ぐる日本側負担や米軍の軍事作戦、米兵犯罪をめぐる日本の裁判権放棄などにかんしても、日米間に
密約や秘密合意が存在することが米政府解禁文書で明らかになっています。密約は国民を欺く「国家
犯罪」ともいうべきものであり、密約が存在したままでは、ほんとうに「対等な日米関係」を実現す
ることもできません。
日本共産党は、政府にあらゆる密約、秘密合意を公開、廃棄することを要求します。
（３）北朝鮮の核開発を放棄させるために、６カ国協議の再開を求め、日朝両国間の諸問題の解決の
ために力をつくします
- 29 -
北朝鮮が５月におこなった２回目の核実験は、北朝鮮に「核実験を実施しないこと」を求めた国連
安保理決議、自らも合意した６カ国協議の共同声明に明白に違反する暴挙です。また、世界のなかで
起こりつつある核兵器廃絶への新たな機運への乱暴な挑戦です。日本共産党は北朝鮮の行動に対し厳
しく抗議しました。
北朝鮮はその後も、国際世論に挑戦するような言動を続けていますが、この問題の解決のために、
北朝鮮に核兵器および核兵器開発計画を放棄すること、６カ国協議に無条件に復帰することを求めて、
国際社会が一致結束した行動をとることが大切です。
６カ国協議の無用論、無力論が出ていますが、この協議は、北東アジアの平和と安定に直接かかわ
る関係者が一堂に会する場として、引き続き最も効果的な交渉の枠組みです。この枠組みの当面の目
標は、「朝鮮半島の非核化」ですが、この目標が達成されるならば北東アジア地域の平和の共同体とし
て発展しうる可能性をもったものです。日本共産党は、困難はあっても、国際社会が６カ国協議の枠
組みに北朝鮮を引き戻し、協議を再開させるために力をつくします。
北朝鮮の核実験などにたいして、「敵基地攻撃」論などの無法な先制攻撃論、さらには日本の核武装
論など、軍事対応論が自民党や民主党の一部にうまれています。しかし、これらは、軍事対軍事の危
険きわまりない悪循環を引き起こすものであるとともに、北朝鮮に「核兵器を捨てよ」と要求する立
場を失わせるものでもあります。名実ともに「非核の日本」をつくりあげてこそ、北朝鮮にきっぱり
とした強い立場にたって、核開発を放棄させることができます。
日本共産党はこうした軍事対応論を厳しく退け、「非核の日本」を実現するために全力をあげます。
「日朝平壌宣言」にもとづき、朝鮮半島の核問題の解決とともに、拉致問題、ミサイル問題、過去
の歴史の清算の問題など、日朝間の諸問題の包括的解決に努力をつくし、日本と北朝鮮の国交正常化
への道筋をひらくことが大切です。こうした道をつうじて、北朝鮮問題が道理ある解決をみれば、東
アジアの平和・繁栄・友好に大きな展望が開けます。日本国民にとっても、平和と安心が確保されま
す。
日本共産党は、国の内外で、日朝間の諸問題の理性的解決のために全力をあげます。
（４）憲法９条に反する自衛隊の海外派兵を中止します
アメリカの一国覇権主義が、軍事でも経済でも大きな破たんに直面するとともに、それに代わる新
しい世界秩序への流れが大きく広がりつつあります。
アジアでは、ＡＳＥＡＮ（東南アジア諸国連合）が５月、ＥＵ（欧州連合）の東南アジア友好協力
条約（ＴＡＣ）への加入を正式に承認し、ブッシュ前政権が拒否していた米国も条約に署名しました。
ＥＵと米国の加入によって、ＴＡＣ加入国は５２カ国に、人口の合計は世界人口の７割近くに増えて、
ユーラシア大陸の多くの国々、オセアニア諸国、米国を含め、世界を覆う一大潮流となります。南北
アメリカ大陸でも、長らく「米国の裏庭」といわれてきた中南米の従属の歴史に幕が下り、対等・平
等の新たな友好関係が日程にのぼりつつあるなど、国連憲章にもとづく平和秩序をめざす流れが世界
の広大な地域に広がっています。
こういう世界にあって、日本は、恒久平和主義という理想を先駆的に体現した「世界の宝」ともい
うべき憲法９条をもっているにもかかわらず、自公政権が、軍事偏重でやみくもに海外派兵をおしす
すめ、憲法を改悪して、「海外で戦争をする国」にしようとする動きをすすめています。「戦争をしな
い」という憲法９条の理想が世界政治の現実の流れとなりつつあるなか、アメリカの世界戦略を補完
- 30 -
するかたちでの海外派兵など、軍事偏重の政治をいつまでつづけていいのか。このことが正面から問
われています。
新テロ特措法の延長を許さず、インド洋から自衛隊をただちに撤退させる……アフガニスタンでは、
海上自衛隊によるインド洋・アラビア海での米艦船などへの給油という形で米国の「対テロ戦争」に
加担し、罪のない民間人の殺りくに手を貸してきました。アフガニスタンでは、米軍などによる無差
別の武力掃討作戦によって多くの民間人が殺害され、それが、外国軍の駐留への怒りを強め、自爆テ
ロや武力衝突を急増させるという情勢悪化の悪循環がおこっています。「最悪の治安状況」といわれる
なかで、日本人の人道支援活動家が犠牲となる事態もうまれました。戦争でテロはなくせない。この
ことが明らかになったのが、この８年間の重大な教訓です。戦闘を一刻も早くやめさせ、和平の努力
をつくすことが求められています。
日本共産党は、アメリカの報復戦争に加担する新テロ特措法の延長を許さず、インド洋・アラビア
海から自衛隊をただちに撤退させるために全力をあげます。
「海賊対処」派兵新法をなくし、あらゆる海外派兵のくわだてに反対する……自公政権は、「海賊対
策」を名目にアフリカ東部のソマリア沖・アデン湾へのなし崩し的な自衛隊派兵の既成事実を先行さ
せつつ、新たに「海賊対処」派兵新法を強行しました。これは、海賊対処の名で世界のどこにでも自
衛隊を派遣できる恒久法であり、海賊対処のための船体射撃や危害射撃を可能とするなど武器使用を
「任務遂行」のためにも拡大しました。海賊問題を解決する道は軍隊を派遣することではありません。
ソマリア周辺国の警察活動に対する財政的・技術的支援を強化するとともに、ソマリアの政府崩壊を
たてなおし、人々が生活できる環境をつくるための民生支援こそ必要です。憲法９条をもつ日本は、
そのような外交努力、民生支援にこそ力をつくすべきです。
日本共産党は、「海賊対処」派兵新法をなくし、自衛隊をソマリア沖・アデン湾、ジブチからすみや
かに撤兵させるために力をつくします。また、アメリカの要求にこたえた、自民、公明、さらに民主
党も加わった自衛隊の海外派兵恒久法策定の動きなど、憲法を踏みにじる海外派兵のあらゆる企てに
反対して、広範な国民とともにたたかいます。
（５）米軍基地強化・永久化に反対し、基地のない平和な日本を実現します
日米両政府は、日米安保条約を従来の枠組みさえこえた「地球規模の日米同盟」へと侵略的に大変
質させ、「米軍再編」の名で米軍基地の強化、米軍と自衛隊の一体化を推進しようとしています。「米
軍再編」のねらいは、アメリカの地球規模の戦略に日本を組み込むところにあります。
「日本防衛」とは無縁の海外遠征――“殴り込み”部隊の司令部機能や機動性が、陸・海・空・海
兵隊の４軍そろって強化され、出撃・補給拠点として恒久化されようとしています。沖縄・名護市へ
の新基地建設、横須賀基地への原子力空母の配備、山口・岩国基地への空母艦載機の移駐、神奈川・
座間基地への米陸軍第１軍団司令部機能の移転などです。
日米両政府が２月、グアムの米軍基地強化に日本国民の税金を投入する義務を負わせた米海兵隊「グ
アム移転」協定に調印したように、オバマ政権になっても「米軍再編」による米軍基地強化路線には
変化がみられません。「グアム」協定は、海兵隊「移転」が、沖縄への新基地建設と日本の財政的貢献
にかかっているとしています。アメリカの領土内の米軍基地建設費を日本国民が負担するのは、国際
的にも歴史的にも例がなく、まったく道理がありません。しかも、自公政権は、ウソで固めた「環境
アセス」にみられるように、沖縄県民をはじめ日本国民を欺いて、新基地建設を強行しようとしてい
- 31 -
ます。絶対に許しがたいことです。
自公政権は、「再編交付金」という「札束の力」で、基地をかかえる自治体と住民を分断、懐柔、屈
服させて、基地強化を押しつけようとしています。しかし、曲折はあっても、こうした圧力に屈せず、
全国各地で、基地強化反対の粘り強いたたかいがすすんでいます。
日本共産党は、「米軍再編」の名による基地強化・永久化に反対し、基地のない平和な日本をめざし
て国民とともにたたかいます。
日米地位協定を抜本改定し、米軍優遇の特権をなくすために力をつくす……多発する米軍犯罪、事
件・事故のたびに、米軍に治外法権的な特権を与えている日米地位協定が問題になります。米軍によ
る主権侵害と横暴をおさえ、犯罪を繰り返させないために、地位協定の抜本改定は、まったなしの課
題です。にもかかわらず、自公政権は、国民の強い改定要求に背を向けて、「運用改善」にとどめてい
ます。
日本共産党は、日米地位協定を抜本改定し、主権国にあるまじき米軍優遇の特権をなくすために力
をつくします。
（６）憲法改悪を許さず、憲法の全条項をまもり、平和・人権・民主主義の条項の完全実施をはかり
ます
２０１０年５月には、自公両党によって強行（０７年）された「改憲手続き法」＝国民投票法が施
行を迎えます。この間、国会には憲法審査会が設置されることになりましたが、国民世論の批判の前
に、審査会の規程は衆参両院ともに決められず、審査会は始動できませんでした。このことは、憲法
改定はもちろん、そのための手続き自体も、国民の要求や願望から出発したものではないことを浮き
彫りにしました。
ところが、６月１１日には衆院で憲法審査会規程が強行されるなど、見過ごすことのできない変化
が生まれています。自民党の憲法審議会長を務める中山太郎・元外相は、「国民投票法が施行されると、
衆参両院の３分の２の賛成があればいつでも憲法改正手続きができるようになる」（「読売」５月３日
付）と指摘しています。国民の意思がどうあれ、憲法審査会が現実に動き出すことになれば、国会と
して改憲のための具体的な第一歩が踏み出される危険性があります。
この点で注意を要するのは、民主党の新代表に就任した鳩山由紀夫氏が年来の改憲論者だというこ
とです。鳩山代表は、みずからの著書『新憲法試案』のなかで「野党第一党が『憲法改正』に前向き
な主張をしていることが引き金となって、衆参両院に憲法調査会が設置されることとなった」と自賛
しています。憲法審査会の規程を決めることについても、民主党は採決では反対しましたが、「規程は
必要」という立場でした。
しかし、自民、民主両党などの改憲への執念がどんなに強く深くても、憲法改定が国民から出発し
た要求ではない以上、そうした改憲路線はかならずゆきづまりに直面せざるをえません。現に、「首相
在任中の改憲」をかかげた安倍政権は、さまざまな反国民的な施策とあいまって、「一路改憲」という
路線そのものへの国民の批判にあって退陣に追い込まれ、以後の政権は、改憲を前面に出せないでき
ました。
こうした状況をつくりだすうえで、大きな力になってきたのが、各地の「九条の会」や憲法改悪反
対共同センターのとりくみです。とくに、結成５周年を迎えた「九条の会」は、いまや全国津々浦々
に７５００に近づく勢いで会が誕生しています。
- 32 -
日本共産党は、憲法の前文をふくむすべての条項をまもり、とりわけ、平和・人権・民主主義を豊
かに保障した条項を完全に実施することをめざします。その立場から、憲法改定に強く反対し、改憲
につながる一切の策動を許さず、思想信条、党派の違いを超えた共同をさらに発展させるために全力
をあげます。
（７）憲法９条にもとづく自主・自立の外交をすすめます
アメリカのブッシュ前政権の一国覇権主義が無残な破たんをとげているもとで、国際社会は、国連
憲章にもとづいて、国際紛争の平和的・外交的解決を求めるという方向に動いています。２１世紀は、
軍事ではなく外交こそが重要な意味をもつ時代となっています。
世界が大きく変化しつつあるもとで、日本外交のあり方が問われています。世界の前向きの変化に
積極的に働きかけて促進する外交か、前向きの変化が目に入らず、変化しないことを求める外交かが
鋭く問われています。
麻生･自公政権には､世界の前向きの変化は目に入りません。オバマ政権のプラハでの演説を受けて、
この政権がおこなっているのは、オバマ大統領がのべた「核兵器のない世界」への動きを後押しする
ことではありません。執拗（しつよう）に求めているのは、「日米安全保障体制の下における核抑止力
を含む拡大抑止」の確認です。唯一の被爆国の政府が、核兵器廃絶への歴史的チャンスが目の前に生
まれているときに、そのための行動は何もせず、米国の核戦力に依存することを繰り返し求めている
ことは、許されません。
一方、自公政権は、アメリカが変化していない部分では、変化を求めず、自らすすんで従属政治を
続けています。日米軍事同盟を絶対不可侵のものと仰ぎ、米軍基地を強化し、自衛隊の海外派兵をお
しすすめ、グアムに建設する米軍基地にまで日本国民の血税を注ぎ込み、さらに憲法を改定して海外
での武力行使に公然と道をひらく路線にしがみついています。こうした政治に未来がないことは明ら
かです。
日本共産党は、核兵器廃絶問題での行動が示すように、世界の前向きの変化に働きかけ、それを促
進する、憲法９条にもとづく「自主・自立の平和外交」をすすめます。
――日本が過去におこなった侵略戦争と植民地支配の反省を踏まえ、アジア諸国との友好・協力を
すすめます。
――国連憲章に規定された平和の国際秩序を擁護し、この秩序を侵犯・破壊するいかなる覇権主義
にも反対をつらぬきます。
――一般市民を犠牲にする無差別テロにも報復戦争にも反対し、テロ根絶のための国際的な世論と
共同行動を発展させます。
――日本の歴史的領土である千島列島と歯舞・色丹島の返還をめざします。
――多国籍企業の無責任な活動を規制し、地球環境を保護するとともに、一部の大国の経済覇権主
義をおさえ、すべての国の経済主権の尊重と、平等・公平・互恵を基礎とする民主的な国際経済秩序
の確立をめざします。
――紛争の平和的解決、災害、難民、飢餓などの人道問題にたいして、非軍事的な手段による国際
的な支援活動を積極的におこないます。
――社会制度の異なる諸国の平和共存、異なる価値観をもった文明間の対話と共存の関係の確立の
ために力をつくします。
- 33 -
――経済面でも、アメリカによる不当な対日要求に屈せず、金融・為替・貿易を含むあらゆる面で
自主性を貫いた対等・平等の日米関係を確立します。
（８）日米安保条約をなくして、独立・平和の日本を築き、アメリカと対等・平等の新しい関係をつ
くります
自公政権が、憲法９条も平和を願う国民世論も踏みにじって、従属政治を続けてきた大もとに、日
米安保条約＝日米軍事同盟があります。日米安保条約は、いま、世界とアジアの軍事緊張を高める危
険な震源地の一つになり、沖縄をはじめ日本中で、｢基地あるがゆえ｣の苦しみを国民に押しつけてい
ます。アメリカが繰り返し日本に軍拡を要求する圧力をかけているのも日米軍事同盟強化のためです。
日本共産党は、日本でただひとつ、日米軍事同盟からぬけだして日本を外国の軍隊のいないほんと
うの独立国家にすること、世界とアジアの平和に貢献することを主張している政党です。軍事同盟に
縛られ、巨大な軍事基地をおかせ、米国の無法な戦争に動員される体制を「永久不変」だと考える勢
力には、およそ国の独立と平和を語る資格はありません。
日米安保条約をなくすのにむずかしい手続きはいりません。日本の国会で、軍事同盟に反対する勢
力が多数を占め、日米安保条約廃棄の決定をすることによって解決できる問題です。国会の決定にし
たがって、日本の政府がアメリカに条約廃棄の通告をすれば、１年後には条約はなくなります。この
手続には、相手国の同意はいりません。
条約を廃棄したあとは、アメリカと「友好条約」を結び、対等・平等の日米新時代に道をひらきま
す。
【３】民主主義がつらぬかれ、人権が大切にされる社会をつくります
１、世界でも異常な女性への差別をなくし、「両性の平等」を社会に徹底します
国連女性差別撤廃条約がつくられて３０年。日本ではいまなお女性差別がつづいています。女性雇
用労働者の半数以上が非正規雇用であり、賃金は正社員で男性の６８％、非正規をふくめると５３％
です。妊娠・出産、育児休業取得を理由とする解雇など違法な差別も横行しています。働きたくても
子どもが保育所に入れない深刻な事態も広がっています。女性の長時間労働も広がり、健康破壊・母
性破壊がすすんでいます。１人目の子の妊娠・出産で７割が退職し、３０歳代の労働力率は先進資本
主義国２４カ国中２３位と、女性が最も働きにくい国となっています。女性の地位の低さは老後の低
年金にも影響を与えています。
ヨーロッパでは、母性の社会的役割を重視し、子育ては男女と社会全体の共同責任だという女性差
別撤廃条約の原則に立ったルールの確立と社会的な合意がすすんでいます。パートと正規社員の均等
待遇の改善、家族政策の充実、育児休業制度の改善、保育所整備などがすすめられています。その結
果、家族支援の公的支出は日本の３〜４倍です。財界・大企業いいなりで、労働法制の改悪、社会保
障の切り捨てをすすめる日本の「ルールなき資本主義」が、世界でも異常な女性差別の原因になって
います。戦前の日本の社会を「理想」とし、民法改正などに反対する勢力が政界で大手を振っている
ことも異常です。
- 34 -
女性への差別は人間の平等と尊重の原則に反し、人類の発展に貢献すべき女性の能力の発揮を困難
にし、その国の発展をもそこなうものです。日本共産党は、女性への差別をなくし、国際的な基準に
たったヨーロッパ並みの「ルールある経済社会」をつくるために力をつくします。女性差別撤廃条約
の選択議定書の批准をすすめます。
（１）企業の女性差別や不利益扱いを許さず、差別是正のための法改正をすすめます
パート労働法や派遣労働法などに均等待遇原則を明記し、パートや派遣、臨時など非正規雇用労働
者の労働条件を改善します。男女賃金格差是正をはかります。間接差別の禁止規定を実効性あるもの
に改善します。
妊娠・出産を社会的に保護し支えてこそ、女性が平等に働くことのできる条件がつくられます。「産
休切り」「育休切り」などの違法行為の根絶はもとより、産前産後休業中は「業績ゼロ」として評価を
下げても企業が不利益な扱いをしたことにはならないなどの不当な差別を禁止します。
男女雇用機会均等法を改正し、差別是正のための強力な救済機関の設置、違反した企業に対する指
導の徹底、罰則の強化などをすすめます。
（２）女性も男性も仕事と家庭の責任を果たせるよう社会的援助を強めます
労働時間の短縮をはかり、男女がともに仕事と子育てを両立できる条件整備をすすめます。育児介
護休業法を改正し、所得保障の６割への改善、パートや派遣労働者がとりやすいように適用条件の見
直しをすすめます。
保育に対する国や自治体の責任を後退させる保育制度の改悪を許さず、誰もが安心して子どもを預
け、働く権利が保障されるように、認可保育所の新増設、保育条件の改善など、国と自治体の責任で
保育の拡充をはかります。
母子家庭の命綱である生活保護母子加算を復活します。児童扶養手当の削減を許さず、父子家庭に
も支給できるようにします。
（３）男女平等・人権尊重・民主主義をすべての分野につらぬきます
民法を改正し、選択的夫婦別姓制度の実現、再婚禁止期間・婚姻最低年齢の見直し、婚外子差別の
禁止をすすめます。家庭、社会のすみずみまで男女平等、個人の尊厳の徹底をはかり、家庭内暴力、
セクシュアルハラスメントなどを生まない社会をつくります。
２、すべての子どもの成長発達を支える教育に転換します
歴代の自民党政権は、子どもたちを競争でふるいにかけ、ゆきすぎた管理で人間性を傷つけるなど、
教育をゆがめてきました。そのうえ小泉内閣以来の「構造改革」は教育条件の悪化や「子どもの貧困」
をもたらし、日本の教育は深刻な矛盾に直面しています。とりわけ、改悪された教育基本法にそった
教育への国家介入の強化、競争教育のいっそうの押しつけが急ピッチで具体化されようとしているこ
とは重大です。
こうしたゆがみをとりのぞき、憲法の平和・人権・民主主義の原理に立脚し、子どもの権利条約を
生かし、すべての子どもの成長発達を支える教育を築きます。
（１）競争とふるいわけの教育を根本から是正します
国連子どもの権利委員会からも改善の勧告を受けている「極度に競争的な教育制度」を是正します。
- 35 -
教育に「競争原理」をもちこんで子どもたちを競争に追い立て、ふるいわけする「教育改革」を抜本
的に見直します。年数十億円の無駄遣いだと指摘されている「全国いっせい学力テスト」は中止し、
抽出調査にあらためます。
（２）子どもの豊かな成長を保障します
自然や社会の仕組みがわかる知育を重視し、体育・情操教育などバランスのとれた教育をめざしま
す。学習が遅れがちな子どもへの支援を手厚くします。学習指導要領の強制をやめ、内容の再検討を
国民参加ですすめます。上からの徳目の押しつけをやめ、基本的人権を大事にする市民道徳の教育を
すすめます。
「不登校ゼロ作戦」など子どもや親を追いつめる施策をやめ、子どもの「最善の利益」の立場から、
多様な選択への公的支援、親の会やフリースクールへの支援をすすめます。「いじめ」の温床である過
度の「競争とふるいわけ」をあらためます。子どもの生命最優先へ「安全配慮義務」を徹底します。
（３）豊かな教育条件を実現します
ＯＥＣＤ加盟国で最下位の教育予算を、早期に平均にまで引き上げます。教員を増員・正規化し、「教
員の多忙化」を解消し、「３０人以下学級」をすすめます。学校耐震化の促進など教育施設を整備しま
す。不足している特別支援教育・障害児教育を充実させます。予算削減のための学校統廃合の強制を
中止します。「私学の自由」を尊重し、私学助成を増額し、公私間格差を是正します。大学を疲弊させ
ている「基盤的経費の連続削減」を中止し、予算を増額します。図書館、公民館などの拡充、専門職
員の配置をすすめます。
（４）「子どもの貧困」を克服し、国民の教育費負担を軽減します
深刻化する「子どもの貧困」を解決するため、就学援助の拡充、ひとり親家庭への支援強化、児童
福祉施設の生活と進学保障の充実、児童手当の拡充、児童相談所の体制強化を緊急にすすめます。「世
界一の高学費」をただし、経済的な理由で進学をあきらめる若者をなくします。乳幼児から高等教育
までの教育費負担を軽減し、無償化をめざします。
（５）憲法が保障する教育の自由と自主性をまもりぬきます
国や教育委員会による学校・教員の支配をやめ、教職員・子ども・保護者等の参加と共同による学
校の自主的運営に切り替えます。教員免許更新制や恣意（しい）的な教員評価制度、教員間に命令服
従をもちこむ主幹教諭制度など、教員の教育者としてのあり方を傷つける諸制度を見直し、中止しま
す。あらゆる場で子どもの意見表明権を保障します。思想・良心の自由を侵す“愛国心”の押しつけ、
「君が代・日の丸」の強制、侵略戦争・植民地支配を美化・肯定する教育に反対します。
３、「国民が主人公」の立場で国の政治・行政の仕組みを改革します
（１）政治腐敗の温床＝企業・団体献金を即時・無条件に禁止します
途切れることなくつぎつぎに明るみにでてくる「政治とカネ」の黒い疑惑に、国民は怒り、あきれ
ています。「政治とカネ」にまつわる疑惑が表ざたになるたびに「政治改革」などとして政治資金規正
法「改正」が繰り返されてきました。しかし、おこなわれたのは、企業・団体献金そのものにはなん
ら手をつけずに、受け取り手を多少制限したり、政治資金集めのパーティー券購入に「上限」を設け
るなど、きわめて部分的なことばかりでした。このため、法「改正」後も法の“抜け穴”を悪用した
- 36 -
不正事件が後を絶ちません。企業・団体献金はあれこれの条件をつけずにきっぱり禁止します。
国会議員のいわゆる「世襲」が問題になっています。自民党議員の約４割、民主党議員の約２割が
「世襲」議員だとされています。政治資金や後援団体などをあたかも親から子への“財産相続”のよ
うに扱うやり方は、民主主義と到底両立するものではありません。国会議員の「世襲」はなくすべき
です。
（２）国民の税金を政党が分け取りする政党助成金制度を廃止します
政党助成金制度が導入されて１５年がたち、この間に各党が受け取った金額は、自民党２２７８億
円、民主党１１９０億円、公明党３５２億円、社民党３１５億円にもなります。この制度は、“企業・
団体献金をなくす代わりに”などという口実で設けられたものですが、この約束は反故（ほご）にさ
れつづけ、いまや“企業・団体献金も、政党助成金も”のありさまです。
民主党の収入の８割、自民党の収入の６割が政党助成金でまかなわれています。自民党も民主党も
「官から民へ」などといいますが、自分たちこそ税金を食いものにする“国営政党”“官営政党”です。
日本共産党は、国民の税金から政党が活動資金を分け取りすることは、その党を支持していない国民
にも有無をいわせず“献金”を強制するものであり、「思想・信条の自由」や「政党支持の自由」に反
する憲法違反の制度であると厳しく指摘し、受け取りを拒否してきました。政党助成金制度はきっぱ
り廃止します。
（３）民意を切り捨てる比例代表定数削減に反対し、選挙制度の民主的改革をおこないます
自民・民主両党が、「国会議員定数削減」を競い合っています。民主党は「衆議院の比例定数を８０
削減する」、自民党は「少なくとも１割、５０人以上削減」という具合です。
比例代表制は、各党の得票率に応じて議席数を配分することで、有権者の選択を議席に正確に反映
する仕組みです。比例代表制の定数削減の最大の狙いは、少数政党を国会と国政の舞台から締め出す
こと、これらの政党が代表している国民の声を国会と国政の場から切り捨てることです。
日本共産党は比例定数削減に強く反対し、衆議院選挙制度を全国１１ブロックの比例代表制に改革
します。高すぎる供託金制度の抜本的見直しをはかります。憲法がうたう「国権の最高機関」「国民の
代表機関」にふさわしい国会を実現するために全力をあげます。
４、政官財のゆ着を断ち切り、国民に奉仕する公正で清潔な行政を実現します
憲法は、公務員や官庁・役所は「全体の奉仕者であって、一部の奉仕者ではない」（第１５条）と定
めています。ところが、長年の自民党政治のもとで、行政は、主権者国民全体への奉仕をそっちのけ
にして、「財界・大企業いいなり」「日米軍事同盟最優先」という自民党政治の“目的”に奉仕するも
のにねじ曲げられています。
財界・大企業に偏重した審議会の構成を、行政に国民の意見を公正に反映できるものにあらためる
……中央官庁自体が、自民党政権のもとで財界・大企業中心主義の発信地となっています。その典型
的事例の一つが、各省庁に無数に設置されている審議会や調査会・研究会などの行政機関です。これ
らの審議会の設置は、国家行政組織法などが根拠とされ、それぞれの官庁の重要な方針や計画を策定
したり、政策にたいする答申などをおこなったりする機関と位置づけられています。こうした審議会
にどういうメンバーが参加するかは、各省庁の政策決定にきわめて大きな影響を持っています。特徴
- 37 -
的なのは、ほとんど必ずといっていいほど、財界・大企業の役職者が名前を連ねていることです。
大型公共事業と国土開発計画の中心を担ってきた国土交通省には、国土審議会や社会資本整備審議
会、交通政策審議会など１３の審議会や委員会が設置されています。これらの審議会には、財界・大
企業の役職者が何人も加わっています。たとえば、国土審議会の会長は、東芝の相談役が就任し、中
部経済連合会や関西経済連合会の各副会長が名前を連ねています。各省庁の審議会を中立・公正なも
のにするために、国民の声を正しく反映させるシステムにつくりなおさなければなりません。会長や
副会長には財界・企業など特定団体の代表を就任させないことや、メンバーの選出に当たっては各党
が推薦する人を就任させるなどの改革をすすめます。
天下り禁止・企業献金禁止など、政官財のゆ着を断ち切る法的措置を講じます……中央省庁の高級
官僚が、政治家、財界とゆ着して、相互に特権的な利益を享受しあう関係になっています。この「政
官財」ゆ着は、財界・業界が、一部の特権官僚に“特別席”“指定席”を保障する（天下り）、その見
返りに官僚が財界・業界の利益につながる政策をたてる、それを自民党などの政治家が国会で成立さ
せ、その見返りとして財界・業界が多額の政治献金をするという、いわゆる「トライアングル」と呼
ばれる根深い構造に支えられています。一昨年明るみにでた、国が発注元になったダム工事をめぐる
「官製談合」問題は、事業それ自体が巨大な税金の無駄遣いであったうえに、国土交通省が音頭を取
って談合を組織して巨大ゼネコンに受注させ、それらのゼネコンが高級官僚には「天下り先」を、政
治家には企業献金を提供するという「構造的」なものでした。
この「政官財」のゆ着を断ち切り、行政を、憲法が明記する通り主権者国民全体に奉仕するものに
改革するために、企業・団体献金を即時・無条件に禁止するとともに、高級官僚の営利企業・業界団
体、政府関係法人への天下りを禁止する法律を制定します。
行政情報を主権者国民に明らかにするシステムを確立する……国家的な問題について、官僚だけに
よる恣意的な考えによる運営や遂行を許さないことも大切な課題です。
たとえば、従来、道路建設や大型開発の優先順位（いわゆる「個所づけ」）について、政治家による
「天の声」も問題とされてきましたが、エリート官僚の独断による決定も指摘されてきました。これ
らの問題については、徹底的な情報公開を義務づけるべきです。
こうした問題とともに、最近大きな議論を呼んでいるのは、いわゆる「非核三原則」にかかわる密
約問題です。すでにこうした核密約が存在していることは、この１０年来の日本共産党の国会での追
及でも明らかになってきました。この間、歴代事務次官が、この密約の存在を裏づける証言をしてい
ます。問題は、その際、密約の存在について、事務次官には実物も含めて代々継承しておきながら、
歴代の外務大臣のなかには伝えられなかった人もいるということです。「官僚主導」というなら、これ
ほど最悪の「官僚主導」はありません。日米間の密約は核問題だけでなく、さまざまな分野、範囲に
及んでいると指摘されています。日本共産党は、現在あるあらゆる「密約」について、原則として国
民の前に明らかにすることを要求します。
公務員制度を民主的なものにあらためる……公務員が真に「全体の奉仕者」として業務に従事でき
る体制を確立することが重要になっています。０８年の国会で成立した「国家公務員制度改革基本法」
は、公務員の採用時からエリート官僚（キャリア）と一般公務員を差別する「総合職」制度を温存し、
特権的な天下りには手をつけないばかりか、大企業との「人事交流」を大々的にすすめられるように
するなど、憲法のさししめす民主的な「公務員像」とはおよそ無縁なものです。このような「公務員
- 38 -
制度改革」は、抜本的に見直します。
公務員の削減数を「競い合う」ような議論もありますが、無駄や浪費にメスを入れるのは当然のこ
ととして、福祉、医療、教育などに携わる人を減らしたり、不安定で劣悪な労働条件の非正規職員に
置き換えたら、国民の「首を絞める」ことになってしまいます。
憲法が保障しているにもかかわらず公務員から不当に剥奪（はくだつ）されているスト権などの労
働基本権の全面回復をはかるとともに、「官製ワーキング・プア」といわれるような非常勤職員の劣悪
な労働条件の改善も急務となっています。
５、「地方分権」というなら切り捨てをやめ、財源を保障して地方自治の発展を
「地方分権」といいながら、この間やられてきたことは、「三位一体改革」による地方交付税など地
方財源の大幅削減と、市町村合併の押しつけでした。「だまされた」という声が、地方からわきあがっ
ているのは当然です。
いま、「分権」というなら、こうした地方切り捨てによって壊された地域経済と地方自治を回復させ
るとりくみを、財源を保障して全力で応援することです。また、国から地方への国保証とりあげの強
制など、悪政押しつけの仕組みをやめること、そして、子どもの医療費助成を自治体がおこなうと交
付金にペナルティーを科す、介護保険料減免に一般財源を使うなという「指導」など、自治体の独自
施策を抑制する仕組みをやめることです。
（１）福祉、教育などへの国の責任放棄を許さず、地方財源を保障します
自公政権でのこんどの「分権」の検討は、福祉や教育などの水準を不十分ながら保障するため設け
てきた国の基準を「分権」の名で取り払い、国の責任を放棄して、負担を削減することがそのねらい
です。これでは自治体が、独自の施策を発展させるどころか、住民施策の最低水準を確保することも
難しくなってしまいます。
民主党も「補助金全廃・一括交付金化」といって、「一括交付金」に切り替えるさいに、国から地方
への支出を削減するとしています。
地方の財源確保を保障することこそ地方自治発展の土台です。日本共産党は、福祉や教育などの国
庫負担金・補助金の廃止・縮減に反対し、その改善・充実を求めます。地方財政の重要な柱である地
方交付税の復元・増額で本来の財源保障・調整機能を回復・強化し、住民のくらしをまもるために必
要な地方の財源総額の確保をはかります。
国直轄事業負担金を、“必要な事業は、国の責任と負担でおこなう”という方向で抜本的に見直しま
す。国直轄事業に多く含まれている高速道路、港湾、ダムなど、不要不急の大型公共事業は削減・中
止します。国が維持管理費や国職員手当などの負担を、地方に押しつけることは直ちにやめます。
地方の財源確保のために「地方消費税の充実」を求めることは、消費税の大幅増税に直結するもの
であり、反対します。
（２）道州制導入とさらなる市町村再編に反対します
自民党は、いま約１８００となった市町村をさらに当面７００から１０００程度にし、いまの都道
府県をなくして、全国を１０程度の道州に再編するとしています。民主党も、「道州の導入も検討する」
としています。
- 39 -
道州制は、単に地方制度の大改編にとどまらず、国の仕事を外交や貿易、軍事、司法などに限定す
る一方、憲法が明記するくらしや雇用、福祉、教育など、国民の基本的な権利をまもる国の責任を投
げ捨て、地方に押しつけるものです。もともと財界が提唱して、自民、公明、民主が受け入れてきた
もので、国民や地方にとっての必要性からでてきたものではありません。自治体行政は住民から遠く
なり、財界は、広域行政をになう道州にインフラ整備の大型開発へ財源を集中させることなどを求め
ています。
日本共産党は、道州制の導入と小規模自治体切り捨てなどさらなる上からの市町村再編の押しつけ
に反対します。住民と自治体による地域の振興のとりくみを応援し、地方自治をまもり発展させます。
- 40 -
©日本共産党中央委員会
151-8586 東京都渋谷区千駄ヶ谷４−２６−７
TEL.03-3403-6111 FAX.03-5474-8358 メール info@jcp.or.jp
-167-",,
71220_201212,"総選挙政策 日本共産党の改革ビジョン
60年続いた「自民党型政治」の
ゆがみを断ち切り、「国民が主
人公」の新しい日本を
「提案し、行動する。日本共産党」の躍進を訴えます
日本共産党
2012年11月26日
総選挙にあたって、国民のみなさんに
訴えます
「民主党にはだまされた。でも自民党には戻りた えてほしい」という国民の期待を完全に裏切りまし
くない。どうしたらいいのか」―多くの国民のみ た。なぜ、民主党は、無残な失敗をしたのでしょう
なさんの思いではないでしょうか。 か。
いまや民主党は自民党とうり二つの政党となりま 国民の多数が反対した消費税大増税、原発再稼働
した。たくさん新党が登場し、政策そっちのけで選 をごり押しする、その根っこには、国民そっちの
挙目当ての離合集散と「政党の渡り歩き」が行わ け、「財界が中心」の政治のゆがみがあります。日
れ、戸惑っている方もおられることでしょう。 本の農業と経済を壊すTPP（環太平洋連携協定）
今度の総選挙で、何が問われるのでしょうか。政 を推進し、沖縄が島ぐるみで反対しているオスプレ
党を選ぶ基準はどこにあるのでしょうか。日本共産 イの配備を強行する、その根っこには「アメリカい
党は、日本の進路を選択する大切な総選挙にあたっ いなり」の政治のゆがみがあります。
て、真の対決軸がどこにあるのかを、国民のみなさ 民主党政権は、「アメリカいいなり」「財界中心」
んに訴えます。 という「二つのゆがみ」を持った「自民党型政治」
に縛られたまま、そこから抜け出す意思も立場もあ
民主党政権は、どうして無残な失敗を
りませんでした。ここにこそ、民主党政権の失敗の
とげたのでしょうか
最大の原因があるのではないでしょうか。
民主党政権は、「政権交代」にかけた「政治を変
2
社会のゆがみを解決する力を失っています……貧
60年続いた「自民党型政治」そのも
困と格差、「自殺大国」、おとなも子どもも「いじめ
のが、行き詰まり、耐用年数がつきて
社会」、地域社会の崩壊など、深刻になる社会のゆ
います
がみにたいして、政治が解決する力を失っていま
きずな
「アメリカいいなり」、「財界中心」という「自民 す。東日本大震災は、あらためて「社会の絆」の大
党型政治」は、日本が形式のうえで独立国となった 切さ、人々が助け合い、連帯することの大切さをよ
1952年以来、60年間も続いてきました。ところ びおこしました。しかし、「競争原理と自己責任」、
がいまや、この「自民党型政治」は、経済でも、外 「弱い者いじめ」をあおる政治のもとで、日本社会
交でも、日本が解決を求められている問題に、何ひ を覆うさまざまな病理現象が、深刻となっていま
とつ答えが出せず、国民に展望を示すことができな す。
くなっています。 こうして、あらゆる分野で、「自民党型政治」が
国民の所得を減らし、経済を停滞させ、「成長し 行き詰まり、腐り果て、耐用年数がつきているの
ない国」にしてしまった……「財界中心」の政治 が、日本の政治の現状なのです。
を続けてきた結果、日本経済はどうなったでしょう
「自民党型政治」か、日本共産党か―
か。国内総生産（GDP）も、国民所得も、20年前
ここにこそ真の対決軸があります
の水準に落ち込んでしまいました。勤労者世帯の年
収は、ピーク時から平均で100万円も減っていま いよいよ、60年間続いた「自民党型政治」のゆ
す。国民の所得が減り続け、経済成長も止まる、こ がみを断ち切る本物の改革にとりくむときがやって
んな国は、先進国の中でも日本だけです。 きました。この仕事を担える政党はどの党か。ぜ
土台である経済が崩れ、国民所得が減れば、財政 ひ、今回の総選挙では、このことを、事実にてらし
も悪化します。財政危機の根本原因もここにありま て見きわめていただきたいのです。
す。しかも、「財界中心」の政治が、大企業や富裕 自民党とうり二つとなった民主党、いっそう右傾
層に減税をばらまき、大型開発や軍事費の浪費を続 化を強めた自民党には、行き詰まりを打開する意思
けたことが財政を危機的状況にしました。 も力もありません。「第三極」を名乗る維新の会も、
「アメリカいいなり」の政治と国民との矛盾も限 その中身を見れば、消費税増税、原発推進、TPP
界をこえた……「アメリカいいなり」の政治と国民 推進など、「自民党型政治」そのものです。「新し
との矛盾も限界点をこえました。沖縄に耐え難い米 さ」を装いながら、憲法を壊し、平和を壊し、民主
軍基地を背負わせ、それをさらに強化しようとして 主義を壊す「突撃隊」―これが維新の会の正体で
いることが、島ぐるみの激しい怒りをよびおこし、 す。
それを打開する方策をまったく持てなくなっていま 「アメリカいいなり」「財界中心」という「二つの
す。 ゆがみ」を大本から断ち切る―この大仕事を担え
地球規模での食料不足が大問題になり、どの国で る政党は日本共産党しかありません。「自民党型政
も食料自給率の向上の努力をしているのに、「アメ 治」か、日本共産党か―ここにこそ、今度の総選
リカいいなり」の政治のもとで、国民の食料をどう 挙の真の対決軸があります。
するのかという大問題にさえ、まったく責任をもた
「提案し、行動する。」―日本共産党
なくなってしまっています。
の躍進で「国民が主人公」の新しい日
外交面での「アメリカいいなり」を続けてきた結
本を
果、国際政治における日本外交の地位が著しく低下
し、存在感がなくなっています。世界で大問題が起 日本共産党は、日本が直面するあらゆる問題で、
こっても、だれからも相談もされず、頼りにもされ 解決策を明らかにした政策提言を打ち出していま
ない国になっています。 す。日本の政治を行き詰まらせている「二つのゆが
3
み」から抜け出し、「国民が主人公」の新しい日本 いを実現するためにがんばり続けてきました。
をめざす党綱領を持つ日本共産党だからこそ、国民 日本共産党は、総選挙で、650万以上の得票と
の願いに応える改革のビジョンを提案することがで ともに、議席の倍増―現有9議席から18議席
きます。 以上への躍進を実現するために全力で奮闘します。
日本共産党は、提案するだけでなく、その実現の 日本共産党の躍進は、古い政治にしがみついている
ために国民とともに行動している政党です。消費税 勢力への痛打となり、日本の政治に衝撃をもたらす
でも、原発でも、TPPでも、米軍基地でも、震災 ものとなるでしょう。希望が持てる新しい政治を切
復興でも、さまざまな問題で、幅広い団体や市民の り開く最大の力となるでしょう。どうか、日本共産
みなさんと懇談し、共同の行動を起こし、国民の願 党へのご支持、ご支援を心からお願いします。
日本共産党は、改革ビジョンを掲げ、
実現のために全力をつくします
「アメリカいいなり」、「財界中心」のゆがみを断 の実現のために、全力をつくすことをお約束しま
ち切る改革をすすめれば、どんな展望が開けるの す。
か。日本共産党は、つぎの改革ビジョンを掲げ、そ
１、デフレ不況からどう抜け出すか―国民の所得
を増やし、内需を活発にする
こにこそ、デフレ不況の根本問題があります。外需
デフレ不況の根本原因は、経済の土台で
=輸出が増えても、それによって働く人の所得が
ある内需を壊す逆立ち政策にあります
増え、国内の需要と投資に還元されなければ、デフ
「景気を何とかしてほしい」―国民が強く政治 レ不況から抜け出すことはできません。
に望み続けてきたことです。ところが、自公政権 自民党の安倍晋三総裁が「無制限の金融緩和」な
も、民主党政権も、失敗を繰り返してきました。そ どと言っています。しかし、内需が冷え込んでいる
れどころか、働く人の所得が減り、消費が落ち込 ときに、いくら日本銀行が銀行にお金を供給して
み、内需が冷え込む「デフレ不況」が、いよいよ深 も、企業の投資にはまわらず、何の効果もありませ
刻になり、悪循環におちいっています。 ん。余ったお金が投機マネーとなり、原油や穀物の
何が間違っていたのでしょうか。どんな国でも、 高騰を引き起こすなどの副作用しかありません。実
経済を発展させようとすれば、内需を活発にするこ 体経済が悪いときに、金融経済にテコ入れすれば、
とが基本です。そして内需の大部分は家計消費で、 景気が良くなるなどというのは、まったく逆立ちし
GDP（国内総生産）の6割近くになります。とこ た議論です。
ろが、歴代政権は、それを応援するどころか、逆に
破壊する「逆立ち」の政策をとってきました。こ
4
をさらに深刻にします。人減らしで目先の利益だけ
国民の所得を増やす政策に転換を―
を追い求めるリストラでは、日本の産業の「復活」
日本共産党の二つの提案
はありえません。
デフレ不況から抜け出すためには、国民の所得を ●ヨーロッパでは当たり前の解雇規制法をつくり
増やし、内需を活発にする政策に転換することが最 ます……「整理解雇4要件」（差し迫った必要性、
大のカギです。そのために、日本共産党は二つの提 解雇回避の努力、選定基準・人選の合理性、労働
案を行います。 者・労働組合の合意）を法律にします。
●リストラ・アセスメントの制度をつくります
（1）消費税の大増税を中止します
……大規模な人員削減計画に際しては、合意に達す
「こんな不況のときに消費税が10％になったら ることを目的にした労働者との協議や、撤退する自
やっていけない」―悲鳴のような声が街にあふれ 治体への事前通告と再就職援助など雇用確保への努
ています。政府の試算でも、年収500万円のサラ 力を義務づけます。
リーマン世帯では、消費税増税で年間11.5万円の ●正規雇用を原則に、有期雇用を規制します……
負担増になります。企業の9割近くが増税による 労働者派遣法の抜本改正、有期雇用は合理的理由の
「消費の縮小」を予想し、7割近くが「業績への悪 ある場合に限定、非正規や女性への不当な差別をや
影響」を心配しています（帝国データバンク調査）。 めさせ均等待遇を保障するなどのルールを確立しま
国民の所得が減り、消費が落ち込み、市場が冷え す。
込んでいるときに、所得を増やすどころか、13兆 ●異常な長時間労働を是正し、労働時間短縮で雇
5千億円もの所得を国民から奪う消費税大増税を強 用を創出します……「サービス残業」の根絶、残業
行すれば、デフレ不況の悪循環をひどくし、日本経 時間の法的規制、有給休暇の完全取得、深夜・夜間
済の底がぬけてしまいます。そうなれば消費税以外 労働の規制などを行います。労働時間短縮と育児・
の税収が減り、財政も悪化します。暮らしも、経済 介護休暇を取りやすくすることは、仕事と子育ての
も、財政も壊す、消費税増税を中止することを強く 両立にも寄与します。
求めます。 ●賃下げ政策を転換し、最低賃金を大幅に引き上
●新しい国会で、消費税増税中止法案を提出し、 げます……時給1000円以上に引き上げ、全国一
成立のために全力をあげます。 律最低賃金制をつくり、「働く貧困層」をなくしま
す。その際、中小企業への資金援助などの支援を強
（2）大企業の260兆円の内部留保を、雇
化します。公務員賃金の7.8％もの引き下げに反対
用や中小企業に還元します
します。
大企業には、利益剰余金などの内部留保―た ●中小企業と大企業の公正・公平な取引のルール
め込み金が260兆円もたまっています。このお金 を確立します……下請け取引を適正化し、「単価た
を、雇用や中小企業に還元し、所得を増やし、内需 たき」などの不公正な取引をやめさせます。独占禁
を喚起し、デフレ不況の悪循環を断ち切って、企業 止法を強化します。大型店の身勝手を許さないルー
活動を活発にするという好循環へと転換させていく ルをつくります。
政策を行います。 ●中小企業予算を増やし、本格的な振興をすすめ
●大企業による違法・脱法のリストラをやめさせ ます……国の中小企業予算を1兆円に増額し、技
ます……電機・情報産業の大企業では、正社員だけ 術開発、販路拡大、後継者育成、円滑な中小企業金
でも13万人を辞めさせ、契約社員や業務委託の乱 融など、中小企業への支援を強化します。「日本の
暴な「雇い止め」や「打ち切り」をすすめる大リス 宝」、町工場を守るため、固定費補助などの緊急・
トラが行われています。こんなリストラを野放しに 直接支援を行います。生活密着型の公共事業への
したら、雇用破壊、雇用不安はさらに広がり、不況 転換、地元企業への発注増を推進します。住宅リ
5
フォーム助成を国の制度として創設します。公契約 法・条例を制定します。
２、社会保障充実と財政危機打開―「消費税増税
に頼らない別の道」を提案します
日本共産党は、2月に、「消費税大増税ストップ! の増員をすすめます。
社会保障充実、財政危機打開の提言」を発表しま ●本人も家族も安心して利用できる介護制度をつ
した。消費税大増税に反対するとともに、それにか くります……特別養護老人ホームを増設し、待機者
わる財源を示す抜本的な提案です。①能力に応じた をゼロにします。低所得者の利用料を無料にしま
負担の原則に立った税・財政の改革、②国民の所得 す。国の制度として保険料の減免制度をつくりま
を増やす経済の民主的改革―この二つの改革を同 す。
時にすすめ、社会保障の充実と財政危機の打開をは ●保育所の待機児童をゼロにします……保育への
かる道を、具体的に提案しています。 公的責任を投げ捨てる「子ども・子育て新システ
ム」を中止し、公的保育制度を守ります。認可保育
社会保障切り捨てに反対し､再生･充
所を計画的に整備し、保育所の待機児童をゼロにし
実への抜本的転換をはかります
ます。
民主・自民・公明は、解散前のどさくさのなか ●雇用保険を拡充し、失業者への生活援助と再就
で、年金支給の削減法を強行しました。さらに、今 職支援を強化します……失業給付期間を、当面、現
後、3党が密室談合で決めた「社会保障制度改革推 在の90～330日から180～540日程度まで延
進法」にもとづき、医療費の窓口負担増、国保料 長します。生活が困窮している失業者への生活扶助
（税）の値上げ、介護保険のサービス取り上げと利 制度を強化・確立します。職業訓練と再就職支援を
用料の引き上げ、保育制度の改悪、生活保護の門前 強化します。
払いや強権的な打ち切りなど、あらゆる世代に激烈 ●障害者の暮らしと権利を守る新法を制定します
な〝痛み〟を押しつける「改革」を行っていくこと ……福祉・医療の「応益負担」を撤廃し、障害者福
を宣言しています。 祉・医療は無料にします。自立支援法の実質的な延
日本共産党は、社会保障への国の責任を投げ捨 命を許さず、新しい総合福祉法を実現します。
て、制度解体をすすめる暴走とたたかいます。 ●生活保護の排除と切り捨てをやめ、生存権を保
同時に、まず壊された社会保障を再生し、つづい 障します……門前払いや強権的な打ち切りなど排除
て「先進水準の社会保障」への充実をめざして、つ と切り捨てをやめ、生活保護を必要とするすべての
ぎの政策を実行します。 人に受給権を保障します。保護費の切り下げに反対
●年金削減政策を中止し、段階的に充実をはかり します。児童扶養手当の削減をやめさせ、子どもの
ます……年金削減の仕組みを撤廃し、年金額が減ら 貧困対策を強化します。
ない信頼できる制度にします。無年金・低年金の解 ●つぎの段階で「先進水準の社会保障」への抜本
決に足を踏み出します。 的拡充をはかります……つぎの段階で、財源を確保
●医療費の窓口負担を引き下げ、医療崩壊を立て しながら、最低保障年金の創設、医療費の窓口負担
直します……窓口負担は、当面、子どもの医療費 の無料化、介護の利用料を無料にするなど、ヨー
を国の制度として無料にする、現役世代は2割に ロッパの多くの諸国で当たり前になっている水準の
引き下げ、高齢者は1割にすえおきます。国保料 社会保障への抜本的拡充を行います。
（税）の軽減、診療報酬の引き上げと医師・看護師
6
ます。
税・財政の改革と経済の民主的改革の
●累進課税を強化する所得税の税制改革を行いま
二本柱で、財源を確保し、財政を立て
す……「先進水準の社会保障」へと拡充する段階で
直します
は、そのための財源として、所得税の課税所得に対
して累進的に税率を上乗せする税制改革を行いま
（1）〝応能負担〟に立った税制改革―まず
す。
富裕層・大企業に応分の負担を求めます
（2）国民の所得を増やす経済改革をすすめ
不要不急の大型公共事業、原発推進予算、軍事
ます
費、政党助成金など歳出のムダを一掃します。同時
に、新たな財源として、所得が1億円を超えると 税・財政の改革とともに、大企業がためこんだ
税負担率が逆に低くなるとか、大企業ほど法人税実 260兆円もの内部留保を、賃上げや中小企業への
質負担率が低いという不公平税制をあらためて、富 適正な単価で国民経済に還流させ、国民の所得を増
裕層や大企業に応分の負担を求めます。 やして経済を健全な成長の軌道にのせる民主的経済
●富裕層優遇の不公平をただします……証券優遇 改革をすすめます。
税制を廃止し、株の配当・譲渡益への課税を強化し 国民の所得が回復すれば税収も増え、財政にも好
ます。所得税・住民税、相続税の最高税率を引き上 影響になります。名目で2～3％程度の経済成長
げます。高額の資産に課税する「富裕税」を創設し が達成できれば、10年後には20兆円程度の自然
ます。高額所得者の社会保険料（被用者年金・健 増収が可能になります。税・財政の民主的改革で、
保）の上限を見直します。 18兆～20兆円の財源が確保できますから、あわ
●大企業への優遇税制をあらためます……今年度 せて40兆円程度の新たな財源が生まれます。
からの法人税減税を中止します。「研究開発減税」 この財源によって、消費税に頼らなくても、社会
「連結納税制度」などの大企業優遇税制を見直しま 保障を充実し、財政危機を打開する道が開かれま
す。「為替投機課税」を導入し、「環境税」を強化し す。
３、「即時原発ゼロ」の実現を―エネルギーと日
本経済の未来をひらきます
日本共産党は、9月に「即時原発ゼロ」の提言を 「自民党型政治」に、国民のいのちを託すことはで
発表し、「再稼働反対」「原発なくせ」「いますぐな きません。
くせ」という、首相官邸前から全国各地に広がった
すべての原発からただちに撤退する政
広範な市民の運動と連帯し、行動しています。
治決断を求めます
政府も「過半の国民は原発に依存しない社会の実
現を望んでいる」と認めざるをえなくなりました。 日本共産党は、つぎの諸点をふまえ、「即時原発
ところが、口では「原発ゼロ」とか「脱原発依存」 ゼロ」の実現を提案します。①原発事故の被害はな
おおい おおま
といいながら、大飯原発の再稼働を認め、大間原発 お拡大を続けており、二度と原発事故を起こしては
の建設を再開し、新しい核燃料を作るための使用済 なりません。②原発稼働を続ける限り、処理方法の
み燃料の再処理をすすめるなど、現実には､原発推 ない「核のゴミ」が増え続けます。③原発再稼働の
進政策を続けています｡ 条件も、必要性も存在しません。④国民世論が大き
国民の安全よりも、財界のもうけを優先させる く変化し、「原発ゼロ」は国民多数の願いとなって
7
います。 発推進勢力は言いますが、再生可能エネルギーは、
このように、ただちに原発の危険を除去する必要 大規模な普及と技術開発がすすめばコストは大幅に
性、緊急性がいっそう切実になっています。 下がります。原発こそ、いったん大事故が起きれ
ば、ばく大な経済的損失が発生し、電力会社の負担
●日本共産党は、次の諸点を政府に求め も巨額になります。
ます。 再生可能エネルギーへの転換で、日本経済と産業
―すべての原発からただちに撤退する政治 の新たな可能性を開きます……再生可能エネルギー
決断を行い、「即時原発ゼロ」の実現をはかる の潜在量は、原発の発電能力の約40倍にものぼり
こと。 ます。ドイツでは、原発関連の雇用は3万人です
―原発再稼働方針を撤回し、大飯原発を停 が、再生可能エネルギー関係は38万人です｡雇用
止させ、すべての原発を停止させたままで、廃 効果も､地域経済への波及効果も、原発よりはるか
炉のプロセスに入ること。 に大きな可能性をもっています。
―青森県六ケ所村の「再処理施設」を閉鎖 エネルギーの国産化で「資源のない国」からの転
し、プルトニウム循環方式から即時撤退するこ 換がすすみます。再生可能エネルギーは、これから
と。 もさまざまな分野で技術開発、実用化がすすめられ
―原発の輸出政策を中止し、輸出を禁止す る産業であり、技術革新の大きな起爆剤になりま
ること。 す。
●電力体制の改革にただちに着手します……発送
電の分離など、再生可能エネルギーの大規模普及に
「即時原発ゼロ」は可能です
ふさわしい電力供給体制の改革をすすめます。
過渡的な緊急避難として、火力での電力確保が必
福島の被災者支援と復興に、総力をあ
要ですが、その時期は5～10年程度とし、その
げて取り組みます
間に、再生可能エネルギーと低エネルギー社会への
移行をはかります。 政府が昨年12月に行った福島原発事故「収束宣
原発推進勢力は、原発をなくせば、経済も社会も 言」を撤回させます。賠償と除染、生活支援、復興
大混乱するかのように言っています。しかし、国民 支援で、不当な「線引き」をせずに、すべての被災
なり
は、全原発の停止も体験しましたが、推進勢力が言 者・被害者を対象にすることを求めます。生活と生
わい
う混乱は何も起きませんでした。 業が再建され、希望する人が故郷に帰り、命と健康
電力不足は起きなかった……「猛暑の夏」を原発 を守る医療や介護、子どもたちの教育を保障し続
なしで乗り切りました。関西電力も、大飯原発を稼 け、「原発事故前の安全・安心の福島県」をとりも
働しなくても電力は足りたことを認めました。 どすまで、そのすべての過程で、国の責任で復興を
原発こそ高コスト……「コストが高くなる」と原 支援します。
４、TPP に絶対反対を貫き、主権を尊重する互恵・
平等の経済関係を広げます
野田首相は、TPPに参加しても「守るべきもの べきものを守っていく』という交渉はできる」と参
は守る」「美しい農村と世界に誇る医療制度を守る」 加に踏み出しました。しかし、TPP交渉に参加し
などと言っています。自民党の安倍総裁も「『守る て、「守るべきものを守る」ことなどありえません。
8
TPP交渉の内容は、国民にも国会にも知らされ
「例外なき関税ゼロ」を原則にするＴ
ず、4年間は秘密扱いにすることが、合意されてい
ＰＰは、農業と食料自給に壊滅的打撃
ることも重大です。
となります
「成長戦略」どころか、地域経済と雇
TPPは、「例外なき関税ゼロ」を大原則にしてい
用、内需に大打撃となります
ます。TPPに参加すれば、農産物の輸入は完全に
自由化され、食料自給率は13％まで低下します。 TPPに参加すれば、農林水産業やその関連産業
交渉9カ国が発表したTPPの「大要」では、「商 で約350万人もの就業機会が奪われると試算され
品・サービス、貿易や投資への関税や障壁を撤廃す ており（農林水産省）、「成長戦略」どころか、雇用
る」と明記され、後から参加したカナダ、メキシコ と地域経済、内需に大打撃となります。
は「すでに合意した条文はすべて受け入れる」こと TPPの中心にいるのがアメリカです。すでに破
が条件にされました。 たんが明白になったアメリカ型の「市場原理主義」
「守るべきものは守る」交渉などありえません。 を、「国際ルール」として押しつけ、日本の「国の
TPPに参加しないことが、食料自給率を向上させ、 かたち」そのものを大きく変えてしまいます。日本
農林漁業と農村を再生させる道です。 を、丸ごとアメリカに売り渡す、文字通りの「亡国
の道」です。
国民生活の全分野で「アメリカ型ルー
●日本共産党は、TPP参加に絶対反対を貫きま
ル」が押しつけられ、経済主権が奪わ
す。
れます
食料主権、経済主権を尊重した互恵・
TPPは、「非関税障壁の撤廃」も大原則にしてい
平等の経済関係の発展と農林漁業の振
ます。
興を
すでに、アメリカとの「事前交渉」などで、輸入
牛肉のBSE（牛海綿状脳症）対策、輸入食品・農 主権を尊重した経済関係の発展を……日本共産党
産物の検査、遺伝子組み換えなどの食品表示、残留 は、アジアをはじめ世界の国々との経済関係、貿易
農薬や食品添加物の規制などの大幅な緩和が迫られ 関係の正しい発展を望んでいます。
ています。 新しい世界の流れは、各国の経済主権を尊重し、
TPPに参加すれば、食の安全、医療、金融、保 それぞれの国の民主的で秩序ある経済の発展をめざ
険、官公需・公共事業の発注、労働など、国民生活 す、互恵・平等の投資と貿易のルールづくりにあり
のあらゆる分野で「規制緩和」と「アメリカ型ルー ます。とりわけ自国の食料のあり方については自国
ル」が押しつけられます。医療では、日本医師会も で決定する食料主権の尊重は、世界の流れとなって
批判しているように、「混合診療」の全面解禁や株 います。この道をすすんでこそ、日本経済の持続可
式会社の医療への参入によって、国民皆保険制度が 能な成長がはかられます。
実質的に解体されてしまいます。 農林水産業の振興、食料自給率の向上をすすめま
アメリカは、投資した外国の企業が、その国の政 す……農林水産業の振興は、食料自給率の向上はも
府・自治体がとる施策によって、もうけが減った とより、地域の雇用と経済の活性化にとって大切で
り、損失を出したら、国や自治体に損害賠償や、措 す。国の責任で、農林水産業の再生、自給率の向上
置の停止を求める訴訟を起こせる「投資家・政府間 をはかるようにします。
の紛争解決条項」（ISD条項）を盛り込もうとして ●農産物の価格保障・所得補償を抜本的に充実し
います。自国のルールを国民が決める主権を侵すも ます……安心して農業に励めるよう、価格保障・所
のとして、「毒薬条項」と呼ばれ、決して容認でき 得補償を抜本的に充実します。農産物の価格保障を
るものではありません。 中心に、所得補償を組み合わせて、安心して再生産
9
できる収入を保障することで、農業の抜本的再生へ 保します。
の道を開きます。 ●漁業者の経営安定と資源管理型漁業で水産物の
●山村地域の基幹産業として日本の林業・木材産 安定供給をはかります……東日本大震災からの漁業
業の再生をはかります……外材依存体制を転換し、 の復興は生産・加工・流通一体で支援し、漁港の集
地域の実態に即した産地づくりにとりくみます。 約化や民間企業への漁業権の開放は中止します。漁
「環境税」の使途に、CO 吸収源対策を位置づけ、 業の生産コストに大きな比重を占める燃油につい
2
森林整備による地球温暖化対策の実効性を高め、資 て、現在、時限立法で措置されている減免措置（軽
源循環型の林業―木材産業の振興に必要な財源を確 油引取税など）を恒久化します。
５、東日本大震災からの復興、国民のいのちと生活
を守る災害対策に転換します
興の基本原則にすえます。二重ローンに追いつめら
被災者の要求にもとづく施策をすすめな
れずに住宅を再建するための支援や、店舗・事業
がら、災害対策の根本的転換を求めます
所・工場の再建にたいする支援などを行います。
大震災から1年8カ月。被災地での懸命の努力 支援策の「線引き」をやめ、すべての被災者・事
にもかかわらず、政府の復興対策があまりに遅く、 業所を支援の対象とします……同じ災害の被災者で
不十分なために、被災者のいのちと暮らしが脅かさ ありながら、「規模」や「競争力」を口実に、支援
れています。多くの被災事業所が再開できず、農林 策に差別を持ち込むなど許されません。事業再開の
水産業の復旧にも大幅な遅れが生じています。この 支援策が「一部の事業所」に限定されるのでは、雇
1年8カ月の経験は、政府が長年にわたってとっ 用は減り、地域経済はしぼみ、結局、「一部の事業
てきた災害政策の枠組みが、被災地の本格的復興の 所」も救われなくなります。被災地の事業所や産業
重大な制約となっていることを明らかにしました。 基盤を〝点〟ではなく〝面〟として支援する施策に
日本共産党は、ひきつづき被災者の切実な要求に 転換します。復興策のなかで大型開発を優先するや
もとづく施策を一つひとつすすめながら、国の災害 り方を転換し、高台移転、住宅再建、漁港整備な
政策の根本的な転換を求めます。 ど、被災者の生活再建にかかわる公共事業に財政を
ふりむけます。
国の災害政策の抜本的な転換を提案し
「期限切れ」といって支援策を打ち切る、非情な
ます
政策をただします……恒久住宅のめどもないまま仮
今後、日本列島は、さまざまな災害に直面するこ 設住宅の期限を「2年」に区切る、医療・介護の減
とが予想されます。東日本大震災の復興対策の改 免措置を一方的に打ち切る、被災者への失業給付の
善・強化をはかりながら、その教訓をくみとり、国 延長措置も打ち切るなど、実態からかけ離れた「期
の災害政策を根本的に転換して、国民のいのちと生 限つき」支援策が、被災者の暮らしと健康を脅かし
活を守る体制を構築していくことを提案します。 ています。生活と生業の再建を最後まで支援し、被
住宅と生業再建への公的支援を復興の基本原則に 災者とともに歩む政策への転換を求めます。
すえます……「個人財産の形成になる」といって、
住宅、商店、工場、医療機関などの復旧を支援しな
いという、旧来の災害対策の「原則」を取り払い、
住宅と生業の再建に必要な公的支援を行うことを復
10
ていた支援対象を全国に拡大し、「活力ある日本の
復興予算の流用に道を開いた民自公の
再生」を追加するなど、流用が可能になるように法
「3党談合」による「復興基本法」を
案が書きかえられました。復興予算の流用をただち
改正します
にストップさせるとともに、「復興基本法」を改正
昨年、「復興基本法」が制定されたときに、民 します。
主・自民・公明の談合で、「被災地域」に限定され
６、「いじめ」問題を解決し、競争教育をただし、
教育への政治支配に反対します
に必要な教職員の連帯や時間も奪われてきました。
「自民党型政治」のもとで、教育体制も
日本共産党は、競争と政治支配という体制をや
深刻な行き詰まりに直面しています
め、教育は子どもの成長・発達、人格の完成のため
子どもの「いじめ自殺」が各地でおき、多くの国 にあるという日本国憲法や子どもの権利条約の精神
いん
民が心を痛めています。教育委員会や学校による隠 を生かし、教育を再建するとともに、日本の未来を
ぺい
蔽や放置も重大な問題です。日本共産党は「いじ 支える学術の振興にとりくみます。
め」問題を解決するために、各地でみなさんと力を
「いじめ」を解決できる学校、体制をつ
あわせて奮闘します。
くります
教育全体をみれば、「自民党型政治」がつくった
教育体制が行き詰まっています。深刻な「いじめ」 「いじめ」問題への政治の対応はきわめて不十分
がとまらない現状も、その行き詰まりと深い関わり で、「いじめ半減」の数値目標でいじめ隠しを助長
があります。 するなどその誤りも重大です。政治の姿勢をあらた
一つは、子どもをテスト競争でふるいにかける、 め、「いじめ」問題を解決します。
異常な競争教育です。この体制のもとでは「できな ●子どもの命が最優先の原則を確立します……学
い子」は劣等感がうえつけられ、勉強を投げ出す子 校のどんな都合より子どもの命が優先されることを
どもも増えています。「できる子」は早く答えを出 明確にします。少しでも「いじめ」の可能性があれ
すことを求められ、深く考えることを嫌がるように ば教職員、保護者ぐるみで対応するなど確かな対応
なりました。子どもたちの人間関係は希薄になり、 を確立します。
孤独を感じている子どもの割合は29.8％と、イギ ●子どもたちに対等な人間関係を築く力を育てま
リスの5.4％など世界の国々と比べ飛びぬけて高い す……「いじめ」の解決には、子どもたちにトラブ
数値です。子どもたちはストレスをため、これが ルを乗り越え、対等な人間関係を築く力を育てるこ
「いじめ」の背景にもなっています。 とが不可欠です。そうした力量の形成を学校教育の
もう一つは、政治による教育への不当な権力的介 柱に位置づけます。
入です。国―教育委員会―学校―教員が、縦のライ ●「厳罰主義」でなく、加害者が心から反省する
じようい かたつ
ンのような上意下達の体制となり、教育委員会が形 教育こそ必要です……「厳罰主義」はいじめる子の
骸化し、学校現場まで事なかれ主義がはびこりまし 屈折した心をさらにゆがめます。「いじめ」に走る
た。先生たちは上から数値目標達成が指示され、子 理由を探り、加害者が心から反省し「いじめ」をや
どもよりも上の顔色をうかがうような状態におしこ めるまで対応しきることを重視します。
められています。こうしたなかで、「いじめ」解決 ●「いじめ」を解決する体制を強めます……教職
11
員の「多忙化」解消、保健室の先生の複数配置、カ 込む動きに強く反対します。
ウンセラーの増員をすすめるとともに、児童相談所 ●民主的な学校運営、住民参加の学校づくりを行
の拡充など、極めて深刻な「いじめ」への体制を整 います……教育委員会を公選にし、住民の声に耳を
備します。 傾け、透明性の高い組織に改革します。学校は子ど
●「いじめ」の深刻化の背景にある問題の解決を も・保護者・教職員の三者で教育を創意工夫してす
はかります……「いじめ」の深刻化の背景には、子 すめるようにし、学校への住民参加も大切にしま
どもたちのストレスの強まりがあります。過度の競 す。
争教育は、子どもたちに大きなストレスをあたえて
21世紀の日本を担いうる社会人へと
います。さらに、社会全体に弱肉強食の風潮、立場
成長できる大学教育を築きます
の弱い人々を攻撃する風潮などがつくられているこ
とも、「いじめ」の深刻化の重大な背景になってい 日本社会の発展にとっても、若い世代が新しい知
ます。これらの問題を一つひとつ解決する努力をは 識や技術、理想を身につけ、将来を築いていくため
かります。 にも、大学教育はきわめて重要です。しかし、大学
教育の根幹である教養教育は軽視され、マスプロ
競争教育を一掃し、深く考える力や人
授業のまん延など教育体制は十分ではありません。
間への信頼感を育みます
「キャリア教育」の名での小手先の就職対策が重視
●競争教育を一掃します……子どもたちをテスト される傾向もあります。狭い大学教育を抜本的に充
においたて、競争によって序列化をはかる過度な競 実させる必要があります。
争教育こそ、教育を荒廃させている最大の元凶で ●教養教育を再構築します……人間形成や学問の
す。競争教育を一掃し、すべての子どもに物事が分 基礎をつちかう教養教育を再構築します。学力に応
かるまで教え、助け合いながら学ぶことを通じて、 じたわかりやすく学びがいある授業づくりへ、大学
深く考える力をつけられる教育にします。主権者と の改善努力を励ます支援策を強めます。
しての人格の完成を教育の根本目標として､しっか ●大学予算の増額と教員の増員をはかります……
りすえます｡ 勉学条件の充実のために、大学予算を増やして教員
●全国学力テストを中止します……全国学力テス の増員をはかり、非常勤講師の劣悪な待遇を改善し
トや数値目標による管理など教育を劣化させてきた ます。
施策を中止します。
教育予算をふやし、少人数学級や無償
●高校・大学の入試制度を見直します……高校入
化をすすめます
試の存在や1点差できまる大学入試など世界に例
がない競争的制度の見直しを、国民参加で開始しま OECD諸国で最低水準の教育予算を平均まで引
す。 き上げ、少人数学級などをすすめます。
●教育条件の整備をすすめます……少人数学級、
教育への政治支配に反対し、保護者、
私学助成、深刻化している特別支援教育の条件整備
教職員、住民参加の学校づくりをすす
をすすめ、教職員の「多忙化」や非正規化を解消し
めます
ます。
●教育への政治支配をやめさせます……自民党や ●高校、大学等の無償化を段階的にすすめます
「維新の会」などは、教育への政治支配、権力的介 ……今年政府は、国際人権規約の高等教育等の無償
入をさらにつよめ、「君が代」口元チェックなど人 化条項を承認しました。日本共産党が要求し続けて
間性をふみにじる暴挙をすすめています。教育への きたものです。私学も含め高校、大学等の無償化を
政治支配に反対し、日本国憲法に保障された教育の 段階的にすすめます。
自由を守り抜きます。侵略戦争肯定を教科書に持ち ●給付制奨学金を創設します……OECD加盟国
12
34カ国で給付制奨学金がないのは、日本と大学授 問研究の裾野があればこそです。ところが、その基
業料が無料のアイスランドだけです。 盤が危機にひんしています。
ノーベル賞を受賞した山中伸弥さんのiPS細胞
国際的水準の研究を生んできた学問研
研究所でも9割が非正規など、若手研究者や研究
究の基盤を豊かにします
支援者の雇用はきわめて不安定です。民主党政権も
学問研究は国民生活や産業など社会の未来を支え 大学予算を削減し続け、大規模な統廃合をねらって
る大切な営みです。日本は数々の国際的水準の研究 います。こうした流れを止め、欧米並みの大学予算
を生んできましたが、それは富士山のような広い学 を確保し、学問研究の基盤を確かなものにします。
７、米軍基地の異常をただし、安保条約を廃棄し、
対等・平等の日米関係を築きます
のも、そのためです。海兵隊の「侵略力」を高める
オスプレイ配備の撤回を要求し、基地
ために、沖縄県民と日本国民を危険にさらす、こん
のない平和な日本をめざします
な暴挙を絶対に許すわけにはいきません。
10万人以上が参加した沖縄県民大会など、沖縄 「基地あるかぎり、悲惨な事件はなくならない」
県民は島ぐるみの揺るがぬ意思として、オスプレイ ……オスプレイ強行配備にくわえて、米兵による集
ふてんま
配備の撤回、米軍普天間基地の閉鎖・撤去を宣言し 団女性暴行事件や深夜の中学生暴行事件が起こり、
ています。にもかかわらず、日米両政府は、オスプ 「沖縄は無法地帯か」という激しい怒りが噴出して
レイの普天間基地配備を強行しました。この蛮行・ います。
暴挙にたいして県民の怒りが沸騰しています。 沖縄における米兵犯罪は、本土復帰以降、警察が
日米合意の「安全対策」も無視する米軍の横暴勝 発表しているだけでも5790件、このうち性的暴
手は許せません……オスプレイ配備にかかわって、 力事件は127件にのぼります。しかも、これらは
日米両政府が、「飛行は人口密集地を避けること」 氷山の一角であり、被害者が声をあげられず、泣き
などの「安全対策」を合意したにもかかわらず、そ 寝入りを強いられたケースも多数あります。
れを無視した飛行が行われ、人口密集地・住宅地で 「米軍基地がある限り、悲惨な事件はなくならな
の飛行が常態化しています。 い」―沖縄ではこうした声が高まっています。沖
沖縄だけの問題ではありません。七つの低空飛行 縄県議会が全会一致で採択した抗議決議には、「県
訓練ルートなど、日本全土でオスプレイの低空飛行 民の我慢の限界をはるかに超え、県民からは米軍基
訓練が計画され、その訓練拠点として、岩国、キャ 地の全面撤去を求める声も出始めている」と、「米
ンプ富士、厚木、横田、三沢など、全国の米軍基地 軍基地の全面撤去」が初めて明記されました。
を使用するとしています。これに対し、全国27都 ●オスプレイ配備を撤回し、全国での無法な低空
道府県の146自治体で配備や訓練に反対する意見 飛行訓練を中止させます。
書・決議が可決されています。 ●普天間基地の無条件撤去を求めます。
オスプレイの配備は、「日本の防衛」とは何の関 ●米軍による主権侵害・横暴・犯罪を抑えるた
係もありません……海兵隊の海外遠征による「殴り め、日米地位協定を抜本改定します。
込み」任務を遂行するため、迅速に「敵地」に侵入 ●在日米軍基地を全面撤去させ、基地のない平和
して戦闘作戦を実施する「侵略力」を高めることが な日本をめざします。
その目的です。低空飛行訓練を非常に重視している
13
0.6％にすぎない沖縄県に米軍専用基地の74％が
海外で戦争する国にさせない―憲法
集中し、沖縄本島の面積の18％、県全体の10％
違反の集団的自衛権行使を許しません
を占めています。横須賀基地や横田基地のように、
自民党が「集団的自衛権行使を明確化」すること 首都圏に広大な基地が置かれているのも、日本以外
を公約し、民主党・野田政権も「集団的自衛権に関 にありません。
する解釈など旧来の制度慣行を見直すことも検討さ しかも、海兵隊と空母打撃群など、「日本防衛」
れるべきである」とする見解をまとめるなど、集団 とは無関係の「殴りこみ」部隊が配備され、ベトナ
的自衛権の行使へむけた動きがすすんでいます。 ム戦争、アフガニスタン・イラク戦争など、つねに
集団的自衛権の行使とは、「日本防衛」とはまっ 侵略と干渉の戦争の根拠地とされてきました。
たく無関係に、海外でアメリカとともに武力を行使 オスプレイ配備強行や相次ぐ米軍犯罪など、米軍
するというものです。これは、「憲法9条に照らし 基地と沖縄県民はじめ日本国民との矛盾点はすでに
て許されない」と、政府がくりかえし言明してきた 限界点を超えました。さらに、憲法違反の集団的自
ことでした。 衛権の行使による「海外で戦争する国づくり」な
この背景には、集団的自衛権についての憲法の解 ど、地球的規模の「日米同盟」の危険な侵略的変質
釈を変えることを求めてきた米国の要求がありま は、日米安保条約と日本国憲法がいよいよ両立しな
す。この動きは、たんなる憲法解釈の見直しにと くなったことを浮き彫りにしています。
どまるものではありません。5月の日米首脳会談の 日米安保条約発効60年の今年にたたかわれる総
「共同声明」は、日米の「動的防衛協力」なるもの 選挙で、安保条約の是非を正面から議論することを
を初めてうたいました。これは米軍と自衛隊が地球 呼びかけます。
的規模で打って出て、共同の軍事行動をおこなうと ●安保条約第10条に即した、廃棄の通告で、安
いうものです。 保条約をなくします……日米安保条約は、一方の国
さらに日米両政府は、ガイドライン（日米軍事協 が通告すれば、1年後には解消されます。安保条約
力の指針）の再改定をめざして協議に入ることで合 をなくせば、米軍基地の重圧から日本国民が一挙
意し、年内にも協議を開始しようとしています。こ に解放されます。在日米軍のために充てていた年間
れらは、集団的自衛権を現実に行使する―「米国 7000億円もの駐留経費と総評価額14兆円ともい
と共同して海外で戦争をする国づくり」に向けた重 われる土地を、国民の暮らしのために使うことがで
大な歩みをすすめるものであり、絶対に許すわけに きます。
はゆきません。 ●東アジアで軍縮のイニシアチブを発揮します
●集団的自衛権行使は、憲法9条をもっとも乱 ……いま、東アジアでは米軍の再配置、軍事力の強
暴に破壊するものです。政府の従来の憲法解釈を変 化がすすんでいます。一方で、中国も軍事力を増大
えることを許しません。 させています。この地域での軍事的緊張の最大の根
●日米が共同で海外で軍事行動をすることにつな 源となっている日米安保条約を解消してこそ、日本
がる一切の動きに反対します。 は中国や東アジアの国々にたいして、「ともに軍縮
の道に転じよう」と、軍縮へのイニシアチブを本格
日米安保条約を廃棄し、対等・平等・
的に果たすことができるようになります。
友好の日米関係を築きます
●「核兵器のない世界」へのイニシアチブを発揮
今年は、戦後67年、日米安保条約発効60年に します……核兵器廃絶の取り組みでも、米国の「核
あたります。 の傘」から抜け出し、名実ともに「非核の日本」と
わが国には、戦争直後の全面占領の時期に作られ なってこそ、被爆国の政府にふさわしい「核兵器の
た米軍基地の大きな部分が全国に置かれ続け、いま ない世界」へのイニシアチブを発揮することができ
だに132の米軍基地があります。日本の総面積の ます。世界の大きな流れとなっている核兵器禁止条
14
約（NWC）の国際交渉を開始することを、世界に します……アメリカとは、日米安保条約=日米軍
呼びかけます。 事同盟に代えて、対等・平等の立場にたって日米友
●対等・平等の立場に立って日米友好条約を締結 好条約を結ぶというのが、私たちの提案です。
８、領土紛争の解決は、歴史的事実と国際的道理に
立った冷静な外交交渉で
日本共産党は、尖閣諸島（中国名・釣魚島）、竹 さらに、尖閣問題で、日本が領有の正当性を説得
トクト
島（韓国名・独島）、千島列島のいずれの場合も、 力をもって主張するためには、過去の侵略戦争と植
歴史的事実と国際法から見て、日本の領有権には根 民地支配に対する真剣な反省が不可欠です。日清戦
拠があると考えています。 争に始まる「50年戦争」が、領土拡張を目的とし
ほうこ
問題は、歴代政府が、それぞれの領土紛争につい た侵略戦争であったことを認めてこそ、台湾・澎湖
て、国際的道理に立った解決のための外交交渉の方 列島のように侵略で不当に奪取した領域と、尖閣諸
針を持って、対応してこなかったことにあります。 島のように正当な手続きで領有した領土とを、はっ
日本共産党は、それぞれの領土紛争について解決 きり区別し、日本の領有の正当性を堂々と主張する
のための提案を発表し、関係諸国に働きかけてきま ことができます。
した。
竹島問題―植民地支配への反省を土
尖閣諸島問題―冷静な外交交渉によ 台に、交渉のテーブルをつくる
る解決を
日本共産党は、竹島は、歴史的にも国際法的に
歴代の日本政府は、1972年の日中国交正常化以 も、日本の領土であるという見解を発表していま
来、一度も、日本の領有の正当性を、理を尽くして す。同時に、この島を日本に編入した1905年と
中国政府に主張したことがありません。領有問題を いう時期は、日本が韓国を武力で植民地化していく
「棚上げ」にするという中国政府の提案に「合意」 過程であり、韓国の外交権は奪われ、韓国は異議を
し、その後は、ひたすら「領土問題は存在しない」 持っていたとしても、実際上異議をとなえることが
とかたくなに繰り返し、領有の正当性を理を尽くし できなかったのは事実です。
て主張してきませんでした。 そうした歴史的事情を考えるならば、日本が過去
尖閣諸島をめぐる紛争問題を解決するために、何 の植民地支配に対する根本的反省と清算をおこなう
よりも重要なことは、「領土問題は存在しない」と、 ことが、この問題での冷静な話し合いのテーブルを
かたくなに繰り返してきた立場をあらため、領土に つくるうえで不可欠です。とりわけ、1910年の韓
関わる紛争問題が存在することを正面から認め、冷 国併合について、不法・不当なものだったというこ
静で理性的な外交交渉によって、日本の領有の正当 とを認めること、日本軍「慰安婦」問題について謝
性を堂々と主張し、解決をはかる立場に立つことで 罪と賠償をおこなうことが必要です。そうした立
す。尖閣問題での「外交不在」から「外交攻勢」に 場のうえに、両国で歴史的事実をつきあわせた共同
転じることこそ必要です。 研究をおこない、解決への道を開くことを提唱しま
物理的対応の強化や、軍事的対応論は、理性的な す。
解決の道を閉ざす危険な道であり、日中双方がきび
しく自制することが必要です。冷静な外交交渉によ
る解決に徹する必要があります。
15
シスコ講和条約で千島列島を放棄しました（1951
千島問題―戦後処理の不公正を正し、
年、サンフランシスコ講和条約2条C項）。
千島列島、歯舞、色丹全体の返還とい
日本共産党は、こうした戦後処理の不公正をただ
う立場で交渉をすすめる
し、千島列島を放棄した条項にとらわれず、千島列
えとろふ くなしり はぼまい しこたん
択捉島、国後島の南千島はもちろん、千島列島全 島、歯舞、色丹全体の返還を求める交渉をするよう
からふと
体が日本領です。これは、日ロ間で結んだ樺太・千 提案しています。歯舞、色丹は千島ではなく北海道
島交換条約（1875年）で画定されたことです。 の一部であり、最終的な解決の過程で返還するとい
ところが旧ソ連は「領土不拡大」という第2次 う中間的措置もありえます。しかし、そこで平和条
世界大戦の戦後処理の大原則を破り、1945年のヤ 約を結ばないことが大切です。平和条約は、領土問
ルタ会談での秘密協定に基づき、千島列島を占有し 題が最終的に解決に至った段階で締結すべきです。
ました。日本政府はこれに抗議もせず、サンフラン
９、小選挙区制廃止、民意が正しく反映する選挙制
度に。政党助成金は廃止します
野田首相は、「国会議員も身を切る改革が必要 対決する」ために、お互いの足を引っ張り合い、ま
だ」などと言って、「国会議員定数削減」を民自公 ともな政策論戦ではない「揚げ足取り」や「国会戦
の3党で合意し、選挙後に実施するとしています。 術」だけに終始するようになりました。
しかし、民主党が言う「定数削減」は、現行制度 政治制度における最大の問題は、国民の意思と選
で唯一民意が正確に反映される比例代表で選出され 択を正しく反映しない選挙制度で選出された国会議
る議員を大幅に削減するというものです。「身を切 員が、国民の願いに反する政治を行っていることで
る」どころか、「民意を切る」のが民主党の「定数 あり、政治と政治家が劣化していることです。
削減」です。 選挙制度の最大の基準は、民意を鏡のように正確
本気で「身を切る」つもりがあるなら、国民の税 に反映できるかどうかです。どの選挙制度がどの政
金で支払われる政党助成金こそ、まっさきに撤廃す 党にとって有利か不利かという問題によって決めて
べきです。 良いものではありません。
●小選挙区制を廃止し、比例代表制へと抜本改革
小選挙区制を廃止し、比例代表中心の
をはかります……日本共産党は、衆議院について
制度か、3～5人区の中選挙区制に改
は、小選挙区制をなくし、現行の全国11ブロック
革します
ごとの比例代表選挙にすることを提案しています。
現行の小選挙区・比例代表並立制は、4割台の得 比例代表制度は、民意を正確に反映するとともに、
票で7割もの議席を独占する制度です。衆議院の 人口の増減によって選挙区の区割りなどを変更しな
多数は、国民の多数ではないのです。これでは国民 くてもすむ、もっとも民主的で安定的な選挙制度で
の願いが政治に届かないのも当然です。「大勝」し す。
た政党は、実力以上の支持を得たかのように「勘違 ●定数3～5の中選挙区制への改革も選択肢と
い」して、国民無視の政治をしても矛盾を感じなく します……同時に、3～5人区の中選挙区制に改
なっています。 革することも、小選挙区制の害悪を取り除き、民意
さらに、小選挙区で議席を争える二大政党が、政 の反映を保証する方向での抜本的改善につながるも
治の中身はほとんど違わないのに、「選挙のために のであり、選択肢としていきます。
16
いうみみっちい動機が作用しています。5人以上の
政党助成金制度を廃止し､企業･団体
国会議員をかき集めようとするのも、政党助成金の
献金を禁止します
要件を満たすためです。
政党助成金は、年間320億円、すでに5555億 ●政党助成金を廃止します……政党助成金は、国
円もの血税が日本共産党以外の各政党にばらまかれ 民の血税が、支持しない政党にも山分けされるとい
ました。日本共産党は、これは憲法違反の制度であ う憲法違反の制度であり、ただちに廃止すべきで
り、本来、自主的自立的にまかなわれるべき政党の す。
資金を、国民の税金に依存することは許されないと ●企業・団体献金を全面禁止します……企業献金
主張し、きっぱりと受け取りを拒否しています。 は、本質的に政治を買収するわいろです。ただちに
政党助成金は、政党と政治家の劣化ももたらしま 全面禁止すべきです。
した。何よりも、国民の中で活動し、国民の支持を ●「天下り」を全面禁止します……「高級官僚」
得て、政党の活動資金もつくる、という政党として の天下りを全面禁止し、「政官財」の癒着を断ち切
の基本的な姿勢を喪失させました。さらに、政党の ります。
離合集散にも、「政党助成金をいかにもらうか」と
10、憲法改悪を阻止し、平和・人権・民主主義の原
則を国政の全分野に生かします
りした内閣が憲法の破棄を宣言して即座に新しい憲
明文改憲も、解釈改憲も許さず、9条
法を作成したらいいのだ」などと、〝クーデター的
を守る多数派を形成するために全力を
手法〟による改憲論さえ公言しています。
あげます
憲法をめぐる動きは重大な局面を迎えています。
政界の中で改憲論が勢いづいています。 改憲案を発議できる衆参両院の憲法審査会は2011
2012年4月以降、自民党、みんなの党、たち 年10月から始動しています。｢政権奪還｣をめざ
あがれ日本（その後、太陽の党をへて日本維新の会 す自民党が、政権公約に｢わが党は､『憲法改正原
に合流）が相次いで改憲案を発表し、日本維新の会 案』の国会提出と憲法改正を目指｣すと明記し､安
も「統治機構」改革などとして改憲を主張していま 倍総裁が公約発表の会見で「私たちの政権公約を貫
す。 くものは、できることしか書かないということ」と
自民党が4月27日に発表した「日本国憲法改 しているように、改憲問題を選挙後の国会の一大焦
正草案」で掲げたのは、天皇元首化、国旗・国歌の 点にしようとしています。
規定、「国防軍」の保持、家族の尊重､緊急事態宣 こうした明文改憲への策動が本格化する一方で、
言などです。自民党は､改憲の必要性を｢時代の要 自衛隊が米軍といっしょになって直接的な戦闘行動
請、新たな課題に対応」するためなどとしています に参加できるように集団的自衛権の憲法解釈を全面
こしよくそうぜん
が、そこに示されているのは時代錯誤の古色蒼然 的に変更する解釈改憲論も急浮上しています。解釈
としたものばかりです。 改憲と明文改憲の策動は、それぞれ別個にすすんで
こうした改憲案の内容と改憲の動機は自民党独自 いるのではありません。「すぐには明文改憲が無理
のものではなく、みんなの党や日本維新の会など なら解釈の変更で」とか、あるいは「解釈の変更だ
にも共通しています。日本維新の会の石原代表は、 けでは限界がある」などと相互に関連し合っていま
うえん
「憲法改正などという迂遠な策ではなしに、しっか す。
17
侵略戦争・植民地支配への痛切な反省に立って いにさからって、「アメリカいいなり」「財界中心」
〝戦争はしない、戦力はもたない〟と明記した憲法 に政治がゆがめられてきたことこそが、行き詰まり
9条を変えて、わが国を「海外で戦争をする国」に と閉塞状況の根源にあります。諸悪の根源は、憲
つくりかえようとするくわだては、「自民党型政治」 法にあるのではなく、逆に、憲法をないがしろにし
がこの60年間いっかんして追い求めてきたもので てきた政治にこそあります。憲法が「時代に合わな
す。 い」のではなく、憲法の先駆的原則を踏みにじり続
●明文改憲にも、解釈改憲にも、あらゆる形の憲 けてきた政治こそ、時代おくれになっているので
法改悪に断固として反対します。 す。
●憲法9条を守る国民的な多数派を形成するた 日本共産党は、憲法の前文も含む全条項を厳格に
めに全力をあげます。 守るとともに、世界で最も徹底した恒久平和主義を
かかげる憲法9条、国民の生存権と文化的生活を
憲法の平和・人権・民主主義の原則を
明記した25条をはじめ、平和的・民主的条項を全
国政の各分野に生かします
面実施することを求めます。私たちは、国民のみな
へいそく
現在の日本の政治の行き詰まりや閉塞状況は、現 さんとともに、憲法の平和・人権・民主主義の原
行憲法のせいでもなければ、憲法が定めた「統治機 理・原則を、国政のすべての分野に生かす道をすす
構の弊害」のためでもありません。国民の意思や願 みます。
いまこそ、「政党らしい政党」―
日本共産党を大きく躍進させてください
る、資本主義の枠内での民主的改革であるという日
日本の前途を開く綱領を持ち、改革の
本改革の展望を示しています。
ビジョンを提案し、行動する政党です
政党にとって、命ともいうべき綱領を持たなかっ
日本共産党は、あらゆる分野で、抜本的で現実的 たり、粗末に扱っている政党とはわけが違います。
な改革のビジョンを提案し、実現のために行動して 日本共産党は、日本の未来を開く綱領を持つ、唯一
います。国民の利益に反する政治と正面から対決す の政党です。
るとともに、どの問題でも、「二つのゆがみ」を断
草の根で国民のみなさんと結びつき、
ち切り、「国民が主人公」の新しい日本をつくる、
地に足をつけて活動している政党です
日本改革のビジョンを示しています。
それができるのも、日本の前途を開く綱領をもっ 草の根で国民と結びつき、〝国民の苦難あるとこ
ているからです。日本共産党は、資本主義を乗り越 ろ共産党あり〟を党是に、国民の利益を守るために
えて、すべての人間に豊かで自由な生活を保障する 力をつくすのが日本共産党です。
未来社会を展望している党ですが、主権者である国 党の活動資金も、草の根で国民と結びつき、一人
民の意思にもとづいて段階的に発展するのが社会の ひとりの国民のみなさんに支援をお願いするなど、
発展法則だと確信しています。党の綱領は、その立 自前の努力でつくり出しています。日本共産党は、
場から、いまの日本に求められているのは、異常な 政党助成金も、企業献金も受け取りません。日本共
アメリカ従属、大企業・財界の横暴な支配を打破す 産党が受け取りを拒否・返上してきた政党助成金の
18
総額は17年間で350億円以上にのぼります。「身 はじめ、私たちの多くの先輩が弾圧で命を落としま
を切る」と言いながら、年間320億円の政党助成 したが、日本共産党が掲げた国民主権と反戦平和の
金をぬくぬくともらっている他党とはわけが違いま 主張こそ、歴史の大道にたったものであることは、
す。 その主張が日本国憲法の恒久平和と主権在民の原則
として実ったことで、歴史の判定が下っています。
平和・民主主義・人権を壊す逆流を許
戦後も、旧ソ連、中国・毛沢東派からの「いいな
さないよりどころになる政党です
りの政党になれ」という無法な干渉を断固としては
憲法改悪を志向し、侵略戦争を賛美する歴史観を ね返し、「社会主義」を看板にした覇権主義、自由
国民に押しつけ、貧困と格差を広げた「構造改革」 と民主主義の抑圧にきびしく反対を貫いた自主独立
路線を復活させ、より過激にすすめようという、危 の党です。
険な潮流が台頭しています。民主党が自民党とうり 60年来の「自民党型政治」と正面から対決し続
二つになり、自民党がいっそうの反動化を強め、維 け、国民の生活と権利、日本の平和と民主主義のた
新の会が逆流の「突撃部隊」の役割を果たしていま めに、国民とともにたたかい続けてきました。「国
す。 民が主人公」の新しい日本をつくるために、国会の
維新の会の石原代表は、「日本は核兵器に関する 内外でひたすら頑張ってきました。
シミュレーションぐらいやったらいい。これが一つ 日本共産党は、1世紀近い歴史によって試された
の（核）抑止力になるだろう」（11月20日 外国 政党です。昨日、今日できた政党、明日はどうなる
特派員協会での講演）とまで述べています。被爆国 かわからない政党とは違います。日本共産党こそ、
として、「核兵器のない世界」への先頭に立つべき 21世紀の未来を安心して託せる政党です。
日本で、核兵器保有の手順を検討するというのは、
日本共産党の躍進で、「国民が主人公」
言語道断です。
の新しい日本への大きな一歩を
「命がけで憲法を破る」と公言し、核武装をけし
かける石原氏と、大阪市職員への「思想調査」に象 日本共産党は、消費税増税の中止でも、原発ゼロ
徴されるような憲法に反する暴挙を実践してきた橋 でも、TPP反対でも、一致するすべての政党、団
下徹市長が手を組み、平和と民主主義への危険な挑 体、個人と一致点での共同をつくり、たたかいを発
戦の動きを開始しています。 展させるために力をつくしてきました。
日本共産党は、こうした動きときっぱり対決し、 日本共産党は、「自民党型政治」の「二つのゆが
それを許さない国民のたたかい、国民の理性の声の み」を根本から断ち切り、日米安保条約を解消して
よりどころとなって頑張り抜きます。 本当の独立国といえる日本をつくる、大企業・財界
の横暴を抑えて「ルールある経済社会」を築くとい
日本共産党が筋を通すのは、1世紀近
う、大きな点で一致する、すべてのみなさんとの共
い歴史の裏付けがあります
同で、「国民が主人公」の民主的政府―民主連合
国民への公約が簡単に投げ捨てられ、政党の離合 政府をつくるという展望をもっています。
集散、政治家の「政党渡り歩き」が、国民の中の政 日本共産党の躍進は、古い「自民党型政治」への
党不信を広げています。そういう状況のもとで、日 大きな痛打となり、その衝撃は、「国民が主人公」
本共産党に「筋を通す党」としての新しい注目が集 の新しい政治への大きな一歩を切り開くものとなる
まっています。 でしょう。
日本共産党が「筋を通す」のは、昨日、今日のこ 国民のみなさん。日本共産党へのご支持、ご支援
とではなく、90年の歴史の裏付けがあります。日 を心からお願いします。
本共産党は、戦前、暗黒政治と侵略戦争に命をかけ
て反対しました。「蟹工船」の作家の小林多喜二を
19
■ 目 次 ■
総選挙政策 日本共産党の改革ビジョン
６０年続いた「自民党型政治」のゆがみを断ち切り、
「国民が主人公」の新しい日本を
「提案し、行動する。日本共産党」の躍進を訴えます
2012年11月26日 日本共産党
総選挙にあたって、国民のみなさんに訴えます
日本共産党は、改革ビジョンを掲げ、実現のために全力をつくします
１、デフレ不況からどう抜け出すか――国民の所得を増やし、内需を活発にする
２、社会保障充実と財政危機打開――「消費税増税に頼らない別の道」を提案します
３、「即時原発ゼロ」の実現を――エネルギーと日本経済の未来をひらきます
４、ＴＰＰに絶対反対を貫き、主権を尊重する互恵・平等の経済関係を広げます
５、東日本大震災からの復興、国民のいのちと生活を守る災害対策に転換します
６、「いじめ」問題を解決し、競争教育をただし、教育への政治支配に反対します
７、米軍基地の異常をただし、安保条約を廃棄し、対等・平等の日米関係を築きます
８、領土紛争の解決は、歴史的事実と国際的道理に立った冷静な外交交渉で
９、小選挙区制廃止、民意が正しく反映する選挙制度に。政党助成金は廃止します
10、憲法改悪を阻止し、平和・人権・民主主義の原則を国政の全分野に生かします
いまこそ、「政党らしい政党」――日本共産党を大きく躍進させてください
●各分野の政策はホームページをご覧ください。
http://www.jcp.or.jp
日本共産党の総選挙政策
（2012年11月26日発表）
印刷・製本=株式会社 光陽メディア",,
71220_201412,"新 国
安
倍
し 民
政
権
い の
の
政 声 暴
走
治 が
ス
ト
を 生 ッ
プ
！
き
る
総選挙政策
第47衆 日本共産党法定パンフレット 第1号
頒布責任者／東京都渋谷区千駄ヶ谷4－26－7 高橋敬
印刷者／東京都新宿区築地町8－3 （株）光陽メディア
安倍政権の暴走ストップ！
国民の声が生きる新しい政治を
─日本共産党の総選挙政策
日本共産党
安倍政権の暴走ストップ、政治を変えるチャン 差拡大の「アベノミクス」を続けていいのか。集
スです……衆議院が解散され、総選挙が実施され 団的自衛権行使=「海外で戦争する国づくり」
ます。なぜ、この時期に安倍首相は、解散・総選 を許していいのか。原発再稼働をどうするのか。
挙に踏み切ったのでしょうか。その動機は、「先 米軍沖縄新基地建設の強行を許していいのか。今
に延ばせば延ばすほど追いつめられる、だから今 回の総選挙で問われるのは、国民の民意を無視し
やってしまおう」ということだけです。 て暴走する安倍政治の全体です。
この解散は、あらゆる分野で、国民の民意にそ 「対決、対案、共同」で政治を動かす日本共産
むく暴走をしてきた安倍政権が、国民の世論と運 党をのばしてください……日本共産党は、どの問
動に追い詰められての解散・総選挙にほかなりま 題でも、安倍政権の暴走と正面から対決するとと
せん。 もに、国民の立場にたった具体的な対案を示し、
主権者である国民が、安倍政権に暴走ストップ 国民のみなさんとの共同で政治を動かしていま
の審判を下し、政治を変える絶好のチャンスが す。
やってきました。 日本共産党の躍進で、安倍政権の暴走ストッ
この総選挙では安倍政治の全体が問われます プ、国民の声が生きる新しい政治をつくろうでは
……消費税10％への増税を許していいのか。格 ありませんか。
日本共産党は、安倍政権の暴走ストップ、
日本の政治の五つの転換を訴えます
（１）消費税10％は、「先送り」実施ではなく、きっぱり中止を
「消費税にたよらない別の道」に転換しよう
今年4月の消費税8％への増税は、日本経済 宅投資など内需の落ち込みによって、GDP（国
を深刻な危機に突き落としました。家計消費や住 内総生産）は2期連続でマイナスとなりました。
2
「景気悪化は駆け込みの反動減で、夏には回復す 引の所得が分離課税とされ、税率が20％と低く
る」という政府の言い訳は、完全に打ち砕かれま なっているからです。
した。安倍首相が、増税が個人消費の打撃になっ 大企業の法人税の実質負担率は14％と低く、
たことを認め、10％増税の1年半「先送り」実 中小企業の25％に比べていちじるしい不平等に
施を表明せざるを得なくなったことは、自らの経 なっています。大企業ほどさまざまな優遇税制を
済失政を認めたものです。 受けられるからです。その恩恵は、研究開発減税
いまの景気悪化は、円安による物価上昇に加 4000億円、連結納税制度6000億円、受取配
え、消費税増税を強行した結果であり、「増税不 当益金不算入1兆4000億円、海外子会社配当
ばくだい
況」にほかなりません。日本経済を深刻な不況 益金不算入6000億円など、莫大な額にのぼる
に陥れた安倍政権と増税勢力の責任は重大です。 ことが、政府の統計や試算でも明らかにされてい
「3党合意」で増税を進めた自民党・公明党・民 ます。
主党に、きびしい審判を下そうではありません こうした不公平をあらためるなどの税制改革
か。 と、浪費をなくす歳出の改革をあわせてすすめ
今回の消費税増税ほど道理のたたないものはあ れば、約20兆円の財源を確保することができま
りません。「社会保障のため」といいながら、医 す。
療費をあげる、年金は連続削減、介護サービスは ─安倍政権が計画している法人税率の引き下
取り上げる、あらゆる分野で社会保障は悪くなる げを中止し、大企業に応分の負担を求める税制改
ばかりです。「財政再建のため」といいながら、 革をおこないます。研究開発減税、連結納税制
大企業には、いま政府が言っているだけで2.5 度、受取配当益金不算入制度など、大企業優遇の
兆円、財界の要求どおりなら5兆円もの大減税 税制をあらためます。
をばらまこうとしています。 ─富裕層への課税を強化します。高額所得者
安倍首相は、1年半の「先送り」をした後に の株式配当には総合課税を義務づけ、株式譲渡所
は、景気がどうなっていようと、消費税を10％ 得も高額部分には欧米並みの30％の税率を適用
にすると明言しました。今度の総選挙は、消費税 します。引き下げられた所得税・住民税・相続税
10％、2桁税率への増税を実施させていいのか、 の最高税率をそれ以前の税率に戻します。株式や
きっぱり中止するのかが大争点です。 不動産など富裕層の高額資産に、毎年低率で課税
─消費税10％への増税は、「先送り」実施 する「富裕税」を創設します。
ではなく、きっぱり中止します。 ─将来的には、社会保障の抜本的拡充のため
に、富裕層、大企業だけでなく、国民全体で支え
消費税にたよらずに財源を確保す
ることが必要ですが、その場合にも、低所得者に
るために二つの改革を提案します
重い消費税ではなく、所得税を中心として「能力
日本共産党は、「消費税にたよらない別の道」 に応じた負担」の原則をつらぬきます。
として、二つの改革を提案します。 ─大型公共事業、軍事費、原発推進予算、政
第一は、富裕層や大企業への優遇をあらため、 党助成金など、歳出の浪費にメスをいれます。
「能力に応じた負担」の原則をつらぬく税制改革 第二は、大企業の内部留保の一部を活用し、国
をすすめることです。 民の所得を増やす経済改革で、税収を増やすこと
本来、所得税は所得が高いほど負担率が高くな です。
るはずなのに、実際には所得が1億円程度を超 国民の所得が増え、中小企業を含む企業経営
えると逆に負担率が下がってしまいます。株取 全体が改善すれば税収を増やすことができます。
3
285兆円にまで積み上がった大企業の内部留保 可能です。国民の所得が増えれば、税だけでな
の一部を活用し、大幅賃上げと安定した雇用を増 く、社会保険料収入も増え、年金や医療保険の財
やし、中小企業への単価引き上げを行うなど、国 政も安定につながります。
民の所得を増やす経済改革にとりくみ、税収を増 この二つの改革をすすめれば、消費税にたよら
やします。 なくても、社会保障の財源を確保し、財政危機を
先進国では普通の「名目で2％」程度の経済成 打開することは可能です。「消費税にたよらない
長が実現できれば、現行の税制を前提としても、 別の道」を提案している日本共産党に、安心して
10年後には20兆円以上の税収を増やすことが 増税中止の願いをたくしてください。
（２）格差拡大の「アベノミクス」の暴走ストップ
暮らし第一への転換で経済をたてなおす
占める家計消費が落ち込んでいることが、日本経
「アベノミクス」は国民の暮らしと
済の低迷、後退をもたらす最大の原因になってい
日本経済に何をもたらしたか
ます。
「アベノミクス」がもたらしたものは何でしょ 日本共産党は、大企業応援から暮らし第一に、
うか。 経済政策の軸足をうつし、日本経済をたてなお
大企業と大株主はたいへんなもうけがころが します。そのためにつぎの三つの提案を行いま
りこんでいます。トヨタ自動車の営業利益は円 す。
安効果で2.3兆円と史上最高を記録し、大企業
暮らし第一に、経済をたてなおす
全体でも経常利益は前年度比で8.8兆円も増え、
ための三つの提案
34.8兆円と史上最高になりました（2013年度
法人企業統計）。「アベノミクス」の2年間の株
①人間らしく働ける雇用のルールをつく
価上昇で資産が100億円以上増えた大株主は、
ります
わかっているだけで100人以上にのぼります。
一方で、庶民には円安による物価上昇によって 大企業の巨額の内部留保のほんの一部を使うだ
生活苦が襲いかかっています。働く人の実質賃金 けで、大幅な賃上げと安定した雇用を増やすこと
は15カ月連続で減少し、1年前と比べても、平 ができます。そのために政治がやるべきことは、
均年収が8万4400円も目減りしたことになり 賃下げと低賃金労働、不安定雇用を増やしてきた
ます（毎月勤労統計調査）。中小企業は、引き続 労働法制の規制緩和を根本から見直し、人間らし
き7割が赤字経営に苦しみ、「円安倒産」が急増 く働ける雇用のルールをつくることです。
しています。 安倍政権は、「岩盤規制を打ち破る」などと、
富める者にはもっと大きな富を、国民には生活 働く人間の生活と権利をもっと大規模に破壊し
の悪化だけ。結局、「アベノミクス」がもたらし ようとしています。「女性が活躍する社会」など
たものは、格差拡大と景気悪化だけではありませ と言いながら、正社員でも女性の賃金は男性の7
んか。 割という男女の賃金格差の是正も、女性差別撤廃
大企業が史上最高の利益をあげても、日本経済 の言葉さえもありません。低賃金の非正規雇用
は立ち直っていません。日本経済の6割近くを 拡大が「働く女性の貧困」を深刻にしています。
4
こうした政治を大本から転換することが必要で 年2200億円削減する方針をかかげ、あらゆる
す。 分野で制度改悪を繰り返して、「医療崩壊」「介護
─〝生涯ハケン〟を押しつける労働者派遣法 難民」「保育所待機児の激増」などを引き起こし
の大改悪、〝残業代ゼロ〟の働かせ方を合法化す ました。あの悲劇を繰り返してはなりません。
るホワイトカラー・エグゼンプションや裁量労働 安倍内閣発足後、2度にわたる年金削減が強行
制の拡大に反対します。 され、物価上昇を考慮した「実質年金額」は6％
─派遣労働は、臨時的・一時的な業務に厳し も減りました。そのうえに、安倍内閣は、「マク
く限定する、非正規と正社員との不当な格差を是 ロ経済スライド」による支給削減や支給開始年齢
正する均等待遇の実現など、非正規で働く人の労 の先延ばしなど、さらなる年金削減も計画してい
働条件を改善し、非正規から、正社員への流れを ます。
つくります。 70～74歳の医療費窓口負担の1割から2割
─労働基準法を改正して、残業時間の上限を への引き上げ、入院患者の「追い出し」強化な
法律で規制し、「過労死」を日本からなくします。 ど、医療の改悪も始まっています。さらに、安倍
「サービス残業」根絶法を制定し、無法なただ働 内閣は、後期高齢者医療制度の加入者の半数を超
きを一掃します。 える865万人の保険料を今の2倍から10倍に
─ブラック企業規制法を制定し、若者を使い 引き上げ、現役世代の入院食費の負担を大幅に
つぶすブラック企業をなくします。学生生活を圧 増やし、国保料（税）をさらに引き上げるなど、
迫するブラックバイトをなくします。 〝老いも若きも大負担増〟の計画を立て、「選挙が
─「間接差別の禁止」を含む、働く女性への 終われば実行」にうつす構えです。
差別を是正し、均等待遇を実現します。女性も男 介護保険でも、要支援者のヘルパー・デイサー
性もとれる育児休業制度にする、妊娠・出産によ ビスの切り捨て、特養入所の「要介護3」以上へ
る解雇や嫌がらせを根絶する、認可保育所と学童 の限定、2割負担の導入などの来年度実施が予定
保育の拡充をすすめるなど、子どもを産み育てな され、介護職員の待遇悪化と介護の基盤崩壊をも
がら働ける社会的条件を整えます。 たらす、介護報酬の大幅削減が計画されていま
─中小企業への抜本的な支援と一体で最低賃 す。
金を大幅に引き上げます。 日本共産党は、安倍政権による社会保障切り捨
─国と自治体が発注する事業について、賃金 ての暴走をやめさせます。社会保障充実を願う多
や労働条件の基準を定める公契約法・条例を制定 くの人と共同し、国民の暮らしをささえ、人間と
します。 しての尊厳をまもる社会保障制度の確立をめざし
ます。国民生活の基盤である社会保障の充実は、
②社会保障の連続削減ストップ、暮らし
家計をあたため、地域に新たな仕事と雇用を生み
をささえ、人間としての尊厳を守る社会
出し、経済再生にも貢献します。
保障に
─年金削減をストップし、低年金を底上げし
安倍政権は6月に決定した「骨太の方針」で、 て〝減らない年金・頼れる年金〟を実現します。
社会保障費の「自然増」を「聖域なく見直す」と 最低保障年金制度をめざします。
宣言しました。制度を変えなくても高齢者の増加 ─国の責任で、高すぎる医療費の窓口負担、
などで増えていく「自然増」を削減するには、今 国民健康保険料（税）の軽減をすすめます。後期
の制度を「聖域なく」改悪するしかありません。 高齢者医療保険料の大幅値上げを許さず、高齢者
かつて小泉内閣は、社会保障費の「自然増」を毎 差別の制度を廃止します。
5
─入院患者の「追い出し」政策を中止し、診 ─アメリカ型の市場原理主義を「国際ルー
療報酬の引き上げや医師・看護師の計画的増員で ル」として押しつけ、農業や食品安全、医療、中
「医療崩壊」を打開します。 小企業支援、環境保全など広範な分野で日本の経
─保険外治療の拡大や「混合診療」の解禁に 済主権を脅かすTPP交渉からただちに撤退する
反対し、必要な治療は保険で給付する国民皆保険 ことを求めます。
を守り、拡充します。 ─暴落している米価への緊急対策を実施しま
─特養ホームの待機者をなくし、介護サービ す。農業を国の基幹産業として位置づけ、安心し
ス取り上げの中止、介護保険料・利用料の負担減 て農業を続けられるように価格保障・所得補償を
免をすすめます。介護・福祉労働者の賃上げと労 抜本的に強化します。農林水産業の再生と食料自
働条件の改善をはかります。 給率の向上をめざします。
─認可保育所の大幅増設で待機児童をゼロに ─中小企業を日本経済の根幹と位置づけ、中
します。「詰め込み」や営利企業への「丸投げ」 小企業全体を視野に入れた振興・支援策に転換し
など保育内容の切り下げに反対します。 ます。国の中小企業予算を1兆円に増額し、技
─障害者の福祉・医療の「応益負担」を撤廃 術開発、販路拡大、後継者育成、円滑な中小企業
し、無料化をすすめます。 金融など、中小企業への支援を強化します。中小
─保護費削減や申請の〝門前払い〟の強化な 企業への増税となる外形標準課税の適用拡大に反
ど生活保護の切り捨てをやめさせ、改善・強化を 対します。
すすめます。
東日本大震災からの復興、災害に
─雇用保険の拡充、失業者への生活援助・再
強い社会に
就職支援の強化をすすめます。
─ひとり親家庭の雇用確保と支援、児童扶養 未曽有の大災害となった東日本大震災から3
手当や就学援助の拡充など、子どもの貧困対策を 年8カ月余が経過しましたが、いまだに多くの
すすめます。 被災者が困難な避難生活を強いられています。い
なりわい
─教育費負担の軽減・無償化をすすめます。 ま必要なことは、住まいと生活、生業を取り戻す
有利子奨学金の無利子化、給付制奨学金の創設な ために、従来の制度の枠にとらわれない、抜本的
ど、安心して使える奨学金にします。少人数学級 な対策に取り組むことです。「個人財産の形成に
を推進します。 なる支援は行わない」という旧態依然とした災害
対策の「原則」が、被災した住宅、商店、工場、
③TPP交渉からの撤退、農林水産業、
農地、医療機関などの復旧支援に、実態にあわな
中小企業と地域経済を振興します
い条件や限度額を押しつける根本にあります。
安倍政権は「地域創生」を唱えていますが、実 さらに、被災者から希望を奪い、復興の大きな
際にやっていることは、農業を壊し、国民皆保険 妨げになっている国の政治姿勢を転換することが
制度を壊し、地域経済に大打撃を与え、日本を丸 必要です。医療・介護など被災者支援が「期限切
ごとアメリカに売り渡すTPP交渉の推進です。 れ」などを理由に無慈悲に打ち切られました。実
自民党政治によって、地域経済は、農林水産業 態を無視した上からの「線引き」やしゃくし定規
や中小企業の経営危機、大企業の工場撤退など、 な施策の押しつけが復興の妨げになり、「新規参
雇用や人口の減少、大都市部との格差の拡大とい 入」を口実にした規制緩和や特区が被災した中小
う深刻な危機に直面し、地域社会の疲弊が大問題 企業、漁民、農民を苦しめています。しかも、安
になっています。 倍政権は消費税大増税やTPPに突き進み、被災
6
者の暮らしと営業、被災地の経済と産業に大打撃 も支援を拡大します。医療・介護の減免制度の復
をもたらそうとしています。 活をはじめ、長期の避難生活で困窮する被災者の
今年の夏の台風被害や土砂災害をはじめ、災害 生活を支援します。災害公営住宅の建設促進、み
が多発する日本列島で、国民の命と安全を守るた なし仮設住宅の公営住宅化、二重ローンの解消、
めに、被災者の生活と生業、地域社会が再建さ 地場産業の再生や被災した事業所・店舗の再開な
れ、被災者が自力で歩きだせるまで、国が支援す どへの支援、迅速な用地確保に必要な被災自治体
る災害対策のルールをつくることは、いよいよ重 の負担軽減など、従来の枠をこえた抜本的な対策
要な課題となっています。 を行います。被災したJR路線の早期復旧をJR
─すべての被災者の生活と生業を再建するま と政府の責任で行わせます。政府は復興財源を来
で、国が必要な支援を行うことを復興の基本原則 年度までしか示していません。国が、必要な復興
にすえます。 財源を確保するとともに、住宅再建や被災者支援
─被災者生活再建支援法にもとづく支援金を に地方が自由に使えるようにします。
300万円から500万円に引き上げ、半壊などに
（３）「海外で戦争する国」づくりを許さない
憲法９条の精神に立った外交戦略で平和と安定を築く
隊が「武器の使用」をすれば、相手はさらに攻撃
海外で自衛隊が米軍とともに戦争
し、自衛隊はさらに反撃することになります。そ
をする─集団的自衛権の危険は
れは戦闘活動そのものではありませんか。
ここにあります
集団的自衛権行使とは、日本の国を守ることで
安倍政権は、国民多数の反対の声を踏みつけ も、国民の命を守ることでもありません。安倍首
にして、集団的自衛権行使を容認する「閣議決 相は「海外での戦闘に参加することは決してな
定」を強行しました。憲法9条を破壊し、戦後 い」とくりかえしていますが、首相がどうごまか
日本の国のあり方を根底から覆す歴史的暴挙で そうとも、アフガン・イラク戦争のような戦争
す。 で、自衛隊が米軍と肩をならべて戦争を行う─
集団的自衛権の現実の危険は、どこにあるので 「海外で戦争する国づくり」こそ、その正体で
しょうか。2001年のアフガニスタン報復戦争、 す。
2003年のイラク侵略戦争のような戦争をアメリ 10月に発表された日米軍事協力の指針（「ガ
カがおこしたさいに、従来の海外派兵法にあっ イドライン」）の再改定に向けた「中間報告」で
た「武力行使はしない」「戦闘地域に行ってはな も、そのことがあらためて明確になりました。
らない」という二つの歯止めを外し、自衛隊が従 「中間報告」は、集団的自衛権行使の「閣議決定」
来の「戦闘地域」まで行って軍事活動をすること を「適切に反映」するとしたうえで、従来の「ガ
になる─このことが、日本共産党の国会論戦に イドライン」にあった「二つの制約」を取り払う
よって明らかになりました。そうなれば、自衛隊 ものとなっています。
は攻撃対象になります。攻撃されたらどうするの 第一に、従来の「ガイドライン」は、「周辺事
か。日本共産党の国会での追及にたいして、安倍 態」のさいに日米軍事協力をするという建前でし
首相は「武器の使用をする」と認めました。自衛 た。ところが「中間報告」には「周辺事態」とい
7
う言葉がなくなりました。これは、地理的な制約 てはかるのか。北東アジアにはさまざまな緊張や
を一切なくして、「地球の裏側」まで行って米軍 紛争の火種があります。しかし、それに対して、
と一緒に戦争をするということです。 もっぱら軍事で構えたら、「軍事対軍事」の悪循
第二は、従来の「ガイドライン」は、米軍へ 環に陥ってしまいます。いま何よりも大切なの
の支援は、「後方地域」─「非戦闘地域」に限 は、憲法9条の精神に立った外交戦略を確立す
るとしていました。ところが「中間報告」では、 ることです。
「後方地域」という言葉がなくなりました。従来 日本共産党は、次の四つの目標と原則からなる
の「戦闘地域」まで行って米軍と一緒に軍事活動 「北東アジア平和協力構想」を提唱しています。
をする─これが「ガイドライン」再改定の正体
です。 北東アジア平和協力構想
こんな重大な戦争計画を、国会での審議もせず ①紛争の平和解決のルールを定めた北東アジ
に、米国との協議を先行させて、勝手に決めてし ア規模の「友好協力条約」を締結する。
まうというのは、国民不在、国会不在、民主主義 ②北朝鮮問題を「6カ国協議」で解決し、こ
否定のさいたるものであり、決して許すわけには の枠組みを地域の平和と安定の枠組みに発展
いきません。 させる。
③領土問題の外交的解決をめざし、紛争をエ
「海外で戦争する国」づくりを許し
スカレートさせない行動規範を結ぶ。
ません
④日本が過去に行った侵略戦争と植民地支配
─日本を「殺し、殺される国」につくりかえ の反省は、不可欠の土台になる。
る憲法違反の集団的自衛権行使の「閣議決定」を
撤回させます。 これは、すでに東南アジア諸国連合（ＡＳＥＡ
─日米「ガイドライン」の再改定、「海外で Ｎ）がつくっている東南アジア友好協力条約（Ｔ
戦争する国」づくりのための法改悪など、「閣議 ＡＣ）のような紛争を話し合いで解決する平和の
決定」を具体化する一切の作業を中止させます。 枠組みを、北東アジアにも構築しようという提案
─国民の目、耳、口をふさぎ、戦争に動員す です。
る秘密保護法の施行に反対し、廃止させます。秘 今年9月にスリランカのコロンボで、アジア
密保護法廃止法案を提出し、その成立のために力 29カ国、75政党が集まって開催されたアジア
をつくします。 政党国際会議（ＩＣＡＰＰ）で全会一致採択され
─「武器輸出三原則」を投げ捨て、武器輸出 た「コロンボ宣言」には、日本共産党の提案で、
を拡大する新「原則」を撤回させます。海外派兵 「ＡＳＥＡＮのような地域の平和協力の枠組みを
型装備などの軍拡に反対し、軍縮への転換をすす 北東アジアなど全アジア規模に広げる」ことが盛
めます。 り込まれました。日本共産党の「北東アジア平和
─核兵器禁止条約の国際交渉を開始すること 協力構想」の方向が、アジアの諸政党の賛同をえ
を世界によびかけます。 たのです。
日本共産党は、この「構想」が実るよう、ひき
憲法９条の精神に立った平和の外
つづき、国内外であらゆる知恵と力をつくしま
交戦略で、北東アジアの平和と安
す。
定を築きます
それでは、北東アジアの平和と安定をどうやっ
8
（４）原発再稼働ストップ
「原発ゼロ」の日本をつくろう
無謀な原発再稼働強行、原発輸出 福島「切り捨て」を許さず、すべて
に反対する の原発被害者に国と東電の責任で
必要な支援を
安倍政権は、全国の原発再稼働の突破口とし
て、九州電力川内原発の再稼働をすすめようとし 福島原発事故は収束するどころか、大量の放射
ています。しかし、巨大噴火への備えがありませ 能汚染水問題など非常事態が続いています。福島
ん。まともな避難体制もありません。再稼働にあ 県では震災関連死が地震・津波の直接被害で亡く
たって周辺30㌔圏の市町村は、事故時の避難計 なった方を上回るなど、原発被害者の命と健康が
画の策定を義務付けられているのに、政府は、周 脅かされています。ところが安倍政権は、原発再
辺自治体の首長や議会の意見を聞き、同意を求め 稼働と原発輸出のために、「原発は安全」という
ることすら拒否しています。 「神話」をふりまきながら、福島事故を「過去の
「噴火は予知できる」という新たな安全神話と、 もの」として切り捨てようとしています。
無責任な避難体制、住民の意見を聞く耳すら持た 安倍首相は、福島第1原発について、国際会
ない、危険で乱暴な原発再稼働を許すわけにはい 議で「状況はコントロールされている」「（汚染水
きません。 は）港湾内に完全にブロックされている」と大見
福島原発の大事故から3年8カ月たちますが、 えを切ったにもかかわらず、深刻な汚染水漏れや
いまでも12万人をこえる人たちがふるさとに戻 トラブルが続出しています。「政府が前面に出る」
れず、避難生活を余儀なくされています。福島 と言いながら、「東電まかせ」に終始し、まとも
原発は、事故の収束もできず、原因究明もでき な情報公開もしていません。
ていません。こんなもとで原発再稼働など論外で 賠償と除染の打ち切りなど、被害者の切り捨て
す。 も露骨になっています。安倍政権は、東電に対
─九州電力川内原発をはじめ原発再稼働に反 する住民の損害賠償請求でも、政府自身が設け
対します。いま日本のすべての原発は稼働してい たADR（裁判外紛争解決）による仲裁を東電が
ません。再稼働を行わず、このまま廃炉に向かう 拒否しているのを放置し、避難指示区域の指定解
ことを政治の責任として決定します。 除を口実に、賠償額の抑制や支払い打ち切りを図
─政府が原発の「輸出セールス」に奔走して り、除染の回数や範囲を減らすことで事故のコス
いることは、恥ずべきことです。原発輸出はただ トを軽減することに躍起になっています。
ちに中止します。 政府が決定した「復興指針」は、被害者である
─技術的にも展望がなく危険な高速増殖炉 住民と自治体に、上からの「線引き」で格差を持
「もんじゅ」や再処理工場は廃止し、プルトニウ ち込み、分断と幕引きをはかる一方で、加害者で
ム循環方式（核燃料サイクル）からただちに撤退 ある東京電力は、国民の税金と電気料金で救済し
します。 ようというもので、安倍政権の原発被害者の切り
捨て、原発推進の姿勢を示すものとなっています。
─東電まかせにせず、国の責任で、内外の英
9
知を結集した体制をつくり、福島原発事故の収束 大の障害となっており、この姿勢を転換させるこ
に全力をあげます。汚染水対策に万全をつくし、 とが必要です。
徹底した情報公開を求めます。困難な作業にあ 福島でも、他の原発の立地地域でも、首相官邸
たっている労働者の労働条件を改善します。 前でも、全国各地で「再稼働反対」「原発なくせ」
─被災者を分断する上からの「線引き」を押 という「一点共闘」が広がっています。毎週金曜
しつけるのではなく、完全賠償と徹底した除染を の官邸前行動はすでに130回に迫り、全国各地
すすめます。 279カ所でも、毎週または定期的に粘り強く行
─子どもたちをはじめ、福島県民の健康を守 動が繰り広げられています。こうした力が、司法
るため、国が責任をもって長期の健康診断を実施 をも動かして、憲法の「人格権」をうたって大飯
します。 原発の運転差し止めを命じた福井地裁判決や、避
難中にみずから命を絶った女性への賠償を東電に
「原発ゼロの日本」こそ、未来がある
命じた福島地裁判決が下されました。日本共産党
日本のすべての原発が停止して1年2カ月が は、国民のみなさんのこうした思いを正面から受
たちます。それでも電力不足はどこにも起きて け止め、国民のみなさんとの共同を広げ、｢原発
いません。この間、国民も、企業も、節電と省 ゼロの日本」を実現するために力をつくします。
エネに努力し、電力消費を大きく減らしてきまし ─「即時原発ゼロ」を決断し、すべての原発
た。その努力は、「原発13基分」とされていま でただちに廃炉のプロセスに入るようにします。
す（2010年度と2013年度の電力会社の総発電 ─原発にたよらず、省エネ・節電の徹底と、
量の比較）。日本社会は、「原発ゼロ」でも立派に 再生可能エネルギーの大幅導入への抜本的転換の
やっていけることを、国民自身が証明したのです。 計画を立てて、実行していきます。エネルギー
再生可能エネルギーや省エネの技術開発と普及 の確保のためには、当面、5～10年程度の期間
こそ、日本経済や産業・地域経済に明るい未来を開 は、過渡的な措置として、火力による電力の確保
きます。再生可能エネルギーは「国産エネルギー」 が必要になりますが、その間に、再生可能エネル
です。エネルギー自給率がたった6％（2012年） ギーの大規模な普及と低エネルギー社会への移行
しかない日本にとって、その大量普及は、日本経 をすすめます。原発推進派は、「自然エネルギー
済と産業にも新たな条件を広げます。再生可能エ は供給が不安定」などといいますが、多様なエネ
ネルギーも省エネ技術も、世界でも、これから ルギーである太陽光・熱、小水力、風力、バイオ
もっとも大きく伸びる分野であり、日本の高い技 マス、地熱、潮力などを組み合わせて普及すれ
術力が発揮される分野です。先がない原発にしが ば、安定します。政府の調査でも、再生可能エネ
みつくのは、産業政策としても時代錯誤です。 ルギー発電は、日本の発電能力全体の10倍（発
「原発ゼロ」に踏み出したドイツでは、再生可 電量で4.5倍）の潜在量を持っています。この
能エネルギーによる電力が、2000年には全体 巨大な潜在力を生かし、自然エネルギー先進国を
の6％にすぎませんでしたが、今年上半期には めざします。
28.5％まで急速にのび、一番の主要電源になり ─再生可能エネルギーによる発電量を飛躍的
ました。この経験は、政治が「原発ゼロ」を決断 に増やします。電力会社による不当な再生エネル
してこそ、再生可能エネルギーへの大転換への道 ギー「買い取り拒否」をやめさせます。再生可能
が開かれることを示しています。日本では、政府 エネルギーの安定供給のために、広域的な送電網
も電力会社も、原発を「ベースロード電源」など の整備や揚水ダムの活用など、調整システムの確
としていることが、再生可能エネルギー普及の最 立の条件を整備します。政府と電力会社がねらう
10
買い取り価格の大幅引き下げに反対し、再生可能 す。環境保全や住民の健康、地元へのメリットの
エネルギー電力の適正な買い取り価格を保障しま 還元に配慮しながら計画的に推進します。
（５）米軍の新基地建設を中止し、
基地のない平和で豊かな沖縄をつくります
沖縄の名護市辺野古への新基地建設を最大の 倍に相当します。さらに、キャンプ・ハンセン、
争点としてたたかわれた11月の沖縄県知事選挙 高江などの北部訓練場、伊江島飛行場などとも連
は、新基地建設断固反対を掲げた翁長雄志氏が歴 動して、海兵隊の基地機能は飛躍的に強化される
史的勝利をおさめました。翁長さんの圧勝は、沖 ことになります。しかも、辺野古新基地の耐用年
縄県民の意思を踏みつけにし、強権をもって、新 数は200年です。22世紀どころか23世紀の
基地建設を強行しようとしている安倍政権への痛 先々まで、沖縄を基地の鎖でしばりつけることに
烈な審判となりました。1月の名護市長選挙に続 なります。
いて、辺野古への新基地建設ノーの強固な県民の このどこが「負担軽減」なのか。老朽化した普
意思が、疑う余地がない明白なかたちではっきり 天間基地に代えて、大幅に機能強化され、半永久
示されたのです。 的に使用できる、最新鋭の巨大基地を建設する
それにもかかわらず、安倍政権は、「政府の立 ─これがいますすめられていることの正体で
場は全く変わらず粛々と進める」（官房長官）、 す。
「唯一の方法が辺野古移設との考えは、今後も変 いやしくも民主主義国家を標ぼうするならば、
わらない」（外相）などとのべ、新基地建設強行 安倍政権は、県知事選挙に示された県民の意思を
を乱暴に強行しようとしています。これで民主主 重く受け止めて、新基地建設をきっぱり断念すべ
義の国家といえるのでしょうか。問われているの きです。普天間基地の閉鎖・撤去にただちに取り
は、日本の民主主義そのものです。 組むべきです。
安倍首相は、新基地建設は「沖縄の負担軽減に ─沖縄県民の民意を無視した新基地建設をス
なる」などといっています。しかし、日米両政府 トップさせます。
が建設しようとしている辺野古新基地は、1800 ─普天間基地の無条件撤去を求めます。
㍍の滑走路を2本持ち、強襲揚陸艦やタンカー ─基地のない平和で豊かな沖縄をつくるため
が接岸できる軍港をつくり、広大な弾薬搭載エ に全力をあげます。
リアを整備する計画となっています。キャンプ・ ─沖縄へのオスプレイ配備の撤回を要求しま
シュワブや隣接する辺野古弾薬庫と一体で運用さ す。オスプレイの全国展開に反対し、無法な低空
れることになり、その基地面積は普天間基地の5 飛行訓練の中止を求めます。
政治腐敗の根源をただす─企業・団体献金の
禁止、政党助成金制度の廃止を
この間、安倍内閣の閣僚があいついで辞任し、 その他の閣僚や与野党の政治家を含めて「政治と
11
カネ」の問題が大問題になっています。この問題 も同調しています。これは、国会議員の定数削減
は、政党と政治家の基本姿勢をきびしく問うもの と引き換えに、消費税増税を国民に押しつける、
となっています。一連の疑惑の原資─元手と とんでもない増税押しつけ論です。
なっているのは、企業・団体献金と政党助成金で 国会議員の定数を削減することは、民意を削減
あり、その禁止・廃止は急務です。 することです。とくに、自民党・公明党、民主党
わけても、来年は、政党助成金制度が導入され などが提案している定数削減は、もっぱら比例代
てからちょうど20年の、大きな節目の年になり 表の削減であり、最悪の民意切り捨てです。比例
ます。制度創設以来、今までに各党が分け取りし 代表は、〝4割の得票で8割の議席〟を獲得でき
た政党助成金の総額は、6316億円。自民党の本 民意を切り捨てる小選挙区に対して、民意が正確
部収入の65％、民主党の本部収入の83％、維 に反映する制度です。大増税を押しつけながら、
新72％が政党助成金、国民の血税でまかなわれ 同時に、民意切り捨ての議員定数削減を行い、民
ています。何の苦労もせずに、毎年、国から巨額 意無視の暴走政治を加速させる、こんなことは
の助成金がころがりこむ。何に使おうと自由勝 「改革」どころか、議会制民主主義の根本を覆す
手。「民主主義のコスト」という名目で導入され ものです。
たこの制度が、カネに対する感覚をまひさせ、政 政治の不当な特権をただすというなら、政党助
治腐敗を解決するどころか、「政治とカネ」の問 成金こそ廃止すべきです。
題が後を絶たず、日本の民主主義を破壊していま ─政治改革の最優先課題の一つとして、政党
す。 助成金制度を廃止します。
消費税増税をするのだから国会議員定数を削減 ─カネの力で政治をゆがめる企業・団体献金
するなどという「身を切る改革」論が、民主党、 を禁止します。
維新の党などの野党から出され、自民党や公明党
日本共産党の躍進こそ、安倍政権の暴走ストッ
プ、政治を変えるたしかな力
安倍政権の暴走に対して、他の野党はどうで
安倍政権の暴走に正面から対決す
しょうか。
る日本共産党─「自共対決」が鮮
民主党は、消費税増税、原発再稼働、TPP推
明です
進、沖縄新基地建設など、どの問題でも、自民党
日本の政治の「五つの転換」─どの問題で と対決する足場がもてません。これらのどれも
も、安倍政権の暴走と真正面から対決するととも が、自分たちが政権についていた時期に手をつけ
に、具体的な対案をかかげ、国民のみなさんとの た問題だからです。消費税増税は、自民党・公明
共同を広げているのは、日本共産党です。今度の 党・民主党の「3党合意」ですすめられ、民主党
総選挙は「自共対決」がいよいよ鮮明です。「政 政権のもとで法案を成立させました。原発再稼働
治とカネ」をめぐっても、カネの力で政治をゆが を最初に強行したのも民主党・野田政権です。沖
める自民党か、国民の声で政治を動かす日本共産 縄・辺野古への新基地建設も、秘密保護法も、民
党か─「自共対決」は鮮明です。 主党政権時代に提起・推進してきたことです。民
12
主党が安倍政権の暴走を批判すれば、ブーメラン いにこたえて、他党や無所属議員と共同し、秘密
のように自分に返ってきてしまいます。だから、 法廃止法案を提出してきました。
きっぱりと反対ともいえず、対決の足場がもてな 躍進した日本共産党国会議員団は、国民の運動
いでいるのです。 との共同をさらに大きく発展させています。日本
維新の党は、秘密保護法の成立に協力し、集団 共産党は、憲法問題、原発問題、沖縄基地問題、
的自衛権行使の推進など、自民党の補完勢力であ TPP問題など、あらゆる分野で一致点に基づく
ることがはっきりしました。消費税10％増税で 共同─「一点共闘」を広げ、国民多数派をつ
も「先送り」実施を主張し、安倍政権と同じで くってきました。安倍政権打倒の国民的運動をよ
す。 びかけ、安倍政権を追い詰める世論と運動を、国
こうした政党状況のもとで、日本共産党の躍進 民とともにすすめてきました。
こそ、安倍政権の暴走にたいするもっとも厳しい 日本共産党が躍進すれば、他の政党にも影響を
痛打となります。国民の声が生きる新しい政治を あたえ、現在の政党状況を前向きに打開する大
つくる、もっともたしかな力となります。 きな力ともなるでしょう。かつて、1970年代
に日本共産党が大きく躍進した時代には、公明
日本共産党をのばせば日本の政治
党までが一時は日米安保条約の即時廃棄を掲げ
は必ず変わります
るなど、他の野党にも大きな影響をあたえまし
昨年の参院選での日本共産党の躍進は、政治を た。
動かす大きな力となっています。 日本共産党をのばせば、日本の政治は必ず変わ
日本共産党は、参議院で得た議案提案権を行使 ります。どうか、参院選での躍進につづいて、総
して、ブラック企業規制法案を提出しました。こ 選挙で日本共産党をさらに大きく躍進させてくだ
の法案提出は、厚生労働省を動かし、集中的な実 さい。力をあわせて、暴走政治をストップさせ、
態調査の実施、離職率の公表、求人票の虚偽記載 国民の声が生きる新しい政治をつくろうではあり
に対する監督・指導などを実施させる大きな力と ませんか。
なりました。秘密保護法の廃止を求める国民の願
未来に責任を負う政党、それが日本共産党です
根本には、綱領の力があるのです。
綱領という未来への確かな羅針盤
─日米安保条約第10条に即した廃棄の通告
を持つ政党です
で、日米安保条約=日米軍事同盟をなくします。
私たちの綱領では、日本の政治のあらゆる問題 安保条約は、一方の国が通告すれば、1年後には
の根源に、「アメリカいいなり」「財界中心」とい 解消されます。アメリカとは安保条約に代えて、
う二つの異常なゆがみがあることを明らかにし、 対等・平等の立場にたった日米友好条約を結びま
このゆがみをただして「国民が主人公」の新しい す。
日本への改革の展望を示しています。安倍政権の ─「ルールなき資本主義」といわれる現状を
暴走に真正面から対決するだけでなく、国民の立 打破し、ヨーロッパの主要資本主義国や国際条約
場にたった具体的で建設的な提案ができるのも、 などの到達点も踏まえつつ、国民の生活と権利を
13
守る「ルールある経済社会」をつくります。 たしかな歴史を持つ党こそ、未来を開く先頭に
─現行憲法の前文をふくむ全条項を守り、と たつことができます。日本共産党は、反戦平和を
くに平和的民主的諸条項の完全実施をめざしま つらぬいてきた政党の存在意義にかけて、戦争へ
す。 の道にたちはだかります。歴史を偽造する逆流の
根をたつまでたたかいます。
私たちの綱領では、国民多数の意思にもとづい
草の根で国民と結びつき、国民と
て、資本主義を乗りこえて未来社会─社会主
ともに未来を開く政党です
義・共産主義に進むという展望を明らかにしてい
ます。その未来像の特質は、一言でいえば、人間 日本共産党は、全国2万の党支部、30万人の
の自由、人間の解放です。日本共産党という党名 党員、2685人の地方議員をもち、草の根で国民
は、この壮大な人類的視野にたった、私たちの理 としっかり結びついた政党です。結党以来、企
想と固く結びついた名前です。 業・団体献金も、政党助成金も受け取らず、財政
も、一人ひとりの国民にささえられて活動する、
たしかな歴史を持つ党こそ、未来
唯一の政党が日本共産党です。
を開く先頭にたつことができます
日本共産党は、「国民の苦難あるところ共産党
日本共産党は、党をつくって92年、ひとすじ あり」を立党の精神にしています。
に反戦平和をつらぬいてきました。 未曽有の大災害となった東日本大震災の被災者
かつて日本が、戦争か平和かの歴史的岐路に の救援と被災地の復興でも、国会や地方議会で切
立ったときに、政党の真価が試されました。日本 実な要求をとどけ、自治体関係者とも協力して、
共産党は、野蛮な弾圧にも屈せず、命がけで侵略 さまざまな成果をあげてきました。全国からのボ
戦争と植民地支配反対を訴え、反戦平和の旗をか ランティアは、これまでにのべ4万5千人にお
かげてたたかい抜きました。その時、自民党の前 よぶなど、党として独自に救援活動に取り組んで
身の民政党、政友会、社会党の前身の社会民衆党 きました。大震災から3年8カ月が経過したい
は、侵略戦争を支持し、若者を戦場に送りまし まも、多くの被災者が、困難な避難生活を強いら
た。アジアと日本の人々に多大な惨禍をもたら れ、被災地では、生活と生業の再建に向けての懸
し、国土も焦土にしてしまったのです。だれが日 命の努力が続いています。日本共産党は、これか
本の未来に責任を負う党だったかは、歴史の審判 らも被災者の生活と権利を守り、被災地での生活
が下りました。 と生業を再建するために、被災地のみなさんと力
いまも日本は、戦争か、平和かの歴史的な岐路 を合わせてがんばります。
に立っています。安倍政権は「海外で戦争をする 社会の進歩は、悪政の矛盾が深刻になるだけで
国」づくりへ暴走し、再び戦争への道をすすもう はすすみません。主人公である国民のなかに「社
としています。首相の靖国神社参拝や、「慰安婦」 会を変えよう」という多数派がつくられてこそ実
問題で日本軍の関与と強制を認めた「河野談話」 現されます。日本共産党は、国民の力を集め、社
を事実上否定する行動など、過去の日本の侵略戦 会を変える多数派をつくる仕事に、全国の草の根
争や植民地支配を肯定・美化する歴史逆行の姿勢 からコツコツと取り組んでいる政党です。
をあらわにしています。過去の侵略戦争を美化す 国民とともに、希望ある未来をつくる政党が日
る勢力が、憲法9条を破壊して海外での戦争に 本共産党です。今度の総選挙で、どうか日本共産
のりだすことほど、世界とアジアにとって危険な 党を躍進させてください。
ことはありません。
14
「消費税にたよらない別の道」
日本共産党の財源提案
─
消費税8％への増税によって日本経済が深刻な に加え、大企業、富裕層への減税が繰り返された
危機に陥りました。いまの景気悪化は、「増税不 からです。消費税は、その穴埋めに消えてしまっ
況」にほかなりません。ところが、安倍首相は、 たのです。「社会保障財源といえば消費税」「財政
消費税10％への増税を1年半「先送り」したう 健全化といえば消費税」という消費税頼みのやり
えで、今度は「景気がどうなろうと増税する」と 方では、この失敗を繰り返すだけです。
いうのです。こんなことをすれば、「増税不況」 日本共産党は、消費税10％増税は「先送り」
が繰り返されることになります。 実施ではなく、きっぱり中止を求めます。社会保
消費税創設以来26年間で、その税収は282 障の拡充や財政危機打開に必要な財源は、「消費
兆円にものぼりますが、ほぼ同じ時期に法人3 税にたよらない別の道」で確保します。具体的に
税は254兆円、所得税・住民税も248兆円も は、次の二つの改革を提案します。
減ってしまいました。不況による税収の落ち込み
〈１〉富裕層や大企業への優遇をあらため、「能力に応じた負
担」の原則をつらぬく税制改革をすすめます
本来、所得税は所得が高いほど負担率が高くな 2.5兆円という、巨額のばらまきです。こんな減
るはずなのに、実際には所得が1億円程度を超 税をしても、大企業の内部留保を増やすだけで、
えると逆に負担率が下がってしまいます。法人 賃上げにも景気回復にもつながりません。大企業
税も、実質負担率が中小企業は25％、大企業は へのばらまき減税は、ただちに中止します。
14％と、いちじるしい不平等になっています。
大企業への優遇税制をあらためます
富裕層や大企業には、さまざまな優遇税制が適用
されているからです。こうした不公平税制をあら トヨタ自動車は、2008～12年度の5年間、
ため、「能力に応じた負担」の原則に立った税制 法人税（国税）を1円も納めていませんでした。
改革をすすめれば、公共事業や軍事費などの歳出 法人税の法定実効税率は約35％ですが、実際に
の浪費をなくすこととあわせて、約20兆円の財 は10％、20％台の税金しか納めていない大企業
源を確保できます。 が多数あります。さまざまな優遇税制の恩恵を受
けているからです。
法人税減税のばらまきを中止します
たとえば、多額の研究費を使う企業の法人税を
安倍政権が財界の要求を受けて検討している法 減税する「研究開発減税」（年間減税額4000億
人税減税は、財界の要求通りに実施すれば5兆 円）、親会社と子会社の損益を通算して税金を減
円、政府が「新・成長戦略」に掲げた分だけでも らせる「連結納税制度」（6000億円）、他の企業
15
から受け取った配当の一部または全部を非課税と 負担を引き上げます。
する「受取配当益金不算入制度」（1兆4000億 株式配当―少額の配当などを除き、総合課税を
円）、海外にある子会社からの配当を非課税にす 義務づけます。これによって、富裕層の配当所得
る「海外子会社配当益金不算入制度」（6000億 には所得税・住民税の最高税率が適用されます。
円）などです。これらの制度は、法律的には中小 株式譲渡益―高額部分には欧米なみに30％の
企業も利用できることになっていますが、多額の 税率を適用します。
研究費を使ったり、子会社を持っているのは、実
新しい資産課税として「富裕税」を
際にはほとんどが大企業です。こうした大企業へ
創設します
の優遇税制を廃止または大幅縮小します。
高額な株式や不動産などの資産を保有する富裕
将来的には国際協調で法人税率を引
層に対して、毎年課税する仕組みの新しい資産課
き上げます
税として、「富裕税」を創設します。相続税の評
世界的な法人税引き下げ競争の有害性は、ＯＥ 価基準で5億円を超える資産の部分に1～3％
ＣＤ（経済協力開発機構）でも指摘されていま の累進課税を行えば、課税対象は0.1％程度の大
す。タックスヘイブン（租税回避地）などの税率 資産家だけですが、8000億円前後の税収が見込
の低い国を利用した、多国籍企業の「税逃れ」へ めます。
の批判も高まっています。法人税の引き下げ競争
被用者保険の保険料上限を見直します
を見直す国際的な働きかけをすすめ、下げすぎた
法人税率の適切な引き上げをはかるようにしてい サラリーマンの社会保険料は、年金は月給62
きます。 万円、医療や介護は月給121万円で頭打ちとな
り、それ以上は、月給が何百万円あっても保険料
所得税 ･ 住民税、相続税の最高税率
は増えません。こうした高額所得者優遇の仕組み
を引き下げ前に戻します
をあらため、高額所得者に適正な負担を求めます。
所得税・住民税の最高税率は、1999年に、
「為替投機課税」を新設します
それまでの65％から50％に引き下げられまし
た。相続税の最高税率も、2003年に70％から 多額の為替取引に対して低率で課税する「為
50％に引き下げられました。国民の批判を受け 替取引税」を創設します。東京外為市場の取引
て、民主党政権が引き上げを決めましたが、引き 額は年間推計94兆㌦（2013年度）で、この
上げ幅は5％で、まったく不十分です。引き下げ 15年間に2.5倍以上になっています。投機マ
られた最高税率を元に戻します。最高税率の対象 ネーによる取引が増加しているからです。これ
は、所得税では課税所得3000万円超、相続税 に、0.01％程度のきわめて低い税率で課税すれ
では相続人1人当たり20億円超の部分です。 ば、1兆円前後の税収になります。税率が低いの
で、通常の貿易や金融取引には影響がありません
証券税制を欧米並みに強化します
が、多数の取引を繰り返す投機マネーには負担と
昨年末に証券優遇税制は期限切れとなりました なり、行きすぎた投機の抑制にもつながります。
が、上場株式の配当や譲渡所得への税率は、所得
環境税を強化します
税・住民税あわせて20％と、依然として、欧米
諸国に比べても低い水準になっています。富裕層 この間、「地球温暖化対策の課税」として、石
の多額の配当や譲渡所得については、次のように 油石炭税の上乗せ措置が実施されましたが、環境
16
税制改革等による財源確保の見込み額
研究開発減税・連結納税制度などの大企業優遇税制の見直し 2.4兆円
法人税率引き下げをやめ、元に戻す（中小企業は除く） 1.9兆円
所得税・住民税・相続税の最高税率を元に戻す 1.8兆円
富裕層の株式配当・譲渡所得への課税強化 0.6兆円
「富裕税」の創設 0.8兆円
被用者保険料の上限引き上げ 2.2兆円
為替取引税・環境税など 1.6兆円
将来的には、「応能負担」の原則に立ち、所得税の税率に累進
6.0兆円
的に上乗せ
公共事業・軍事費など歳出の浪費をなくす 2.9兆円
合 計 20.2兆円
対策という点からは不十分なものにとどまってお は、富裕層や大企業の負担だけでは足らず、多く
り、強化します。同時に、原油の国際価格高騰な の国民が能力に応じて負担する必要があります。
どの際には、課税が少なくともエネルギー消費抑 次に述べる経済改革を実行して、将来、国民の所
制効果が十分にあることを考慮し、税率を変動で 得が増えた段階で、その増えた所得の一部を税と
きるような柔軟な仕組みを検討します。また、低 して負担していただくような改革をすすめます。
所得者や寒冷地の負担軽減対策をあわせて行いま その場合も、低所得者に負担の重い消費税による
す。 のではなく、所得税を中心に、「能力に応じた負
担」の原則をつらぬいて、税制改革をすすめま
将来は、「 応能負担」の所得税改革を
す。具体的には、所得税の税率について、累進的
すすめます
に1.5～15％を上乗せすれば、6兆円程度の財
将来、社会保障の抜本的な拡充を行う段階で 源が確保できます。
〈２〉 大企業の内部留保の一部を活用し、国民の所得を増やす
経済改革で、税収を増やします
日本の財政危機が深まった大きな原因である税 5％に増税した97年以降では、マイナス0.5％
収の落ち込みは、富裕層や大企業への減税ととも となっています。経済が縮小していては、税収が
に、景気の低迷で税収が減ったためです。消費税 増えるはずがありません。
が創設された1989年から2013年までの25 経済が成長しなかった最大の原因は、自民党政
年間の平均名目成長率は0.9％と低く、消費税を 治のもとで大企業は利益を増やしても、賃金は下
17
がり続け、国民の所得が増えなかったからです。 日本共産党は、安倍政権による社会保障切り捨
ところが、安倍首相がすすめる「アベノミクス」 ての暴走をやめさせ、充実をすすめます。年金削
は、円安効果で大企業に巨額の利益、株高で富裕 減をストップし、低年金を底上げして〝減らない
層に恩恵をもたらしましたが、働く人の実質賃金 年金、頼れる年金〟を実現します。国の責任で、
は15カ月連続で減少するなど、景気悪化と格差 高すぎる医療費の窓口負担や国民健康保険料の軽
拡大を引き起こしています。これでは、安定した 減をすすめます。特養ホームの待機者、保育所の
経済成長は実現せず、税収増も見込めません。日 待機児をなくします。国民生活の基盤である社会
本共産党は、大企業と株主優先の「アベノミク 保障の充実は、家計をあたため、地域に新たな仕
ス」に反対し、国民の所得を増やす経済改革をす 事と雇用を生み出し、経済再生にも貢献します。
すめます。
TPP 交渉から撤退し、農林水産業、
人間らしく働ける雇用のルールをつ 中小企業と地域経済を振興します
くり、 賃金を引き上げます
アメリカ型の市場原理主義を「国際ルール」と
285兆円にまで積み上がった大企業の内部留 して押しつけ、農業や食品安全、医療、中小企
保のほんの一部を使うだけで、大幅な賃上げと安 業支援、環境保全など広範な分野で日本の経済
定した雇用を増やすことができます。そのために 主権を脅かすTPP交渉から、ただちに撤退する
政治がやるべきことは、賃下げと低賃金労働、不 ことを求めます。農業を国の基幹産業として位置
安定雇用を増やしてきた労働法制の規制緩和を根 づけ、安心して農業を続けられるように、価格保
本から見直し、人間らしく働ける雇用のルールを 障・所得補償を抜本的に強化します。中小企業を
つくることです。 日本経済の根幹と位置づけ、中小企業全体を視野
〝生涯ハケン〟を押しつける労働者派遣法の大 に入れた振興・支援策に転換します。
改悪や、〝残業代ゼロ〟の働かせ方を合法化する
「原発ゼロ」の日本で、 自然エネル
ホワイトカラー・エグゼンプション、裁量労働制
ギー先進国をめざします
の拡大に反対します。派遣労働は、臨時的・一時
的な業務に厳しく限定する、非正規と正社員との 日本のすべての原発が停止して1年2カ月が
不当な格差を是正するなど、非正規から正社員へ たちますが、電力不足はどこにも起きていませ
の流れをつくります。残業時間の上限を法律で規 ん。この間、国民や企業の節電、省エネによる努
制するとともに、｢サービス残業」根絶法を制定 力で減った電力消費は、「原発13基分」とされ
します。中小企業への抜本的な支援と一体で、最 ています。原発再稼働をストップし、「即時原発
低賃金を大幅に引き上げます。 ゼロ」を決断し、原発にたよらず、省エネ・節電
の徹底と、再生可能エネルギーの大幅導入をすす
社会保障の連続改悪をストップし、
めます。そのための技術開発と普及によって、自
拡充をすすめます
然エネルギー先進国をめざす道こそが、日本経済
消費税が増税されても、社会保障は「充実」ど や産業・地域経済に明るい未来を開きます。
ころか改悪の連続です。年金は安倍政権になって
２％台の名目成長で、 10 年間で 20
2年連続削減、70～74歳の医療費は1割から
兆円の税収増を実現します
2割に引き上げ、介護サービスを取り上げる法改
悪も行われました。さらに、来年以降も連続的な 日本の名目成長率がマイナスだった97年以
改悪が検討されています。 降、欧米先進国の名目成長率の平均は、アメリ
18
カ4.5％、イギリス4.3％、フランス3.1％、ド し、2030年ころまでには、基礎的財政収支を黒
イツ2.3％となっています。日本でも、国民の所 字化し、対GDP比でみた債務残高の増大を食い
得を増やし、経済の好循環を実現できれば、平均 止め、逆に減少に転じさせることが可能になりま
2％台の成長は可能です。そうすれば、税収も増 す。
え、10年後には、国税・地方税あわせて20兆 政府のように、一方で大企業への減税や公共事
円を超える自然増収を実現できます。 業のばらまき、軍拡をすすめながら、「2020年
度の基礎的財政収支の黒字化」を無理にすすめれ
社会保障充実・暮らしの向上と、 財
ば、社会保障などの国民生活に関わる予算を乱暴
政危機打開の両立をはかります
に切り捨てることになります。これではかりに財
「能力に応じた負担」の原則をつらぬく税制改 政収支は「健全化」したとしても、国民の暮らし
革で20兆円、国民の所得を増やす経済改革によ は崩壊してしまいます。「財政黒字化して民滅ぶ」
る税の自然増が20兆円、あわせて40兆円の財 では、本末転倒です。だからといって消費税大増
源を確保すれば、今後十数年で、社会保障の抜本 税にたよれば、暮らしがさらに痛めつけられるう
的拡充をはじめ、教育や暮らし向上のための施策 えに、増税不況を繰り返し、逆に財政危機を深刻
に取り組みながら、財政の健全化をすすめていく 化させます。この道に未来はありません。
ことが可能になります。 日本共産党は、消費税大増税路線にストップを
もちろん、これだけの財源があっても、社会保 かけ、「消費税にたよらない別の道」をすすむた
障などに充てる予算を考えれば、毎年の財政赤字 め、「二つの改革」の旗を高く掲げ、国民の暮ら
をゼロにすることはできませんから、絶対額でみ しを守り、日本経済の前途を開くために奮闘しま
れば国の借金は増えていくことになります。しか す。
19
各分野の政策
全文はホームページをご覧ください。http://www.jcp.or.jp/
1 労働・雇用 26 難病
2 医療 27 女性
3 年金 28 子ども・子育て
4 介護 29 若い世代
5 保育 30 消費者
6 生活保護・福祉 31 NPO・NGO
7 子どもの貧困 32 教育
8 税制 33 大学改革・科学・技術
9 中小企業 34 文化
10 金融 35 スポーツ
11 農林漁業 36 憲法
12 TPP 37 歴史認識・靖国・「慰安婦」
13 東日本大震災被災者支援、震災・ 38 秘密保護法
防災対策 39 司法・警察
14 原発問題 40 市民生活の安全・テロ問題
15 エネルギー 41 いのち・人権の保障
16 環境 42 エボラ・デング熱・新型インフル
17 公共事業 エンザ・感染症
18 交通 43 危険ドラッグ・薬物依存症
19 住宅・マンション 44 ヘイトスピーチ
20 郵政・通信・放送 45 安保・基地・自衛隊
21 地方自治 46 核兵器
22 公務員制度改革 47 領土問題
23 「政治とカネ」、国会改革・選挙制 48 北東アジア
度改革 49 ODA
24 高齢者 50 カジノ合法化問題
25 障害者・障害児
小選挙区と
総選挙は ２票あります
比例代表の
小選挙区は「候補者名」をお書きください
比例代表は「日本共産党」とお書きください
日本共産党の総選挙政策 日本共産党中央委員会 〒151-8586 東京都渋谷区千駄ヶ谷4-26-7
TEL 03-3403-6111 FAX 03-5474-8358 Mail:info@jcp.or.jp
印刷・製本=株式会社 光陽メディア",Japanese Communist Party,2014-12
71320_200311,"社民党の政策 ３つの争点 ８つの約束
目次
はじめに
安心と安全による人に優しい社会へ
社民党の政策 ３つの争点８つの約束
３つの争点
〈安心できる暮らしの創造〉
社会保障
雇用労働
活力ある中小企業の創造
〈信頼される政治の創造〉
〈平和の創造〉
８つの約束
１．環境
２．教育
３．農林水産
４．税財政・金融
５．分権・自治
６．交通
７．公共事業
８．人権
1
安心と安全による人に優しい社会へ
１．岐路に立つ日本社会
大量生産、大量消費による右肩上がりの産業社会が終焉を迎える一方、日本社会は経済
のボーダレス化、少子・高齢化社会、地球環境問題などの課題に直面してきました。しか
し、バブル崩壊後の 1990 年代が「失われた 10年」と言われるように、日本社会は深刻な
デフレ不況から脱出できず、羅針盤を失った船のように漂流を重ね、国民は行く先が見え
ない不安の中に置かれたままです。
21世紀を迎え、「改革」を旗印にした小泉内閣が誕生してから2年半余りが過ぎましたが、
規制緩和と民営化を柱に据え、市場経済万能論に立つ構造改革路線は、目先の利益や効率
だけを優先し、競争により、あらゆる部門で格差を拡大することこそが社会の活性化だと
言わんばかりです。医療・福祉・教育などの分野にまで及ぶ競争至上主義と自己責任原則
は、財政による所得再分配の機能を著しく歪め、結果として圧倒的多くの国民に「痛み」
だけを強要し、雇用不安・生活不安・将来不安という「3つの不安」を助長させています。
アメリカン・スタンダードを模範にし、国際競争に勝ち残ることを目標とした構造改革
路線は、「強い国家」を求め、米国と一緒になって「戦争のできる国」へと転換することで
もあります。小泉内閣は、米国の危険な単独行動主義に追随し、テロ対策特措法、有事法
制関連三法、イラク支援特措法を矢継ぎ早に成立させ、憲法改悪まで政治日程に載せるな
ど、戦後の平和国家としての歩みを転換させようとしています。
いま、私たちは、「競争最優先の強い国家」をこのまま目指すのか、「安心と安全による
人に優しい社会」へと転換を図るのか、大変に重要な岐路に立っています。
２．新たな社会の創造
競争や自己責任を重視し、民営化や規制緩和を進める流れに対し、ヨーロッパでは1990
年代に「自由・公正・連帯」を基本的な価値観とする社会民主主義政党が多くの国で政権
の座につき、新たな社会の在り方を模索しています。
残念ながら日本では、高度成長を前提とした経済・社会システムの改革が急務になりな
がら、公共事業に偏重した利益誘導政治か、競争と効率性のみを重視する構造改革路線か、
という二つだけにしか、選択肢はあり得ないかのように描き出されてきました。
社会民主党は、旧来型の自民党利権政治と小泉構造改革路線のどちらでもない、これら
への対抗軸として、新たな社会への変革を提言します。そして、目指すべき新たな社会の
基礎に、平和主義・国民主権・基本的人権の尊重を理念とする日本国憲法を置きます。
憲法の前文は、「全世界の国民が、ひとしく恐怖と欠乏から免れ、平和のうちに生存する
権利を有することを確認する」とうたっています。平和のうちに生存する権利＝平和的生
存権は、不戦・軍備の不保持を明確にした第9条とあいまって、20世紀の二度にわたる大
戦という大きな犠牲の上に獲得された人間の英知であり、すべての基本的人権を保障する
ための最も根源的な権利です。
この上に立って、雇用、医療、福祉、教育など、人間らしい生活に不可欠な共同の分野
では、競争や効率性を重視して自己責任だけを求めるのではなく、お互いの協力と支え合
いによって、市場社会で努力した誰もが報われる、失敗しても誰もが同じ条件で再起でき
る機会が存在するような「ミニマム保障」という安全網（セーフティネット）を準備しま
す。
これらの分野への財源の集中的な配分は、大型公共事業に偏重してきた政治・経済のシ
ステムを大きく転換させるだけでなく、新たな雇用機会や新規産業の創出にも結びつき、
デフレ不況から脱却するための道筋を開きます。
社会民主党は、これらの実現を通じて、企業や産業を最優先にした社会、軍事力や軍事
2
ブロックを重視した社会から、「安心と安全による人に優しい社会」への転換を進めていき
ます。
３．目指すべき社会
当面、経済・福祉・平和の分野で、以下のような改革の実現に取り組みます。
（１）雇用、人権、環境に配慮した持続可能な循環社会
デフレ不況を促進するような小泉構造改革路線をやめ、不安を安心へと転換させること
こそ、いま求められています。
社会民主党は、政府のリストラを支援し、雇用の不安定化を進めるような政策ではなく、
採用差別の禁止・解雇制限とワークシェアリングの実施・再雇用への配慮などを内容とし
た「雇用継続保障法」の制定を目指し、同時に公的部門での雇用創出やパート・有期雇用
労働への均等待遇実現に取り組みます。そのためにも、あらゆる分野で男女平等を促進し、
ジェンダー・バイアス・フリー社会の実現に努めます。
また、コスト競争、大量生産・大量消費のシステム、住民無視の大型公共事業政策を見
直し、自然環境に配慮した循環型社会、原発依存から再生可能エネルギーを重視したエネ
ルギー政策への転換を進めます。
（２）協力と連帯、分権による自立した創造的福祉社会
福祉はお互いが支え合って生活を保障しあう共同の分野であり、共通の資本です。した
がって、自己責任原則だけをことさら強調するのではなく、協力や連帯という考え方こそ、
制度の前提とすべきです。実施主体である地方自治体への税源を伴った分権の徹底、NPO
（非営利活動法人）など非政府分野での活動を積極的に支援・育成することも不可欠です。
社会民主党は、安心できるセーフティネットによって、活力ある創造的福祉社会を目指し
ます。
具体的には、サラリーマンの医療費窓口 3 割負担を 2 割負担へと戻し、同時に安心でき
る医療、低所得者に十分配慮した高齢者医療制度の確立など抜本的な医療制度改革に取り
組みます。
焦点になっている年金問題では、社会民主党は「年金安心支給宣言」を行ないます。そ
の道筋として、2010年までは年金積立金の借り入れなどにより、給付水準の切り下げや保
険料の引き上げを行ないません。その間に国民の合意が得られるような議論を起こし、2010
年以降は、現在の国民年金にあたる 1 階部分を公助による全額税方式の「基礎的暮らし保
障年金」へと置き換え、2階部分は負担と給付が明確な共助の「社会保険年金」へ改革しま
す。未納率が4割近くに達した国民年金の空洞化の解消、応能負担原則に沿った支え合い、
個人単位の年金制度などが確立されることで、老後の不安解消と年金制度への信頼回復を
図ります。
（３）多国間の信頼と協調による平和な社会
二国間同盟から多国間協調へという流れを定着させることこそ、ポスト冷戦、そして 21
世紀のいま、強く求められています。社会民主党は、紛争を武力の行使や軍事力を背景に
して解決することを否定し、憲法の平和主義の理念に沿った対話と協力による問題解決、
平和な社会の構築に力を注ぎます。
そのために、北東アジア総合安全保障機構の創設、北東アジア非核地帯の設置、非核三
原則の法制化、在日米軍基地の整理・縮小・撤去、日米地位協定の抜本改正などに取り組
みます。これらを通じて、日米安保条約の平和条約への転換、自衛隊の縮小・改編を目指
します。
また、朝鮮民主主義人民共和国（北朝鮮）による核開発問題は、多国間の対話による平
3
和的な解決を支持し、拉致問題も日朝平壌宣言の精神に沿った両国政府の交渉によって、
一刻も早く解決することが必要だと考えます。
４．信頼できる政治の実現へ
私たちが目指す「安心と安全による人に優しい社会」を実現するためには、自民党を中
心とした政治体制を転換することなしには不可能です。社会民主党は、自民党政治に代わ
る新たな政治の実現に向け、複数政党の連立による政権交代を目指します。
新たな政権は、憲法を変えるのではなく、憲法を暮らしと政治に生かすことを柱に据え
ます。
そして第一に、デフレ不況の克服と社会保障制度改革に取り組み、国民の不安を安心へ
と変え、生活の再建を進めます。
第二に、政官業癒着・金権腐敗政治を断ち切り、国民の政治不信を信頼へと変えていき
ます。
第三に、アジア・近隣諸国との信頼醸成に取り組み、世界の平和と軍縮に貢献していき
ます。
社会民主党は、その実現に全力をあげます。
4
社民党の政策 ３つの争点８つの約束
３つの争点
〈安心できる暮らしの創造〉
１ 社会保障
未来型社会保障改革へ、５つの方向転換！
社民党から、未来型の社会保障政策を発信します。
戦後の何もなかった時代に始まり、高度経済成長の中で肥大化、硬直化、既得権益化した
日本の社会保障制度は、バブル経済崩壊後１０年以上を経て、現在日本が置かれているデ
フレ経済や少子化、高齢化といった経済社会情勢にまったくといっていいほど適応できず、
小泉政権によって、その場しのぎの給付削減、保険料引き上げなどの国民負担増がいたず
らに繰り返されています。
その結果、社会的な支援が必要な人ほど生活が困窮し、老後に不安を覚える中高年が激
増し、ほとんどの若者が公的年金制度に不信を抱くようになりました。いまこそ、福祉切
り捨ての小泉政治から、高福祉、適正負担を実現する社会民主主義の政治へと大きな方向
転換すべき時です。社会保障の充実という社会民主主義の原点こそが、住民の将来不安を
解消し、現下の経済情勢に対する最大の解決策となるのです。
未来型の社会保障制度の実現に向け、社民党は、次の５つの理念にしたがって、現在の
社会保障制度をリフォームします。
[1]与えられる福祉から、権利として選べる福祉へ
福祉は憲法にも認められた私たち一人ひとりの権利です。行政から一方的に与えられる
福祉をただ受け取るだけ、そんな制度を一つ一つ見直します。そして、レストランのたく
さんあるメニューの中から、食べたい料理を選ぶように、一人ひとりの多様なニーズにあ
わせて、好きな福祉サービスを選べるような、そんなウキウキする福祉を目指します。
[2]現金給付偏重から、サービス給付充実へ
誰でも安心して暮らしていける、−保育園に行けて、教育を受けられて、医療を受けら
れて、介護を受けられて、住むところも確保できる。それが社民党の目指す福祉社会です。
福祉サービス分野の充実は、単なる現金の受け渡しと違い、そこに新たな雇用が生まれ、
人間関係が生まれ、地域社会が活性化します。少子化、高齢化が進めむ中で、持続可能な
社会保障制度を構築するため、年金中心の社会保障から、医療や介護などのサービス充実
の社会保障を目指します。
[3]子どもや子育て家庭への給付を拡大
若い人に冷たい、これが日本の社会保障の現状です。約80兆円にのぼる社会保障給付費
のうち、子どもやその家族に使われるのはわずか 3 兆円にも届きません。公的な支援が不
足するほとんどの部分を私的に賄っているのです。現在、育っている子ども、育てている
親にとっての福祉が向上しない限り、少子化に歯止めがかかるわけがありません。社民党
は、子どもや子育て家庭など、若い人が福祉を実感できる社会を目指します。
[4]地域の実情にあわせた分権型の福祉へ
求められる福祉は、地域によって千差万別です。高齢者が多いか−子どもが多いか、サ
ラリーマンが多いか−自営業が多いか、持ち家が多いか−賃貸の集合住宅が多いか、それ
ぞれの地域で暮らす住民が、自分たちで福祉をデザインしてこそ、きめ細かな、満足度の
5
高い福祉が可能となります。
そして、政府などの公共部門が独占的な地位を占める福祉国家ではなく、地域住民など
の「個人」や、協同労働組織や民間団体など「NPO・NGO」、そして「公共部門」を含む、
さまざまな社会構成体がそれぞれに参加・参画し、役割を分担する分権型のネットワーク
福祉を目指します。
[5]施設への隔離から、地域での共生へ
身寄りのない子どもや動けなくなった高齢者から、精神障害者やハンセン病患者まで、
特定の特徴をもつ人々を一箇所に集めて、社会から浮き立たせてしまうことが、日本の福
祉の最も悪いところです。そこでは、個人の尊厳は尊重されません。日本に暮らす一人ひ
とりが、それぞれの生き方を尊重され、住み慣れた地域で暮らし続けるために、必要な援
助を受けられる、そういう福祉を目指します。
１．年金安心支給宣言
「もう、自分は将来、十分な年金がもらえないだろう」、そう考える人が、世代を問わず、
増えています。以前から予測されていた少子高齢社会の到来にもかかわらず、これまで無
責任に放置されてきた結果、いま、厚生労働省は、現役世代と将来世代への大幅な保険料
の引き上げ、将来給付の引き下げを提示してきました。
これでは、公的年金制度に対する信頼が失われるのは当然です。中高年世代は老後に大
きな不安を抱くようになり、若年世代は強い不信感と負担の大きさから、制度への加入す
ら拒否するようになりました。
そこで、社民党が提案する処方箋は「年金安心支給宣言」です。その中身は、[1]瀕死の
現行制度に対して、抜本改革に耐えうるだけの基礎体力を回復するために講じる「応急処
置」と、[2]公的年金制度を未来へつなぎ、将来にわたる安心を取り戻す一世一代の「大手
術」、の二段構えです。
現在の公的年金制度は、国民年金の空洞化といった致命的な欠陥を抱えており、その場
しのぎの対応ではなく、制度の枠組みを替える根本的な改革が必要です。
しかし、急激な改革というものはかならず失敗します。特に、年金受給者も含め、中高
年にとって、公的年金は老後の暮らしの要です。一朝一夕に制度が変えられてしまっては、
老後の不安が増すだけです。そもそも「年金改革の年」が来年に迫った現在でも、生活者
レベルでの議論、特に大学生も含め、子どもたちとの対話がまったく不足しています。年
金制度改革は、子どもたちやこれから生まれてくる世代の暮らしを大きく左右する問題で
す。彼らの声を最大限汲み取る努力をしなくては、とても未来へ責任ある改革はできない
でしょう。国会議員も、現在の「有権者」の代表でしかないのです。十分に時間をかけて、
子どもたちや在日外国人からも理解と納得をえていく必要があります。「インフォームド・
コンセント」が不十分なうちは、大手術はしていけません。
しかし、一方で、公的年金制度を途絶えさせず、将来の世代へ恥ずかしくないかたちで
バトンタッチするためには、早急に現行制度の範囲内でも可能な対策を講じることが不可
欠です。
だからこそ、社民党は、二段構えでより現実的な「年金安心支給宣言」をします。2010
年までは、年金積立金からの輸血と応急処置で、支給年齢の引き上げや、給付水準の切り
下げ、保険料の引き上げを行いません。そして、その間に、社会民主主義政党としての選
択肢を世に提示し、世論の合意形成を含め、抜本改革に向けた準備をしっかりと進めます。
（１）応急処置でできることから始めます
瀕死の制度を救うために、これまで約束しながら実施してこなかったことや、問題があ
ると分かりながら、政府が見過ごしてきたことに早急に着手します。
6
[1]基礎年金の国庫負担率の2分の1への引き上げ
税方式への移行の前段階として、国庫負担の引き上げを行います。財源は、無駄な公共
事業の見直し等で確保する他、不足する分については、年金積立金から借り入れ、2004年
度から実施します。
[2]国民年金保険料の1万円への引き下げ
国庫負担割合が増えた分を、保険料にも反映させ、国民年金の保険料を1万3300円から
1万円に引き下げます。
[3]年額60万円以下の低額年金受給者へのマイナス物価スライド凍結
物価が上がった場合にも、物価が下がった場合にも、物価スライドは原則行います。し
かし、特に深刻な影響を受ける年額60万円以下の低年金者の場合、マイナススライドは凍
結します。その財源には、積立金を使います。
[4]年金の返還制度を創設します
現行制度では、年金が不要の人でも必ず受け取らなければなりません。年金の一部また
は全額を自主的に返納できる制度を創設し、議員年金を含め、特に高額の年金受給者が低
年金者や後代へ寄付ができるようにします。
[5]年金積立金運用の透明性・適正性の確保
年金積立金は、無責任な株式運用のために、この 5 年間で約 6 兆円もの損失を出しまし
た。このお金があれば、基礎年金の国庫負担割合引き上げ分は 2 年分確保できましたし、
年額 150万円の年金を１年間で 400 万人に給付することもできました。したがって運用に
あたっては透明性を確保するとともに運用の適正化を図ります。
[6]非正規労働者の年金権の拡大
「130万円の壁」を引き下げ、厚生年金の適用資格を拡大します。
[7]離婚時の年金分割
離婚した配偶者に対して、報酬比例部分の年金の 2 分の 1 を婚姻期間に応じて分割でき
るようにします。
[8]在職老齢年金制度の改正
年齢制限を撤廃し、70歳以上にも適用します。
[9]無年金者問題の解消
定住外国人を含めた無年金者、無年金障害者、第三号被保険者の届け出忘れへの救済策
を講じます。
[10]「給付債務の責任分担を協議する会」の設置
現在の年金の給付設計は、保険料を引き上げることを前提に設定されており、過去の保
険料納付期間に対応した給付については、給付に応じた負担が求められていません。その
ための給付債務が、厚生年金だけでも約 540 兆円あり、保険料の引き上げだけで返済して
いくと、現役世代やこれから生まれてくる世代への負担がとても過重になってしまいます。
これを解消するために、支える側と支えられる側と国の三者で、負担を分担して、痛み
を分かち合う必要があります。言い換えれば、両親、祖父母の代を支える現役世代の責任、
現役世代や将来世代の負担を減らす高齢者の責任、そして、政府の失政の責任です。債務
を返済するために、どこまで保険料を引き上げられるのか、既裁定年金も含めて、どこま
7
で給付を引き下げられるのか、どこまで公費を投入できるのか、当事者同士の話し合いの
中から合意点をみつけていかなければなりません。
そして、公平な議論をするために、メンバーは、年金受給者から学生まで含め各世代の
バランスが等しくなるようにする他、正規・非正規労働者の割合などにも配慮し、無・低
年金者や失業者など、特に社会的厚生の必要性が高い人を加えます。
（２）体調を整えたら、大手術！−抜本改革で新年金制度へスイッチ
抜本改革へ向け、社民党は、社会的公正を重視し、所得保障型から生活保障型の再分配
を強化した個人単位で分かりやすい年金制度を提案します。公助・共助・自助の役割分担
を明確にし、老後の暮らしをしっかりサポートする個人のライフスタイルに中立な年金制
度を目指します。
[1]１階は全額税方式で公助の基礎的暮らし保障年金
【目的】
基礎的な生活を保障するための年金です。すべての人に生存権を保障することが公的な
責任であることを明確にし、｢公助｣の仕組みとして全額税金を用います。シビル・ミニマ
ムの年金制度とすることで、地域の医療や介護、住宅事情などを反映した適切な給付水準
を達成できるようになります。税方式の導入により、現行制度の最大の欠陥である国民年
金の空洞化を解消し、無・低年金者をなくします。非正規労働者や失業者など、経済的に
不遇な環境にある人ほど、高い効用のある制度となり、現役時代の不平等を老後において
是正する効果が期待できます。
【水準】
給付水準は、衣食を満たし、基礎的な暮らしが営める水準とし、当面は、実効ある額と
して生活保護の生活扶助額を採用します。支給額については、地域の物価水準の他、介護
保険料や福祉給付、住宅事情や税制なども総合的に考慮し、市区町村ごとに定めます。あ
わせ、国は、生活保護制度について、２年を目途に、その水準や資産調査のあり方、強力
な就労支援プログラムの導入などについて検討を行い、社会への弾力的な復帰支援制度と
なるような改革を行います。
【支給要件】
給付は、当面 65 歳から、居住期間のみを要件とし、誰にでも平等にあまねく行います。
ただし、年齢を問わず、収入がある場合には支給額を減額あるいは停止する等、在職老齢
年金制度もあわせ見直します。
【負担の方法】
負担については応能負担を原則としますが、2010年までは国民負担を求めません。
[2]2階は負担と給付が明確な共助の社会保険年金へ
【目的】
1階部分が保障する基礎的な生活に加えて、多少の教養娯楽費、交際費、冠婚葬祭費等も
含めた平均的な家計支出を賄えるようにするための年金です。1 階部分とは完全に分離し、
負担と給付が明確な公的な｢共助｣の仕組みである社会保険方式で行います。
【構成】
厚生年金と各種共済組合。厚生年金と各種共済については、130万円枠などを大幅に縮小
し、最終的には雇用労働者の完全加入を目指します。併せて、私的年金である国民年金基
金の加入資格も拡大し、老後の暮らしに 備えたいすべての人に開かれた制度にします。
【水準】
厚生年金と共済組合のモデル水準は、単身高齢者の平均的な支出をカバーする程度まで
とし、具体的には、単身高齢者の平均的な支出（約16万円）から基礎年金（平均8万円）
を控除した額（約8万円）程度とします。
8
【支給要件】
加入期間などは問わず、拠出に応じた完全なポータブル（持ち運び）年金とします。ス
ウェーデン改革にならい、自分の拠出実績が確認できるポイント制などを取り入れ、受給
開始も弾力的にできるようにします。
【負担の方法】
労使折半。使用者負担分については、雇用労働者への完全適用を円滑に行うため、「企業
年金保険料」として、総賃金から一括で徴収する方法等についても検討します。ただし、
保険料率については、現在の基礎年金相当分を控除し、モデル年金を世帯単位の23万円か
ら個人単位の16万円に引き下げた分と、給付債務の返済のための現役世代の負担分をあわ
せた水準になります。
２．選べる介護の実現
介護保険制度は、高齢者の「自立支援」と「介護の社会化」を実現するうえで、非常に
重要です。しかし、制度開始から４年目を迎え、住民も自治体や介護事業者も、多くの問
題、悩みが明らかになってきました。行き過ぎた自治体間格差の解消、地方分権の確立、
国の積極的支援、介護福祉施策の充実など、不安解消に向けた積極的な施策を推進し、2006
年度の改正に向けた準備を進めます。
[1]介護基盤を早急に進めます
「緊急介護基盤整備特別措置法」を制定し、基盤整備の遅れ、地域間のバラツキを解消
し、真に選べる介護を実現します。
[2]低所得者へ配慮します
保険料基準額の上限を全国一律に据え置き、保険料・利用料を減免するなど、低所得者
への対策を徹底して行います。
[3]ホームヘルパー100万人の雇用機会と身分保障を確立します
福祉・保健分野の創業・開業を促進して、ホームヘルパー100万人（現在ホームヘルパー
として働く人の数はおよそ 22 万 4000 人。2010 年までに 60 万人、2015 年までに 100 万
人とする。政府は、2010 年までに 56 万人に達すると見込んでいるが、スウェーデンでは
日本の人口に換算すると、すでに約 100 万人がヘルパーとして雇用されている）などの雇
用機会を確保するとともに、同性介護を基本とするためにも、男性ヘルパーを大幅に増員
します。
あわせ、介護労働に関する最低基準（賃金や労働時間等）を設定し、抜き打ち監査を含
め、配置基準の遵守を義務づけ、未達成の事務所には現有介護労働従事者に賃金の上積み
を行う等、労働条件の向上や身分保障の確立を図ることを目指します。
[4]居宅介護事業者を充実・強化します
居宅介護事業者を充実・強化するため、国から一定の経営補助金を交付します。
NPOなど地域で生まれた小規模の事業者に対して、金融機関からの融資ができるように、
運営のための一部に補助をします。また、介護報酬単価を引き上げるとともに、身体介護
と家事の介護に単価の格差を解消し、交通費や事務費は別途事務費として交付します。
[5]地域での高齢者福祉を充実させます
生活支援や配食サービス、移動サービスなど地域での支援は、高齢者の自立を助けるた
めには欠かせない施策として強力に推進します。一人暮らしの高齢者が増加する中で、地
域での孤立化や精神的な不安を解消するため、少なくとも小学校単位に空き教室の活用も
9
含め、高齢者向けのコミュニティセンターの設置を進め、地域の交流の場として積極的に
参加を進めます。
[6]オンブスパーソン制度や情報公開制度を整備します
住民の立場に立った迅速な苦情解決体制（第三者機関によるオンブスパーソン制度）の
整備、介護事業者などの情報公開やサービスの質の評価制度、自治体独自の総合的な介護・
福祉条例を制定し、自治体の公的責任を明らかにしながら、住民参加と利用者保護の確立
を目指します。
[7]バリアフリーの道路整備を促進
現在の道路では、車椅子で歩行することなどおよそ不可能であることから、歩道の整備
を先行して実施するなど、バリアフリーの道を整備して、総合的な生活保障を整備します。
[8]2006年の改正は利用者本位で
介護認定をはじめ多くの問題を抱えている制度の見直しを絶えず進めるとともに、
2006年の改正に向けて、若年障害者の問題や第2号被保険者の保険料負担・徴収問題（低
所得者対策の徹底、個人単位化）などの課題についても、利用者本位で検討を進め、不安
の解消を図ります。
３．安心の医療を提供
[1]健康保険の医療負担2割へ引き戻し
野党でとりまとめた「健保法の改正案」を成立させ、サラリーマンの医療負担を３割か
ら2割負担へ引き戻します。
[2]小児救急医療の充実を
全国で 4 分の１しか実施されていない緊急入院体制を早急に整備します。地域基幹病院
の充実により、地域に二次医療の受け皿を配置します。
[3]出産育児一時金の拡充や国庫負担金の引き上げにより、出産費用を公的に保障します。
（出産1子に対し、現行の医療保険による一時金30万円。プラス一般財源から30万円）
[4]低所得者対策と高額医療費の償還払い制度の見直し
高齢者医療の自己負担限度額を見直し、特に低所得者がいつでも安心して医療が受けら
れるよう配慮します。また、患者が自分で領収書を保管し、申請しに行かなければならな
い償還払い制度は、非常に分かりにくく、高齢者にとっては大変に不便な制度であるため、
早急に見直します。未申請のために、本来支払われるべき分で支払われていない分の治療
費についても救済措置を講じます。
[5]「患者の権利基本法」を制定
患者本位の医療を確立するため、「患者の権利基本法」（仮称）を制定します。患者や家
族が、イ．医療行為に関し医療従事者から十分な説明と報告を受ける権利であるインフォ
ームド・コンセント ロ．カルテなど医療情報の閲覧や謄写請求、医療費明細書などの交
付請求権 ハ．医療行為について選択し、同意し、拒否することができる自己決定権、と
いった患者の権利を基本法に明記するとともに、患者の権利擁護について、国や自治体、
医療機関や医療従事者の責務を明らかにします。
[6]医療事故の被害者救済制度と防止システムの緊急整備
被害の相談から、裁判によらない救済のシステムまで、総合的な医療事故の被害者救済
10
制度を実現します。「医療基準監督局」（仮称）を設置し、医師の事故報告の義務化や安全
指導を行います。また、カルテ開示の法制化を早急に進め、患者や家族の医療記録を知る
権利を保障します。
[7]保険者機能を強化、苦情処理制度を整備
患者の諸権利を実現し擁護に資するため、保険者機能を抜本的に強化し、患者や被保険
者代表を加え、広域的な再編と独立性確保で患者・被保険者の代理人機能を確立します。
また、保健所や医療機関などに相談窓口を設置するとともに、都道府県単位にオンブスパ
ーソンを配置するなど、医療機関に対する評価機能、調査権、勧告改善権などを付与した
第三者機関としての苦情処理制度を整備します。
[8]医療機関の情報公開と評価システムを確立
患者が十分な情報に基づいて医療機関の選択ができるよう、医療機関における治療や成
果についての情報公開や実績に応じた質の評価システムの確立を進めます。続発する医療
ミスや事故を防止する安全対策やチェック体制を徹底するとともに、医療品被害を未然に
防止するため、審査・承認制度の透明化や医薬分業の推進、情報提供システムの構築、コ
メディカル・スタッフの十分な配置と過密労働の解消などを進めます。また、患者と医療
従事者双方の意識改革を進めるための権利教育を確立します。
[9]薬価基準制度と診療報酬制度の見直し
高齢化などに伴う医療費の当然増は不可避です。しかし、「薬漬け・検査漬け」や「乱診
乱療」といったムダで危険な医療を是正し、医療の質を重視した効率化を進め、青天井と
いわれる医療費に徹底的にメスを入れます。
ムダな薬剤や高価な薬剤が使用されがちな現在の薬価基準制度を見直し、公設の医薬品市
場で公開競争入札による価格形成システムを導入します。また、過剰な診療を招く誘因と
なっている出来高払い中心の診療報酬制度を見直し、慢性疾患などに対しても定額払いを
導入して、不必要な入院期間の短縮や社会的入院を解消するとともに、「もの」より「技術」
を重視します。
[10]高度先端医療の拡充で難病の治療法確立へ
高度先端医療を拡充し、ゲノム技術等を用いた画期的な治療技術や医薬品、医療機器の
研究開発・普及への圧倒的に少ない予算を増額し、基盤を整備します。また、難病に苦し
む方々への対策を充実し、治療法の確立を図るため調査研究費を増やすとともに、療養環
境を向上させ、特定患者の対象を拡大して患者の負担軽減を図ります。
４．多様な家族の一人ひとりを応援
今後、日本の社会保障制度の中でとりわけ重要になってくるのが家族政策（Family
Policy）の分野です。西欧諸国では、伝統的に[1]育児休業制度、[2]保育サービス、[3]児童
手当など、特に育児中の家族に対する施策を総じて家族政策と呼び、特に男女平等を重視
するスウェーデンなどの北欧社民主義国では、男性も女性も働き続けながら育児ができる
ための育児休業制度や保育制度の充実が特徴です。
日本では、社会保障全体に占める家族政策の分野が約３％と極端に低く、今後、これを
10％程度まで引き上げることが大きな政策課題です。最近、「少子化対策」が叫ばれますが、
男女平等の視点から、家族政策の分野を充実させていくことが、結局は出生率の向上にも
つながります。
（１）家庭と仕事の両立を応援
11
[1]育児・介護休業法を発展させ、看護休暇制度などを加えた｢家族的責任と仕事の両立を確
保する法律｣をつくります。
[2]育児・介護休業中の所得保障をさらに引き上げ、男女ともに育児・介護休業を取りやす
くします。また、父親しか取得できない「パパ・クォータ（父親割り当て）」の創設で、男
性の育児休業取得を進めます。
[3]「フルタイム・パートタイム労働の双方向での転換制度」を普及させ、育児期間や介護
期間など、ライフステージやライフスタイルに応じて、働き方を選べるようにします。
[4]労働時間の短縮、時間外・休日労働、深夜業の規制に取り組みます。
（２）子どもの権利を追求し、保護者の多様なニーズに応える保育を実現
子育て支援のニーズを考えるとき、親の希望やニーズが子どもの希望やニーズと合致し
ないこともあります。一人ひとりの子どもの権利を追求し、フルタイム労働、パートタイ
ム労働、専業主婦など、親の多様なライフスタイルに応じたきめ細かな保育を実現します。
[1]チャイルドラインや子どもオンブズマンなどを整備し、子どもたちが 24 時間 365 日安
心できる地域をつくります。また、地域の子育て経験者を活用し、子どもにとって、自分
の親以外にも頼れる大人のいる地域社会をつくります。
[2]育児の不安に応える相談所を地域につくり、親・保護者と保健婦・医師・カウンセラー
らが連携を取れるよう支援体制を整えます。
[3]待機児童問題を解消するため、保育所を増やすとともに保育所の設置基準の改善を図り
ます。またひとり親家庭の子どもについては、優先的に入所できるようにします。
[4]乳幼児保育や産休明け保育を充実させて、育児休暇とセットになった保育サービスを提
供します。
[5]延長保育や夜間保育、休日保育を充実し、通勤時間や夜勤、休日出勤に対応できる保育
サービスを提供します。
[6]子どもが病気でも働かないといけない場合にも安心できるように、病院・診療所とのネ
ットワークを形成し、病児保育を充実させます。
[7]学童保育（放課後児童健全育成事業）を拡充し、指導員の身分保障・労働条件を確立し
て、福祉と教育の連携を強化します。
（３）児童手当を拡充し、社民党「子ども手当」へ改変
子育て世帯の負担を軽減し、先進国に比べ、圧倒的に低い水準にある現行の児童手当制
度を抜本的に見直します。
18歳未満の児童を対象にして支給額を倍増にした、全額国庫負担の「子ども手当」（仮称）
を創設し、安心して子育て・子育ちができる社会をつくります。現行の個人所得課税にお
ける16歳未満の扶養控除を停止するなど、税収増分を財源に充当します。
５．障害を持っても共に暮らせる社会を
12
[1]選べる支援費制度へ
2003年度の春から、障害者の支援費制度が始まりましたが、ホームヘルプサービスの利
用制限の問題や、制度の周知も徹底せず、当事者にとって｢選べる｣制度にはなっていませ
ん。グループホームの設置やガイドヘルプサービスなどを早急に整備し、障害者の地域で
の共生をサポートする支援費制度を目指します。
また、介護保険制度見直しにあたって、障害者福祉との統合が一本化も検討されていま
すが、その場合には、絶対に質と量の引き下げがあってはなりません。[1]必要なだけのサ
ービス量を確保、[2]全国どこでも利用、[3]自分で介助者を選択、[4]全障害種別で利用、の
４原則を基本に、介護保険を見直し、自立支援を進めます。
[2] 障害者差別禁止法の制定
障害を持つ人へのあらゆる差別を禁止する、実効的な「障害者差別禁止法」を制定しま
す。
[3] 欠格条項の廃止
障害者の権利・行動を制限する欠格条項については、全面撤廃に向け取り組み、資格取
得に必要な要件を希望者が満たしているか否かのみで判断します。また、資格試験におい
て手話通訳や点字試験用紙を準備するなど、試験における障壁をなくします。
[4] 補助犬の育成支援と施設への同伴拒否の解消
補助犬（盲導犬、聴導犬および肢体障害者の生活介助をするよう訓練された介助犬）の
育成については、具体的な育成目標と育成計画を策定し、障害者の自立を支えます。そし
て、先進国と同様に、公共の施設や機関だけでなく、民間施設も含めて、一般市民が利用
できるあらゆる施設への補助犬の同伴が可能になるように、啓発・広報を推進します。
[5] 無年金や低年金を解消し、雇用環境を整備
定住外国人を含めた無年金障害者の救済策を早期に確立するとともに、障害基礎年金を
抜本的に拡充して、「暮らせる」障害年金を確立します。また、精神障害者を含めた法定雇
用率の設定と達成を促し、援助付き雇用など雇用環境を整備し、最低賃金制度の適用除外
を撤廃します。
[6] 共に学ぶ教育と、共に暮らす街づくりを推進
世界の潮流であるインクルーシブ教育を実現し、障害を持つ子どもと、持たない子ども
が共に学び育つ統合教育と統合保育に取り組みます。また、移動制約者のための交通条件
をはじめ、縦割り行政の弊害を排したバリアフリーの街づくりに向けた法整備や自治体の
取り組みを支援します。
[7] EYEマークなど情報保障を確立
視覚障害者などの読書権を保障するため、著作物の音訳を制限する著作権法を改正する
とともに、著作権者があらかじめ著作権の開放を許可したことを明らかにする「EYE マー
ク」運動を進めます。障害者の情報・コミュニケーションを保障するため、手話通訳や点
字保障を確立するとともに、障害者に使いやすい情報機器の開発や導入補助など、デジタ
ルデバイド（情報格差）を解消してIT保障を進めます。
６．住居こそ福祉の基礎！
これまで日本の住宅政策は、「公共事業」としての側面ばかりが強調され、福祉という視
13
点での取り組みはほとんど行われてきませんでした。しかし、住居こそ福祉の基礎です。
安心できる住居が確保できれば、お金がそれほどなくても何とか暮らしていけますし、多
くの高齢者は寝たきりにならずに住んだはずです。施設で暮らす高齢者の多くも、家がバ
リアフリーだったら自分の家で暮らし続けることができたはずです。また、安心できる居
住空間は子どもたちの健やかな育ちにとっても不可欠です。
量産すること一辺倒だった住宅政策を改め、ゆとりある安心の暮らしをサポートする生
活保障型の居住福祉を目指します。
[1]安心の暮らしを支える住居をつくる最低住居基準を整備
人間らしく暮らしていけるためにふさわしい住居の最低限の基準を定めます。例えば、
イギリスでは 5 平方メートル（三畳）未満の部屋での居住は禁止されています。日本の風
土や生活習慣にあったナショナル・ミニマムを定めます。
[2]家賃の補助制度を拡充します
収入に見合った費用負担で、安全で安心の住宅に住めるように、多様なニーズにあわせ
た家賃の補助制度を拡充します。子どもの人数に応じた家賃補助や学生向け、高齢者や単
身赴任者を抱える家族、一人暮らしの高齢者、在日外国人留学生など、住宅弱者への家賃
補助制度の創設・充実に努めます。
[3]バリアフリー住宅への増改築にかかわる税額控除の導入
要介護者向けの住宅増改築費に係る税額控除（年35万円を6年間）などを創設するとと
もに、安価な家賃でバリアフリー型の高齢者向け住宅を大幅に増設します。
[4]多世代混住型グループホームの設置
学生や働く若い世代、単身赴任者、高齢者や障害者など、異なるライフステージの人が
世代を超えて共に暮らせるグループホームをつくります。
[5]優良な公共賃貸住宅の充実
構造改革の名の下に、これまでの公的住宅制度が破壊されようとしていますが、高齢社
会を迎えるにあたって、住生活の向上と居住保障という「居住の権利」の確立が重要な課
題となっています。国の住宅政策として一定数の優良な公共賃貸住宅を確保するとともに、
質的にも充実させます。また、団地居住者の高齢化が進んでいますが、高齢者が安心して
住み続けられる家賃への見直しと、若者も住める家賃政策への転換など、居住者の居住の
安定、公的住宅政策の再確立の立場で新法人を監視していきます。公共住宅を団地居住者
にとってのみならず、オープンスペースや緑地、子どもの遊び場、地域の防災拠点など地
域社会の貴重な環境資源としても活用します。
２ 雇用労働
１．安心、安全の未来をつくる雇用創出を
「時代の要請」に応えうる分野への適切な人材養成・配置を進めます。｢生活者優先｣の
21 世紀を展望する政策選択として、福祉、環境、教育、消防・災害対策の抜本強化と災害
に強い都市づくり（消防職員など）、森林整備、消費者の権利擁護（能力開発・研修の抜本
的強化を前提とした消費生活相談員の拡充）、文化・健康・スポーツ、環境産業分野（自然
エネルギー、廃棄物・リサイクル業の育成等）――などを重視する雇用創出・安定に向け、
政策と財政を総動員します。同時に、人間らしい働き方と家族的責任の両立確保、実り豊
14
かな生活時間などが保障できる労働者本位のワークシェアリング推進や、フルタイム労働
とパート労働の「双方向転換制度」の普及促進による雇用増も図ります。
社民党は、人間らしい働き方を大原則に、安心、安全のための、そして地域に密着した
200万人規模の雇用創出に取り組みます。
２．生活再建最優先の雇用・失業対策
小泉政権の後追いの雇用政策によって生活基盤崩壊の危機に直面している人々に“実際
に効く”対策に取り組みます。雇用保険特別会計の枠にとらわれない一般財源からの積極
的な財政出動を行い、失敗しても再起できる「暮らしを元気にする」生活安定および再就
職支援策を実現します。
《セーフティネット拡充》
「失業なき労働移動」の幻想打破が必要です。「雇用のセーフティネット」による失業・
離職労働者の生活の保障とあわせた再就職支援策の“決定版”づくりを進めます。労働者
本位の能力開発プログラムとあわせて、「能力開発マイレージ制度」の普及など、企業の創
意工夫を引き出す条件整備も行います。
（１）実際の雇用に結びつく職業能力開発システムの再構築
ハローワークの機能を抜本的に強化し、再就職支援が必要な求職者ごとに処方箋を示し、
きめ細かな職業相談・職業能力開発・職業紹介サービスを一体のものとして提供できるマ
ンツーマン的な「個別就職支援システム」を整備し、実際の雇用に結びつく求職者重視の
雇用対策を実現します。また、公共職業訓練校の訓練内容等の大幅拡充・改善を進め、再
就職に向けステップアップできる技能取得の「再教育機関」としての機能を強化します。
同時に、企業内の能力開発等に対する支援強化の一環として「能力開発マイレージ制度」
等の普及、促進に取り組みます。
（２）訓練延長給付の積極適用など
「労働者が自らの意思と選択で就業機会を確保していくために不可欠な」能力開発プロ
グラム・体制等の拡充強化と結合した失業給付にかかわる最長２年の訓練延長給付の積極
適用を進めます。また、当面の措置として、全国延長給付の機動的な適用を図ります（給
付日数90日間）。
（３）転職による賃金水準の低下防止プログラムの実施
正規雇用への早期就業を図るため、危機的な雇用状況が改善されるまでの間、現行の再
就職手当の拡大措置として、再就職から「６ヵ月間」の賃金補填措置を講じます（雇用保
険の基本手当分の活用）。
（４）「能力開発ローン制度」の創設
国民が主体的に取り組む能力開発について十分な支援を行うため、無利子の「能力開発
ローン制度」を創設します。
（５）「倒産時の見舞金制度」の創設や日雇労働者の失業への適切な対応等
[1]未払賃金立替払の支給額の引き上げ [2]内職・建築職人等の手間請け従事者に対する
「倒産時の見舞金制度」の創設 [3]日雇労働者の失業手当などにかかわる受給要件の緩和
――など、見過ごされがちな施策にも光をあてます。
（６）雇用維持・創出に努力する企業等への支援策の強化など
15
「積極的に雇用の維持・創出」を図る企業に対する支援策を強化します。
具体的には、雇用不安の発生を予防し、また企業等が社会的責任を果たすこともできる
雇用安定事業の拡充に取り組みます（雇用調整助成金制度や地域雇用開発助成金の適用拡
大、中小企業基盤人材確保助成金の拡充など）。
《目的明確な雇用対策》
（１）意味あるワークシェアリングに対する公的支援
サービス残業等の強要に象徴される不法行為根絶に向けた監督・検査体制の強化および
わが国特有の長時間の時間外労働や休日労働に対する実効ある法規制を進めます。
この前提の下、均衡・均等待遇原則に基づくワークシェアリング（仕事の分かち合い）
を根づかせるための公的支援策を整備します。雇用増に寄与する労働者本位のワークシェ
アリングに積極的に取り組む事業主には、法人税の政策減税や社会保険料（年金、健保）
の軽減措置などを講じ、労働者と企業の“共存共栄”が図れる枠組みとします。「雇用創出
型」の実現は横暴なリストラや過労死・過労自殺などの抑止にもつながります。
（２）高止まり失業の若年・中高年労働者の就職支援
社会に出る若者に「夢と希望」を持てる就職を支援し、中高年労働者の採用を促進する
ための積極的施策として、適職選択を支援する「有給のインターン雇用（体験入社）制度」
の普及を図ります。
（３）緊急地域雇用創出特別交付金事業の改善・拡充
緊急地域雇用創出特別交付金については、森林整備等環境保全事業など中・長期の雇用
確保につながる制度に改善を図るとともに、雇用創出効果のいっそうの発揮が望めるよう
に拡充します。活動主体としてNPOやワーカーズ・コープ、労働組合の参加が促進される
枠組みとします。
（４）失業者の採用企業に対する支援税制の創設
雇用吸収力を本来的に有するのは収益企業です。この観点から、失業者を常用労働者とし
て 50％以上または 25％以上かつ 20人以上の水準で雇い入れた事業主に対して、法人税等
の軽減措置等を講じます。
３．「雇用継続保障法制大綱」の具体化
――均等待遇原則をいかに実現するか――
企業の「社会的責任の放棄」、安直なリストラ策の遂行という不正義を抑止し、労働者の
生活と権利を守るために、「労働契約法｣の制定を目指します。
（１）労働者の就職活動における「情報開示」請求権の保障
開示内容は、過去3年間の採用実績（男女別、年代別）、離職状況（男女別、年代別）―
―などとします。導入にあたっては、当初3年間は努力義務とし、4年目から開示義務を発
効させます。
（２）実効ある年齢差別の禁止
リストラの標的にされている中高年労働者等の厳しい雇用状況に対処するため、[1]雇用
対策法第 7 条を改正し、募集・採用における年齢差別の禁止（現行７条は努力義務を課す
にとどまる） [2]定年制度や年金制度についての現状を踏まえ「70歳定年」制度の確立 [3]
世界水準として機能しているILO雇用差別に関する111号条約の早急の批准――などに取
16
り組みます。
（３）解雇の制限ルールの確立
◇「整理解雇の制限5要件」の提起と確立
判例法上の整理解雇に関する「4要件」（[1]整理解雇の必要性 [2]整理解雇を回避するた
めの努力 [3]整理解雇の対象労働者の選定基準の合理性 [4]対象労働者・労働組合への説
明・協議）を拡充し、定着させます。
具体的には「[2]回避努力義務」の中身をより高めるため、[5]「雇用創出型ワークシェア
リング」を要件として新たに加えます。時間外・休日労働を削減する手法だけでなく、さ
らに積極的に所定労働時間の削減方式によって、ワークシェアリングを実施し、雇用を確
保することを使用者に義務づけます。
◇解雇理由の挙証責任は使用者に
労働者が解雇の効力を法的に争う場合に困るのは、「解雇理由の合理性」に対する反証で
す。だから、解雇しようとする使用者は、「解雇理由を明らかにした書面」を交付しなけれ
ばなりません（この点は、今回の労基法改正で、明示義務に含まれました）。労働者に、そ
の内容に対する反論の機会を保障し（「弁明権」の保障）、もし、裁判になった場合には、
解雇理由の挙証責任は使用者にあることを明確にします。
◇ILO雇用の終了に関する158号条約の早期批准の実現
（４）解雇予告制度の拡充
[1]予告期間は現行労基法第20条の「少なくとも30日前」としている原則の完全履行 [2]
ドイツ民法第622条（解約告知期間について、例えば勤続10年で4ヵ月、勤続20年で7
ヵ月など）に範を取った当該労働者の「勤続年数に比例した解雇予告期間」の保障――な
どに取り組みます。
また、即時解雇の場合や、予告日数が不足している解雇の告知の場合には、この増加し
た日数に応じた「予告手当」を使用者に義務づけます。
（５）再雇用についての配慮
使用者が、法的に有効と認められる整理解雇を行った後に、新たな労働者の雇い入れを
行う場合には、整理解雇によって退職した労働者の中で「退職時に再雇用を希望する旨」
を申し出ていた労働者について、優先的に雇用する「特別の配慮」を使用者に義務づけま
す。
（６）「フルタイム・パートタイム労働の双方向での転換制度」の活用
「フルタイム労働とパートタイム労働の双方向での転換制度」の普及、活用を図り、育
児や看護・介護における家族的責任の遂行、社会人大学への入学、地域でのボランティア
活動――など、個人の多様な選択と雇用の継続が可能となる枠組み整備を推進します。そ
の大前提は「同一価値労働・同一賃金」を含む均等待遇原則です。
（７）労働者のキャリアアップを積極的に図るための研修・教育訓練に関する請求権の保
障
有給休暇でキャリアアップを積極的に図るため、「少なくとも1年につき5日」の研修・
教育訓練に関する有給休暇の権利を保障する制度を確立します。また、ILO の有給教育休
暇に関する第140号条約の早期批准を実現します。
（８）雇用を継続するための「配置転換・出向」についてのルール化
企業がリストラ策を実施する過程で、整理解雇を避けるための諸措置（整理解雇の回避
努力義務の履行）を講ずる際に、人事配置の見直し、出向の活用等、労働者の職種・勤務
17
場所等の変更を生じることがあります。これは、［適材適所］の人事配置を通じながら、当
面人材を確保する施策ともいえます。しかし、大企業では、自己のリストラ策を推進する
ために、下請け・関連企業の労働者を「玉突き」的に企業外に追いやる事例も散見できま
す。リストラ目的の人事異動において、雇用を失ったり、あるいは「意に反する配転」を
もたらすことのないように、「配置転換・出向」制度におけるガイドラインの制定を図りま
す。
（９）自主的苦情処理・調整制度の義務づけ
労働者の権利義務関係に関する紛争防止・解決のため、使用者の意思表示に対する「弁
明権」を保障し、労働者の「弁明」の機会を欠く使用者の意思表示は無効とします。
４．女性、若年労働者重視の政策・制度の体系的整備
――自己決定原則の確立と就業機会の保障――
（１）育児・介護休業法の改正
すべての労働者、とりわけ現実に重い家族的責任を担いつつ、仕事との両立に努力して
いる女性労働者の権利保障をさらに手厚くするために、育児・介護休業法を改正し（休業
期間の延長と有期雇用への適用拡大など）、「雇用の継続」の実効性を確保するための施策
を充実させます。
現行制度で認められている｢深夜業の免除請求権｣、「時間外労働の免除請求権」を担保す
るため、企業の遵守すべきガイドラインを策定します。
要望の強い「家族の看護休暇」（とりわけ子ども）制度や｢つわり休暇｣制度の確立を目指
します。また、男性労働者の家族的責任を保障するための体制整備（ポジティブ・アクシ
ョン）も図ります。
（２）パート労働法の改正等
正規雇用労働者が過去５年間で170万人減少し､非正規雇用労働者が200万人増加してい
る雇用構造の変化を踏まえつつ、「同一価値労働・同一賃金原則」を含む均等待遇原則を織
り込んだ法改正を目指します。
具体的には、パート・派遣労働者等非正規雇用労働者の権利保障を拡充するために、次
の内容を盛り込んだパート労働法の改正を実現します。
[1] 双方向の転換制度普及、促進
「同一価値労働・同一賃金」を含む均等待遇原則を確立するために、ライフステージに
おいて、あるいはライフスタイルに応じて、フルタイムとパートタイムの働き方を、自ら
の決定原則に基づいて選択できる「双方向の転換制度」を普及させます。
[2] パート労働者に対する賃金・福利厚生等にかかわる「比例原則」の適用
正規雇用労働者と非正規雇用労働者の均等待遇を実現するために、労働時間に比例した賃
金を保障するとともに、教育訓練・福利厚生については平等を確保するなど「比例原則」〈注〉
を適用します。
〈注〉 労働時間が短いことをもって不合理な差別は許さないという観点から、例えば、正
規労働者が8時間働いて1万円だとすれば、4時間のパート労働者は半分の5000円とする
ことを、賃金にかかわる「比例原則」といいます。
[3] 自主的紛争解決促進のための方策
処理・調整制度の活用を進め、使用者の意思表示に対する「弁明権」を保障し、労働者の
「弁明」の機会を欠く使用者の意思表示は無効とします。
18
（３）派遣労働者等の雇用保障
派遣労働者やパート労働者等の「非正規雇用」労働者の「正社員化ポジティブ・アクシ
ョン」を導入し、「多様な就業形態」の存在が、労働条件の切り下げや権利の劣悪化をもた
らすことのないように「生きがい・安心労働」の実現を目指します。とりわけ、一定期間
を経過した派遣労働者の正社員化に向けた実効ある義務化を進めます。
さらに、「非正規雇用」労働者の「正社員化ポジティブ・アクション」を積極的に導入す
る企業に対しては、[1]優遇税制の適用や助成措置、[2]実績をあげた企業の取り組み内容・
実績の紹介、表彰――などを進めます。
（４）若年労働者の就業促進
「フリーター」「パラサイト・シングル」など、最近の若年世代が、自分の意思による生
き方と就業の内容が大きく変化している状況、企業の安直な「低賃金・人件費節約」の方
策に用いられていることなどを踏まえて、将来を担う若年世代のキャリアアップを複線的
に実現します。
[1] 正規雇用に就業する機会を計画的に増やすこと、そのための制度としての有給のイン
ターンシップ制度、ジョブコーチ・トライアル雇用制度の実効性を高め、受入れ実施企業
への助成措置を充実させます。
[2] フリーターとしての就業経験を、次のステップに活かせるようなキャリア評価システ
ムを確立します。
さらに、すべての労働者のキャリアを高めるための制度として、自己啓発した成果をポ
イントとして積み立てる「能力開発マイレージ制度」の普及を図ります。この制度は、同
一企業における研修・教育訓練の成果である資格取得や提案制度による点数の基準を定め
てポイントとして蓄積しておき、いつでも自分の希望で一定の金額に替えてさらにキャリ
アアップを実現する制度です。また、たとえ企業を移動しても「キャリア」として持って
歩けるように企業共通の制度として設計します。
５．「自己実現の場」としてのコミュニティの再生を通じた雇用の創出など
ただ“食い扶持さえあればいい”といった政府・与党の手法の対極にあるものを目指し
ます。このため、自立した地域づくり、地域に密着した仕事起こしを支援できる「協同労
働」の理念に基づく仕組みづくりなどを積極的に進めます。また、労働者の利益および権
利の確立へ新法の制定に取り組みます。
（１）ワーカーズ・コープ法
地域を再生し、住民が主体となる「創造的福祉社会」を実現します。このため、市民自
身が担う福祉・雇用関係のない働き方としての協同労働・多様なネットワークによる地域
経営を“３本柱”とする「ワーカーズ・コープ法」（協同労働の協同組合法）を制定します。
雇用労働を対象とする従来の労働法原理を超え、生きがいのある労働の場を創り出すため
の新たな法制度は可能です。
（２）ESOP制度
倒産に瀕する企業などの労働者所有をはじめとする労働者のイニシアティブ（主導性）発
揮が可能となる新法の制定に取り組みます。このため、低利融資や債務保証など、EUで一
般化しているESOP制度（Employee Share Ownership Program）を導入するなど、体制
整備を進めます。
19
６．日本型長期雇用慣行の再構築など
[1]長期安定雇用制度の維持、拡大に努める事業主などに対する特別助成制度の創設 [2]
長期安定雇用制度の活性化とあわせ現在横行する“超青田買い”状況を解消するため、新
しい「就職協定」制度の創設 [3]「生涯現役」を望む者の就労機会の確保へ、定年後の雇
用継続給付制度の普及促進――などを図ります。
７．実効ある障害者の就業機会の増大など
（１）ジョブコーチ制、保護雇用制度など雇用環境の整備
障害をもちながら労働に従事する人を労働者の一人として位置づけるために、ジョブコ
ーチ制や保護雇用制度など雇用環境の整備を図るとともに、最低賃金制度の適用除外を撤
廃します。
（２）障害者の就業機会の増大および就業率の向上を
就職の困難性が高い知的障害者や精神障害者に対する支援の一環として、就業および生活
支援を一体的に行う障害者就業・生活支援センターの拡充強化を図るとともに、障害者の
就業機会の増大および就業率の向上（定着化）のために、抜本的な助成措置などを講じま
す。
障害者雇用促進法で法定雇用率が制度化されたにもかかわらず、民間企業の障害者雇用
はいっこうに進めんでいません。この状況を改善するために未達成納付金を大幅に引き上
げるなど、民間企業が積極的に障害者を雇用するような施策を講じます。
３ 活力ある中小企業の創造
１．人、地域から元気する経済活性計画
日本の経済を活性化し、人と地域を元気にするためにも中小企業を中心とした経済活性
計画が必要です。働くことを希望する人が、希望にあう条件で働けるという雇用の創出の
ためにも、中小企業の経済回復策に早急に取り組むことが重要です。不安や閉塞感に包ま
れている日本社会の生活再建のためにも、社民党は経済対策の最重点項目に「活力ある中
小企業の創造」を位置づけて取り組みます。
社民党では、「人」を大切にし、元気にすることが、経済の活性化の根本対策であると考
えています。この数年間、政府・与党の経済対策といえば、金融・経済の制度についての
議論に終始していますが、「人」が安心して暮らし、働ける社会の実現のために「社会の設
計図」全体を書きかえるという発想の転換が必要です。
現在の政府・与党の経済対策は、企業の経営責任は曖昧にしたまま、個人に対しては、
必要以上の自己責任を押しつける構造を作り出しているといわざるをえません。リストラ
の結果、失業者を増やすような政策を実行し、企業の存在のみを救うことを国をあげて奨
励しているかのように見えます。「人」に対しては付け足しのような失業政策をセーフティ
ネットと称しているにすぎません。
不良債権処理についても、大企業を救うことで個人も助けようとするやり方では、抜本
的な解決方法には至りません。「企業は潰れても、人は潰れない」という社会のシステムを
いかに構築していくかという方向に発想を転換した経済活性計画でなければ社会の持続可
能な発展は望めません。
社民党の経済活性計画のコンセプトは、[1]経済活動は目的ではなく、人を幸せにする手
20
段であるという原則に立ちかえる、[2]個人の能力が引き出されることで、地域の経済活動
を活性化し、社会の活力とする、[3]失敗しても、立ち直れる、やり直せる社会システムを
構築する、[4]まちやむらづくりに地域の人々がかかわりやすい環境をつくる、[5]地域のニ
ーズにあった地域再投資法などの経済対策を講じる等といったものです。地域再投資法を
活用しながら、中小企業と地域の経済が活性化される取り組みを展開していきます。
２．中小企業と地域が元気になる自立型経済
地域経済の再生なくして日本経済の再生はありません。社民党はそれぞれの地域の特色
を活かした自立型経済を支援する政策に取り組みます。具体的には地域の社会資本の整備、
産業の振興、中心市街地の活性化等に関する政策面での支援、また事業の再生など、地域
経済全体の安定化に寄与する政策が地域の力となるように努めていきます。
[1]地域からの視点を活かす政策
社民党は「地域再投資法」を創設し、ベンチャー企業の支援、地域雇用の創出、地場産
業の育成に積極的に取り組みます。
政府系金融機関が地域ニーズの分析から行っている政策提言等も参考にしながら「地域
再投資法」を具体的に活用していくための働きかけを行います。地域投資の公平性、中立
性、透明性を明確にしながら、「市場の失敗」を補完する役割を持つ政府系金融機関の融資
面での有効な活用法も地域に広げていきます。
[2]地域産業の振興、まち・むらづくり
地域で元気に楽しく生活するために、社民党は「職・食・住・遊・学」といった生活に
不可欠な場所と、そこにかかわる人材の育成を充実させ、雇用につながていくことに積極
的に取り組みます。これには、地域のニーズにあった「地域再投資法」を利用しながら、
地域社会が元気を取り戻す経済支援体制を作っていく必要があります。
また、まち・むらづくりといった地域計画の意志決定に住民が直接に参加することによ
り、地域の住民は明確な将来のビジョンを持つことができます。
自分たちのことは自分たちで決めていく、そのような自己決定権の意識改革も同時に行
うことが地域産業を活性化する原点ともなります。
[3]貸し渋り、貸し剥がし対策
金融機関の本来の役割を放棄したかのような貸し渋り、貸し剥がしに厳しく対処します。
また金融機関の融資が、物的担保主義ではなく、人材や技術・ノウハウ、企業の可能性や
将来性になどに着目して行われるような融資原則を確立し、融資活動に対する厳格な検査
を行とともに地域経済に貢献する金融機関には正しい評価と支援が行われるよう、転換を
図ります。
社会資本の整備促進および地域の活性化に寄与する公共性の高いプロジェクトに対して
無利子または低利で融資を行う政府系銀行の制度については、今後さらに活用されるよう
に、地域への再投資という観点からも中小企業への融資が拡大されるよう働きかけを行い
ます。低所得者や中小ビジネス、ベンチャー企業、また特に女性の起業にも注目が集まっ
ていることを受けて、積極的融資およびポジティブ・アクション（積極的改善措置）が拡
大されるキャンペーンにも取り組みます。
[4]住民ニーズにあった「小さな公共事業」
利権体質を生み、無駄が多い、大規模プロジェクト中心の「大きな公共事業」から、地
域発信型の住民参加による「小さな公共事業」へ転換します。このことで、住民のニーズ
に合致した環境、福祉、生活重視の観点から、新しいまち・むらづくりに役立つとともに、
21
地元に直接仕事が回る効果が期待されます。
[5]自然エネルギー促進法で地域を再生
太陽光や風力、バイオマスなど再生可能エネルギーは、中央集権型ではない地方分権型
のエネルギーであり、地域を元気する可能性を秘めたエコロジー産業です。地域再投資法
を利用するうえでも、政府系金融機関は、電源地域振興のための融資制度には、利子補給
制度と連携した低利融資を行っています。新エネルギーに関する研究、開発は今後も注目
を集めていく産業です。地域の特性を活かしたエコロジー産業は、経済的にも地域還元度
の高い産業です。
[6]地域でがんばる中小企業を応援
商店街や町工場など地域でがんばる中小企業が利用しやすい支援体制を整備するととも
に、自治体と住民が一体となった地場産業の確立とまち・むらづくりを進めます。企業誘
致等による地域振興は限界が見えてきました。地域の資源、地域のニーズに基づいた地域
産業振興策の必要性が高まっています。
地域の企業間の連携はもちろん、地方公共団体、大学などの教育・研究機関といった「産・
官・学」を含めた地域産業の集積を拡大し、充実させることにより、中小企業にとっても
景気の流れを良くしていく方向を見つけていきます。
[7]失業者等への創業支援
社民党は、社会・経済の急速な変化に的確に対応できる、きめ細かな創業者支援策に積
極的に取り組みます。これまでのような画一的な支援策では、大きな効果は期待できませ
ん。失業者等の創業（起業）にあたっては、地域再投資法を活かして、金融面での支援策
を講じます。とりわけ、「共同による自立」（再出発）を促進するために、税制、融資（資
金）、事業計画、再訓練（トレーニング）などの総合的な支援策を講じます。
[8]失業者の採用企業に対する支援税制の創設
社民党は、雇用創出を可能とするための税制等の具体化を進めます。具体的には、失業
者を常用労働者として 50％以上、または 25％以上かつ 20人以上の水準で雇い入れる事業
主については、法人税等の軽減、免除措置を講じる施策に取り組みます。
雇用創出の可能性が高い分野の中小企業やベンチャー企業等にとって利用しやすいよう
な施策についても随時、現場の声を聞いて盛り込んでいきます。
＜信頼される政治の創造＞
あっせん利得処罰法「改正」後も、大島農水大臣の前政務秘書官による口利き疑惑、清
水達雄参議院議員の党費立て替え問題、田野瀬良太郎議員の秘書給与疑惑、久間章夫議員
の秘書の関空疑惑、自民党長崎県連幹事長の逮捕、坂井隆憲議員のヤミ献金問題、松浪健
四郎議員の暴力団との癒着疑惑など腐敗・疑惑は相次いでいます。立て続けに繰り返され
る事件や疑惑が、自民党はじめ与党の政官業癒着・金権腐敗体質そのものの問題であるこ
とは、もはや誰の目にも明らかです。しかし、小泉首相は、「自民党をぶっ壊す」どころか、
政治改革、口利き・金権腐敗という自民党体質の改革には背を向け、数々の疑惑に対し、
他人事のような姿勢に終始してきました。しかも与党は、現行法の法がまだましといって
よい公開基準の引き下げを内容とする法案を提出し、厚顔無恥ここにきわまれりです。
社民党は、秘書給与問題をめぐる厳しい意見・批判を真摯に受け止めながら、改めて自
ら襟を正す決意で、清潔で信頼ある政治を目指します。
22
１．「政治の原点」として政治倫理の確立と政治腐敗の防止を進めます
[1]企業・団体献金の禁止
政治献金の政治家個人への企業・団体献金が禁止されましたが、「政党支部経由政治家個
人行」などの抜け道が多いことから、政治資金規正法附則第10条の趣旨にかんがみ、政党
に対する企業・団体献金も早期に禁止すべきであると考えます。当面、献金できる政党支
部数の規制、「税金の政治家への還流」にほかならない公共事業受注企業からの献金規制、
「抜け道」に使われている側面がある政治団体の機関紙誌への広告料の規制等を内容とす
る野党4党の政治資金規正法改正案の早期成立に全力をあげます。
[2]改革に逆行する政治資金規正法与党案の成立阻止
同一政党支部に対する寄付限度額１５０万円の創設と、企業・団体献金の公開基準の引
き上げを柱とする与党三党の政治資金規正法改正案は、上限規制に実質的な意味はなく、
また肝心の透明性が低下するという問題を有しており、政治とカネへの不信感を増幅させ
かねません。リクルート、佐川事件などの反省を背景にした、政治資金の透明度の向上や
情報公開の流れに逆行し、政治改革の成果を無にする与党案の撤回・廃案を求めます。
[3]政治資金の公開の推進
政治資金の透明度を高め有権者の判断に資するため、政治資金に関する情報公開を徹底
します。政治資金収支報告書等の文書の保存期間の延長（3 年を 5 年に）、政治資金収支報
告書等の記載事項のインターネットを利用した閲覧の実施、政治資金収支報告書の中央・
地方の一元的把握、政治家の資金管理団体、政治団体、後援会の連結決算を実現します。
[4]あっせん利得処罰法の強化改正
野党の批判にもかかわらずあっせん利得処罰法について、対象に私設秘書を加えるだけ
でお茶を濁しただけで、本気で自民党が痛む改革は行われていません。自治体首長・議員
の私設秘書の追加、構成要件の明確化、第三者供賄規定など、あっせん利得処罰法の強化
改正に引き続き取り組みます。
[5]政治倫理法の改正
政治倫理審査会を改組・拡充した政治倫理委員会の設置や国会議員の資産公開に対する
実効性の確保などの面から政治倫理法を改正します。
[6]政党助成法の適切な見直し
政党助成制度は、議会制民主主義を担う政党が利権を媒介にしたアンフェアな資金に依
存することがないよう、活動資金の一部を民主政治のコストとして国民に負担をお願いす
るものであり、将来ともに育成していくことを基本としつつ、公平・公正の観点から国民
の信頼に応えられるよう適切な見直しを行っていきます。
２．民意を反映する公正な選挙制度を実現します
[1]比例代表中心の選挙制度へ
民意の反映を弱め、得票率と議席率の乖離、死票の増加、一票の価値の格差の拡大など
の問題を有する小選挙区中心の選挙制度を、死票をなくし民意を反映する公正な制度とす
るため、選挙制度を比例代表中心の制度へと改めます。
[2]非拘束名簿式の転換
与党３党が強引に決定し、2001年の参議院選挙から導入された非拘束名簿式の制度は、
23
「旧全国区」の復活ともいる状況を生み出しました。議院内閣制の弱点を補完して衆議院
および内閣に対するチェックアンドバランスを発揮し、国民の多元的な意思をより良く国
会に反映するという観点から、民主主義を強化する新しい二院制としての参議院の機能強
化・活性化に取り組みつつ、参議院にふさわしい選挙制度への見直しを進めます。
[3]民主主義に反する議員定数削減に反対
選挙制度や議員の定数を、経済行為や効率性と一緒に取り扱うべきではなく、「公務員の
定数削減や民間における経営の合理化、組織全体の変革」を理由として与党が強行した定
数削減は、民主主義の理念・方法とまったく相容れるものではないと考えます。特に、小
選挙区部分の欠陥を拡大し、民意の反映を弱めることになる比例区の定数削減には反対し
ます。
３．国民の政治参加を推進します
[1]18歳選挙権の実現
青年の政治参加を進めるため、選挙権を行使できる年齢を 18 歳へ引き下げるとともに、
被選挙権の20歳への引き下げを目指します。
[2]洋上投票の改善
長期航海中の日本人船員のファックスによる洋上投票が実現しましたが、実施状況の検
証を進め、対象選挙・対象船舶の拡大などの残された課題の解決に努力します。
[3]立候補権の保障
誰もが立候補する権利を保障されるように、会社などを退職しなくても立候補できる制
度として、「公職休暇復職制度」を導入するとともに、供託金の基準の引き下げを行います。
また、世襲候補者による親と同じ選挙区からの立候補の制限を検討します。
[4]選挙運動の見直し
選挙運動も、戸別訪問の解禁、立会演説会の開催、インターネットを利用した選挙広報
活動の解禁など、政党や政治家の情報を入手する機会の拡大や有権者との対話を重視する
観点から見直します。一方、制度上の不備が明らかになった連座制について、連座制によ
る立候補制限の対象を、他の種類の選挙にも拡大します。
[5]障害者の選挙権行使の保障
投票場案内はがきの点字化や点字名簿の設置、車椅子用記載台の設置や出入口のスロー
プ化等、投票方法や投票所の環境改善、郵便投票方式の活用、巡回投票制度の検討などを
進め、障害者の方がより簡便に選挙に参加することができるよううにします。また、公正・
平等な選挙運動を保障する観点から、選挙費用の上限の弾力化など障害者の立候補者の選
挙運動に対する支援措置を検討します。
４．国民本位の開かれた民主的な行政に改革します
[1]集権・官治から分権・自治へ
国民・住民の視点で、真にゆとりと豊かさを実感できるように、新時代にあう政治行政
制度へのモデルチェンジを行うことが行政改革の目標です。真にゆとりと豊かさを実感で
きるように、新時代にあう政治行政制度へのモデルチェンジを行うには、分権・自治の推
進によって地域の自己決定や透明な新しい社会ルールを確立し、明治以来の中央集権・官
主導の行政を、主権在民にふさわしい市民主導の開かれた民主的な行政へと質的に改革し
24
ます。そのため、地方分権をいっそう推進し、税財源の自治体移譲を実現します。
[2]「知る権利」を保障する情報公開法へ
官僚主導の行政を打破するには、主権者である国民に情報を取り戻すことが必要です。
国民の「知る権利」を行使する観点から、情報公開法の施行４年後の見直しに向けて、非
公開事由の限定・明確化、開示請求等に対する決定期限の特例の廃止など、国民的議論を
踏まえ改正します。
[3]行政への参加の推進
行政の決定に国民が参画できるようにするため、パブリックコメント制度を活用します。
各種審議会の委員について、国民参加の視点から、審議の公開や委員の公正な選出、官僚
OBの排除など運営の改革を進めます。
[4]ニーズに合致した事業に
財政危機を口実とした、福祉の抑制・市民負担の増加、市町村合併の強制を許しません。
住民のニーズに合致した事業・施策への重点化を図るように国民の視点から行政のあり方、
事務・事業を評価・検証し、ムリ、ムダ、ムラをなくします。その際、業務の実績の評定
にあたっては、財務面の評価のみならず、社会的評価の観点も加味して行うようにします。
[5]国会の機能の強化
自自公政権によって、総理・閣僚の国会軽視答弁や強引な日程設定が相次ぐなど国会審
議の形骸化が進めみましたが、国会がその権能を十分に発揮し、活発かつ実質的な議論を
行い、国民の負託によりいっそうの応えることができるようにすることが大切です。議院
内閣制を形骸化させ、行政優位の官僚政治や「リーダーシップ」に名を借りた危機管理対
策をますます強めたり、国民に犠牲と負担を強いる「構造改革」の推進に利用されたりす
るおそれがある首相公選制ではなく、国権の最高機関である国会の行政府に対する監視・
統制機能の強化、官僚優位の「官僚内閣制」から国民本位の「国会内閣制」への改革を進
めます。そのため、国の唯一の立法機関である国会の政策立案機能が十分発揮できるよう、
両院の常任委員会調査室、議院法制局、国会図書館の機能、各会派の政策スタッフなど立
法府にふさわしい補佐機関の質量両面の充実・権限強化を図るとともに、質問主意書制度
や一般質疑、フリートーキング方式、常時の公聴会の開催等の活用、議員発議に必要な賛
成者の員数要件の緩和などの改革を進めます。また、国会は情報公開法の適用外ですが、
国民の不断の監視と批判を進めるため、国会情報公開法を制定します。
[6]諮問的国民投票制度の導入
国政を二分するような重要な問題は、主権者に直接判断を求め、その意思を尊重するこ
とが大切です。憲法との整合性を踏まえ、諮問的国民投票制度の導入を検討します。なお
憲法改正のための国民投票については、憲法改正手続が必要であるという客観的情勢には
なく、手続法の制定が憲法改正を容易にするおそれがあることから反対です。
５．民主的で透明な公務員制度改革を実現します
[1]ILO勧告を踏まえた抜本改革の実現
2001 年 12 月に閣議決定された「公務員制度改革大綱」は、天下りや縦割り・画一行政
などの弊害の是正という国民の期待や要求からかけ離れた、市民・国民不在、権力優先、
キャリア優先、公務員労働者犠牲の「改革」案です。「大綱」を撤回させ、ILO勧告を踏ま
えた抜本改革実現への中期的道筋をつけるため、透明で民主的な公務員制度改革を目指し、
あるべき改革像の骨太の方針とプロセスの具体的なプランを作成します。
25
[2]公務員の労働基本権の保障
特権的で閉鎖的な公務員制度を国民のための中立・公正で透明な行政を目指す方向で、
民主的な形で改革していくためには、公務においても労働基本権を確立し、民間に準じた
パートナーシップに基づく対等平等な労使関係の下で団体交渉によって賃金・労働条件を
決定する制度を確立するようにします。
[3]キャリア制度の廃止
公務員の採用試験区分を見直し、閉鎖的で特権的なキャリア制度を廃止するとともに、
原則試験制度に基づく昇格制度を採用し任用時における昇任差別をなくします。中央、地
方機関の格差や男女の格差、常勤・非常勤・パートの格差を是正します。クォータ制の導
入で女性の登用を進めます。
[4]公務員の天下り禁止
早期勧奨退職制度を廃止し、在職期間の長期化を図るとともに、野党３党がすでに提出
している「天下り禁止法案」の成立を図り、特殊法人、独立行政法人等も含め徹底した規
制を行います。
[5]公務員の政治的中立性の保障
政・官の癒着を排除し、公務員なかんずく高級公務員と政党の間の適切な関係を維持す
るため、公務員の採用、研修等を通じて、公務員の憲法に保障された市民的権利を保障し
つつ公務労働における中立性を確保します。そのため、まず公務員の採用試験や研修その
ものが政党内閣によって左右されない公務員制度および人事行政制度を確立します。
６．国家による監視社会に反対し、プライバシーを守ります
[1]住基ネットの凍結・廃止
強権政治の与党体制の下において、国家的危機管理の面が強調されている、住民基本台
帳ネットワークシステムが本格稼働しましたが、セキュリティ対策、費用対効果、付番の
是非など大きな問題を抱えています。住基ネットシステムに不安を抱く多くの市民や自治
体労働者と連携しながら、ネットワークシステムの凍結・廃止を念頭にシステムの監視と
問題点の追及に取り組むとともに、実効性ある個人情報保護条例制定などの自治体の自治
権発揮の取り組みを支援していきます。
[2]「個人情報を保護しない」個人情報保護関連法案の抜本改正
自己情報コントロール権や、言論・メディアへの政府介入の排除、センシティブ情報の
収集の原則禁止、目的外利用・外部提供の例外の限定、個人情報ファイルの事前通知、個
人情報ファイル簿の作成・公表の例外の限定、データマッチング規制の導入、開示請求等
に対する決定期限の特例の廃止を明記するとともに、行政から独立した「個人情報保護委
員会」の設置等を含むよう個人情報保護法および関連法を改正します。
[3]プライバシー保護個別法の制定
国勢調査等、統計調査においても個人情報とプライバシー保護を最重視するようにする
とともに、医療情報、教育情報などのセンシティブ（取り扱いに注意すべき）情報につい
て、個別の個人情報保護法を整備します。
＜平和の創造＞
26
《平和憲法の理念を世界に拡げ、軍事力によらない平和を実現します》
第二次世界大戦の廃墟の中で平和の実現を最大の目的として創設された国際連合は、そ
の憲章の第２条第４項で「武力による威嚇または武力の行使」を原則として禁じました。
国連憲章の約１年半後にできた日本国憲法は、これをさらに一歩進めて、その第 9 条で戦
力の不保持を決め、交戦権そのものを否認したのです。社民党は、日本社会党として結党
された当初から、国連による集団安全保障制度を有効に機能させ、憲法第 9 条が目指した
軍備なき世界の理想を実現することを目標に努力を重ねてきました。
いま、半世紀にわたってこうした人類の理想を封印してきた東西冷戦が崩壊し、平和憲
法の理想が現実的な可能性を持ちうる課題となりつつあります。しかし一方で、野蛮な武
力を振り回し、安易に軍事的に依存する発想もはびこっています。社民党はあくまで非軍
事にこだわりながら、国家間の力関係や軍事力の均衡によって実現される「戦争のない状
態」にとどまるのではなく、差別や抑圧のない真に平和な世界を実現したいと考えていま
す。
21 世紀の世界は、軍事ブロック間の対立と均衡のシステムから、多国間の信頼と協調に
基づく新しい安全保障体制の構築に向かわなくてはなりません。私たちは安全保障に関す
る発想を転換し、経済開発、環境保全、人権など「人間の安全保障」の観点を中心に据え、
政府間だけではなく民間や自治体間の交流、NGOの活動などを、21世紀の国際社会の主要
な構成要素として位置づけていくことが求められます。ヒロシマ・ナガサキの悲惨な体験
を持ち、世界に誇る平和憲法を持つ日本こそが、新しい平和な21世紀を築くためにリーダ
ーシップを発揮するべきではないのでしょうか。
１．人間の安全保障の立場に立って安全保障環境の整備を進めます
[1]社民党は平和憲法の精神を世界に発信しながら、一切の暴力や差別、抑圧がない平和な
世界をつくるために努力を続けます。
[2]憲法第 9 条の規定を国家の意思として世界に知らしめるために「非核不戦国家」を宣言
する国会決議を行い、国連に「非核不戦国家の地位」の承認を求めます。
[3]公正な歴史認識を持ち、戦争被害への補償と清算のための取り組みを進めます。
[4]日朝の国交正常化にむけた協議の中で、拉致問題を早期に解決するよう努力します。
[5]政府開発援助（ODA）を社会開発、人権、女性支援、環境保全など「人間の安全保障」
重視に転換します。ODA の基本原則を定めた「ODA 基本法」を制定して、国会への報告
を義務づけると同時に、計画実施前後のアセスメント、評価にNGO、相手国民などが参加
できる援助システムを確立します。
２、日米安保への依存を弱め、多国間の安全保障システムを構築します
[1]将来的に日米安保条約の軍事同盟の側面を弱めながら、その役割を終わらせ、経済や文
化面での協力を中心にした平和友好条約への転換を目指します。
[2]日米二国間の軍事同盟関係への過度の依存から脱却し、アジア・太平洋の多国間安全保
障対話を推進させます。「ASEAN 地域フォーラム」（21 ヵ国・1 機関）など地域的な安全
保障対話の回路を拡充し、地域の信頼醸成、予防外交を促進します。
27
[3]朝鮮半島の核問題を解決し北東アジアの緊張緩和をはかるために、6 ヵ国協議などの多
国間の安全保障対話を進めます。
[4]ARF（ASEAN 地域フォーラム）や OSCE（欧州安保協力機構）にならって、北東アジ
ア地域に「北東アジア総合安全保障機構」の設立を目指します。
[5]最も過重な負担を押しつけられている沖縄を最優先に、全国の在日米軍基地の整理・縮
小・撤去を進め、地域住民の負担を軽減します。
[6]在日米軍の使用施設・区域・裁判管轄権・経費の分担などを規定している日米地位協定
を抜本的に改訂し、早期にドイツの「NATO 軍地位協定」並みの国内法優位の原則を確立
します。在日米軍の駐留経費の負担について定めた特別協定を廃止し、本来負担する必要
がない「思いやり予算」を大胆に削減します。
[7]基地を縮小・閉鎖するために「基地基本法」を制定し、雇用対策や跡地利用、汚染対策
などを計画的に行います。
[8]国民の基本的人権を侵害する有事体制の整備に反対し、日本の戦争国家化に反対します。
地方自治体や民間、国民への戦争協力の強制に反対します。
３、自衛隊を縮小・改編し平和憲法の理念の実現を目指します
[1]憲法の下に「平和基本法」を制定し、肥大化した自衛隊の規模や装備を必要最小限の水
準にまで縮小します。
[2]防衛関係費の最大限の縮減を目指します。防衛調達をめぐる不祥事の再発防止のために
も、自衛官の天下りなどの「軍産癒着」の構造を解体し、防衛予算の透明化を図ると同時
に、防衛産業の民生転換を進めます。
[3]軍事組織の独走を許さないために、文民が自衛隊の統制権・指揮権を持つ「シビリアン・
コントロール」の理念を実質化し、情報公開を進めます。非核３原則、武器輸出禁止３原
則を厳格に守ります。
[4]専守防衛の理念を厳守し、攻撃的な装備の保有を控えます。イージス艦、空中給油機、
空母などの保有には反対します。
[5]多数の自殺事件に表れている自衛隊内部での人権侵害を防ぐために、自衛官の基本的人
権を保障する制度を創設します。
４、非軍事面で積極的な国際協力を進めます
[1]海外の大規模災害に国際緊急援助隊、発展途上国のために青年海外協力隊などを積極的
に派遣し、平和協力を推進します。
[2]国連平和維持活動（PKO）への参加にあたっては、PKO5原則を遵守し人道的な国際救
援活動などに徹します。派遣される隊員に対しては現地の文化・風習や言語等の研修を十
分に行い、住民との摩擦等が起きないよう万全の配慮をします。
[3]軍事行動を目的とする多国籍軍等への自衛隊の参加は、憲法が禁じる武力行使そのもの
28
であり、強く反対します。
[4]イラクへの自衛隊派遣に反対し、自衛隊の海外派兵のための恒久法の制定に反対します。
５、北東アジアを非核化し、核も戦争もない21世紀を目指します
[1]すべての核兵器国による先制不使用宣言を呼びかけ、非核兵器国が結束して条約化を目
指します。また核兵器を大幅に削減すると同時に、CTBT の発効やカットオフ条約の具体
化を図り、核兵器禁止条約の実現を目指します。
[2]国是とされている従来の非核 3 原則の法制化（非核基本法）に加えて、秋葉忠利広島市
長が提起している「新非核3原則」（作らせず、持たせず、使わせない）に基づいた取り組
みを広げます。
[3]すでに地球の南半分を覆った非核地帯を、北東アジア地域にも広げます。日本、韓国、
北朝鮮、モンゴルの非核保有国４ヵ国の合意と、核兵器国の承認による「北東アジア非核
地帯」を創設します。
[4]安全保障理事会のあり方を見直すなど、国連の民主的改革を推進し、大国主義ではない
民主的な国連を目指します。国連の紛争予防能力を高めるなど、世界平和への国連の役割
を強化します。
29
社民党の政策 ８つの約束
１．〈環境〉
社民党の環境政策は、美しい自然を取り戻したり、生活環境をきれいにするというだけ
にとどまらず、人間と自然の共生が図れる社会を創ることを目的としています。
人間には、過酷な労働からの解放、便利さや快適さの追求という果てしない欲望がありま
す。この欲望によって人類の生活は限りなく進歩しましたが、反面、自然や生態系、生活
環境は破壊され汚染されるという結果をもたらしました。社民党の目指す自然との共生社
会とは、人間の属性とでもいうべきこの欲望を人々の合意と協力によってコントロールし
ていく社会のことです。
共生とは、換言すれば、人間のあらゆる活動を、自然や他の生物の再生（再生産・循環）
が可能な範囲にとどめるようにするということです。この観点から以下の政策を提起しま
す。
１．エネルギー政策を転換します
（１）脱原発の推進
国の方針として脱原発を推進していくことを明確にし、エネルギー基本計画を根本から
改訂します。プルサーマルや再処理などプルトニウム利用計画は直ちに中止します。また
原子力関係予算を削減して、再生可能な自然エネルギーの開発や利用技術向上のための予
算に振り向けます。さらに固定価格による自然エネルギー買い取りを保証する「自然エネ
ルギー発電促進法」を制定し自然エネルギーの利用普及を目指します。また 9 つの地域電
力会社による電力の発電、送電、配電の独占経営を見直し、統合、分割を含む再編成に着
手します。
（２）地球温暖化対策の推進（脱化石燃料）
[1]産業界に削減義務づけ
地球温暖化対策を進め、日本の公約であるマイナス6％削減を達成するために、まず事業
者に対して、全体の削減目標や年次ごとの目標を定めさせるとともに、その計画と実施状
況の公表、排出した温室効果ガスの排出量などを公表させるようにします。排出削減努力
がたりない事業者に対する勧告制度も必要です。また国が作成する達成計画や地方公共団
体の実行計画は、市民のチェックができるようにするとともに、達成計画・実行計画、具
体的実施の策定、監視、評価等に対して国民の関与ができるようにします。
[2]環境税（炭素税）の導入
地球温暖化対策を実効あるものとするためには、排出量取引や森林の吸 収率算定などの
柔軟措置（京都メカニズム）に依存するのではなく、工場の排出規制や自動車の排ガス規
制など排出源対策の強化を図るべきです。そのためには環境税（炭素税）の導入が最も有
効です。環境税とは、二酸化炭素を排出する行為に課税するものであり、それによって企
業や消費者（マイカーの運転者等）に、二酸化炭素を排出する行為を回避させることを目
的（経済的誘導効果）としています。社民党は現行石油税と同様、蔵出しの段階での課税
を考えていますので、企業や消費者は購入時に環境税を負担することになります。
[3]交通体系の見直し
自動車やトラックが主流となっている人や物品の輸送を鉄道や海運へ転換します。公共
バスについては燃料電池化、ハイブリッド化を進める他、新しい路面電車ＬＲＴ（軽快電
30
車）に転換します。また都市部での交通量を抑制するため公共交通とマイカーの連携をス
ムーズにするパーク＆ライドを普及します。さらに公共交通機関を充実し、人々がマイカ
ーではなく公共交通を積極的に利用する施策（公共交通の方が経済的で利便性が高くなる
施策）を進めます。
ディーゼル車から排出されるNOxについては、尼崎、名古屋、東京の各公害訴訟判決を
踏まえ、各自治体と連携を図りしながらディーゼル車の総量規制（走行量規制）を実施し
ます。自動車NOx法の特定地域全体において、SPM（直径10マイクロメートルの微粒子・
マイクロは100万分の1）の環境基準を達成しているのは、一般局（一般環境大気測定局）
323局中109局（33.7％）、自排局（自動車排出ガス測定局）137局中17局（12.4％）、首
都圏特定地域では自排局96局中3局（3.1％）。
[4]自動車関係諸税の見直し
自動車重量税、自動車税、軽自動車税、自動車取得税などの自動車関係諸税の使途を見
直し、環境対策、地方生活交通（バス・鉄道）の維持、低 公害車・低燃費車の開発・普
及、森林整備等の財源に振り向けます。
２．有害化学物質、合成化学農薬を規制します
予防原則を確立し、人の健康や生態系への影響を未然防止する観点から、化学物質につ
いての管理、情報開示、規制等を徹底します。
（１）予防原則の徹底＝PRTR法の早期改正
新規化学物質や既存化学物質による環境汚染を防止するために、安 全性の確認を行
うことは当然ですが、その確認は簡単にできるものではなく長い時間を要します。ある化
学物質が危険だと判明した時点で、製造や輸入を禁止したとしても、それでは手遅れです。
国民の化学物質に対する不安もそこに起因しており、現時点で人の健康や生態系への影響
が未解明でも、将来にわたって安心なのかという点にあります。何らかの異常が判明した
時点で対処するやり方では被害の未然防止は図れません。残念ながら現行のPRTR法では、
事業者の届出事項は「排出量と移動量」だけであり、対象物質も 200 から 600と極めて限
られています。したがって対象物質を拡大するとともに、事業者の届出事項に生産量、輸
入量、使用量、受入量、引渡量、保有量を加え、予防原則を徹底することが必要です。ま
た製品にどのような化学物質が使用されているのか消費者に理解できる表示を事業者に義
務づけます。さらに非点源（家庭等からの廃棄物、排気ガス等）の排出量と移動量を推計
し、化学物質の流れや状況がより正確に把握できるようにします。化学物質に関する知識
を共有できるよう、企業・自治体・専門家・市民によるリスクコミュニケーションを確立
します。
（２）既存化学物質の安全性の確認
現在約 2 万種ある既存化学物質のうち、安全性点検が行われたのは、分解性・蓄積性関
係で1377種、人の健康への長期毒性関係では246種にすぎません。この既存化学物質の安
全性点検を早急に行います。
（３）生活環境における化学物質の規制
生活環境の中で使用されることによって起こる化学物質の被害を未然に防止するため、
「生活環境で使用する殺虫剤等の規制に関する法律」を市民とともに制定します。その中
では次のことを明確にします。[1]予防原則を導入し、人の健康や生態系に被害を及ぼすお
それのある殺虫剤等は、因果関係が科学的に立証されなくとも排除するようにします。[2]
生活環境で使用する薬剤は国の許可制とします。[3]事前評価と事後評価を導入し、製造メ
31
ーカーに、毒性試験や環境影響評価を実施した結果を公開してパブリックコメントを求め
るようにするとともに、販売（使用）開始後の再評価制度を設けます。[4]情報公開を徹底
し、メーカーにあらゆるデータを開示させるとともに、製品に含有される成分名、含有量
の表示を義務づけます。[5]被害者救済のため国・自治体に相談窓口を設置し、健康被害者
のための医療機関を設けるとともに医療保険が適用できるようにします。
なお非農耕地農薬（除草剤、害虫防止剤）に、農薬取締法を適用することによって乱用
と被害拡大を防ぎます。また住宅地における農薬の使用はガーデニングも含めて規制しま
す。景観維持のために行われる街路樹・学校・公園などの樹木、草花への農薬散布も規制
します。
３．廃棄物・リサイクル対策を進めます
リデュース（発生抑制）・リユース（再使用）・リサイクル（再利用）の優 先順位を明
確にするとともに拡大生産者責任を導入し、排出者責任を徹底します。また廃棄物の定義
を見直し、占有者の主観的意志や有価・無価にかかわりなく、客観的に廃棄物を規定し不
法投棄・不適正処理を防止します。また事業系一般廃棄物は産業廃棄物として扱います。
処理場、処分場建設にあたっては、情報公開を徹底して施設の運営や管理を透明にしま
す。施設から排出される有害物質のデータなどの住民への開示を徹底するとともにデータ
の改ざん等を防止するために、施設から独立した第三者（学者・専門家・住民）の関与を
義務づけます。また計画の決定過程を情報開示の対象とするとともに、施設建設計画への
住民参加を保障します。
４．戦略的環境アセスメントを導入します
すべての公共事業を対象に、計画段階から環境影響評価を実施できる戦略型環境アセス
メント法を制定し、ダム建設や森林・海浜・河川・湿地などの開発を規制し環境破壊を防
止します。また公共事業の決定過程を透明にするため市民参加を保障し、行政・企業の情
報開示を義務づけます。さらに事業が進められている過程においても、市民参加によって
事業がチェックできるようにします。いったん着手された事業であっても、環境への負荷
が大きいと認められる場合にも、計画の変更や中止ができるようにします。完成後の厳し
い環境影響調査も義務づけます。
５．野生生物保護法を制定します
野生生物を保護するとともに野生生物の生息可能な環境を維持・保全・回復していくた
め野生生物保護法を制定し、保護指定地域における開発（森林・海浜・河川・湿地等の開
発）を規制します。また合成化学農薬等の使用を規制します。日本に生息する野生生物種
約3万種のうち、絶滅危惧種は動植物をあわせて2662種ですが、指定は57種にすぎませ
ん。日本に生息する野生生物（哺乳類、鳥類、爬虫類、両生類、魚 類、昆虫、植物等）
の生息実態と生息環境を調査・把握し、絶滅危惧種の指定を大幅に拡大します。また日本
固有の生態系を破壊する移入種の規制を行います。
６．環境行政に対する市民参加を確立し情報公開を進めます
環境行政を推進していくための基礎は、市民参加、行政・企業の情報開示です。公的部
門、企業、市民運動、NPO、個人のすべてが環境保全のための企画の立案、実施、評価に
参加できるシステムを確立します。また環境省の機能と権限を強化し、国の産業・経済政
策を環境の観点からチェックできるようにします。
７．水基本法を制定します
地球的規模での水環境保全の必要性と、水に関する法律との一本化を図るために水基本
法を制定します。基本法では 5 省（環境、国交、厚労、農水、経産）に跨っている水行政
32
を一元化するとともに、[1]水は国民の共有財産であること、[2]水にかかわる事業は行政・
国民共有の財産であること、[3]水は共同域（河川流域）における管理が必要であること、
[4]水事業および水管理にかかわる政策決定過程において住民参加を保障すること等を明確
にします。
２．〈教育〉
子どもに希望を！
《21 世紀にすべての子どもたちによりよき人生への“あこがれ”を贈ろうではありません
か！》
１．21世紀、世界の子どもの憲法といわれる「子どもの権利条約」を中心に、日本国憲法・
教育基本法を、あらゆる教育の場に根づかせ、具現化していきます。
20 世紀は〈戦争と平和〉に人類が苦悩した世紀でもありました。第一次世界大戦・第二
次世界大戦の後、戦争と言う「最悪の被害」を子どもたちにもたらしたことを反省し、「児
童の権利宣言」を発しました。
1989年11月20日に国連で採択した「子どもの権利条約」を、日本政府は1994年にや
っと批准し、今年は 9 年目を迎えました。しかし、子どもの権利に関する状況はいっこう
によくならず、むしろ悪化の一途をたどっています。
2000 年 9 月 11 日の同時多発テロ以降、アメリカによるアフガニスタンへの報復戦争、
イラク戦争など世界の多くの人々の「私たちの手で戦争を止めよう」の声を無視して開始
され、泥沼化しています。わが国においても「有事法制関連3法」「イラク支援特別措置法」
が成立する中、3月20日に教育基本法「改正」に向けての中教審答申が出され、次期通常
国会に法案が出されそうな危機的状況にあります。2005年に向けて憲法「改正」も視野に
入れた論議もされています。
ユネスコ憲章の「戦争は人の心の中に生まれるものだから、人の心の中に平和の砦を築
かなければならない」という理念、子どもの権利条約の第３条「子どもの最善の利益」、第
12条「子どもの意見表明権」、第31条「休息、余暇、遊び、文化、芸術の権利」、教育基本
法前文「個人の尊厳を重んじ、真理と平和を希求する人間の育成」、女性差別撤廃条約第10
条「教育の男女平等」等を具体的に実践し、定着させる取り組みが急がれます。
「一人ひとりは違い、かけがえのない存在として平等である」。これが憲法・教育基本法・
子どもの権利条約等を貫く「子どもの最善の利益」です。憲法・教育基本法を現実に近づ
けるのではなく、現実を憲法・教育基本法の理念に近づける努力こそが求められています。
社民党は、これらの理念実現に向けた取り組みをさらに強めます。
２．教育基本法の改悪を阻止し、教育基本法の掲げる理念を具体化する教育改革に取り組
みます。
教育改革で一番大切な課題は「子どもの最善の利益」のために国民あげての協働作業に
よる知恵を集めることです。中教審は、教育基本法「改正」の方向を出すにあたり、この
姿勢を決定的に欠いていました。
教育基本法は、理念法として、まさに「教育の憲法」としての地位を確立してきました。
それは、この法が教育の目標を一人ひとりの価値を大切にする「人格の完成」におき、そ
のための国家の責任を指し示しているからに他なりません。さらにこの法は、わずか11条
の短い中に｢平和｣という言葉を 3 度も使い、平和国家の形成者としての日本の教育を謳っ
ているのです。
33
憲法との力強いつながは明らかです。しかし、先に有事法制・イラク特措法を成立させ
た小泉政権は、有事法制の制定だけでは“仏作って魂入れず”になりかねないこと自体、
現政権も先刻承知です。だからこそ「心の有事法制」として、国を愛する心を標榜した教
育基本法の見直しを強行しようとするのです。
「国を愛する心」などを教育基本法の条文に規定することは、個人の内面の自由に踏み
込むことは避けられず、憲法19条「思想、良心の自由」に抵触します。
14万人を超える不登校生やいじめ問題など教育の深刻な状況は、「社会階層学力」論にみ
られるように、一方で経済政策の失敗による貧困家庭の増大や地域教育力の衰退があり、
他方では競争原理で子どもを追い込む文科省行政の責任こそ問われなければなりません。
やるべきこともせず、原因を教育基本法に押しつける手法は、本末転倒もはなはだしいや
り方といます。
人間性・社会性を育む効果が明らかな 30 人以下学級の速やかな達成や（最終的には 20
人以下学級の実現）、行財政の地方自治を拡大することによる学校づくり、日本が批准して
いる「子どもの最善の利益」を目指す子どもの権利条約の履行――などは、教育基本法が
目指す理念そのものです。
子どもたちが主人公となる「教育再生」へ、教育基本法の改悪阻止に全力をあげるとと
もに、教育基本法の具現化のために財政と政策を総動員します。
３．大切な地域の教育力を回復するために、地域独自の民主的教育改革子どもと大人の共
同作業で進めます
「いじめ」「不登校」「12 歳少年問題」などは、教育基本法を「改正」して解決するもの
ではありません。子どもをめぐる問題の根底には、とめどない市場経済の流入で、家族と
地域社会(共同体)が崩れつつあることが原因の一つになっていると指摘されています。人と
人、人と自然、自然と自然の関係性（かかわり合い）の智恵を育む原点が「地域共同体」
にあるにもかかわらずです。
私たちは、この豊かな地域教育力の回復を教育改革の大切な柱と考え、地域の保護者・
教育関係者・住民、そして子どもの声を取り入れた民主的な教育改革を進めます。教育改
革は、誰がどのように行うのかという「プログラム改革」が重要なのです。
４．豊かな教育環境を保障するために、教育予算GDP（国内総生産）5％水準の達成に向け、
「10ヵ年計画」をつくり、具体化します
「お金をかけない教育改革」、これが政府のやり方です。日本の教育予算は対GDP比3％
半ばの低水準まま推移してきました。一方で「心のノート」による道徳教育を強化し、一
方で習熟度別学習を導入し、スーパーサイエンスハイスクールなどエリート教育にお金を
かけ、30人以下学級を悪平等主義と誹謗し、子どもたちを競争に駆り立てています。
私たちは、一人ひとりの顔が見える教育環境をつくるための条件整備には、思い切った
教育のための財政出動が必要であると考えます。教育予算を「世界標準」といる GDP5％
水準とするため、「10ヵ年計画」をつくり、着実な実行を図ります。
（１）完全学校五日制を学校ルネッサンスとして取り組みます。
学校は競争するためにあるのではありません。学校は友達をつくり、学ぶ楽しさを知る
ところです。そのことによって真の創造力（学力）は身につくのです。
「仲間のいる楽しい学校」と「ゆとりと真の学力」の 2 点で学校ルネッサンスを図りま
す。
[1] 学校を「競争の場」から「友達づくりの場」へ、「友達＝ライバル」から「ピアサポー
34
ト＝友達づくり」への改革
[2] 子どもたちによる自治活動の取り組みの強化
[3] 学習指導要領のいっそうの大綱化(基本的に教えなければならない最低限の内容にす
る)と地域カリキュラムセンターの設置
[4] 評価手法の改善
[5] 内申書の本人・保護者に対する公開制度の創設
[6] 民主的で活力ある職員室へ
（２）共に学び、共に生きる学校をつくります。
「一人ひとりは違い、かけがえのない存在として平等」が実現できる教育を進めます。
このため人権、平和教育を推進します。学校のバリアフリー化を図り、障害を持つ子と持
たない子との「共生教育」に積極的に取り組みます。また、社会的、文化的につくられた
性別役割分業意識にとらわれないジェンダーフリーの学校をつくります。
（３）地域社会の「きずな」としての学校にします。
学校は、地域社会の情報と文化のセンターです。このためにも「社会の最善の物」が完
備された施設水準の達成に取り組みます。教育の地方分権と情報公開を進め、「学校協議会」
を創設するなど、地域の人々と子どもが一緒になって、未来を切り拓く学校づくりを進め
ます。また、24時間子どもサポートシステムを確立します。
教育委員会の民主化(公選制)を進め、地域のすぐれた人材の教育への参加を求めます。
（４）地域合同総合制高校を中心に高校教育の準義務化を進めます。
「15 の春」の選抜的確者主義が子どもたちの心に大きな影を落としています。高校間格
差を見直すために地域合同総合制高校〈注〉をつくることを進めます。
また、定時制高校、通信高校、夜間中学校の役割を重視し、そのために必要な財政支出
を積極的に行います。
〈注〉 地元の普通高校と職業高校を統合した学校であり、受験技術の優劣よりも、教育基
本法が教育の目的とする「人格の完成」を重視。地域性・男女共学・総合制という三つの
戦後高校教育の原則を現代に再生することを目指しています。また、生徒自らが、学習ス
ケジュールを組み、職業教育（一定期間の職場体験も可）も学び、適性・進路などがじっ
くり考えられるようにします。
（５）生涯輝くための豊かな生涯学習体系を重視します。
市場万能経済の下で階層格差が拡大しており、教育機会の不平等は広がっています。す
べての学ぶ者に豊かな生涯学習を保障するために、「生涯学習5ヵ年計画」を進めます。
（６）「子どもルネッサンス10ヵ年計画」を策定します。
21世紀の希望であり、民主社会の主権者である子どものために、「教育と平和は最大の安
全保障である」という考えによる「子どもルネッサンス10ヵ年計画」を策定します。
[1] 防衛予算を削減し、子どものための教育予算に振り向けます。
[2] 学校の生徒定員を 800 人以下(中規模校)に押さえ、学級生徒数は 20 人以下とします。
35
(当面、30人以下学級を目指す)
[3] 海外からも含めた教職員を 1.5 倍に増やします（30 万人の増員）。事務・栄養職員(栄
養教諭制度の創設を含む)の国庫負担を堅持します。また、教職員の権利保障に努めます。
[4] 校舎・教室・保健室(子どもの心身の健康を守る養護教諭の増員および複数配置の推進
を含む)・給食室・トイレ等の教育環境の改善・整備を進めます。
[5] すべての市町村に「エコスクール」(自然と環境について親も子も学ぶことのできる体
験学校)を設置します。
[6] ＩＴ格差をなくし、メディア(媒体)・リテラシー(メディアが提供する情報等を批判的
に読み解き、活用する能力)を育てます。
（７）教員・住民参加の教科書採択制度を確立します。
教科書は、子どもたちの正確な情報認識と判断力を養うための重要な糧です。子どもた
ちに適した教科書を選ぶことができるのは、日々子どもたちと深くかかわっている教員で
す。教科書採択にあたっては、教員の意向が反映されるための条件整備を図り、保護者・
住民参加の制度的保障なども積極的に進めます。
この前提の下に、教科書検定制度の廃止に取り組みます。
（８）高等教育の質の充実のためにGDP1％投資を目指します。
アメリカの高等教育への財政支出は、GDP0.9％（2000 年度）であるのに対して、日本
は0.5%（同）です。高等教育の基礎研究の立ち遅れを改善するために、1%水準の達成を目
指します。
（９）多様な価値(観)を育むためにいっそうの私学助成を進めます。
公教育を担う車の両輪が、公立学校と私立学校です。
しかし、そこでの教育条件には、容認しがたい格差が存在します。公私間格差の是正を
積極的に進めるため
[1] 授業料減免制度の抜本拡充
[2] 私学における30人以下学級実現のための補助
[3] バリアフリー化のための特別助成
[4] 私大等の教育・研究の充実へ経常経費に対する２分の１助成の実現
（10）機会均等を保障できる奨学金・育英制度を充実させます。
奨学金制度の抜本的な充実は、教育の機会均等を保障するための不可欠の前提です。国
公私関係なく奨学金・育英制度を充実させます。無利子奨学金の拡充を図るとともに、選
考基準については経済的条件のみとする改善も行います。同時に、給費奨学金制度創設に
向けた検討も進めます。また、アジアを中心に留学生30万人の奨学制度を設立します。
（11）子育て支援と子育ち支援の統合、保育の一元化を推進します。
子どもたちが地域でゆっくり育つ時間・場所を保障するための保育一元化（幼稚園と保
育園の機能の一元化）を進めます。
36
（12）「学社融合」による豊かな校外生活の充実を図ります。
学校教育と社会教育を融合した教育プログラムを充実させるために、図書館・博物館の
学芸員、スポーツ指導者、市民ボランティアなど、人的、物的条件を整備します。
(13)教育の地方分権を推進します。
教育の地方分権をいっそうの推進します。そのために地方教育委員会に予算権を付与し、
地域の実態を反映した教育計画の推進を可能とさせます。
３．〈農林水産〉
［改正食糧法の問題点］
先の通常国会で改正食糧法が成立しました。政府はこの改正で、[1]農業者・農業団体が
主役となった需給システムの確立、[2]担い手・集落の選別（農業の大規模化）、[3]流通制度
の市場化などの方向を明確にしました。すなわち国による生産調整はやめ、流通や米の価
格形成は市場に委ね、家族農業や小規模集落営農は切り捨てるというものです。政府は、
効率的で安定的な経営体が、消費者や市場を重視して米をつくるのが本来のあるべき姿だ
としているのですが、BSE 発生以来政府の最大の使命であった安全な食糧を安定的に供給
すること、自給率を向上させること、有機農業を振興することなどの視点はまったく欠落
しています。これが第一の問題点です。
第二の問題点は生産調整を生産者や農協の責任とすることで、生産調整参加者がいっそ
うの減少し、生産調整という目的は達成できないだろうということです。生産調整ができ
なければ米価はさらに下落します。これ以上米価が下落することになれば、生産者にとっ
て生き残る道はありません。第三は、担い手を大規模農家に集中させるという政府の方針
の最終目的が、「農地は農地を耕す農民が所有する」と規定している農地法の改正にあり、
大規模スーパーなど株式会社の全面参入にあるということです。（問題点は4項参照）
第四は改正食糧法の最大の問題点ですが、ここ数年来繰り返されてきた米の構造問題、
すなわち米過剰−米価下落の悪循環に政府がどのように対応するのか、どのような米づく
りの構造を展望していくのか、最も肝心な点が明確にされていないということです。政府
は自らの責任を放棄しているといわざるをえません。社民党は「食の安全」と「自給率の
向上」を農業の根本に置く以下のような農業再生の道を提起します。
１．直接所得補償制度を創設します
すべての生産者が農業を持続的に維持していけるよう、水田や畑作のもつ食糧安定機能
および多面的機能の対価として「直接所得補償制度」を創設します。品目別の複雑な補助
金制度はすべて廃止します。この直接所得補償制度は他の第一次産業（林業・漁業）にも
適用します。
２．政府備蓄は300万トンとし棚上げ方式を採用します
政府備蓄については、危機管理機能と需要調整機能を付与し、モミ米として保管します。
放出時には主食用とはせず、加工用、援助用、バイオマス資源等に活用します。このため
現行の回転備蓄方式ではなく棚上げ備蓄方式に転換します。
３．食の安全を基本とする農業施策を確立します
37
効率化・市場化・大規模化の方向ではなく、食の安全・自給率向上・環境保全型農業拡
大、有機農業振興を基本とする農業政策を推進します。
（１）有機農業の推進を国の基本として確立するとともに、有機・減農薬生産を振興する
ための奨励金や助成制度を確立します。また有機・減農薬生産によって生じる所得の減少
分を補填する制度を確立します。
（２）環境型保全型農業を拡大していくために、とりわけ中山間地を対象とした直接支払
制度を拡充します。これまでの支払制度は、平地と中山間地の生産力格差を是正するため
のものでしたが、それだけでは中山間地の水田は維持できません。中山間地の農業は環境
保全に果たす役割が大きいことから、制度を「環境支払い」とし水田農業が維持できるよ
うにします。
（３）現在の食料自給率は 40％ですが、当面の食料自給率達成目標を５０％とし、この目
標を達成するため、400万㌶の優良田畑を確保します。特に豊潤な水田と豊かな食文化を次
世代に残すため、田畑輪換が可能な農地、棚田の保全などによって水田機能を維持します。
（４）米を中心とした日本型食生活の普及に力を入れ、米消費の拡大に積極的に取り 組
みます。同時に地産地消、スローフード運動に取り組みます。
４．株式会社の農業参入は認めません
株式会社の目的は生産ではなく採算です。採算が合わなければ生産は放棄され、農地も
農業以外の目的で使用されることになります。生産に不可欠な農地が消失すれば自給率の
向上も不可能になります。株式会社は農業生産にとって決して安定した経営体とはいませ
ん。しかも株式会社による生産の効率化や市場化、大規模化の追求は、結局合成化学農薬
の使用拡大や遺伝子組み換え作物の生産に道を開くだけです。さらに大きな問題は株式会
社による農家の再編が進めめば地域が分断され、日本農業が営々と培ってきた伝統的集落
営農機能が破壊されるということです。社民党は家族農業を基盤とした集落営農機能を活
性化していくことこそ日本農業を再生していく道だと考えています。
５．水田の多面的利用を進めます
社民党は政府の米抑制政策に対して、生産抑制ではなく、水田の多面的利用を図る中で、
わが国食糧の構造改革を図っていくべきだと主張してきました。多面的利用の具体的な提
案が、飼料稲（ホールクロップサイレージ）や飼料米（グレーンサイレージ）の栽培です。
これは米が豊作で過剰となるような時には、米や稲を飼料として活用し、逆に凶作時や輸
入が困難な時には、飼料に回していた米を主食に振り替えるというものです。飼料作物の
自給率向上や食糧安全保障の確立にもつがるものです。同時に大豆や小麦など主要農産物
の生産拡大を図り、米と同様の所得補償を行います。
６．多様な農業の担い手を確保します
専業、兼業、後継者、新規就農者、Ｕ・Ｉターン就農者、定年退職就農者を問わず、地
域の実情にあった家族農業、集落営農、農業生産法人など、多様な地域農業の担い手を支
援します。また多様な担い手を確保するために、就農に必要な経営・技術研修を行うとと
もに、農地の取得、生活のための就農資金の助成、無利子資金の融資を行い、一定期間就
農した場合は償還を免除します。何よりも大切なことは農業で生活ができる、農業に夢と
38
希望が持てる政策を進めることであり、社民党は直接所得補償の創設などそのための施策
を実現します。
７．WTO農業交渉−国内第一産業の活性化につながるルールを確立します
現行WTO農業協定は食料輸出国に有利で、輸入国には不利という不平等な協定です。ア
メリカやオーストラリアなどの輸出国は、自国に有利なルール（輸出補助金・信用、国家
貿易、輸出義務等輸出規律）はなんら是正しようとせず、輸入国に対してのみ、より不利
な条件を押しつけようとしています。それが[1]関税の上限設定（関税率の大幅引き下げ）
であり、[2]最低義務輸入数量の大幅拡大、[3]特別セーフガードの廃止、[4]国内支持政策の
大幅縮小等です。食料輸出国のこのような理不尽極まりない要求がまかり通るなら、日本
をはじめとする食料輸入国は農業経営を放棄する以外にありません。
今回のカンクン会議では、途上国と先進国の対立の溝が埋まらず、結局閣僚宣言を採択
することはできませんでした。これはある意味で当然のことです。農業協定の合意を図る
ためには、何よりも[1]輸出補助金・信用の完全撤廃、[2]輸出国家貿易に関する情報開示（貿
易を歪曲する輸出促進支援が含まれている時は即時撤廃）、[3]輸出国が不作になった場合で
も従前の輸出量の 7 割を輸出する義務を負う等、輸出国にだけ有利なルールを根本的に是
正することが先決です。その上で「食料の安全保障」「農業の持つ多面的機能」を世界の共
通認識としつつ「各国の第一次産業が活性化するルール」を確立すべきです。輸出国の要
求である関税上限枠の設定や関税割当拡大は認められません。ミニマムアクセス米は廃止
か削減を実現すべきであり、食料輸入国の唯一の対抗手段である特別セーフガードも維
持・拡大すべきです。
８．合成化学農薬、食品添加物、遺伝子組み換え作物の使用を低減します
国民に安全な食物を供給するため、国の基本方針として合成化学農薬、食品添加物、遺
伝子組み換え作物の使用を低減していくことを明確にします。農薬、化学物質、遺伝子組
み換えの安全性に係る情報（農薬の場合には登録や登録の失効にあたっての理由やデータ）
はすべて開示を義務づけます。また有機農業や地産池消に取り組む生産者・消費者の不安
を解消するため農薬取締法の定義を改正します。特に新設された「特定農薬」という規定
は、日常の食べ物を「農薬」と位置づけるものであり、有機農業つぶしだという批 判も
高まっていますので早急な改正が必要です。
現在遺伝子組み換え食品の表示は、遺伝子組み換えの含有率が５％以下であれば「遺伝
子組み換え」と表示をしなくてもいいことになっています。これをＥＵの基準と同様、含
有率が0.9％以上であれば「遺伝子組み換え」と表示しなければならないよう義務づけます。
また遺伝子組み換えの研究・実験についての詳細な情報開示を義務づけるとともに、遺伝
子組み換え作物は安全性が確認されるまで国内での生産を禁止します。
有機食品、無農薬、減農薬農産物については、国際基準よりも厳しい基準を設定、国・公
的機関による認証・表示制度を確立します。
９．森林整備の拡充、木材の積極利用で地球温暖化対策を進めます
わが国は、1990 年比 6％削減という地球温暖化対策の目標を達成するにあたって、森林
による二酸化炭素吸収量を3.9％とする目標に掲げています。「京都議定書」の達成年が2008
年から2012年の間ですから、この目標を達成するためには、早急に森林の育成・整備を推
進しなければなりません。しかし森林整備の事業量が現状規模で推移するなら達成は困難
だということを政府も認めており、目標達成には森林の育成・整備の事業量を現行の1.3倍
以上、10 万人規模以上の労働力を投入することが必要です（※1）。そのためには労働条件
39
の大幅改善はもちろん山村の整備を進めるなど、積極的な財政措置が必要です。
社民党は、この目標を達成するために環境税（炭素税、森林環境税等を検討）を導入す
るとともに公共事業の見直しや自動車関係諸税の転用を図り、その財源を森林の育成・整
備に投入するなど、毎年度の予算を確実に確保します。
森林の持続的維持や林業の活性化のためには、地域材・国産材の積極的利 用が不可欠
です。学校をはじめ公共施設への国産材使用を義務づけるとともに、国産材住宅を建設す
る場合の助成の拡充や、国産材を使用する伝統工芸への助成、バイオマスの本格利用に向
けた公共施設の発電・熱利用の設備補助対策（※2）など、国産材利用を促進する対策を進
めます。
わが国の国土の7割が森林であるにもかかわらず、木材自給率は20％にすぎません。熱
帯雨林やタイガの違法伐採や乱伐に対して国際的批判が強まっていますが、このような中
で日本の現状がいつまでも世界から容認されるとは考えられません。違法な外国産材の流
入を厳しく規制し、取り締まりを強化することは当然ですが、何より重要なことは外国産
依存の構造から国内産利用への構造へと転換を図ることです。この転換を可能とするため
に林業に携わる人々に直接所得補償制度を創設するなど、林業が持続的で安定した経営が
可能となる施策を進めます。
※1 年間経費410億円（1流域65人・2億6千万円×158流域）×10年間
2004年度から実施、一般財源から支出
※2 年間経費800億円（1箇所16億円×50箇所のモデル事業）×10年間
10．水産資源を回復し、水産業の振興を図ります
日本の漁業者は総じて、水産資源状態の悪化や水産物価格の低迷・暴落の下で苦しい生
活を強いられており、水産資源の回復と漁業で生活ができる魚価を切望しています。とり
わけ零細な漁船漁業においては、漁船購入や維持に掛かる費用が多額であり、漁業者は漁
船購入資金の償還に追われています。生活を維持するためには、漁獲量をさらに増やさな
ければならず、それが資源の枯渇に拍車をかけ、結果として漁業者はいっそうの生活苦に
陥るという悪循環が繰り返されています。この悪循環を断ち切るには、徹底した資源保護
政策と野放しの輸入を規制する以外にありません。わが国の周囲は豊富な海洋資源に恵ま
れているにもかかわらず、魚介類の国内自給率は５３％であり、日本人の食べる魚の半分
は外国産という実態です。
乱獲を戒め資源の状況に適合した漁獲を調整・維持するためには、漁業者への国による
補償が不可欠です。さらに資源の減少と魚価の低迷は、漁船員にいっそうの労働強化、労
働環境悪化、労働条件悪化となって跳ね返っており、これが若い就労（後継）者を確保で
きないまま高齢化を招く原因となっています。日本の漁業を存続するためには、これらを
改善することが求められています。
社民党は沿岸漁業を守るために浅海の生態系を守り資源の再生に努めるとともに沿岸漁
業が維持存続できる直接所得補償制度を導入します。漁獲制限や輸入制限を行う場合には
補償措置を講じます。また密漁や違反船を取り締り、資源の枯渇防止に取り組みます。
漁船漁業を守るために漁船員の福利厚生、特に社会保障制度の充実を図ります。また漁
獲量が減少している魚種や魚体選別機が使用されている漁種については、資源状態をより
正確に把握できる調査研究体制を整備するとともに、資源保護策が的確に運用できるよう
に取り組みます。国際的資源乱獲に歯止めをかける新たなルールづくりに努力するととも
に、国際的な資源保護措置を損なうすべての違法・無法漁船の廃絶とその漁獲物の日本市
場への輸入を禁止します。
40
４．〈税財政・金融〉
１．納得・安心の税財政構造の構築
暮らしと経済再生のためにいま求められる政策は、家計を温めることを通じ、総需要を
喚起することです。 社民党は将来不安を解消し、生活の質的向上に直結する歳出の重点
化・効率化を進めます。
日々の営みを大切し、また、人から元気できる 「ミクロの生活権(安心できる生活)保障」
の積み上げこそがマクロの景気回復を果たすための“牽引車”たりうるとの立場から、雇
用創出・安定（雇用機会）と民需を同時に追求できる「ミクロ政策」の推進に全力で取り
組みます。とりわけ、職業能力開発や雇用安定策、福祉・環境分野など２１世紀を展望す
る「社会的セーフティネット」の構築、「最善の教育」実現へ、税財政構造の抜本改革を断
行します。
（１）国民生活優先の内需主導型経済、総需要喚起でデフレからの早期脱却
国民生活に負担と痛みを強いるだけの小泉流の構造改革は「経済の総収縮」をもたらす
だけに終わっています。小泉内閣の経済政策が破たんした何よりの証左が現在のデフレ不
況です。デフレ不況を深化させている最大の原因は「個人消費の伸び悩み」であり、供給
サイドの改革だけでは経済は再生しません。
福祉・環境・教育などまだまだ需要の掘り起こしは不十分です。日本経済の再生には、
総需要喚起、国民生活優先の内需主導型経済の確立こそが最善の処方箋です。
（２）実際の暮らしが豊かになる歳出改革
[1] 数字あわせの財政均衡でなく、「構造」自体の改革を
帳尻あわせに終始し、負担増と公共サービスの低下という、痛みを一方的に強いる手法・
選択は容認できません。「改革」の美名の下に国民経済を疲弊させ、経済総収縮による財政
危機を生み出した「構造」そのものを徹底的かつ集中的に見直します。
[2] 人間と環境優先の「未来への歳出」へ
｢しがらみと惰性の歳出｣を、｢未来への歳出｣(投資)へと大胆に切り替えます。とりわけ、
雇用安定や子育て・介護などの社会サービス、“宝の山”となるべき教育・科学研究や環境
保全などに、財政ベクトルを集中します。
[3] 国民本位の改革の実現で「創造的福祉社会」を
国民の負担を、一人ひとりの「安心とゆとり、豊かさ」に活かすことができる、21 世紀
を展望した「創造的福祉社会」を実現します。
[4] 地方への財源移譲と「現物給付」の拡充
補助金を地方税・交付税へ組み替えるなど自治体への財源移譲を行い、「歳入の自治」を
確立します。
現在の連立与党に顕著な現金バラマキ手法の対極にあるものを目指します。介護や育児
支援などの福祉、「社会の最善のもの」が整備された教育・学校施設、交通（生活バス路線
等の維持・拡充）――等々、生活密着型サービスについては、自治体の創意工夫が問え、
またサービス水準・内容などの向上のために受益者の「意思反映の回路」が確保できる「現
物給付」を重視します。
41
（３）時代遅れの公債政策からの転換で、「意味ある」公債政策の実行
2003年度末に見込まれる国債残高は450兆円といわれています。先進国中最大・最悪と
いわれるこのような財政赤字の最大の原因は、建設は「善玉」、赤字は「悪玉」という時代
遅れの公債政策にあります。公共事業のすべてが不用とはいわないまでも、土木・ハコ物
建設などへの際限のない投資が今日の財政赤字を招いたことは確実です。
「建設国債」と「特例国債」（赤字国債）の垣根を取り払い国民生活優先・家計重視の政
策転換を図り、政策運営の透明性を高めます。同時に、市場流動性の維持等を重視して、
財政・金融情勢の変化に柔軟に対応する「意味ある」公債政策に取り組みます。
また、日本経済の“身の丈にあった”国債政策を確立するため、「単年度あたの公債発行
額をGDPの一定割合」とするなど、国債発行のルールを定めます。
（４）生活再建を重視する財政再建プログラムの推進
財政破たんが迫っているという「脅しの論理」に屈する必要はありません。
国民（の生活）あっての国です。いたわりが確保された財政再建は可能です。
国民全体で経済成長の恩恵を共有できる「生活再建重視型」の財政健全化プログラムが、
何より求められるゆえんです。
財政健全化の速度は、生活や経済への影響に配慮しながら、惰性にも陥らないという要
請に応えるために、最低 2 年間にわたり名目経済成長率 2％以上を達成後、10 年間程度を
目安とする財政再建を実現します。
“助走期間”としては、公共事業の効率化や防衛費の削減、不要不急経費の徹底的な見
直し（国民生活の向上に直結する分野への確固たる財政シフト）などを推進し、当面３年
間、国債発行額を対前年度比５％〜10％の幅で削減します。
この達成ベースのうえに、国民生活の現状や経済動向も勘案しつつ、残りの期間で、利
払いなどの国債費を除く歳出と歳入（税収）が見合う、いわゆるプライマリー・バランス
を確保します。
（５）応能負担原則の再構築による税の再分配機能の確立
公正、公平な所得（冨）の再分配機能を追求するためには、税制度における累進性確保
は最重要の位置を占めます。しかし、減税の美名の下で、無定見に累進構造（税率）を緩
和する歴代自民党政権の税制「改正」の結果、所得再分配機能は著しく低下し、わが国は、
先進国の中でも最低グループに属しています。
税金は、社会を維持するために欠かせないインフラです。税の不公平を解消し、「払い甲
斐、受取甲斐」のある税制制度を確立するためには、累進課税（＝応能負担原則）再構築
に、真正面から取り組む必要があります。
この目的意識を鮮明に持ちつつ、以下の改革を進めます。
[1]総合課税化の推進を導入するための公平番号制度の早期導入 [2]金持ち優遇の結果に
終わってきた細分化された各種所得控除の統合化および歳出措置（直接給付制度）への転
換 [3]「社会的引き継ぎ」が可能な資産課税の適正化 [4]必要とされる人に最大限の逆進
性緩和効果を発揮できる「飲食料品にかかる消費税額戻し金制度」の適宜適切な導入 [5]
“名も実も確保できる”自主申告制度の採用（年末調整は被雇用者本人が行うなど）と、
納税者の権利を守る納税者権利憲章の制定 [6]国民の生活再建を前提に、累進構造再構築
とリンクした課税最低限の引き下げ――など。
２．貸し渋り・貸し剥がしをなくし、国民本位の金融改革
――暮らしの向上、善良な中小企業などに実際に役立つ「融資回路」の構築
民間企業の99％を占める中小企業の復活なくして日本経済の再生は望めません。しかし、
現実をみると、「貸し渋り」や「貸し剥がし」に象徴されるように、中小企業に対する円滑
42
な資金供給は滞っています。中小企業に対する貸出（融資）は5年前と比べると40兆円以
上も減少しています。また、「融資の見返りに預金を迫られる」「理由の説明もなく融資を
拒否される」など、貸し手（銀行）と借り手（中小企業）の力関係を悪用した不公正な取
引慣行によって地域金融の円滑化は妨げられたままです。
あるべき地域金融とは、地域社会において要請される望ましい分野、地域経済を支える
中小企業者の事業活動に円滑に資金が供給されることです。そのためには、[1]物的担保主
義から脱却し、人材や技術・ノウハウなど「新しいモノサシ」に基づく融資原則の確立 [2]
融資活動に対する厳格な検査の徹底 [3]地域経済に貢献している金融機関に対する正しい
評価と支援の確立――など、善良な中小企業や起業意欲の開拓等に、実際に役立つ「融資
回路」の構築に取り組みます。
（１）地域再投資法で地域金融の円滑化と地域経済の活性化を実現
米国では民間ベースでのコミュニティ・ファイナンスを支えるため、民間金融機関がコ
ミュニティ・ビジネスに対する融資や投資をどの程度積極的に行っているかを評価する地
域再投資法（CRA）が制定され、地域経済の活性化に大きく貢献しています。しかも注目
すべきは、米国の金融機関が、CRA の下で地域コミュニティと共生するビジネスモデルを
確立し、一定の収益を上げていることです。
お金が、それを必要とする地域のあらゆる人や事業活動等に対し、まんべんなく行き渡
ることで、自立を目指す地域の「元気」「やる気」が生まれます。中低所得者、女性・中小
事業者・ベンチャービジネスなどに対する一定割合の融資を義務づけ、「地域全体の需要」
に応えていくことを目的とする「日本版地域再投資法」を制定します。同時に、地域経済
の活性化に貢献する金融機関の育成に向け政策誘導を進めます。
（２）金融行政の「基本法」としての金融サービス法の制定
ネット証券の普及などに象徴される金融商品の多様化が進む一方で、現行の「金融商品
販売法」は、金融消費者を保護する法律としては十分な機能を備えていません。金融は“経
済の血液”であり、健全な金融サービスの発展と投資家（消費者）保護のためにも、包括
的・横断的な金融消費者保護法制や消費者の補償制度の整備は時代の要請となっています。
縦割り行政を超えて、消費者保護を第一義とする金融行政の基本法（金融憲法）として
「金融サービス法」の制定に取り組みます。
（３）消費者金融の最高金利引き下げ
与野党合意で成立したヤミ金融規制法で「年109.5％を超える利息契約は無効」になりま
した。不法原因給付（元本返済不要）は盛り込めませんでしたが、契約自体を無効として
いるので不法原因給付には道を開いたといます。しかし109.5％というのは、金銭の貸付け
を行う者の金利であって、貸金業者の上限金利は 29.2％です。したがって、この契約無効
金利を当面29.2％まで引下げます。また貸金業者の上限金利29.2％も利息制限法の金利（10
万未満 20％、10万〜100万未満 18％、100万以上 15％）まで引下げます。契約無効金利
もこれに連動させます。さらに引き下げまでの間グレーゾーン（利息制限法から出資法の
利息の範囲）での貸付けを禁止するとともに、日賦貸金業者や質屋、電話担保金融に対す
る特例措置を廃止します。
（４）社会貢献のファンド開発で市民と市場を結ぶ
オンライントレード（通信手段を通じた取引）の普及により、個人の財産運営の手段と
して、インターネットによる投資への関心が広がっています。また、「民間による公益活動」
に対する社会的な期待が高まる中で、企業のNPOへの支援や協働、自主的・積極的な社会
貢献活動が「企業市民のあり方」として注目を集めています。
社会的責任投資（SRI）は、企業の社会性向上努力を引き出すとともに、市民が金融市場
43
を通じて社会参加や意思表明を行う効果的なツール（道具だて）にもなります。
女性の権利向上に取り組む企業を対象とした「女性ファンド」や障害者雇用を推進する
「雇用ファンド」、「人権ファンド」「環境ファンド」なども同様に重要な意義（価値）をも
ちます。市民が「公益性」の高い企業に投資することは企業の社会性向上にも有意義です。
「社会的な責任」を明確にした企業への投資が促進されるような環境整備に取り組みます。
（５）証券取引等監視委員会の抜本的強化
証券取引（市場)のいっそうの透明化などが図られない限り、活性化の“鍵を握る”ビギ
ナー投資家が増えるはずもありません。市場で提供される商品（証券）の違法行為を取り
締まるための、公正なルールを徹底する監視・執行体制（アンパイア）の抜本的な強化を
図ります。
証券取引等監視委員会が「金融警察」あるいは「金融 G メン」としての機能を十分に果
たしていくための体制整備、権限強化などに取り組みます。
５．＜分権・自治＞
住民の参加と決定で地域から新しい民主主義を
わが党の村山内閣によって制定された「地方分権推進法」による地方分権推進委員会の4
次にわたる勧告を経て、2000年4月から、中央集権体制の象徴であった機関委任事務制度
を廃止する「地方分権一括法」が施行されました。これによって我が国地方自治は明治以
来の中央集権体制から大きく脱却し、分権・自治の新しい段階に入りました。しかし歴史
的に画期的ともいるこの分権改革も改革内容をさらに検討すればいまだ「未完のもの」に
すぎません。これを完成させていく鍵は、ひとえに市民は傍観者であり続けるのか、それ
とも創造の担い手となるのかにかかっています。
一方、分権・自治の基盤であり、福祉の基盤である地方財政は、ますます深刻な危機に
直面しています。これを打開していくためには、抜本的な地方税財政の改革や条例制定権
の拡大、自治体議会の権限強化などによって、地域から実りある新しい民主主義の充実・
強化が不可欠です。
特に税源移譲、国庫補助金、地方交付税の「三位一体改革」は、地方分権のための改革
であり、これまで実現しえなかった本格的な税源移譲を含む税財源の分権化はもう放置で
きない改革課題となっています。その具体化は、年末の予算編成に委ねられていますが、
これを事業官庁や族議員の力関係に任せるのではなく、自治体の意見の反映と監視強化に
よって推進し実現しなければなりません。
ところが小泉政権は、「平成の大合併」と称される大規模広域市町村合併を集権的に推進
することを通じて、国の財政責任のツケを回すべく自治体の効率的な再編を図ろうとして
います。これは単に自治体の数が減るだけにとどまらず、有事体制づくりを効率的に自治
体の場から補完する性格を持っていることについても深く認識しなければなりません。「平
成の大合併」によって、平和憲法が平和憲法であるゆえんの一つである憲法第 8 章の地方
自治の原則も空洞化されつつあるのです。そのうえ有事法制や「国民保護法制」によって、
自治体の施設はもちろん住民の財産、権利を戦争時に自衛隊に好き勝手に使用させたり制
限したりすることができるようにしようとしています。
社民党は、このような「自治なき平和」あるいは「平和なき自治」への道を断固拒否、
地方分権のいっそうの推進によって憲法の「地方自治の本旨」の発展に努めます。
１．「未完の改革」である税財源の地方分権を進めます
44
[1]税源移譲の実現
税財政を通じた中央政府のコントロールが温存される限り、分権は成り立ちません。「未
完の改革」の中心課題は税財源の移譲につきるものであり、「三位一体改革」も、地方自治
の強化・地方分権の推進に即した地方税制を確立するため、地方における歳出規模と地方
税収入との乖離を縮小する観点に立ち、国税から地方税への税源移譲を行うことが必須の
課題です。現行の中央6、自治体4という歳入割合に対し、実際の歳出割合が中央4、自治
体6という現状を改め、当面これが1：1となるよう、所得税の自治体移譲を行います（地
方所得税）。
[2]課税自主権の拡大
地方税を真に自主財源化するため、標準税率を超える税率設定を自治体に任せるなど自
治体の課税自主権に対する制約を縮小・廃止します。地域の実情に応じた課税ベースの拡
大を図るため、全国的に均一性に乏しい税目については、すべて法定外普通税として自治
体の課税自主権に委ねるようにします。その際、安易な財源探しではなく、住民の理解と
納得をえながら、政策目的の妥当性、税としての公平性等の基準で真剣な論議を進めるこ
とは当然です。また、非課税等特別措置の縮小・廃止を進めるとともに、租税特別措置法
等による各種の経過措置が地方税に直接的に波及するのを遮断するようにします。
[3]道路目的財源の見直し
自治体においても地域の特性を反映した自主的・効果的な環境政策への取り組みが課題
となっています。道路目的財源について、自治体への移譲を進めるとともに、環境税的色
彩への変更や地域の生活交通維持財源への使途拡大を検討します。
[4]国庫補助負担金の見直し
国庫補助負担金について、国と地方の役割分担を踏まえ、国が直接的な財政責任を負う
部門を除き、縮減・廃止することとし、特に奨励補助金については全面的に自治体に移譲
するようにします。なお国庫補助負担金の縮小・廃止、一般財源化にあたっては、国の財
政負担の地方への転嫁となることのないよう、行政水準を維持するうえで必要な地方税財
源の充実策とセットで行います。また、国の直轄事業に対する自治体の負担金を廃止しま
す。
[5]地方債の見直し
地方債発行については、2006年４月より許可制から事前協議制に移行しますが、中小自
治体の共同発行を進めるため、現行の公営企業金融公庫を改組し自治体が共同出資する「自
治体銀行」（仮称）の創設を目指します。地元住民が直接起債を引き受ける「福祉地方債」
を発行します。
[6]地方交付税の財源保障・財政調整機能の維持
自治体に対する中央政府の義務的支出をそのままにして一方的に財源保障機能を縮小す
るということになれば、住民に密着した身近な生活サービスの切り捨てや、地域間格差の
拡大につながり、財政基盤の弱い自治体に大きな打撃を与えかねないことから、交付税の
一方的な機能縮小や総額抑制には問題があります。税源移譲を進め交付税に依存しなくて
よい自治体を増やしていくことで、交付税も中小自治体に重点的に配分されることになり
ますが、税源移譲が行われても、財源にかたよりがあること、社会保障や生活のナショナ
ルミニマムを保障しなければならないことから、財政調整制度自体は必要です。交付税の
財源保障と財政調整の二つの役割を踏まえつつ、算定基準・算定方法・配分のあり方を見
直し、基準財政需要額の算定を、自治体の財政需要額の実態を考慮しつつ、できるだけ簡
素な方式に改めるとともに、これまでのような国の政策遂行の手段として交付税を使うこ
45
とについて抜本的に改めます。段階補正の制度の趣旨を十分に尊重し、小規模町村の財政
運営に不利益が生じるような制度改正は行わないようにします。毎年度の財源不足に対応
するための交付税の総額確保にあたっては、交付税法第６条３第２項にしたがった制度改
正を行うことを基本とします。
[7]地方財政委員会の設置
現在国に設置されている地方財政審議会を改組し、総務省・自治体代表・学識経験者で
構成する「地方財政委員会」（仮称）を創設し、自治体の財政自主権の確立の視点に立って、
地方財政計画の策定、地方交付税の交付基準の策定、国庫補助負担金の削減、地方債の配
分等、地方財政全般にわたる国と自治体間の事項の調整および自治体間の事項の調整を行
うようにします。
２．「自治体改革」を進めます
[1]地方自治基本法の制定
法定受託事務については、できる限り新たに設けないこととするとともに、適宜適切な
見直しを行うことにより、自治事務を拡大するようにします。国の直轄事業については、
第 2 次地方分権推進計画で示された「全国的な見地から必要とされる基礎的または広域的
事業」に国の役割を限定し、それ以外は原則として、自治体が実施または管理するものと
するよう求めます。国の関与に対する是正改善義務などの国の権限が強化された側面の制
度改革に取り組むとともに、「地方自治基本法」の制定に取り組みます。また、市民自らが
考え行動することが自治の原点であり、自治体における計画・実施・評価のあらゆる段階
に参加することなくして住民の自己決定権の保障はありえません。そのため、市民の参加
権をはじめとする市民の権利と責任、街づくりの基本原則、自治体の責務等を規定した自
治基本条例を「住民憲法」として制定します。
[2]多様な住民参加システムの創設
住民の自己決定権を保障するには、住民自らが自治体における計画・実施・評価のあら
ゆる段階における自治体運営に参加することが必要です。コミュニティの自治を豊富化す
るためにも、多様な住民自治制度の創設として、例えば小学校区を基礎単位とし、自治体
の地域政策の検討、対案提示権の保障および一定額の予算措置を持った住区協議会を条例
によって創設します。
[3]大事な問題は住民が決める〜住民投票の制度化
自治体の重要事項について直接住民の意思を確認するための住民投票を制度化します。
その際、有権者の 3 分の 2 以上の署名で直接請求がなされた場合、議会の反対にかかわら
ず投票を行うものとし、過半数以上の署名で直接請求がなされた場合、予備的投票を行う
ものとします。その他、直接請求制度の改善（人口段階別に要件を定めて実施しやすいよ
うにする）、審議会・委員会等の人事への市民参加を進めます。
[4]自治体施策の市民評価
自治体の施策・事業の社会的有効性を判定し今後にフィードバックするため、議会の監
視・評価機能を向上させるとともに、政策行政事業評価条例を制定し、住民代表、サービ
スの受給者、職員、有識者を加えた政策評価システムや、主要な行政別のオンブズパーソ
ン制度の導入に取り組みます。
[5]地方公務員制度の見直し
短時間公務員制度の導入、身分が不安定な臨時公務員・期間公務員の処遇改善など、地
46
方公務員制度のあり方を検討します。地方公務員倫理条例の制定を進めます。医療・年金
制度の抜本改正とあわせ、社会保険行政の事務区分を地域住民に身近な法定受託事務とし、
職員の身分を地方公務員に移管するよう求めます。また、職業安定行政についても同様の
見直しを行うよう粘り強く働きかけます。
[6]NPO、ボランティアとの協働
自治体を「市民の政府」として、市民の自発性に依拠し、NPOやボランティアをはじめ
とする市民との連帯と協働を推進するコーディネート機関に転換します。NPOをはじめと
する市民の自主的・自発的な活動と、公共サービスの担い手である「公」との連帯と協働
を進めます。
[7]自治体議会改革
首長と議会の対等性を保障し自治体議会が行政をきちんとチェックするとともに、地域
住民の意思を反映し市民立法機能や行政に対する監視・評価機能を発揮できるようにしま
す。そのため、専門の政策調査スタッフを設置することとし、町村においても近隣の自治
体が共同で事務局を設けることを検討します。議会招集権の議会への保障、予算審議の常
任委員会設置の保障、予算修正権限の強化、副知事（助役）・出納長（収入役）に対する選
任権の保障等の改革を図ります。
[8]すべての住民が議員となりうるように
地域社会の社会的構成と自治体議会との乖離を解消し、多様な階層を反映する議会とな
るよう、市民の立候補しやすい制度に改めます。そのため、[1]議員定数を条例で決定する、
[2]一定の経過期間（12年間以上）を経て、議員報酬制を実費弁償制に転換する、[3]企業の
就業規則や法律による規制を廃止することによって、立候補権および当選後の企業等の在
籍権の保障を図ります。
[9]情報は住民のもの〜あらゆる情報の公開
住民参加の大前提として、徹底した情報公開を進めることが必要であり、自治体にかか
わる情報（議会・警察・外郭団体も対象に拡大、広報だけではなく政策情報も）の全面公
開に努力します。予算書・決算書を住民に判りやすくするとともに、自治体の条例・規則
集（要綱・内規も含む）を使いやすくします。行政過程を市民にオープンにするため、会
議公開条例を制定します。住民に「開かれた自治体議会」とするため、委員会の公開、議
会情報公開条例の制定、「出前議会」の実施、会議録の作成・公開、ケーブルテレビの活用
などを進めます。
[10]地域に暮らす外国籍市民の参加
豊かな自治を築くには、これまでのように国籍のあるものだけに政治参加を限定する閉
鎖的政治から、多様な住民による共生と連帯の開かれた政治に変えていかなければなりま
せん。定住外国人の住民（外国籍市民）としての権利を保障するとともに、自治体行政へ
の意見反映の充実、職員採用における国籍条項の撤廃を進めます。住民票における外国人
配偶者差別をなくします。また、最高裁判所の判断も踏まえ、在日団体などの意見を承り
つつ、外国籍市民に地方選挙権を付与するための法改正に努力します。
[11]都道府県と市町村の関係の改革
都道府県・市町村の現行の二層制の地方制度を堅持します。都道府県と市町村の関係を
真に対等・協力のものとし、都道府県と市区町村の争いにかかわる自治紛争処理委員につ
いては、独立した第三者機関としての機能を十分に持たせるようにします。
47
[12]「平成の大合併」に問題あり
「地方分権の担い手・受け皿づくり」を標榜しながらアメとムチで推進されている「平
成の大合併」は、財政難の中での国の財政負担の自治体・住民への転嫁、国にとってより
安上がりで効率的な地方行政・国内体制づくり、企業へ奉仕する自治体づくりを進める一
方、住民自治の空洞化と民主主義の後退をもたらすものとなっています。市町村の合併に
ついては、国と地方の対等関係と自治体の自己決定権を重視し、市町村合併を唯一の選択
肢として強要・強制しないようにするとともに、自治体、住民の自主的・主体的な決定を
尊重して対応することを基本とします。
[13]まちづくりのビジョンと公共性の創造を
カネと期限の見切り発車は最悪であり、合併するにせよ、しないにせよ大事なのは、ま
ちづくりのビジョンであり、公共性概念の創造です。将来を見据えた幅広い住民議論、正
確な情報と事実認識、財政シミュレーションを実施するとともに、合併協議への住民参加
の追求を行い、住民投票での決定を目指します。合併協議の最も重要なテーマである「新
しいまちづくり」のためのプランとしての市町村建設計画について、建設優先から脱却し
たソフト施策を重視したものとし、住民参加の仕組み作りを盛り込んだ計画とします。
[14]合併特例法のさらなる改悪に反対
現行合併特例法の期限後も自主的な合併をさらに強力に促進させるためとして、基礎的
自治体の人口要件の明示、事務配分特例制度、都道府県による合併構想の策定、段階補正
のさらなる見直しの示唆などの合併推進方策を盛り込む新法が検討されています。人口等
による一定規模未満の市町村に対して、その編入合併や事務権限・組織の縮小を強制また
は強要するような、団体自治・住民自治を著しく制限しようとするやり方は、到底容認で
きるものではなく、数値目標の設定や事務特例制度の創設のような法制度の改悪は行わせ
ないようにします。
[15]「地域通貨」に注目
市民の自発的・主体的参加による活動をサポートする具体的な道具・仕組みの一つとし
て、自律的で協同的な社会に至る「新しい共同性」の創造の試みである「地域通貨」の取
り組みを支援するとともに、コミュニティビジネスを支援します。
[16]暮らしのライフラインとしての郵便局の維持・活用
郵政三事業が民営化されれば、市場原理の当然の流れとして、過疎地など不採算地域か
らの撤退を余儀なくされます。郵政公社が効率・収益、経営最優先に流されることなく、
国営公社の事業として郵政三事業を一体で運営するという公的な性格・公共性がしっかり
発揮されなければなりません。徹底した透明化と情報開示、特定郵便局長制度の見直し、
郵政ファミリーの改革を進めつつ、全国2万4000箇所の郵便局とそのネットワークを国民
生活共有の社会的インフラ、暮らしに身近な公共サービスの拠点として、積極的に活用し
ていきます。とりわけ、離島や過疎地における郵便物の引き受け・配達が切り捨てられる
ことのないよう、郵便局数の現行水準を全国あまねく維持するとともに、福祉施策として
の第三種・四種郵便の堅持、必要な財政支援の実施などを図ります。
３．暮らしの安全を守ります
[1]警察活動の信頼回復
「安全な国」神話が崩れ、市民の間に不安が広がっており、犯罪を減らし安心できる社
会を取り戻すことが求められています。「犯罪は社会の鏡」といわれるように、その背景に
は景気の低迷や政治不信、過度の競争原理主義が社会の混乱、犯罪を招く点があることに
48
も留意すべきであると考えます。また、適正な監視システムの確立がないままの警察力の
強化は、市民活動の阻害につながる両刃の剣となる危険性もあります。検挙率の向上にし
ても、まず警察不祥事の根絶と信頼回復、捜査能力の向上が必要です。警察が真に市民生
活の安全の守り手として、国民からの信頼を回復するためにも、住民代表や有識者など外
部の第三者による監視機構を設置します。また、公安委員会が本来の趣旨に立ちかえり、
市民の代表として警察をきちんと管理するようにその機能の強化に努めるとともに、公安
委員会がより市民の理解をえるため、その活動内容を明らかにする「白書」の発行などを
行うようにします。
[2]「空き交番」の解消
「空き交番」が増えていますが、警備公安警察のあり方や機動隊の大胆な見直しを行い、
防犯や交通安全など市民生活に密着した刑事部門、生活部門、交通部門の現場を重視する
などの強化をすることによって適正な配置に努めます。
[3]消防力の強化
消防は、国民の生命、身体および財産を火災から保護するとともに、水火災または地震
等の災害を防除し、これらの災害による被害を軽減するなど、市民生活を守るうえで大事
な役割を担っており、消防力の抜本的強化と災害に強い都市づくりを責任をもって進めま
す。「消防力の基準」に照らした各自治体における消防職員の充足率（全国ベースで76.5％）
を向上させるとともに、小規模雑居ビルの安全性の確保に向けて立入検査や周期的な事後
点検、改善指導を含む違反是正措置を強化するため、緊急対応として新たに「消防防災支
援要員」を確保します。消防団員の待遇改善を図るなど、消防団の活性化に努力します。
消防用ヘリコプターの配置の増強や緊急消防援助隊の装備資機材の充実を進めます。
６．〈交通〉
人・まち・環境にやさしい交通の実現
あらゆる人の交通権の保障、すべての人が利用しやすい交通バリアフリーの実現、環境
にやさしい交通、安全で快適な交通、地域生活交通の確保が社民党の交通政策の基本です。
20 世紀の行き過ぎた「クルマ社会」は、激増する交通事故、慢性化する交通渋滞、大気
汚染・騒音等の交通公害といった社会的外部負経済をもたらすとともに、交通弱者の移動
の権利を奪ってしまいました。ここに交通分野の規制緩和が追い打ちをかけ、憲法に保障
された幸福追求権、居住・移転の自由、生存権に立脚する「移動の権利」が画餅と化して
います。21 世紀を人間優先の社会とするため、社民党は、誰もが、いつでも、どこからで
も、どこへでも、安全、安心、平等、快適に移動できる権利としての、新しい人権「交通
権」を保障することを交通政策の基本とし、そのためにも公共交通の充実が必要であると
考えます。特に弱い立場にある人たち、高齢者・障害者・子どもの移動の自由を保障する
ことが必要です。
高齢社会に対応する交通システム、限られた資源、地球環境を守る交通が求められてお
り、「クルマ社会」の行き過ぎを転換し、公共交通を基盤に置いた人と地球にやさしい総合
交通体系の確立を目指します。
１．「誰もが、いつでも、どこからでも、どこへでも」で交通権を保障します
[1]「交通基本法」の制定
フランスの「国内交通基本法」にならい、「交通権憲章」運動を進め、憲法の幸福追求権、
49
居住・移転の自由、生存権に立脚する「移動の権利」としての交通権の保障、交通社会資
本の基準、生活交通機関の位置づけ、生活交通に対する補助、総合交通会計制度、交通運
輸労働者の労働環境の保護、安全輸送の確保などを盛り込んだ「交通基本法」を制定しま
す。
[2]「総合交通会計制度」の創設
縦割りを排し、横断的・体系的な総合的交通政策を推進するため、道路特定財源をはじ
めとする交通整備財源を一本化した「総合交通会計」制度を創設します。総合交通政策の
観点から交通整備財源を活用するとともに、自動車の社会的費用の適切な負担の観点から、
「クルマ社会」の負の側面を軽減する政策に充当することとし、生活交通の維持や環境対
策を進めます。特にドイツではガソリン税にあたる鉱油税を公共交通のための財源として
活用しており、通勤、通学、通院、買い物の「足」を確保するため、マイカーによるモー
タリゼーションのしわよせを受けている生活バス路線や地方鉄道、ＬＲＴなどに対する財
政措置の強化に充当するようにします。
[3]自治体の交通政策の確立
各自治体における自主的・主体的な交通政策の企画立案機能を高めるようにします。特
に生活交通の維持は立派な福祉サービスであり、まちづくりに不可欠な施策としてきちん
と位置づけ、地域の社会的共通資本として生活交通を捉え、公共交通を街づくりの中心と
位置づけた政策への転換を目指します。
２．安全で快適な交通を創ります
[1]安心して乗れる公共交通に
新幹線トンネル事故、京福電鉄正面衝突事故などの鉄道事故や、ホームからの乗客の転
落事故が続発しています。また、バスにおいても飲酒運転や無免許運転も発覚しました。
公共交通機関にとって乗客の安全は最優先の課題です。安心して公共交通を利用できるよ
う、飲酒運転、過労運転防止対策の強化、自動車運転者の労働時間に関する改善基準や運
輸規則などの法令遵守、交通労働者の健康を守る取り組み、防犯・保安対策の強化を推進
するとともに、「運輸安全基本法」の制定を検討します。
[2]国家運輸安全委員会の創設
鉄道・航空事故調査委員会が独立した調査活動ができるようにするとともに、将来的に
はアメリカの NTSB（国家運輸安全委員会）にならい、あらゆる交通モードを対象とする
「国家運輸安全委員会」の創設を目指します。
[3]地下鉄火災対策
地下駅における利用者の安全を確保するため、避難通路、排煙設備などについて火災対
策基準を満たすよう、国の支援を強化した緊急対策を行います。
[4]地方鉄道の安全対策
国も経済効率のみで鉄道を位置づける発想をやめ、環境・地域への鉄道の貢献を重視し、
鉄道の安全対策への国の支援を強化します。
[5]交通に関する社会的規制の強化
需給調整規制の廃止に伴う労働条件・雇用への影響を防止するため、産業別最低賃金制
などの最低労働基準を確立します。同時に、責任の所在の明確化、事業者の資質の向上、
不適格事業者の排除、違反者への罰則強化等の社会的規制を強化します。重大事故の原因
50
となっている過積載・過労運転について交通安全の観点から実質的な使用者責任を追及し
ます。
[6]公共交通としてのタクシーの支援
規制緩和政策によって需給アンバランスと、渋滞、運賃破壊、労働強化が進んでおり、
需給の適切なコントロールや働きやすい環境作りを求めます。タクシーの運転者資格制度
の創設やタクシー適正化事業実施のための機関の設置を検討します。駅前タクシー乗り場
やタクシーベイの整備を進めます。なお、高齢者・障害者等に対する福祉輸送の需要が増
加していますが、道路運送法の例外適用が拡大し、安全輸送を担保する２種免許の取得さ
えいらないかのような状況が作られつつあります。NPOやボランティア等の福祉移送であ
っても、安全輸送のための法的基準や一定の規制は必要です。道路運送法上の事業許可、
乗務員の第 2 種免許取得義務づけ、介護保険とのかかわりについて安全面の確保を重視し
つつ改善を求めることとし、福祉タクシー事業の推進とあわせて対応します。
[7]交通安全対策の推進
歩車道の完全分離を推進するとともに通行区分の明確化を徹底し、スクールゾーンの増
設やコミュニティ道路の充実を図っていきます。交差点における歩行者優先の原則を徹底
するとともに、信号機の高度化を進めるなど「人にやさしい」視点で歩行者安全策を追求
します。踏切の歩道設置や、踏切への点字ブロック設置を進めるなど、人にやさしい踏切
にします。自転車事故や歩行者への傷害事故を防止するため、違法駐車の禁止の徹底、自
転車道の整備、自転車通行帯の充実を推進していくとともに、交通安全教育のいっそうの
充実や自動車教習の強化などの運転者対策を進めます。交通事故被害者のケアを充実する
とともに、事故調書の早期開示を検討します。
[8]船員の安全確保
船舶輸送に従事する船員の命を守るため、海水脱塩式造水装置の普及を進めます。
[9]空の安全確保
最近、航空機の整備不良事故やニアミス事故が多発しています。整備の委託や新会社の
参入によって、安全に対する信頼が揺らいでいます。事故が起きれば経済的損失をもたら
すから事故は起きないようにするはずだという「規制緩和＝安全論」に与することはでき
ません。航空持ち株会社に対する適切な規制を講じるとともに、空の安全確保に万全策を
求めます。
３．すべての人が利用しやすい交通を創ります
[1]車両のユニバーサルデザイン化
車椅子スペース付き鉄道車両の整備やホームとの段差の解消、車高が低く車内の段差が
ない、誰もが乗り降りしやすい超低床車（ノンステップバス）の導入を進めます（購入補
助の充実、標準仕様の策定）。またリフト付きタクシーなど車椅子対応ユニバーサルタクシ
ーや介護タクシーの普及を推進し、移動制約者に個人的な輸送を提供する交通サービス
（STS）を進めます。
[2]駅のユニバーサルデザイン化
開放式エレベーターや車椅子対応型エスカレーター、スロープの設置、段差の解消、誘
導・警告ブロック、音声や接触・発光ダイオード方式による情報提供装置や見やすくわか
りやすい案内表示の整備、ホームでの転落防止のためのホームドアや転落検知マットの導
入、改札口の拡幅、バリアフリー型トイレの整備等を進め、鉄道駅を誰もが安心して利用
51
しやすくします。相当数以上の乗客が見込まれる駅に加え、高齢者、身体障害者等の利用
が多いと見込まれる駅等についても、改良工事の推進や人的サポートを含め必要な措置を
講ずるようにします。また、鉄道駅以外のバス、旅客船、空港のターミナルもすべての人
に使いやすくします。
[3]乗換えをもっと楽に
鉄道とバス、鉄道相互、バス相互間の乗換えを円滑にするとともに、駅前広場や周辺道
路、駅ビル等を含め関係方面と連携して交通ターミナル施設の改良を進めます。公共性の
高いコミュニティ空間である駅に人の集う場所をつくります。
[4]大事なのは当事者の声
交通バリアフリー法は、その対象が高齢者・身体障害者＝車椅子利用者にかたよってい
る、移動の自由や交通権を直接保障したものとはなっていない、既存駅・施設は努力目標
にとどまっている、肝心の当事者である高齢者・障害者の参画が盛り込まれていない、ハ
ードに限定されており運賃や人的サポートなどソフト面の施策がない、など不十分な点が
多く残されています。一番状況がわかっている当事者の意見を計画や事業に生かしていく
べきであり、市町村の基本構想策定の段階において、当事者の声を反映させる仕組みを設
けるようにします。
[5]バリアフリー投資の推進
バリアフリー化は、ローカル線活性化対策、観光活性化についても意義があり、バリア
フリー投資へのインセンティブを充実するようにします。
[6]ソフト面の施策の充実
シルバーパスを充実させるとともに、障害者割引に対する公費負担制度を創設し、生活
交通を誰もが利用しやすくします。また、公共交通機関への介助犬の同伴を広げます。
[7]「ショップ・モビリティ」の推進
高齢者や障害者も気軽に買い物を楽しみ、社会参加が行えることを目指し、地域福祉拠
点施設としての「ショップ・モビリティ」（街の中心部に事務所を設け、電動スクーターや
車椅子などを無料で貸し出し、必要に応じてボランティア等の付添いも行うことによって、
移動が困難な人が自由に商店街の中をみて回ったり買い物をしたりできるサービス）を設
立します。
[8]楽しく歩ける歩道に
クルマ社会の進展は、急激な交通事故の増加を招き、死傷者の激増をもたらしました。
まず歩行者と車が同じ道を通行することが事故の大きな要因の一つですから、歩車道の完
全分離を推進するとともに通行区分の明確化を徹底し、またスクールゾーンの増設やコミ
ュニティ道路の充実を図っていきます。交差点における歩行者優先の原則を徹底するとと
もに、「人にやさしい」視点で歩行者安全策を追求します。あわせて踏切の歩道設置や、踏
切への点字ブロック設置を進めるなど、人にやさしい踏切にします。次に自転車事故や歩
行者への傷害事故を防止するため、非常に遅れている自転車道の整備や自転車通行帯の充
実を推進していきます。車対車の事故防止のためには、道路標識や信号機の改善を図ると
ともに、自動車構造のいっそうの向上を進めるため構造基準の強化を図ります。また、交
通安全教育のいっそうの推進や、自動車教習の強化など運転者対策も充実させます。各省
庁の連携を強化するとともに、自治体が独自に交通実態にあった交通安全行政を行えるよ
うになることを追求します。歩道の段差の解消、電柱の地中化、歩道橋や地下道への小型
エレベーターの設置を推進します。
52
４．環境にやさしい交通を創ります
[1]脱「クルマ社会」を展望
交通需要マネジメントを推進し、自動車の都心部乗り入れ規制や台数割当制度、ロード
プライシングを導入するなど、中心市街地の自動車の総量規制に踏み出すとともに、パー
ク・アンド・ライドなど自動車・自転車と生活交通の連携を進めます。不要なマイカーの
利用を抑制するため、公共交通を利用しやすくするようにするとともに、カーシェアリン
グを検討します。違反駐車防止条例の制定を推進します。
[2]クリーンな自転車の推進
クリーンな乗り物である自転車の活用を進めていくため、非常に遅れている自転車道や
自転車通行帯、自転車駐輪場の整備を推進するとともに、サイクル・アンド・バスライド
や生活に密着した循環型自転車活用制度（レンタサイクル）を広げます。
[3]モーダルシフトの推進
物流の効率化、環境対策を推進するため、幹線物流における貨物鉄道輸送や内航船舶輸
送の強化、各交通機関相互のアクセス向上、共同配送拠点の整備を進め、自動車輸送から
の移転（モーダルシフト）を促進します。なお高速道路の無料化は、受益者負担のあり方
からみて不公正であるだけでなく、温暖化対策や騒音・大気汚染対策、公共交通の利用促
進といった交通政策に逆行するなどの問題があります。コンテナ貨物輸送力の増強など貨
物鉄道に対する支援措置を強化します。
[4]低公害バスの推進
ハイブリッドバスや電気自動車、CNG車等低公害バスの導入を推進します。また、条件
に応じてバスのトロリー化を検討します。
[5]地球温暖化対策の推進
地球温暖化、オゾン層の破壊等地球的規模の環境問題等に対応するため、観測・監視・
予報体制の充実・強化を図ります。また、交通公害の防止を推進するとともに、海洋汚染
防止対策、船のNOx・PM対策を充実します。
５．地域の電車・バスを大切にします
[1]生活バス・サービスの維持
モータリゼーションの進展で危機に瀕しているバス事業に、無謀な規制緩和が追い討ち
をかけ、特に過疎地では路線の廃止や休止が相次いでおり、地方部では、住民の便利な「足」
がなくなってしまうのではないかという深刻な問題がすでに出てきています。しかし、環
境問題、高齢化問題、地域活性化、地域コミュニティの復興といった21世紀の豊かな社会
づくりに必要な課題の解決には、自治体ぐるみの生活交通の再生がなくてはならないと考
えます。生活交通は、人の自由な移動を通じて、文化を伝え、コミュニケーションを保障
し、地域社会の活性化を生み出す重要な役割を果たしており、単に交通の問題ではなく、
広く社会的な視点からの新しい発想と手法で考え、地域活性化・過疎対策の基本に、生活
交通の維持が位置づけられるべきです。「公共交通は赤字でも福祉など他の分野で便益を生
む」というクロスセクターベネフィットの考え方で、地方の生活バス路線やコミュニティ
バス、福祉バスへの財政措置を強化するとともに、自治体、住民、バス会社の三位一体の
連携プレーで生活交通の維持を図ります。将来的には、道路目的財源の総合交通財源化を
行い、バスの維持・復権のための財源を国・自治体の責任できちんと手当てすることを目
53
指します。
[2]「オムニバスタウン構想」の推進
バスの利便性向上、活性化を図るその利用を促進するため、魅力ある車両の導入や、バ
ス停の高度化、バス専用レーンの拡充、情報案内システムや運行管理システムの整備を行
いつつ、各省庁が連携してバスの多様な意義を十分に活かした街づくり（「オムニバスタウ
ン構想」）を進めます。
[3]社会資本としての地方鉄道の維持
規制緩和による地方鉄道の廃線計画が各地で浮上し、生活に密着した鉄道路線の維持が
大きな問題となっています。地方鉄道を維持するため、「公共近距離輸送は生存配慮にかか
わるので維持しなさい」というドイツの「地域における公共近距離旅客輸送に関する法律」
にならい、「公共交通の根幹をなす鉄道を守る」立場に国・自治体の交通政策を転換させ、
地域住民の生活路線であり、鉄道ネットワークをなす地方鉄道に対する補助制度を抜本的
に見直すとともに、基盤保有と運行を分離する「上下分離」方式の活用を検討します。地
域における公共交通の整備は、地域振興や雇用、市街地活性に効果があり、鉄道を地域住
民の共同の社会資本と位置づけ、駅を拠点とした街づくり、アクセスや利便性の向上、駅
周辺整備の推進や「ルーラルレイルウェイツーリズム」など、鉄道を核とした地域振興を
進めます。
[4]路面電車の復権・再生
人と環境にやさしい生活交通体系として、超低床車両を使用した新しい路面電車である
LRT（軽快電車）を強力に支援します。そのため、軌道・車両に対する税財政上の支援を
拡充するとともに、軌道の専用化を進めます。また、歩行者専用のショッピングモールに
公共交通を運行させた商業空間（トランジットモール）を広げ、街ににぎわいと魅力を取
り戻し、「トランジットモデル都市」を目指します。
[5]地域交通委員会の設置・地域交通計画の策定
バス、地方鉄道、路面電車等の地域の公共交通を守るため、「公共交通の確保および経営
調整に関する特別措置法」（仮称）を制定するとともに、住民の移動の権利、自治体の交通
政策に関する責務等を規定する「地域公共交通基本条例」（仮称）を制定します。また、国
の持っている交通行政の権限を自治体に移譲し、地域交通に対する自治体の決定権を拡充
することで、住民・利用者の声を交通政策に反映されるようになります。交通問題に関す
る自治体間の協力や広域連合制度の活用を進めます。生活交通維持のための「地域協議会」
を地域の関係者が一体となって交通問題を考える場とするため、利用者、住民、交通労働
者も参加するように働きかけます。地域のあるべき交通の姿を地域交通計画として策定し
ます。将来的には「地域交通委員会」への発展を目指します。
[6]離島の足の確保
離島航路の運航確保、離島の航空輸送の確保に必要な施策を充実します。
[7]高速交通体系の整備と並行在来線の維持
整備新幹線に対する厳しい意見も真摯に受け止め、貨物鉄道のあり方や地域の重要な足
である並行在来線の維持・確保に努力するとともに、財源の重点的・効率的使用や総合交
通体系確立の観点からの公共投資の内容全体の見直しを行うなどの残された課題の解決を
図ります。
[8]「通勤地獄」の解決
54
通勤ラッシュを緩和するため、新線建設、車両増備、ホーム延長、信号の高度化、時差
通勤、職住近接を進めるとともに、都市鉄道・地下鉄整備等への公的助成の拡充を引き続
き求めていきます。また、「開かずの踏切」を解消していくため、高架化・地下化を推進し
ます。
[9]JRの公共性の確保
国鉄から公共交通としての鉄道を引き継いだJRが「社会的責任」を果たすよう、安全性
やローカル線対策をはじめとする公共の福祉の増進の観点からチェックします。
７．〈公共事業〉
公共事業の中身とやり方を変えよう
従来、公共事業は景気対策としても有効だとされてきましたし、橋や道路を造ることが
経済の活性化につながるという効果を持ちえた時代もありました。しかしバブル崩壊以降
の状況をみても明らかなように、政府がいくら公共投資を行っても景気は思うように回復
しません。カンフル剤のように一時的な効果はあるのですが長続きしません。大量の不良
債権を抱えた一部ゼネコンは借入金返済に追われ、地元中小企業に対して、仕事を切った
り、単価切り下げや支払い延滞を行っていたりしているため、地域経済への波及効果も著
しく低下しています。さらに大規模公共事業は巨額の負債と維持費負担を残して地方財政
を圧迫しています。しかも、地域環境を破壊するだけで住民の本当の生活ニーズを反映し
ておらず、相次ぐ住民投票にみられるように、地域住民自身からも批判が強まっています。
明らかに、従来の公共優先事業政策は行き詰まっており、根本的な発想の転換が必要です。
社民党は、環境保全や住民参加、歳出の削減、費用対効果の視点から公共事業の見直しを
進めます。
[1]公共事業の中身を変える
公共事業の各種長期計画を見直し、国会での審議を強化して不要不急な事業を計画から
排除します。硬直した公共事業の配分を改めるため、縦割りの特別会計・特定財源制度を
抜本的に見直すとともに、同種・同一目的の事業については、統合、一本化を大胆に進め
ます。環境アセスメントの強化により、現在のニーズに適合しない大規模プロジェクトの
見直しを積極的に行い、地域発信・環境重視の生活優先型公共事業へ転換し、地域経済の
自立的基盤の確保に役立つとともに、地元の中小業者に直接仕事が回るようにします。
[2]公共事業のやり方を変える〜住民参加の公共事業へ
公共事業が、どのような審査や論議の経過を経て決定されるのか、これまではあまりに
不透明な部分が多すぎました。事業が実施される地域の住民が理解し納得するためには、
参加と情報の公開は不可欠です。公共事業に関する権限・財源の自治体への分権を進める
とともに、政策形成の段階から住民の意見を吸い上げるための意思表明の場を提供するパ
ブリック・インボルブメント(PI：Public Involvement、計画策定段階からの市民参画）等
の手法も活用します。
公共事業の決定過程の透明性を確保するとともに、事業の中止、変更を可能とする「手
続」を確立するため、「公共事業基本法」を制定します。
[3]公共事業見直しのルールづくり
一度着手された事業であっても、中止や計画の変更ができるようにするため、住民参加
の公共事業チェック機構の創設、見直しのルール化に取り組みます。
55
[4]公契約法・公契約条例で政策入札へ
国・自治体からの業務の民間への委託が進めんでいますが、現在の入札制度は価格が安
ければよいという価格重視の入札制度となっているため、いわゆる「不当廉売」を許容す
ることになり、地域公共サービスの質の確保や公正労働基準・労働者保護が保障されない
と思われる金額で落札されるケースが増加しています。また、談合事件や不正入札事件も
後を絶ちません。国や自治体といった公の機関が民間会社に公共サ−ビスを委託したり、
公共事業を請け負わせたりするにあたって、その地域の平均的な労働条件を切り下げるよ
うな契約をしてはならないと定めている、ILO94 号条約（日本政府は未批准）の趣旨を踏
まえ、公正労働基準や生活賃金の保障に基づく委託予算への改善を図るため、公契約法・
公契約条例を制定します。また、国・自治体は、政策を通じて公正労働、福祉、環境、人
権、男女平等参画などの社会的価値を実現する役割と責任を担っており、これらの社会的
価値を落札基準に加える「政策入札」への転換を図ります。
[5]野放図な開発ではなく住民本位のまちづくりを
小泉「都市再生」は、80 年代に大都市住民が地上げに翻弄された中曽根民活の再来につ
ながりかねないものです。規制・誘導・計画によって望ましい人間的な都市を形成するこ
とこそが求められる「都市再生」のあり方です。景気対策のために、民間資本主導の開発
の自由、建築の自由を放任することは、「敗北の都市計画」であり、地方分権・住民主導、
環境配慮といった世界の「都市再生」の流れに逆行する、時代遅れの産物といわざるをえ
ません。地域の合意を重要視して街づくりを進めようとする自治体や市民の努力を大切に
します。低水準の都市公園の整備を促進するため、虫喰い状態の土地を積極的に買い上げ、
都市公園緑地として活用します。電線の地中化、共同溝を整備し、緑の都市づくりを加速
します。中心市街地の再開発、住宅密集地の再開発でも都市公園整備、緑の空間の確保を
優先課題として取り組みます。
[6]災害に強い国土を
自然の豊さに着目し、最先端の科学的知見を活かした自然災害に強い国土利用を促進し、
日本の自然の豊さを国民全体が共有して生きる日本を築きます。災害列島日本から防災先
進国日本へ、災害救助法はじめ防災、救援、復旧・復興関係法令の抜本的再編成を促進し
ます。
そのため、自治体へ大幅に権限を移譲し、救貧行政思想から脱却し、被災自治体、関係
住民の使い勝手のよい防災・復興行政へ転換します。危険地域の住宅地（急傾斜地、水害
常襲地など）を買い上げて公園化します。河川災害多発地域の農地買上げと公園緑地へ転
換します。また、災害関係予算（救援、復旧、復興、防災）の透明化、簡素化、自治体な
どへの権限移譲と防災マップの普及と住民参加の防災・救援計画の策定を促進します。
公共施設の耐震性の向上、電気・電話等の系統の多重化、避難場所や消防水利の整備、
緑の保全と活用等による災害に強い街づくりを計画的に推進、災害時の情報システムの整
備、食料・医薬品の備蓄、地震観測・研究の強化、自衛隊の災害派遣の訓練の充実等を進
めます。
８．〈人権〉
《すべての人々が、わけへだてなく生きてゆける平等社会を実現します》
１．人権政策を推進するために行政機構、法制度改革・整備を進めます
（１）「人権教育・啓発推進法」を見直します
56
人権教育・啓発を推進するため、2000年に制定された多くの問題点を抱える「人権教育・
啓発推進法」を見直します。
民間団体や NPO・NGO などと十分な連携をとり、基本計画の策定をはじめ、あらゆる
場で当事者や住民の参加を保障し、国・自治体が行う教育・啓発の充実を目指します。
人権教育・啓発は、政府全体で取り組むべき課題ですので、法律の所管を法務・文部科
学省共管から内閣府に移管します。内閣府に、「人権教育・啓発推進会議」（仮称）と「人
権局」（同）を設置し、人権政策を専任で対応する大臣を配置します。
将来的には、人権擁護に関する施策および調整全般を所管する「人権省」（仮称）の設置
を目指します。さらに国会の常任委員会として、新たに「人権委員会」（同）の設置も目指
します。
（２）実効性のある人権救済機関を創設します
「人権救済法」を制定し、政府から独立した実効性ある救済機関を構築します。人権侵害
を受けた場合の新たな救済機関として「人権委員会」（仮称）を創設します。
委員会には、人権問題に取り組むＮＧＯ、ＮＰＯなど民間団体、市民団体、労働組合、
マスコミ、法曹関係者など、また実際に人権侵害や差別を受けてきた当事者がその運営に
参加できるものとします。
（３）公安調査庁を廃止します
これまでの法務行政を徹底的に見直し、その存在が時代にそぐわなくなっている公安調
査庁を廃止します。
（４）盗聴法を廃止させます
通信の秘密という重大な人権を侵害し、警察によって恣意的に運用される可能性が高い
通信傍受法（盗聴法）を廃止します。
２．人権と差別に関わるあらゆる問題を解決するための政策を推進します
（１）被差別部落
部落差別意識の解消に向けた同和教育を引き続き推進します。インターネット上などで
の悪質な差別事象の頻発を踏まえ、新たな状況に対応した教育・啓発を進めます。
また、部落問題の解決に大きな役割を果たしてきた隣保館を地域社会における人権セン
ターとして位置づけ、あらゆる人権と差別にかかわる問題に対応できるよう、その機能を
充実します。
（２）アイヌ民族（先住民族の権利）
アイヌ民族の先住民族としての権利を保障するため、「アイヌ文化振興法」を北海道外で
生活するアイヌ民族にまで拡大するよう改正します。 先住民族問題についての理解と関
心を喚起しながら、先住民族の権利について定めたＩＬＯ１６９条約の視点を国内法にも
反映させるよう取り組みます。
（３）日本に在住する外国人
在日外国人に対する差別を解消するため、外国人学校卒業生に国立大学の受験資格を付
与できるよう外国人学校を日本の学校と同等に扱い、また、管理職への登用を含む公務員
への採用を進めるとともに、人種・民族差別禁止の立法化や、定住外国人の地方選挙権の
実現などに取り組みます。
（４）外国人労働者
57
外国人労働者の人権を確立するとともに、労働条件、就業環境、居住環境の改善に取り
組みます。またトラフィッキング（人身売買）目的で入国させられる人々が増えています
が、日本国内でそのようなことが起きないよう万全の対策を講じます。
（５）入管・難民認定法
難民および難民申請者の増加と出身国の多様化が進む中で、人道的観点から、入国管理
法と難民認定法を改正し、医療、公的扶助、在留資格の付与、就労許可等の支援措置を講
じます。また、申請、認定、自立というプロセスが円滑に進むようにします。難民条約が
遵守されるよう政府を監視します。
（６）高齢者
尊厳ある老後と安心できる生活、活力ある高齢化を実現し、高齢者の生活・人権保障を
確立します。
（７）子どもの権利
子どもの人権を確立するために、子どもの権利条約にもとづく成長および福祉のための
理念が具体化する施策を推進します。子どもの権利条約が遵守されるよう政府を監視しま
す。
（８）女性の権利
男女平等社会を実現するために、法、制度、慣行を点検し、改善します。また、日本社
会における社会的マイノリティ集団の女性の主張にも配慮し、政策にマイノリティ女性の
視点を活かします。女性差別撤廃条約が遵守されるよう政府を監視します。
（９）性的指向
ゲイ・レズビアンなど性的指向への偏見にもとづく差別の撤廃に取り組みます。
（10）性同一性障害
性同一性障害者の人権が守られるよう、特例法の改正に取り組みます。
（11）障害者
ノーマライゼーション（共生）の理念や「完全参加と平等」を達成し、障害者の政治的・
経済的・社会的・文化的権利を確立します。「障害者差別禁止法」を制定します。
（12）患者・感染者など
患者・感染者などのプライバシー保護をはじめとする人権保障を確立します。
（13）犯罪被害者
犯罪被害者の救済制度を充実させます。また修復的司法の要素を取り入れた、新しい司
法制度のあり方を追求します。
（14）被疑者・受刑者
いわゆる代用監獄制度を廃止するなど、被疑者・受刑者の人権確立に取り組みます。さ
らに国際潮流を踏まえ、死刑の廃止を含めた刑罰制度の見直しを行います。拷問禁止条約
が遵守されるよう政府を監視します。
３．国際潮流を踏まえ「人権先進国」を目指します
（１）国際人権関連条約を批准し、国内法を整備します
58
生命の尊重、身体の自由、思想・良心・表現の自由、居住・移転・出国の自由、少数民
族の権利などを定めた国際人権規約 B 規約の選択議定書、死刑廃止条約など、いまだに日
本が批准していない国際人権関連条約の批准を急ぐとともに、条約の理念を踏まえた国内
法整備を進めます。
（２）「人権教育のための国連10年」を推進します
「人権教育のための国連10年」をこれまでの同和教育の実績、世界的に展開されている
多文化教育などを踏まえ推進します。また「人権教育国際会議」を日本で開催します。
（３）戦後補償法を制定し、侵略の過去を清算します
過去に日本が行った植民地支配と侵略戦争を真摯に反省し、戦後補償問題の解決に向け
て、「戦争被害者の保障等に関する法律案」をはじめとした新たな立法を目指します。また、
その前提となる歴史事実の真相調査を進めるために、「戦争被害調査会法」の成立を目指し
ます。
４．男女平等
いきいき女性
《一人ひとりがいきいきと輝く男女平等の社会へ》
21世紀を迎えて、日本の女性政策は大きく動いています。1999年には「男女共同参画社
会基本法」が施行され、各自治体においても男女平等参画条例（名称は自治体によって異
なる）が次々に成立しています。今後は、女性差別撤廃条約と同基本法をテコとして、現
行法や社会保障制度等を点検、改正していくことが課題となります。
特に、雇用の分野における男女平等の実現は重要な課題です。1997年に改正された「男
女雇用機会均等法」は、雇用におけるすべての男女差別を禁止しました。しかし、男女の
賃金格差が示すように、その実効性はまだ不十分です。さらに雇用形態が多様化し、女性
は非正規雇用に追いやられています。「同一労働同一賃金」の原則の実現、雇用形態による
差別禁止の法制化は急務です。
政府は、「仕事と家庭の両立支援策」として「育児・介護休業法」に関する改正案を準備
していましたが、社民党は政府案よりも内容を充実し、パート・派遣なども対象労働者と
するよう求めました。
2001年4月には、超党派の女性議員の尽力で「配偶者からの暴力の防止および被害者の
保護に関する法律」（DV 防止法）が成立しました。今後も、社民党は、夫やパートナーか
らの暴力（ドメスティック・バイオレンス＝DV）防止など、女性への暴力の根絶に向けて
取り組みます。
ライフスタイルが多様化する中で、固定的な性別役割分業を前提に、企業社会で働く男
性をモデルとした諸制度は行き詰まっています。この不安感、閉塞感を打開するには、男
女平等に推進こそがかぎとなります。
社民党は日本で初めて男女同数の国会議員を実現した政党です。社民党は、「男女雇用機
会均等法」「育児・介護休業法」「子ども売春・子どもポルノ禁止法」「男女共同参画社会基
本法」などの成立・改正に中心的な役割を果たしてきました。また、いち早く女性の政党
リーダーを選出し、女性候補者の擁立・支援を積極的に行い、女性の声を政治に反映させ
るよう努めています。
私たちは、政治、経済、社会、あらゆる場面に女性が参画することで、一人ひとりが尊
重され、女性も男性もいきいきと暮らせる社会づくりを目指しています。
（１）女性議員を増やします
59
[1]女性議員ゼロ議会をなくし、男女の議員比率を定めた割り当て制（クォータ制）の導入
を検討します。
[2]小選挙区制、非拘束名簿式比例代表制等を見直し、女性が出やすい選挙区制度の実現に
努力します。
[3]政治論理の確立を徹底し、供託金の引き下げなど、お金のかからない選挙制度を検討し
ます。
（２）女性の参画を応援します
[1]国や地方の委員会・審議会の構成メンバーをチェックし、女性委員ゼロの状態をなくし
ます。女性の比率は40％以上（国の目標は30％）を目指します。
[2]公務員への女性の採用を増やし、管理職への登用を促進します。
[3]企業に、女性の採用・昇進・昇格・昇級などについて、積極的な取り組みをするよう働
きかけます。
[4]女性の起業家を支援する基金制度をつくります。
[5]農山漁村、自営で働く女性たちの労働を正当に評価し、経済的な保障、年金権の確立な
ど、地位向上に努めます。
（３）女性差別撤廃条約の実現に努力します
[1]世界の女性たちが積み上げてきた女性差別撤廃条約、1995年北京女性会議行動綱領、国
連女性2000年会議成果文書などを国内の法制度に積極的に活かし、実効性のあるものにし
ます。
[2]ILO156号条約（家族的責任をもつ男女労働者の権利保障）の定着と、ILO175号条約（パ
ートタイム労働者の均等待遇保障）の早期批准を目指します。
[3]女性差別撤廃条約選択議定書（個人への人権侵害を国際機関によって救済するための個
人通報制度などを含む）早期批准を目指します。
（４）男女共同参画社会基本法の実効性を求めます
[1]女性差別撤廃条約の理念に則り、男女共同参画社会基本法の具体化を促進します。
[2]同基本法に基づいて、固定的性別役割分業を前提とした各法律や雇用・社会保障制度な
どの見直しに着手します。
[3]各自治体において、地域実態を反映させた男女平等参画条例（仮称）と基本計画の制定
を促進します。
（５）女性が個人として尊重される法律・制度をつくります
60
[1]選択的夫婦別姓の導入、婚外子への相続差別是正、婚姻年齢の男女同一化、女性のみの
待婚（再婚禁止）期間の見直しなど、民法改正を早期に実現します。
[2]世帯単位の賃金、年金、保険、税制度を個人単位へ見直し、女性が自立して生活できる
公平な制度に変えます。
[3]女性に多くの負担がかかっているアンペイド・ワークを社会的・経済的に評価し、年金
などに反映させる仕組みを検討します。
（６）女性に対するあらゆる暴力をなくします
[1]社民党は関係者の意見を聞きながら、どの政党よりも早く、夫やパートナーからの暴力
（ドメスティック・バイオレンス）防止に関する立法化に取り組んできました。その努力
が土台となって、第151国会において、「配偶者からの暴力の防止および被害者の保護に関
する法律」（DV 防止法）が超党派で成立しました。今後も、同法の運用状況を踏まえなが
ら、DVをなくしていくための施策を強化します。
[2]米軍基地周辺で多発する女性に対する暴力の根絶にむけ、基地の整理・縮小・撤去に取
り組みます。
（７）雇用差別をなくします
[1]賃金差別、間接差別、セクシュアル・ハラスメント（性的嫌がらせ）など、雇用におけ
る差別を解消し、男女同一価値労働・同一賃金原則を実現します。
[2]パート・派遣労働者と正社員との均等待遇原則を立法化し働く権利を保障します。
[3]新卒女性について就職支援を行うとともに、雇用の門戸を広げるよう企業に働きかけま
す。
[4]中高年の再就職を支援し、雇用における年齢差別をなくします。
（８）家庭と仕事の両立を応援します
[1]育児・介護休業法を発展させ、看護休暇制度などを加えた「家族的責任を有する男女労
働者の仕事と家族的責任の両立を保障する法律」をつくります。
[2]育児・介護休暇中の所得保障（2000年は25％、2001年から40％）をさらに引き上げ、
男女ともに育児・介護休業を取りやすくします。
[3]男女共通の労働時間の短縮、時間外・休日労働、深夜業の規制に取り組みます。
（９）子育て支援を実現します
[1]子どもへの暴力・虐待をなくし健やかな成長を保障する環境整備に取り組みます。
[2]育児の不安に答える相談所を地域につくり、親・保護者と保健婦・医師・カウンセラー
が連携を取れるよう支援体制を整えます。
61
[3]保育園、学童保育所の待機児をなくし、地域の保育ニーズにあわせた子育て支援施策を
拡充します。
[4]ひとり親家庭への支援を充実します。
[5]地域の子育て経験者を活用し、子育てを支え合う柔軟な制度を検討します。
（10）女性の健康支援に取り組みます
[1]生涯を通じた女性の健康と自己決定権（リプロダクティブ・ヘルス／ライツ）を保障す
る新しい法律をつくります。
[2]刑法の堕胎罪を撤廃し、母体保護法を見直します。
[3]若い世代をはじめ誰もが利用しやすい、性やからだに関する相談所を各自治体につくり、
幅広い情報の提供とカウンセリングを行います。
[4]健康保険からの出産育児一時金に加え、国の一般財源からも出産手当を支出して出産費
への補助を倍増させます。
[5]乳幼児医療に対する国庫負担を増額します。
（11）男女平等教育をあらゆる機会を通じて実現します
[1]ジェンダー・フリーの学校づくりを進めます。男女混合名簿を定着させ、平等実現に向
けた教育実践を支援します。
[2]公務員・企業の研修等に男女平等の視点を徹底させます。
[3]マスメディアによって、女性差別や偏見、女性への暴力が助長されないよう、マスメデ
ィアの啓発を行います。
（12）女性の視点から平和をつくります
[1]憲法を生活に活かすとともに、第９条を世界に発信し、武力に頼らない平和貢献を追求
します。
[2] アジア太平洋地域の女性たちとの交流を通じて平和外交を進めます。
[3]アジア太平洋戦争時、日本軍による性奴隷制の被害者となった元従軍「慰安婦」に対し
て謝罪と保障の法律をつくります。
62",,
71320_200908,"1
2
3
4
Social Democratic Party…… 1
333333333333333333333333333333333333333333333333333333
生生生生生生生生生生生生生生生生生生生生生生生生生生生生生生生生生生生生生生生生活活活活活活活活活活活活活活活活活活活活活活活活活活活活活活活活活活活活活活活活再再再再再再再再再再再再再再再再再再再再再再再再再再再再再再再再再再再再再再再再建建建建建建建建建建建建建建建建建建建建建建建建建建建建建建建建建建建建建建建建 本柱
●●●●●●●●●●●●●●●●●
しごとの再建 くらしの再建 地域の再建
(cid:1)「いのち」と「みどり」 (cid:1)医療の無保険者をなく (cid:1)地域の国公立・公的病
の公共投資─ヒューマ し国民皆保険制度を守 院を守り、医師を増や
ン・ニューディールで ります します
新しい雇用を作ります
(cid:2)後期高齢者医療制度を (cid:2)直接所得補償で農家を
(cid:2)最低賃金時給１０００円以
廃止します 守り、強制的な米の減
上を実現しワーキング
反を廃止します
プアをなくします (cid:3)月８万円を確保する
「最低保障年金」を作 (cid:3)中小企業の支援と減税
(cid:3)労働者派遣法を労働
ります （１１％へ税率引き下げ）
者の立場で抜本改正し
を実現します
ます
(cid:4)高校の入学金・授業料
(cid:4)職業訓練とその期間の を無償化します (cid:4)郵政民営化を抜本的に
生活保障を法制化し、 見直し、郵政三事業を
月１０万円を支給します 守ります
社民党の財源論
不要不急の大規模公共事業の中止、天下りの
(cid:1) 無駄遣いをやめて、 禁止、随意契約の見直し、防衛予算の見直し、
米軍への思いやり予算の廃止、２００９年度補正 年間４兆円超
使い道を変える
予算（４．３兆円の基金や「アニメの殿堂」な
ど）の精査等
特別会計（「霞ヶ関の埋蔵金」、特に財投・外
(cid:2) 特別会計の総点検 年間６兆円超
為特会）の積立金・剰余金４０兆円の活用等
法人税率の引き上げ１．７兆円、高額所得者の
(cid:3) 不公平をただす 税率引き上げ０．２５兆円、証券優遇税制の廃止 年間４兆円超
１兆円、租税特別措置の見直し１．２兆円等
(cid:4) 経済や金融の 景気をよくして税収増
（１１年度以降）
あり方を変える 環境税や国際連帯税の検討
2 ……Manifesto２００９
111111111111111111111111111111111111111111111111111111 000000000000000000000000000000000000000000000000000000
生生生生生生生生生生生生生生生生生生生生生生生生生生生生生生生生生生生生生生生生活活活活活活活活活活活活活活活活活活活活活活活活活活活活活活活活活活活活活活活活再再再再再再再再再再再再再再再再再再再再再再再再再再再再再再再再再再再再再再再再建建建建建建建建建建建建建建建建建建建建建建建建建建建建建建建建建建建建建建建建 の約束
●●●●●●●●●●●●
〈各 論〉
再再再再再再再再再再再再再再再再再再再再再再再
はたらく
建建建建建建建建建建建建建建建建建建建建建建建
1 働く者の使い捨てを許さない
国際的規模で競争が激化するなか、日本の労働条 の振興、将来不安の解消といった一石三鳥・四鳥
件は著しく悪化し、人間をモノのように扱う異常な もの投資効果が生まれます。
働かせ方が横行しています。過労死、過労自殺を引 ○高齢者や若者向けの公共賃貸住宅の整備、保育所
き起こすほどの長時間労働によって、働く人びとの や介護施設の建設・増床、学校や公共施設のエコ
生活や健康は危機的な状況にあります。また、正規 改修・太陽光化・耐震化、社会資本のバリアフリ
労働者を企業にとって使い勝手のよい非正規に置き ー化、自転車道の整備や歩道の拡幅、道路の段差
換えていることは非常に問題です。今や、働く人び 解消、電線の地中化、開かずの踏切対策の推進、
との３分の１が非正規労働者です。とくに女性労働 再生可能エネルギーによる発電推進のための送電
者と若年層の非正規化は著しく、低賃金・細切れ雇 線網のスマート・グリッドの構築、路面電車の整
用がワーキング・プアの温床になっています。 備、間伐や森林整備、河川や海浜の自然再生、藻
さらに、国際的な経済危機は、極度な輸出依存を 場・干潟の整備など、将来につながる事業や、い
続けてきた日本経済を直撃し、そのしわ寄せは、雇 ずれ必要になる事業を前倒しで実施します。
用が不安定な労働者に向かい“、派遣切り”という形 ○介護、農業など慢性的に人手不足の分野には理由
で現れています。いまこそ「、働きがいのある人間ら があります。賃金・所得などの待遇改善、人材育
しい働き方（」ディーセント・ワーク）への転換が求 成と人材確保など、根本的な問題解決のためにメ
められています。社民党は、積極的雇用政策と雇用 スを入れます。
のセーフティネットの再構築に尽力します。
２．雇用契約の原則は、直接雇用、期限の定め
１．ヒューマン・ニューディール（いのちと のない雇用とし、雇用の劣化を防止します
みどりの公共投資）で雇用を創出します
○雇用契約の原則は、直接雇用、期限の定めのない
○社会のニーズに基づいて「、いのち（」介護、医療、 雇用であることを徹底し、労働契約法、労働者派
福祉、教育）と「みどり（」農林水産業、環境や自 遣法を改正します。
然エネルギー）分野へ重点的に投資し、働きがい ○有期労働契約は短期間業務に限定し、有期雇用契
のある人間らしい仕事をつくります。このことに 約を長期間、繰り返す場合は、正規雇用を申し入
よって、サービスの向上、雇用の創出、地域経済 れる義務を課します。
Social Democratic Party…… 3
○パート・契約社員・非常勤・嘱託・派遣など有期 ート労働者の保護を拡充します。
雇用を正規雇用に転換し、雇用の劣化を防止します。 ○仕事と家族的責任の両立支援を推進し、だれもが
働きやすい環境を整えます。
３．労働者派遣法を派遣労働者の保護法に
○セクシャルハラスメント（性的いやがらせ）、パワ
抜本改正します
ーハラスメント（権力や地位を利用したいやがら
○２か月以下の労働者派遣を禁止します（日雇い派 せ）を禁止します。
遣の禁止）。それ以下の雇用契約期間の場合には健
康保険・厚生年金を適用させるため、２か月を超
６．長時間労働・不払い残業の規制を
える雇用契約期間とみなします。
強化します
○製造業派遣を原則禁止とします。
○一般派遣事業は常用雇用のみとし、登録型派遣を ○長時間労働、サービス残業（時間外割増賃金を支
原則禁止とします。登録型派遣を可能とする専門 払わない違法労働）を規制し、精神疾患や過労死
業務の対象については見直しを行います。 ・過労自殺を防止します。
○派遣先が一定の違法行為を行った場合に、派遣先 ○EU労働時間指令にならい、労働者は２４時間ごと
と派遣労働者との間に雇用関係を成立させる「直 に、少なくとも継続１１時間の休息期間を取れるよ
接雇用みなし規定」を創設します。 うにします。
○派遣先労働者との均等待遇を確保します。 ○労働時間規制の適用から労働者を外し、残業代を
○派遣元に対するマージン率を含めた事業運営の情 不払いとする日本版ホワイトカラー・エグゼンプ
報公開を義務化します。 ション（自律的労働時間制度）の導入は阻止しま
○未払賃金や社会保険料未払等、派遣先責任を強化 す。
します。
○「もっぱら派遣（」派遣先が子会社を設立し、自社
７．職業訓練と生活費を保障する新たな
のために労働者派遣を行う）を制限します。
セーフティネットを創設します
○罰則を強化し、最高額を現行３００万円から３億円
へ引き上げます。 ○失業手当が切れたり、失業手当が受給できない人
が職業訓練を受け、その期間、月１０万円程度の生
活費を支給する制度を創設します。同制度は、失
４．解雇の制限ルールを徹底します
業保険と生活保護の間に位置する新たなセーフテ
○整理解雇に関する４要件（整理解雇の必要性、整 ィネットです。
理解雇を回避するための努力、整理解雇の対象労 ○企業の社会保険・雇用保険逃れを許しません。非
働者の選定基準の合理性、対象労働者・労働組合 正規労働者について社会保険・雇用保険の適用を
への説明・協議）を雇用者に厳守させます。 拡大します。
○４要件に、雇用創出型のワークシェアリング（時 ○雇用、生活保護、医療、住宅などの総合相談・支
間外労働・休日労働を削減し雇用を生み出して分 援窓口を各自治体に作ります。
け合う）を新要件として追加します。
○「内定取り消し」、いわゆる「産休切り」「、育休切
８．最低賃金を引き上げます
り」をなくすために、監督指導、規制を強化します。
○最低賃金が生活保護水準を下回る都道府県の最低
賃金を早急に引き上げます。
５．男女差別、雇用形態の差別をなくし、
○中小企業に充分に配慮をしつつ、最低賃金（現在
雇用の平等を実現します
全国平均で時給７０３円）を段階的に時給１０００円以
○同一価値労働同一賃金原則を確立し、男女差別、 上へ引き上げ、ワーキングプアをなくします。
雇用形態による差別をなくします。
○男女雇用機会均等法の間接差別対象を拡大し、法
９．職業教育訓練や、就労支援を強化します
の実効性を高めます。
○パート労働法の差別禁止規定の対象を拡大し、パ ○イギリスの社会的企業やフランスの見習い訓練制
4 ……Manifesto２００９
度にならい、求職者に訓練と雇用をセットで提供
する制度をつくります。同制度は、求職者が、公
的な援助のもと、個別の職業訓練計画を策定し、
国や自治体と協定を結んだ企業で、働きながら訓
練を行い再就職に結びつける仕組みです。
○若者就労支援を充実させるとともに、住宅対策と
して、雇用促進住宅の利活用などをすすめます。
１０．日本版TUPE法を制定します
○会社分割や産業再編、公的部門の民営化や民間委
託などが進んできたことによって、関係する労働
者の雇用のあり方が従来よりも大きく不安定にな
っています。イギリスのTUPE（事業譲渡と雇
用保護規則）やEUの企業譲渡指令にならった雇
用対策を強化する必要があります。日本版TUPE
法を制定し、事業譲渡や経営形態の変更、委託化、
民営化による事業移転変更の際に、同じ雇用条件
で継続して雇用されるようにします。
Social Democratic Party…… 5
再再再再再再再再再再再再再再再再再再再再再再再
いのち
建建建建建建建建建建建建建建建建建建建建建建建
2 セーフティネットを充実
社会保障は、社会が支え合うセーフティネット（安
(cid:3) 身近な地域で安心して出産ができる場を
全網）です。弱者の保護のみならず、長期的な社会
確保します
の安定や発展の土台となるものです。それを単なる
負担と捉え、赤字解消を名目に国や自治体の役割を ○助産師の力を活用し、助産院、母子健康センター、
縮小させてきた小泉構造改革は明らかに誤りでした。 産院など、妊婦健診と正常分娩の受け皿となる分
２００２年度から始まった社会保障費の機械的な削減 娩施設を身近な地域に増やします。
（毎年２，２００億円）によって、医療、介護、年金など、生 ○妊婦健診や分娩を健康保険の適用にして、医療や
命や暮らしに直結するセーフティネットは機能不全 ケアの透明性を高め、バラツキの大きい費用を是
をおこし、人びとを不安に陥れています。社会保障費 正します。自己負担分は国庫負担とし、基本的な
削減方針を早急に撤回させ、セーフティネットを張 妊婦健診と出産を無料化します。
り直し、いのちを大切にする政治を実現します。
(cid:4) 診療報酬を適正に評価します
○２００２年からの連続した診療報酬マイナス改定を
１．医療
引き上げます。療養病床に関する改定を是正し、
“医療難民“”介護難民”を生み出している療養病
(cid:1) 医師や看護師など医療従事者の数を増員します
床の削減計画を早急に見直します。
○計画的に医師を養成し、少なくともOECD平均な ○機械的に日数のみでリハビリを打ち切るリハビリ
みに医師数を増やします（日本の人口千人当たりの 日数制限を中止します。個々の患者の病状や障害
医師は２．１人となっており、OECD平均の３．１人をは の程度を考慮し、継続したリハビリを保障します。
るかに下回っています）。特に、地域医療を担う総合 ○診療報酬は、人的配置や技術などについて引き上
医師、小児科・産婦人科・麻酔科の医師を増やすた げます。救急医療、小児科・産科・麻酔科につい
めに、医師研修制度のあり方、地域と診療科の採用 て診療報酬上の評価を行います。
枠の設定、診療報酬などについて改善を行います。
(cid:5) 世界に誇る国民皆保険を堅持します
○看護師やコメディカルスタッフ（薬剤師・歯科衛生
士・理学療法士・作業療法士など）の増員と労働条 ○すべての国民が各公的医療保険に加入し、いつで
件の改善を行います。また、短時間正規雇用の導 もどこでも安心して医療を受けられる国民皆保険
入、院内保育所など職場環境を整備し、女性医師や を堅持します。
医療従事者の仕事と家庭の両立支援を行います。 ○安全性、有効性、普遍性が確認され、国民にとって
必要な医療は速やかに保険適用を図り、所得の格
(cid:2) 医療空白地域の拡大を止めます
差が医療内容を左右する混合診療は導入しません。
○地域の生命と健康の砦である公的病院（国立・公 ○公費を投入して市町村国民健康保険の強化に取り
立・日赤・厚生年金・社会保険病院など）の統廃 組みます。保険料の減免制度を充実し、保険証の
合に歯止めをかけ、がんや脳卒中の治療、救急医 取り上げをやめ、無保険者をなくします。
療・産科・小児科など地域医療を確保します。 ○中学校卒業まで、子どもの医療費を無料にしま
○地域における医療施設の機能分化を明確にし、院 す。７０歳以上の医療費自己負担は１割にします。
内・病院間・地域の医療の連携を強化して、情報
(cid:6) 後期高齢者医療制度を廃止します
の共有を行うシステムをつくります。現場に丸投
げするのではなく、各都道府県が、救急搬送シス ○「後期高齢者医療制度」は病気になるリスクの高
テム、受け入れ医療機関の確保に責任を持てるよ い層だけを切り離し、高齢者の医療費削減を目的
う国が援助を行います。 に設計されています。将来、医療内容が制限され
6 ……Manifesto２００９
かねないうえに、保険料負担は上昇率が非常に高 などを継続的にチェックします。２次、３次流行、
く、持続可能な制度とはいえません。同制度を一 症状変化の把握を適確に行い迅速に対応します。
旦廃止し、老人保健制度にもどします。 ○感染症患者の受け皿となる地域の医療機関の基盤
○保険者機能の強化、財政の安定化、医療供給体制 を強化します。
などの面から、市町村国民健康保険の適正規模を
検討します。
２．年金
○在宅医療を中心に据え、切れ目のない医療と保健、
福祉を結ぶ「地域ケア」の実践を広めます。
(cid:5) 年金記録問題を解決し年金制度の信頼回復
○患者や家族の要望を踏まえた実践を通じ、患者の
を図ります
尊厳を大切にした終末期医療や看取りのあり方を
探求します。 ○いわゆる「宙に浮いた年金「」消えた年金「」改ざんさ
れた年金」など年金記録の正確な回復作業を促進
(cid:1) がん対策、肝炎総合対策、難病対策に取り
します。年金記録がまちがっている可能性が高い
組みます
人について、一定基準による早期の救済策を検討
○がんの予防と早期発見の推進、がん検診の質の向 します。
上、がん医療の均てん化の促進に取り組みます。 ○事務局体制を強化し、記録が回復した年金の支給
専門的な知識や技能を有する医師等の育成、医療 を迅速に行います。
機関の整備を推進します。
(cid:6) 年金に関する情報提供と情報共有をすすめます
○がん対策基本法に基づいて制定された「がん対策
推進基本計画」を着実に実行します。 ○年金記録を政府と国民が共有し、毎年双方向でチ
○薬害肝炎感染の拡大が国の責任であることを明確 ェックする仕組みをつくります。毎年送付する「ね
にし、全国的な肝炎治療体制の整備と医療費助成 んきん定期便」には、前年の加入記録や所得、年
や治療中の生活支援を柱とする総合的な肝炎患者 金見込額、過去の加入記録、積立金の運用成績、
支援法を制定します。 年金制度運営のための行政コスト・間接コストな
○難病の調査研究費を増やし、特定疾患の対象を拡大 どを掲載します。
します。難病患者の治療の確保、負担軽減、療養環 ○保険料の履歴や将来の受け取り見込み額を自分で
境の向上の観点から難病対策基本法をつくります。 確認できる「マイ年金手帳」をつくります。
○公的年金の老年者控除等を復活するとともに、年
(cid:2) 患者の権利を確立します
金からの税・保険料天引きをやめさせます。
○患者本位の医療を実現するために、インフォーム
(cid:7) 年金保険料の流用を禁止します
ド・コンセント（十分な説明と理解、納得したう
えでの合意）を徹底します「。患者の権利基本法」 ○年金保険料の使途を年金給付に限定します。
を制定します。 ○運営管理業務における公平性、効率性、透明性を
○カルテ開示の法制化やレセプト（医療費明細書） 確立します。
の開示を早急に進め、患者や家族が医療記録を知 ○年金積立金管理運用独立行政法人に対する国のチ
る権利を保障します。 ェックを厳しくします。
(cid:3) 医療事故の再発を防止します (cid:8) 最低保障機能を備えたわかりやすい年金制
度をつくります
○「医療基準監督局（」仮称）を設置し、医療事故の
原因調査、再発防止のために、医師の事故報告の ○年金制度を一元化し、転職や結婚などで移動する
義務化や安全指導を行います。また、被害者救済 必要のない、公平でわかりやすくい制度にしま
のための公的医療賠償責任制度をつくります。 す。新しい年金制度は、自分の賃金が年金受給に
反映される「所得比例年金（」財源は保険料）と、
(cid:4) 新型インフルエンザ対策を強化します
社会が支え合う「基礎的暮らし年金（」財源は税
○現在行われている定点観測（全国５０００か所）を充実 金）の組み合わせです。
し、インフルエンザの種類、感染の状況、重症度 ○「所得比例年金」は、だれもが無理なく支払える
Social Democratic Party…… 7
所得比例の保険料（給与所得者は労使折半、自営 ニーズとの乖離が生じないよう認定方法を抜本的
業者らは全額負担）で、納付した保険料に見合っ に見直します。ケアマネジャーなど現場の専門家
た年金額になります。 に認定システムの移行を検討します。
○「基礎的暮らし年金」は無年金や低年金を防止す ○利用限度額を大幅に引き上げ、重度認定者の在宅
る最低所得保障の機能を果たします。全額税財源 介護体制を強化します。
による社会連帯のセーフティネットです「。所得比
(cid:3) 介護報酬の大幅引き上げ・労働条件の改善
例年金」の受給額によって額は異なり、所得比例
と人材育成に取り組みます
年金がゼロの単身で月８万円を保障します。
○国民の合意形成を早急に行うべく国会で議論を開 ○良質な介護サービスの確保、介護労働者の低賃金
始し、高齢者が生活できる年金額が手元に残るよ 改善のために介護報酬の基本部分を引き上げま
うに、医療・介護の自己負担（保険料と利用料） す。利用料や保険料のアップにつながらないよう
や税制のあり方を総合的に見直します。 国の費用負担割合を増やします。
○「所得比例年金」の保険料は税と一体徴収します。 ○専門性を高める研修制度の充実、施設の人員基準
総合課税化を推進する「公平番号制度」を早期に の見直し、事務負担の軽減など、介護労働者が働
導入し、所得を正確に捕捉して不正を防止します。 きがいをもって仕事が続けられるように、労働待
遇を改善します。
2009 社民党の年金改革案
所得比例年金＋基礎的暮らし年金（最低保障年金） (cid:4) 介護サービス基盤を整備します
︵ イメージ図
年 ○介護療養病床を全廃する計画を中止し、地域に必
金
額 要な病床数を確保します。待機者が３８万人にもな
︶
る特養ホームの緊急整備を行います。
基礎的暮らし年金（税）
○２４時間の生活を支える在宅介護、在宅看護の態勢
を整備します。
月８万円 所得比例年金（保険料） (cid:5) 総合的な高齢者福祉政策を充実します
（現役時代の平均所得）
○認知症の予防・早期治療・介護の質的向上、家族
への支援態勢などを行います。
○地域包括支援センターの機能を強化するととも
３．介護保険・高齢者福祉
に、老々介護や独居、虐待、低所得など、高齢者
の様々な問題について自治体が責任をもって解決
(cid:1) 利用者・高齢者の費用負担を軽減します
ができるよう態勢を整えます。
○利用料、保険料など、費用負担が引き上げられ、
必要なサービスを利用できない高齢者が増えてい
４．自殺対策
ます。保険料の段階区分をより細かく設定しま
す。低所得者の利用料負担は、所得に応じた負担 ○国・自治体・民間の実態調査、情報提供を踏ま
率に改善します。 え、地域の特性や原因に即した戦略的な自殺総合
対策を推進します。
(cid:2) サービス制限、認定制度、利用限度額など
○自殺は、その多くが防ぐことのできる社会的な問
を見直します
題であり、早い段階で経路の連鎖を断ち切ること
○訪問介護、福祉用具など軽度認定者に必要なサー が重要です。ハローワークなどを拠点に、就労と
ビスが利用できるように基準の見直しを行いま 生活支援、心の悩み相談、多重債務者支援等のワ
す。同居家族がいる場合の生活援助、院内介助な ンストップ窓口を開設します。
ど、サービス利用の一律的な制限を是正します。 ○自殺未遂者の自殺再発を防ぐために、救命救急セ
○要介護認定基準の改定により、要介護度が軽くな ンターに精神科医師を配置するなど、精神科医に
りサービスが減らされ、利用者から不信の声があ よる診療体制の充実、福祉との連携強化等をはか
がっています。認定結果と要介護者の生活実態や ります。家族など身近な人の見守りを支援します。
8 ……Manifesto２００９
NPO団体の知恵と熱意を最大限に活かします。
６．生活保護・ひとり親家庭
○生活保護基準を健康で文化的な最低限度の生活が
５．障がい者福祉
保障できる水準へ引き上げます。
○基本的な生活、働く場にも利用料を課す「障害者 ○生活保護法の本来の趣旨に添った運用を徹底し、
自立支援法」を廃止し、支援費制度の応能負担の 福祉事務所職員の増員や専門性の確保をはかりま
仕組みに戻します。医療と福祉を区分し、両面か す。貧困率測定調査を行い、数値目標を定めて貧
ら障がい者の生活を支えます。精神通院公費、更 困の削減に取り組みます。
生医療・育成医療を復活して重くなった自己負担 ○生活保護から住宅扶助と医療扶助を切り離して、
を軽減します。 それぞれを単給で活用できるように制度を改善し
○谷間の障がい者、難病者をカバーする総合的な「障 ます。ホームレスやネット・カフェ難民などに対
害者福祉法」を制定します。 応し、生活保護を受ける手前の支援策として機動
○国際的な水準による「障がいの定義」を確立しま 的に運用します。
す「。国連障害者の権利条約」にもとづいて障がい ○生活保護の母子加算、老人加算を復活します。
者の所得保障、働く場や生活の場など基幹的な社 ○児童扶養手当の父子家庭への支給を実現します。
会資源の拡充、就労支援策の強化などを行います。
７．社会保障としての住宅政策
○「国連障害者の権利条約」の批准と国内法の整備
を進めます。実効性ある「障がい者差別禁止法」、 ○住宅こそ生活の基礎であり「、住まいは人権」です。
「障がい者虐待防止法」を制定します。 「住宅先進国」をめざし、住生活の向上と居住の権
○障がいをもつ人が「参加しやすい選挙」は、お年 利を保障するため「、住宅基本法」を制定します。
寄りや体の不自由な人などすべての国民にとって ○優良な公共賃貸住宅を増やします。入居資格を緩
「参加しやすい選挙」です。選挙のバリアフリー 和して、低所得の若者や高中年の単身者などの入
化、ユニバーサル化を推進します。 居を可能にします。居住者の不安を煽る旧公団住
○地上デジタル放送への移行に際しては「、視覚障が 宅(UR住宅）の民営化に反対します。
い者にも使えるリモコンを」「、障がい者にもチュ ○低所得者、中堅所得者、高齢者等に対する住宅の
ーナーを」という要求への対応を強化します。 セーフティネットとして適切に機能しうるよう、
○障がい者が放送を通じて情報を入手する上で必要 公営住宅制度等の見直しを進めていきます。旧公
な手段である字幕放送ならびに手話放送の増加を 団住宅や公営住宅を団地居住者にとってのみなら
求めます。 ず、オープンスペースや緑地、子どもの遊び場、
○移動困難な障がい者が住みなれた地域の中で自立 地域の防災拠点など地域社会の貴重な環境資源と
し、社会参加の機会を増やすには、公共交通を整 しても活用します。集合住宅における世代間交流
備することが第一ですが、運転免許の取得がネッ を促進します。
クとなっていることも否定できません。障がい者 ○公営・旧公団住宅については、居住者の居住の安
の運転免許取得を支援するためのバリアフリー化 定と社会不安の進展、空家対策等の観点から、高
をすすめます。教習所や各種の講習、免許行政窓 齢者が安心して住み続けられる家賃や若者も住め
口で、手話通訳、文字通訳、字幕などの情報保障 る家賃へと見直します。また民間借家についても
の整備をすすめます。指定教習所において手動・ 多様な家賃補助制度を導入すべきです。民間賃貸
足動運転補助装置を普及させます。交通の安全と 住宅の入居差別を許しません。
障がい者等の社会参加が両立するよう、障がい者 ○雇用促進住宅の廃止をやめて、若者の雇用と住ま
団体を含め、広く各界の意見を聴取しつつ、運転 いのために積極的に活用します。
免許の適性試験・検査についても科学技術の進 ○子どもを育てる世代、バリアフリーの住宅を望む
歩、社会環境の変化等に応じて見直しを行いま 高齢者世代など、人生の節目に合わせた住み替え
す。障がい者の運転免許取得を支援するため、取 を柔軟に行えるようにしていきます。
得費用に対する助成制度を作ります。 ○貧困者を食い物にするいわゆるゼロゼロ物件に対
○著作者の音訳を制限する著作権法を改正するとと する規制を強化します。
もに「、EYEマーク」運動をすすめます。
Social Democratic Party…… 9
再再再再再再再再再再再再再再再再再再再再再再再
子ども・若者・女性
建建建建建建建建建建建建建建建建建建建建建建建
3 人生丸ごと応援
１．子育て支援 ２．若者支援
○１８歳選挙権を実現し、若者自身の政治参加の意識
(cid:1) 待機児童へ緊急対策を実施します
を高めます。
○経済危機の影響で、待機児童が急増しています。 ○地域若者サポートステーションやハローワーク等
希望する子どもが入所できるように保育サービ に若者向けの正規専門職を配置・増員し、生活保
スと放課後児童クラブ（学童保育）を量と質の両 障、進路・就労相談、職業教育訓練制度の利用方
面から抜本的に拡充します。認可保育所の増設に 法などのアドバイスを充実します。メンタルな面
加え、幼稚園や保育ママ制度などをフル活用し での支援の場となる「居場所」機能も充実し、ユ
ます。 ニオンやNPOとの連携を強化します。
○子どもの教育の出発点として、社会性、平等意識、 ○ニートや引きこもっている若者の社会参加や就労
自発性を身につける就学前教育・保育を充実しま をサポートするために、自治体やNPOと連携し
す。実践を行いながら幼保一元化をすすめます。 て相談窓口など支援システムを整えます。
○高校、大学、専門学校などにおける職業教育の推
(cid:2) 子育て費用を軽減します
進、公的な職業教育訓練機関の拡充で、若者の就
○中学校卒業までの子どもの医療費を無料化します。 労支援を強化します。
○１８歳までの子ども一人あたり月１万円（第三子以
降は２万円）を支給する「子ども手当」をつくり
３．男女平等
ます（児童手当の組みかえ。財源として配偶者控
除や扶養控除の見直しは当面行わない）。
(cid:1) 女性の人権を守ります
(cid:3) 子どもの貧困の連鎖を止めます
○選択的夫婦別姓制度、婚外子差別の禁止、離婚後
○児童扶養手当の有期化（現在、事実上の凍結）を ３００日問題（子どもの父親が誰であるかを推定す
撤廃し、対象を父子家庭にも拡大します。生活保 る嫡出推定）、婚姻年齢の男女同一化、女性だけに
護の母子加算を復活します。ひとり親家庭への生 定められた再婚禁止期間の見直しなど、民法改正
活と就労支援を充実します。 を実現します。
○個人通報制度（個人が直接、国際機関に人権侵害
の救済を求める制度）など含めた「国際人権規約
(cid:4) 「子ども家族庁」を設置します
B規約（自由規約）選択議定書」や「女性差別撤
○子どもに関する総合的な政策を一元的に行う「子 廃条約選択議定書」の早期批准をめざします。
ども家族庁」をつくります。
(cid:2) 女性の社会参画を推進します
○自治体においても、福祉・教育・母子保健など子
どもに関する部署を再編し、総合的な子ども施策 ○政策決定の場における男女平等を推進するため、
の部署をつくります。地域の子育て支援を拡充し 女性が立候補しやすい選挙制度に変えます。クォ
ます。 ータ制の導入、選挙制度の見直し、在職立候補制
度の導入、供託金の引き下げなどを検討します。
○アファーマティブ・アクション（積極的差別是正
10 ……Manifesto２００９
措置）を通じて、あらゆる分野（公務員・企業・
農山漁村など）で意思決定レベルの地位における
女性の公平な参画をすすめます。
(cid:1) 女性への暴力をなくします
○DV（パートナーの間の暴力や支配）を根絶する
ために、保護命令の改善や加害者教育など含めた
施策を強化した「DV防止法」の改正を行います。
○各都道府県の「配偶者暴力相談支援センター」、市
町村の相談窓口の認知度を高め、支援機関のネッ
トワーク機能を強めるよう働きかけます。
○DV防止教育と情報提供を、民間機関と連携して
充実させます。民間の被害者支援団体への資金的
基盤づくりを促進します。
○あらゆる性暴力を禁止し、被害者の人権とケアを
保障する「性暴力禁止法」をつくります。人身売
買を根絶します「。人身取引被害者保護法」をつく
ります。
(cid:2) リプロダクティブヘルス／ライツ（性と生
殖に関する健康と権利）の確立
○母体保護法・堕胎罪を撤廃し、出産・避妊・中絶
など、女性のからだの自己決定権を保障する「女
性のからだと健康に関する基本法」をつくりま
す。
○学校などの性教育を通して、HIVや性感染症に
関する知識や予防について、正しい情報を提供し
ます。
○医療保健機関の「女性外来」や「思春期外来」、性
とからだに関する相談所などをサポートします。
Social Democratic Party…… 11
再再再再再再再再再再再再再再再再再再再再再再再
教育
建建建建建建建建建建建建建建建建建建建建建建建
4 貧困の連鎖を断つ
近年、親の経済力や幼少期の生育環境によって、 総合的に進め、教職員の適格性、専門性、信頼性
人生のスタートライン以前の段階から大きな格差が を確保します。
生じ、世代を超えて格差が固定化する現象が問題に ○インクルーシブ教育を実現し、障がいを持つ子ど
なっています。仮に競争の結果としての格差を認め もと、持たない子どもが共に学び育つ総合教育と
る立場にたつとしても、子どもの教育機会の不平等 総合保育に取り組みます。
は認めることはできないはずです。資源がない日本
にとって、人材こそが最大の資源でありその源は教
２．教育予算GDP（国内総生産）
育です。社民党は、教育の場を通じた格差の再生産
５％水準の実現をめざします
を許さず、すべての子どもたちに公平な学習の機会
を保障するための教育改革をめざします。 ○対GDP比３％半ばという他の先進国と比べて低
い水準の教育予算を「、世界標準」といえるGDP
５％水準(OECD平均）に引き上げるため着実な
１．共に学び、共に生きる、
教育予算の拡充をはかります。
ゆとりある学校をつくります
○教育に地域格差をもたらさないよう義務教育費国
○「改正」教育基本法や教育３法を抜本的に改正し、 庫負担制度を堅持し、２００６年に３分の１に引き
自由な教育を取り戻します。 下げられた国庫の負担率を２分の１に引き上げま
○学習指導要領は大綱的基準（基本的に教えなけれ す。
ばならない最低限の内容）ととらえ、自治体・学 ○高等学校の入学金・授業料を原則無償とします。
校・保護者・地域住民などの創意工夫で運営でき ○高等教育（大学、短期大学、大学院等）の無償化
る学校をめざします。 に向け、漸進的な無償化を定めている国際人権規
○国旗・国歌の取り扱い方について、教職員や子ど 約（社会権１３条）の留保を撤回し、無償化をめざ
もたちに強制しません。 す姿勢を明確にします。
○悉皆（全員に対する調査）による全国学力・学習 ○いわゆる「骨太方針」に基づく国立大学・高専運
状況調査を中止し、サンプル調査にあらためます。 営交付金、私学助成費のシーリング・マイナスの
○行革推進法における、教職員数の純減を止め、定 方針を転換し、義務的経費の減額は行いません。
数を増やします。学級生徒数は２０人を目指し、当 ○教育の機会均等を保障するため奨学金・育英制度
面は、３０人以下学級の早期完全達成をはかります。 を充実させます。無利子奨学金の拡充を図るとと
○事務職員、養護教諭、栄養教職員、専任司書教諭、 もに、選考基準については経済的条件のみとする
実習教諭、部活動の指導員、スクールカウンセラ 改善も行います。返還義務のない給費奨学金を創
ー、スクールソーシャルワーカー、特別支援教育 設します。
支援員などの配置を拡充します。 ○就学援助制度対象を大幅に拡大し、保護者負担の
○教材費・図書費等の増額、パソコン整備やネット 軽減をはかります。
ワークなどICT環境の充実をはかります。学校施
３．学校を「きずな」として、地域社会の
設の耐震補強とアスベスト対策を早期にすすめ
教育力を再生します
ます。
○教職員の負担をますだけの教職員免許更新制を廃 ○教科書採択にあたっては、教員の意向が反映され
止します。教職員の養成、採用、研修等の改革を るための条件整備をはかり、保護者・住民参加の
12 ……Manifesto２００９
制度的保障なども確立します。この前提の下に、
教科書検定制度の廃止を検討します。
○ILO（国際労働機関）１４０号条約を批准し、職業上必
要な技能の修得、地域社会活動への参加等を目的
とする長期の有給教育休暇制度を創設します。
○自然と環境について親も子も学ぶことのできる体
験の機会を設け、農漁村の子どもと都市の子ども
が交流するプログラムの推進をはかります。
○地方教育委員会に予算権を付与し、地域の実態を
反映した教育計画の立案・推進を可能とするな
ど、教育の民主化をすすめます。
○先進諸国のなかでも低い文化予算を増額し、市民
の文化活動への取り組みを応援し、舞台芸術、映
画、音楽などへの助成を改善・充実させます。
○劣悪な状態の芸術・文化活動従事者、アニメなど
の「コンテンツ」制作関係者等の労働条件を改善
し、労災補償や雇用保険の適用と検討します。
Social Democratic Party…… 13
再再再再再再再再再再再再再再再再再再再再再再再
地 域
建建建建建建建建建建建建建建建建建建建建建建建
5 元気でゆたかな地域へ
平成の大合併と三位一体の改革、規制緩和の推進 して「、地方行財政会議」を法制化します。
によって、生活に身近な公共サービスが大きく後退
(cid:2) 「三割自治」「、補助金行政」から脱却する
し「、命の格差」も生まれています。中心市街地は「シ
ため、地方税財政を充実・強化します
ャッター通り」と化し「、限界集落」問題も起き、地
域は疲弊しています。それぞれの地域の特色を活か ○住民の共同意思に基づいて自己決定できる自治体
し「、生きる営み場」としての元気な地域の再生をめ 財政を確立するため、現在６対４となっている国
ざします。地域のことは地域で決められるように 税と地方税の割合を当面５対５にします。将来的
し、住民が主役の豊かな分権・自治の日本をつくり には、国と地方の新たな役割分担に応じた税の配
ます。 分となるよう、地方税の配分割合をさらに高めて
いきます。
○地域偏在の少ない地方消費税を１％から２．５％へ
１．分権・自治
と配分割合を変え、地域の医療・介護・福祉・教
育等の財源を充実します。地方税を真に自主財源
(cid:1) 地方に権限と財源を移し、真の「地方分権」
化するため、標準税率を超える税率設定を自治体
を推進します
に任せるなど自治体の課税自主権に対する制約を
○住民ニーズにかなった「、現場からの積み上げ型」 縮小・廃止します。
の改革案の策定など、地域に根ざした分権・自治 ○地方財政計画の策定については自治体との協議の
の取り組みをすすめます。 もとに、地方分権、少子・高齢化、環境保全など
○地方自治法を全面的に検証し、市民自治を基本に 新たな行政需要を的確に反映させ、地域公共サー
すえた「地方自治基本法」を制定します。自治体 ビスの実態に見合った財源保障を行います。
の重要事項について直接住民の意思を確認するた ○地方の財源不足や格差を補う役割を持つ地方交付
めの住民投票を制度化します。 税を復元・増額します。地域間の財政力格差は、
○道州制には、(cid:1)住民不在であること、(cid:2)域内格差 偏在性の低い地方消費税の充実・強化、地方交付
の拡大につながりかねないこと、(cid:3)身近な行政が 税の財政調整機能の強化を基本に是正を図りま
後退すること、(cid:4)憲法の規定する直接請求や、地 す。
方特別法に対する住民投票の意義が損なわれるこ ○税源移譲の際に生じる交付税原資の減額分の補て
となどの疑問があり、道州制こそ分権改革の柱で んや、毎年度の財源不足に対応するための交付税
あるという立場はとりません。まず現行の二層制 の総額確保にあたっては、交付税率の引き上げな
の下での分権を進めるとともに、都道府県を広域 ど、交付税法第６条３第２項にしたがった制度改
的な「自治体」としてもっと住民との関係を充実 正を行うことを基本とします。地方交付税は地方
させていきます。広域の行政課題に対しては、広 固有の財源であり、その改革に当たっては、地方
域連合を活用します。なお、沖縄については、こ の役割や行政サービスの水準について、地方と十
れまでのさまざまな経緯に鑑み「、一国二制度」的 分な議論を行った上ですすめるようにし、将来的
な特例的自治制度を検討し、沖縄県民の意思を尊 に「地方共有税」に改革することをめざします。
重しながら実現をめざします。 ○地方財政の健全化にあたっては、国家による管理
○権限や財源の移譲、地方に関わる制度改正などに ・統制の強化や市場競争原理の徹底ではなく、情
ついて、政府と地方の代表者等が協議を行う場と 報公開、住民や議会による監視の強化を通して、
14 ……Manifesto２００９
住民主導による自主的・主体的な財政再建と地域 援や税制上の優遇措置を講じます。多数の消費者
の再生に取り組んでいきます。財政指標を絶対的 に被害を生じさせた者の不当な収益を剥奪し、被
基準として病院、福祉、交通、環境などの不可欠 害者を救済するため、適格消費者団体によるオプ
なサービスの切り捨てにつながることがないよ トアウト型の損害賠償等請求制度の創設に向けた
う、政府全体として公共サービスの維持・確保に 検討を行います。
むけ十分な財政措置を講じるように求めます。
○国庫補助負担金の改革にあたっては、国と地方の
２．地方再生
役割分担を踏まえたうえで、国が真に直接的な財
政責任を負う部門を除き、国の関与・義務づけを ○それぞれの地域特性に根ざして経済再生をはかろ
縮減・廃止しつつ、国の財政負担の地方への転嫁 うとする「地産地消」「、地域通貨」「、福祉事業とワ
や公共サービス水準の低下につながることのない ーカーズコレクティブ」「、コミュニティビジネ
よう、行政水準を維持するうえで必要な税源移譲 ス「」リビング・ウェッジ（生活保障給）」、都市と
と一体で進めます。見直す国庫補助負担金のリス 農村をつなぐ施策などの自主的努力をバックアッ
トは、上から作っておしつけるのではなく、現場 プします。
と住民の側から積み上げるようにします。 ○地域住宅産業は環境にやさしく地域の雇用や経済
○自治体の財政力に応じて国庫補助負担率を調整す など裾野が広い効果を持っています。循環型社会
ることを検討します。 にふさわしい木造住宅建設の振興に努力します。
○国の直轄事業に対する自治体の負担金を廃止する 建設技能者の育成を図るため、職業関連助成金の
とともに、国の直轄事業については、第２次地方 確保、業界全体で建設技能者養成に取り組むため
分権推進計画で示された「全国的な見地から必要 の建設技能者養成基金（仮称）を創設します。
とされる基礎的または広域的事業」に限定します。 ○元請け建設業者の倒産に伴う下請け労働再建の優
先確保、公共工事の設計労務単価の改善、建設労
(cid:1) 豊かな公共サービスを実現します
働者の違法派遣の実態調査の実施、監督強化等を
○ニーズに合った公共サービスの質・水準の確保を 通じて建設労働者の労働環境の改善を図ります。
図り、必要とする誰もが利用できるよう「、公共サ ○公共投資や社会資本投資によって得られる開発利
ービス基本法」を生かした取り組みを進めます。 益を自治体に還元する制度を創設します。
指定管理者、市場化テスト、民間への業務委託に ○地域社会全体の財産としての「歴史的環境（」すぐ
ついての基準とチェック体制を整備します。 れた「町並み」や「景観」など）を守り、再生し
○住民の命やくらしを守る公立病院の役割をきちん ます。産業遺産を観光資源として活用します。民
と評価し、国として公立病院を守り地域医療の確 謡・民話・生活技術など民衆文化の担い手に対す
保をはかるために必要な支援を行うよう求めま る助成・育成策を強化します。
す「。公立病院改革のガイドライン」を自治体にお ○改正建築基準法施行の結果、建築確認の審査が厳
しつけるのではなく、地域医療サービス確保の観 格化され、住宅着工戸数をはじめ産業界や公共の
点から、地域事情を考慮し、あくまでも現場の声 建設投資も急減し「、官製不況」ともいうべき社会
をしっかり踏まえ、地域の医療を守り充実させて 的な大混乱を招いています。これは、実務を知ら
いく立場から、各自治体、住民の要望を尊重する ない官僚・学者や巨大な外郭団体、天下り団体に
ように求めます。 よって、現実離れの弥縫策で粉塗してきた国交省
○消費者庁ができましたが、地域の現場で消費者本 の施策の失敗といわざるをえません。安全性より
位の行政が行われる必要があります。第一線の地 も安さや効率性を追求する異常なまでのコスト削
方消費者行政や相談機能を強化していくため、消 減競争、手抜き工事等を生み出す元請−下請−孫
費者センターの人員の増員、相談員の処遇改善、 請という重層的多重下請・ピンハネ構造「、設計」、
消費者生活相談窓口の機能強化や消費者行政の総 「施工」「、監理」の「三権分立」の崩壊、建築士
合的な拡大をすすめます。これらの地方の消費者 の施工業者への従属による不適正な業務や「名義
施策の実施に対する国の支援措置を強化します。 貸し」の横行、ずさんな建築確認・検査の実態、規
○適格消費者団体による差し止め請求関係業務の遂 制緩和・民間開放の流れといった構造的な問題に
行に必要な資金の確保のために、国による財政支 踏み込んだ抜本的な対策が必要です。改正建築基
Social Democratic Party…… 15
準法について、徹底的に検証し、建築確認申請の で「、公共交通の確保および経営調整に関する特別
あり方を実務にあわせて見直します。適正マンパ 措置法」を制定するとともに、地方の生活バス路
ワーの確保、一級建築士の専門化（意匠、構造、設 線や地方ローカル鉄道に対する財政支援を強化し
備）及び地位向上と責任の明確化をはかるように ます。一般財源化された道路特定財源を「、クルマ
します。また、伝統構法や大工技術の継承、木の 社会」の負の側面を軽減する政策に充当すること
文化の発展に配慮するものとなるようにします。 とし、環境対策・森林整備や鉄道整備、生活交通
○建築の質を高め、社会を豊かにするため、建築物 の維持、交通事故被害者対策等に振り向けます。
を社会資産とみなし、建築主・所有者の財産権と ○フェリーや離島航路、離島への航空路線への支援
周辺の環境権との調整の原則を示すような「建築 策を強化します。
基本法」の制定をめざします。 ○民営化された高速道路各社に料金割引分を税投入
○地域の合意を重要視して街づくりを進めようとす し、効率化や営業努力と関係なく料金保証をする
る自治体や市民の努力を大切にします。この間の 政策は、交通モード間の不公正な競争をもたらす
規制緩和が地下室マンションや超高層建築物等を ものであり、受益者負担原則や地球温暖化対策、
可能にし、住環境破壊を招いています。まちづく 環境問題、財源問題、モーダルシフトや総合交通
りに係る法制度を分権・自治の観点で見直すとと 政策との整合性、地域生活交通への影響、地域雇
もに、条例で的確な規制ができるようにします。 用等の観点から問題があります。国は公共交通や
○過疎地域の振興を図るとともに、限界集落（住民 物流などのすべての交通モードに対して必要な対
の減少と高齢化がすすみ、６５歳以上が半数以上に 策を講じるべきです。
なり、冠婚葬祭など社会的共同生活の維持が困難 ○道路・鉄道・空港・港湾といった社会資本を総合
になっている集落）をはじめとする集落対策等を 的に整備するため、特定財源、特別会計をはじめ、
総合的に推進するため、新たな過疎対策法を制定 すべての交通関係予算を総合化した「総合交通特
します。山間地域の自然環境や国土保全、水源涵 別会計」を設けることを検討します。
養など多面的な機能を評価するとともに、農林業 ○「運輸安全基本法」を制定し、運輸事業者・行政
や地場産業の振興、生活交通の確保、医療の確保、 の安全責任の強化、被害者ケア等を充実するとと
雇用の確保、教育環境や道路・上下水道・情報通 もに、運輸安全委員会をアメリカのNTSB（国
信基盤の整備、生活環境の改善など、地域に応じ 家運輸安全委員会）にならい、国土交通省から独
たきめ細やかな定住対策をすすめます。自然環 立させ、体制・権限を強化し、独立した調査活動
境、景観等の維持・保全に対する支援を行うとと ができるようにします。安全投資に対する支援措
もに、森林の管理、農地の活用、地域資源の活用 置を充実します。安全面を監視・指導する部門を
等、過疎地域の特性を活かした産業振興を支援 国土交通省に設けます。
し、新たな雇用を創出します。また、地方交付税 ○エレベーターをはじめとする生活空間事故を対象
の充実強化、過疎対策事業債の拡大、過疎市町村 とする調査機関をつくります。
に対する新たな交付金や過疎対策基金制度を創設 ○建設コストがかなり抑えられ、人と環境にやさし
するなど、過疎地への財政支援を充実します。 い生活交通体系である超低床車両を使用した新し
い路面電車(LRT)への支援を強化します。
○マイカーに依存せず公共交通を活用した、エコ通
３．人・まち・環境にやさしい交通
勤を導入する企業への支援策を講じます。
○少子高齢社会や環境問題に対応する交通システム ○歩行者専用のショッピングモールに公共交通を運
が求められています「。クルマ社会」の行き過ぎを 行させたトランジットモールなど、公共交通をま
転換し、公共交通を基盤に置いた人と地球にやさ ちづくりにいかし、街ににぎわいと魅力を取り戻
しい総合交通体系の確立をめざします「。誰もが、 します「。ショップ・モビリティ（」電動スクーター
いつでも、どこからでも、どこへでも」安心・安 や車椅子などを無料で貸し出し、必要に応じてボ
全・快適に移動できる権利を保障するため「、交通 ランティア等の付添いも行うことによって、移動
基本法」を制定します。 が困難な人が自由に商店街の中をみて回ったり買
○地域の公共交通を守るため「、公共交通は赤字でも い物をしたりできるサービス）を推進します。
福祉など他の分野で便益を生む」という考え方 ○規制緩和の検証を踏まえ、弊害是正をめざし、交
16 ……Manifesto２００９
通に関する社会的規制を強化します。ツアーバス ○日本海に面する北東アジアの諸国の都市間の政治
問題に対する運行管理の強化や監査の徹底を求め ・経済・技術・文化交流や、住民同士の相互交流
ます。 を促進することを通じて「、環境共生」型の環日本
○タクシーも公共交通と位置づけ、運転者の資質の 海構想を推進し、日本海が「平和と繁栄の海」に
向上のためのタクシーの運転者資格制度の創設、 なるように努力します。
タクシー適正化事業実施のための機関の設置を行
います。タクシー運賃の抜本的な制度の見直しを
４．郵政民営化の抜本的見直し
行います。
○自動車乗入制限、パーク＆ライド、公共交通の利 ○「日本郵政「」ゆうちょ銀行「」かんぽ生命」の株式
用拡大、貨物輸送のモーダルシフトの推進、自家 処分を凍結するための法案（郵政株式処分凍結法
用車での移動削減などで環境にやさしい交通シス 案）を再提出し、速やかに成立させます。また、
テムをつくります。 国民共有の財産である「かんぽの宿」をはじめと
○「人にやさしい」視点で歩行者安全策を追求し、 する郵政関係の施設・不動産の譲渡・廃止条項も
楽しく歩ける歩道整備を進めます。横断歩道のエ 見直します。
スコート・ゾーンや音響型信号機の整備を推進し ○郵政民営化の抜本的見直しのために「、郵政事業改
ます。踏切の歩道設置や、踏切への点字ブロック 革法案」を国会に提出し、速やかに成立させます。
設置を進めるなど、人にやさしい踏切にします。 この法案には、(cid:1)郵便のみならず、郵貯・かんぽ
○自転車道の整備、自転車通行帯の設置を推進しま のサービスについてもユニバーサルサービスの義
す。 務を課し、全国の郵便局を通じあまねく公平にか
○歩車道の完全分離を推進するとともに通行区分の つ利用者本位の簡便な方法で利用できる仕組みを
明確化を徹底し、またスクールゾーンの増設やコ 再構築するとともに、地域金融や中小企業金融の
ミュニティ道路の充実を図っていきます。事故発 核としての役割の見直しを行うこと、(cid:2)国民利用
生時の前後の走行情報を記録するドライブレコー 者の利便のため、国民不在の「郵政事業の４分社
ダーの義務化をすすめていくとともに、飲酒した 化」を見直し、郵便局における郵政三事業の一体
時に自動車を発進させないインターロック装置を 的サービス提供を保障する仕組みを構築するこ
普及させます。交通事故被害者のケアを充実する と、(cid:3)郵政事業の機動的経営を確保するため、経
とともに、事故調書の早期開示を検討します。 営形態は株式会社とするが、同時に郵政事業が国
○すべての人が利用しやすい交通を創るため、鉄道 民の福祉の向上を目的とするものであることを明
駅やバス、旅客船、空港のターミナルのユニバー 確にし、国が株式の全部を保有することを原則と
サルデザイン化をすすめます。バリアフリー車両 すること、(cid:4)郵便貯金、簡易保険を子会社とする
開発の財政支援、可動式ホーム柵やホームドアの 場合には、子会社を完全に支配できる比率の株式
設置、エスカレーターへの点字誘導ブロックの敷 保有を義務付けること、(cid:5)親会社、子会社間の取
設を推進します。音声や接触・発光ダイオード方 引には消費税を課さないこと、(cid:6)郵便貯金、簡易
式による情報提供装置の普及、見やすく分かりや 保険は、簡易な手続きで提供できるよう銀行法、
すい案内表示の整備、ホームや改札等における人 保険業法を適用せず、これに代わる郵便局独自の
的サポートを強化します。シルバーパスの充実、 規制を設けること、(cid:7)郵便局は地域のワンストッ
障がい者割引に対する公費負担制度の創設等を進 プ行政の拠点としても活用し、地域の発展に寄与
めます。利用者や当事者の声を交通政策に反映で するものとすることなどを盛り込みます。
きるようにします。 ○郵便局ネットワークをNPOや自治体と連携・協
○JR不採用問題の解決に取り組みます。 力し、高齢化社会や地域コミュニティの再生のた
○航空法が適用されない航空持株会社に対する適切 めの生活拠点、地域防災や災害時の拠点として活
な規制を講じるとともに、空の安全確保に万全策 用します。
を求めます。 ○「地域いきいき・みどりの郵貯改善プラン」を策
○船内における旅客の迷惑行為等防止のための法整 定し、(cid:1)地方への郵貯資金の供給、(cid:2)地域の住民
備を図るとともに、海運を中心とした総合的な施 ニーズにあう「小さな公共事業」の推進、(cid:3)中小
策を推進するため、海運基本法を制定します。 ビジネス、ベンチャー企業、再生可能エネルギー
Social Democratic Party…… 17
産業、女性の起業、NPO、ワーカーズコープな 倍増し、多種多様な資料を取りそろえ、専門職員
どへの社会的責任投融資、(cid:1)地域福祉寄付推進の による支援が可能な環境を作り上げます。
積み立て貯金サークルの創設、(cid:2)民間保険に入れ ○電波や放送に関わる事業体の選定に関し、権力の
ない人への保険サービスの提供などをすすめてい 介入を許さないためにも、先進諸国と同様に、現
きます。 在の行政官庁ではなく、独立した第三者機関に委
○本務職員とほぼ同一の基幹作業を行っている非常 ねる制度作りに着手します。
勤職員の身分・待遇について同一価値労働・同一 ○利用者保護、青少年対策が国家管理と混用される
賃金原則を徹底するとともに、安易な雇い止めは ことのないよう、インターネットの環境整備に取
認めません。 り組みます「。有害」や「不正」な情報の扱いにつ
○第３種、第４種郵便制度を維持し、社会政策・福 いて、直接的な法規制ではないメディアの自律的
祉的サービスの現行水準を維持します。さらに、 な対応システムを生かすかたちでの対応を強化し
NPOなど非営利・市民活動団体の差し出し郵便 ていきます。青少年への啓発・啓蒙を充実させ、
物への低額料金制度を検討します。 被害の未然防止と速やかな救済を可能にします。
○インターネットの発達とともに、放送との「融合」
が進行している現在「、情報通信インフラは国民の
５．警察改革の推進
資産」という認識に立ち、新たな法整備に臨みま
○警察が真に市民生活の安全の守り手として、国民 す「。表現の自由」は民主主義の基盤です。市場性
からの信頼を回復するためにも、住民代表や有識 や効率性に惑わされることなく、国民全体の利益
者など外部の第三者による監視機構を設置しま の基礎を見据えて改革を行うべきで、自由な表現
す。 活動が実現する社会をめざし、ビジネス優先での
○警備公安警察のあり方や機動隊の大胆な見直しを 情報分野の規制緩和や公的介入の強化には反対で
行い、防犯や交通安全など市民生活に密着した刑 す。
事部門、生活部門、交通部門の現場を重視するな ○地上デジタル放送移行に際しては、低所得者への
どによって「、空き交番」をなくしていきます。警 受信機や、チューナー貸与や電波障害地域の解消
察署や交番の再編に当たっては、関係自治体や地 など引き続き求めていくとともに、ビル陰などの
域住民の声を尊重するようにします。 新たな難視聴問題、マンションなどの共同視聴設
備の対策、デジタル波が届かないテレビ難民や経
済弱者への支援を強化します。また、障がい者の
６．市民活動支援の促進
要求への対応を強化します。バスやタクシーの無
○地域や社会の担い手としてのNPO活動を推進す 線改修などについても必要な対策を講じます。地
るため、NPO法・NPO税制を抜本改革し、NPO デジ対応テレビの普及率や低価格チューナーの対
を支援します。認定NPO法人の要件緩和や寄付 応、諸対策の状況などを踏まえ、場合によっては、
金控除などの税制改革を実態に即して行います。 延期することも含めて検討します。
○安上がりの行政のための手段としてではなく、 ○地上デジタル放送移行では、電波に空きがでるた
NPOをはじめとする市民の自主的・自発的な活 め、適正な審査により、幅広く電波利用を認め、
動と、公共サービスの担い手である「公」との連 市民にも空き電波を使う道を開きます。一般市民
帯と協働をすすめます。 のメディアへのアクセス権を保障するため、既存
○市民が自発的に出資した資金により、地域社会や 放送局に市民作成による番組放送枠を設けるよう
福祉、環境保全のための活動を行うNPOや個人 働きかけるとともに、パブリック・アクセスチャ
などに融資することを目的に設立された「市民の ンネルを整備し、諸外国では一般的な市民による
非営利バンク（」NPOバンク）を支援します。 放送事業（コミュニティメディア）にも道を開き
○「協同労働の協同組合」の法制化をすすめます。 ます。
○インターネットを利用できない人々に対して、自
治体などを通じての支援事業を推進します。ま
７．豊かな言論・情報環境の実現
た、通信条件の悪い地域への対策も行います。
○図書館を「、知の広場」と位置づけ、従来の予算を ○NHKに対する信頼性の回復、良質な番組の製作
18 ……Manifesto２００９
・提供こそ受信料に対する理解を得る唯一の道で 限引上げなど見直します。
あり、国営放送化も安易な民営化もとりません。 ○地域の信用金庫・信用組合の健全な育成・発展を
NHKが市民の負託に応える公共放送の担い手と 図ります。
して真に再生するよう強く求めていきます。視聴 ○民間金融機関による貸し渋り・貸し剥がしを厳し
率主義に走ることなく、国民の闊達な議論を呼び く監視、防止します。貸出条件の緩和は不良債権
起こすような番組や、視野の広い報道ができるよ に該当しないなど「金融検査マニュアル」の周知
う、組織改革を支援します。地域スタッフの雇用 ・徹底を行います。担保や個人保証に依存しない
を守ります。また、女性職員が全体の１０％と、 融資の促進など資金調達の多様化を図ります。
ジェンダーバランスを欠く状況にも改善を求めま ○中小企業向けの雇用調整助成金や地域雇用開発助
す。会長、経営委員候補の市民推薦制度を検討し 成金を拡充し、支給額の増額、納付時期を早め、
ます。 助成率を引き上げます。人材対策基金の拡充、中
○携帯電話の基地局建設等に対する基準を整備しま 小企業雇用創出人材確保助成金の復活、事業承継
す。電磁波暴露を減らすための法律を整備しま 円滑化予算を上積みします。
す。 ○将来の日本を担う中小企業の経営者や後継者、技
術者、ものづくりなど人材を育成するため、公的
な職業訓練施設・職業能力開発大学校（ポリテク
８．中小企業支援の充実
カレッジ）などを充実、大学や教育研究機関との
○景気悪化と仕事の減少に苦しむ中小・小規模企 連携を強めるなど職業能力開発を促進します。
業、個人事業者に対する経営や資金繰り、仕事づ ○キャリア形成助成金など教育訓練への助成制度の
くり、人材育成・後継者確保などへの支援を強 活用を柔軟化し、高専等活用中小企業人材育成事
め、日本経済の原動力である中小企業の発展を図 業は高校にも拡充、若年者安定雇用促進奨励金（ト
るとともに景気回復、地域経済の活性化、雇用・ ライアル雇用制度）の対象年齢と支給額の拡大を
内需拡大につなげます。 はかります。
○地域の暮らし・防災・みどり・環境・教育・農商 ○公正な下請取引を実現するため、大企業による一
工連携・公共交通を重視した身近な公共事業を増 方的な下請け単価の決定や不当廉売・優先的地位
やし、中小企業の仕事づくりにつなげます。 の濫用などの横暴を許さず、運用基準の監視・監
○一般歳出の３００分の１規模しかない中小企業対策 督機能などを強化し、不当な利益を吐き出させる
予算（０９年度当初１８９０億円）を４０００億円以上に 課徴金の導入を盛り込んだ下請法改正に取り組み
増やし、中小企業の基盤づくり（経営、技術、開 ます。
発など）に活用、従業員の研修・育成、円滑な事 ○官公需法に基づく中小企業向け発注枠の維持・増
業継承などを支援します。 大と目標額の増額（６兆円規模）、中小零細企業の
○中小企業に対する法人税は、税率を１１％に引下 受注機会の増大を図ります。
げるとともに適用所得を１６００万円に引き上げま ○地場産業や伝統産業への支援策を拡充し、産地振
す（現行：所得８００万円以下は１８％）。大半の中小 興、需要開拓、生産額の向上、人材育成に取り組
企業を対象にしている特例同族支配会社役員報酬 みます。
の給与所得控除の損金不参入措置は、弱いものい ○大企業の子会社による事業協同組合への加入が、
じめの税制であり、即廃止します。人材投資促進 地域の中小企業活動に悪影響を及ぼすおそれがあ
税制の対象を社内研修やOJTにも拡大します。 ることから加入を制限します。
○日本政策金融公庫や商工中金など政府系金融の民 ○日本版「地域再投資法（」金融アセスメント法）を
営化を見直し、中小企業の拠りどころとなる公的 創設し、民間金融機関に中小企業、NPO、中低
な融資機能を強化します。セーフティネット貸付 所得者層などへの公正な融資を義務づけるととも
（日本政策公庫）の融資・返済条件を緩和、緊急 に、金融機関の活動を評価し、地域雇用の創出、地
保証制度（信用保証協会）は全業種に拡大、無担 場産業の育成、地域経済の活性化につなげます。
保・無保証枠は１億円以上に拡大、返済期間を緩 ○「スモール・ファースト（」小企業を第一に考え
和します「。信用補完制度」は保証料率を引き下 よ）を明確にし、持続可能な成長、多くの雇用創
げ、責任共有制度は、小口零細企業保証制度の上 出と社会的連帯を柱とする「中小企業憲章」を制
Social Democratic Party…… 19
定し、中小企業政策の基本方針とします。 策が十分かどうか再点検します。
○経済産業省による大企業優先の産業振興策から独 ○鉄道の災害復旧支援制度の見直し、災害予防のた
立し、中小企業の地位向上と政策の充実を図るた めの施設強化に関わる費用を助成する補助制度の
め中小企業担当大臣を設置します。 拡充を検討します。
○コンビニでの見切り販売など不公正な取引方法を ○消防機関を地域に暮らす住民の安心の拠り所とし
規制し、公正かつ希望あるフランチャイズビジネ て、災害の未然防止から、発生した場合の即時対
スの振興、オーナーや労働者の生活を守る「フラ 応、被災者の社会復帰や救済まで、総合的に情報
ンチャイズ振興法（」仮称）を制定します。 やサ−ビスを提供する「地域安全安心センタ−」
をめざして改革していきます。
○「消防力の整備指針」を目標として、地域の実情
９．災害対策
に即した各自治体における消防職員・消防資機材
○「災害列島日本」から「防災先進国日本」への転 の整備を進めます。消防用ヘリコプターの配置の
換をめざし、災害に強い国土をつくります。 増強や緊急消防援助隊の装備資機材の充実をすす
○中心市街地の再開発、住宅密集地の再開発でも虫 めます。消防車と救急車の機能を併せ持った「消
喰い状態の土地を積極的に買い上げ、都市公園整 救車」の導入をすすめます。
備、緑の空間の確保を優先課題として取り組みま ○周辺住民生活への影響やいつ噴火するかもしれな
す。電気・電話等の系統の多重化、避難場所や消 いという不安に応え、火山活動・噴火ポテンシャ
防水利の整備、オープンスペースの活用等による ル評価のための移動観測装置の設置、プールクリ
災害に強いまちづくりを計画的に推進します。災 ーナーの設置、学校における空調設備の普及促
害時の情報システムの整備、食料・医薬品の備 進、降灰による身体への影響調査のための特別健
蓄、地震観測・研究の強化をすすめます。 康診断予算の確保、降灰除去事業の採択基準の見
○道路や橋梁、公共施設の耐震性を強化します。特 直しと事業量の確保、道路降灰除去車両の買い替
に小中学校の耐震化を急ぎます。 え推進、防災営農対策事業の推進等、火山対策の
○市街地での「無電柱化」率は一割強にとどまって 充実強化に努めます。
いますが、景観を改善するだけでなく、歩行者や
自転車が通行しやすくなり、交通事故を防ぐ効果
もあることから、電線の地中化、共同溝の整備も
加速します。
○洪水ハザードマップなどの防災マップの普及と住
民参加の防災・救援計画の策定を促進します「。ゲ
リラ豪雨」災害に対応できるよう、都市水害対策
を強化します「。雨水浸透ます」を各住宅の敷地に
埋め込み、水害対策とともに、都市化で枯れた地
下水の再生にもつなげ、池や川をきれいにします。
○高齢者や障がい者、外国人をはじめとする災害弱
者への対策を日頃から講じるとともに、大地震の
際の帰宅難民対策や高層マンション住民向け対策
を強化します。福祉避難所の設置をすすめます。
○被災者生活再建支援法について、支援金の支給限
度額や住宅の被害認定のあり方、半壊世帯に対す
る支援等の点での改善を図っていきます。
○ダム中心の治水対策から脱却し、河川改修や森林
保全の治水対策への支援策を強化するようにしま
す「。雨水浸透ます」を活用し、水害対策とともに、
地下水再生で池・川浄化をすすめます。アメリカ
のハリケーン被害も踏まえ、国内の高潮・洪水対
20 ……Manifesto２００９
再再再再再再再再再再再再再再再再再再再再再再再
農林水産業
建建建建建建建建建建建建建建建建建建建建建建建
6 食料自給率アップと食の安全
世界的な食料不足と穀物価格の上昇、WTOやFTA 連携、市民農園・体験農園を広げます。
・EPAによる農産物の自由貿易化の拡大、米価下落 ○優良農地は４７０万haを確保するとともに、一般株
と食料自給率の低下、担い手の高齢化と減少、農山 式会社による農地取得や長期貸借は厳しく制限し
村の疲弊、食料品への不信など農業・農村・食料を ます。自治体や農業委員会の人員・体制を拡充
めぐる危機的な状況を打開し、地域社会と一体化し し、優良農地の転用・改廃は原則禁止とし、規制
た持続可能な農林水産業、豊かな農山漁村をめざし を強めます。家族農業を守り、多面的機能の維
ます。 持、農村の振興、持続可能な農業、水産・林業と
の連携をいかした地域主導の農地政策をすすめ
ます。
１．農業
○都市農業（農業産出額と耕地面積の３割を占め
○農業のもつ多面的機能、農山村地域の発展、担い る）の保全・振興を強め、新鮮・安全な農産物の
手確保、食料自給率向上の観点から、大規模農家 提供、市民や子どもの農業体験の場、みどりや景
だけでなく、米・麦・大豆など主要な農産物を生 観の形成、生物多様性、災害防止、温暖化防止な
産するすべての販売農家に対し、生産費と販売価 どの機能を高めます。生産緑地制度に伴う税負担
格の差額を給付金として直接支払いする所得補償 を軽減します。市民・体験農園を広げ、直売への
制度を導入します。中山間地域の維持や環境保全 支援、農山漁村との共存を図ります。
の面から直接支払（中山間地支払、環境支払）を ○食の安全・安心にむけて、すべての飲食料品に流
上乗せします。 通経路を明確にするトレーサビリティを導入し、
○日本は世界最大の食料輸入国であり、世界的な食 外食・中食産業など原料原産地の表示を義務化し
料不足・高騰の中で、自国の食料生産を強化し、 ます。複雑な食品表示制度・関連法を見直し、消
食料自給率は６０％をめざします。特に自給率の 費者の選択権確保のための「食品表示法」を制定
低い穀物など飼料自給率を４０％、大豆や小麦、 します。
油脂類、果樹の自給率向上をめざします。 ○汚染米流通の再発防止や国による予防原則の基準
○飼料稲・米、米粉の生産、水田放牧による耕畜連 の明確化など政府の責任を強めた総合的な食品安
携、大豆トラスト、菜の花プロジェクト、えさ米 全行政をつくります。農薬や食品添加物を削減
のアルコール化など水田の多面的利用を推進しま し、遺伝子組換食品の表示義務対象を拡大、受精
す。小麦の２０％を米粉で、飼料の３０％を飼料米 卵クローン牛の表示を義務化します。生産者や消
・稲でまかなう「田んぼの底力をいかす農業改革 費者の立場に立った米穀検査・表示制度をつくり
法」をつくり、水田を再生します。直接所得補償 ます。人体や環境に影響をおよぼすおそれがある
の導入とセットで強制的な減反（生産調整）は廃 「食品への放射線照射」は認めません。
止します。政府備蓄米は、現行の回転備蓄方式・ ○輸入農畜産物・食品に対する監視を強化し、食品
１００万トンから、棚上げ備蓄方式３００万トンに変 衛生監視員を増員、罰則を強化します。
更し、加工や援助用に放出し、大豆や飼料などの ○米国産牛肉の輸入条件緩和には反対、再リスク評
備蓄を増やします。米や乳製品などスーパー・小 価の実施などBSE対策の強化を求めます。消費
売サイドの市場支配力を見直し、生産者の所得向 者の信頼が高く、データ取得のためにも全頭検査
上につなげます。 を当面継続します。
○有機農業・農産物、減農薬農業、地産地消・生消 ○食と農の結びつき、コメを中心とした日本型食生
Social Democratic Party…… 21
活を普及するため、学校給食の週４回以上は米飯 ○国土の７割を占め、水を育み、国土を守り、自然
とし、地場産の活用促進、自校方式の促進と国の 環境との共生、資源の循環利用など多くの宝をも
助成拡大、栄養教育の定着、伝統料理の評価と味 つ森林を再生し、持続可能な森林をつくります。
覚・調理授業、農業体験や給食用の田畑づくりな 天然生林や種の多様性をいかした適切な除間伐、
ど食農教育を充実します。 空気や水などの環境保全、木材生産の増加につな
○WTO農業交渉では、重要品目の関税削減や低関 げます。
税輸入枠の拡大は認めません。国境措置や国内支 ○地球温暖化防止・京都議定書で約束した森林吸収
持の柔軟性の確保、途上国の発展、環境保全、食の 源▲３．８％（１３００万炭素トン）の目標を達成する
安全など農業の価値を高め、各国の食料主権を守 ため、森林吸収源１０カ年対策をはじめ、毎年２０万
り、一次産業を活性化する公正な貿易ルールを求 haを追加した年５５万ha（２０１２までの６年間で３３０
め、WTOを改革します。MA米は削減・廃止を 万ha)の間伐など森林整備を加速化します。必要
めざします。小麦や乳製品、砂糖など重要品目の 予算額である毎年度１３３０億円の追加的森林整備
関税撤廃をめざす日豪EPA交渉は、日本農業や 費を当初予算で確保します。
地域経済に壊滅的打撃を与えるおそれがあり反対 ○森林整備の促進にむけ、国が主導して地域の林業
します。農産物の輸入拡大、国内農業の縮小につ 事業体の育成整備、不安定な林業労働者の賃金や
ながるEPAやFTAには反対します。 安全・定住などの処遇改善、事業計画の前倒しを
○後継者・新規就農者への助成制度を設け、新規就 図ります。不在村の森林（約３３０万ha)は国が責
農者を増やします。フランスなみの青年農業者へ 任をもって買い上げ管理するなど適切な森林整
の助成金制度（一人当り年間２００万円以上）の創 備、所有者対策をすすめます。
設や低利融資制度の拡充により、毎年の３９歳以下 ○長期的な林業専門家の育成にむけて、緑の雇用制
の新規就農者（現在１万人）を大幅に増やします。 度の拡充で１万人、緊急雇用対策で４万人の労働
○農業振興公社での稲作オペレーターの創設など人 者を確保するとともに、高校や大学での林学教育
件費を補助します。酪農ヘルパー・コントラクタ を充実し、技術をもった林業就業者１０万人（現在
ー制度など営農集団組織への人件費を補助しま ５万人）を確保します。林業への直接所得補償制
す。農業スタッフ育成制度をつくり、コメの営農 度を導入します。
受託組織に派遣します。 ○山村政策を強化します。中山間地域の多様な資源
○畜産業の自給体制を確保し、所得補償の導入で経 （水田、林野、自然環境など）を活用し、地域社
営を安定化します。安全・安心な牛乳・乳製品、 会の活性化、農林複合の推進、上流と下流の連携
食肉の国内自給体制を確保するため、自給飼料基 を強め、第一次産業の振興を図ります。
盤に立脚した酪農畜産の推進体制を図ります。牛 ○木材輸入大国である日本は、世界的な違法伐採や
乳や乳製品、食肉生産に対し再生産が可能となる 乱伐、農地開拓などによる森林減少と環境破壊を
よう、販売価格と生産費の差額を所得補償する制 防止するため、違法な外国産材の流入規制・監視
度を導入します。 を強化し、国産材の利用を拡大します。
○野生鳥獣害対策は、多様な森林の造成、里山の整 ○地域材や山に置かれた間伐材を製品やエネルギー
備や農耕地の利用（放牧など）など農林業の再生 などに有効活用し、木材自給率（現在２３％、国
と農山村の活性化をはじめ、生物多様性の保全と 内生産量は１９３１万(cid:1)）や木材産出額の向上を図
動物との共生、鳥獣行政の人材育成をすすめま ります。学校など公共施設での地域材利用の義務
す。 づけや木質バイオマスの利用を推進します。
○北海道のビートや沖縄のサトウキビなど甘味資源 ○森林行政の独立法人化はやめ、国有林事業（７６４
作物を振興、果樹・野菜の国内消費を向上します。 万haを所有）は、その公益的機能からも一般会
計で事業を行い、林野庁による一元的・一体的管
理を基本とした実施体制をめざします。
２．森林、林業
○５０年先を見た国有林や民有林の長期展望をつく
○森林整備の加速化と緑の担い手育成、森林吸収源 り、森林路網をきちんと整備し、高性能の機械に
の確保、地域材の利用拡大により、林業振興、山 よる木材収穫、地域のフォレスター（森林官）に
村の活性化を図ります。 よる森林管理、森林学校による林業の担い手育成
22 ……Manifesto２００９
・実習、木材バイオマス利用など持続可能な森林
をつくります。これらにより、木材産業および山
村・中山間地域経済を活性化し、財政、雇用、脱
化石燃料に貢献します。
３．水産・漁業
○藻場・干潟の復元など浅海の生態系を守り、沿岸
漁場、豊かな里海を再生し、漁業を支援します。
○漁業者への直接所得補償制度を導入し、水産資源
の回復、水産業の振興、持続可能な漁業をつくり
ます。
○漁業者の労働環境を改善し、暮らしや人権を守り
ます。沈没事故による人命の救出体制を確立しま
す。漁船漁業を守るために漁船員の福利厚生、特
に社会保障制度の充実を図ります。
○原油・燃料高騰にあたっては、国の責任で燃料代
の直接補てん、休業補償、燃料高騰緊急対策基金
の改善などを行い、漁業者・漁村を守ります。
○資源の回復と持続可能な漁業のため、ABC（生
物学的漁獲許容量）、TAC（総漁獲可能量）、IQ（個
別漁獲割当）を、魚種に応じて組み合わせた資源
管理をすすめます。
○漁獲制限や輸入制限を行う場合には補償措置を講
じます。また密漁や違反船を取り締まり、資源の
枯渇防止に取り組みます。国際的資源乱獲に歯止
めをかける新たなルールづくりに努力するととも
に、国際的な資源保護措置を損なうすべての違法
・無法漁船の廃絶とその漁獲物の日本市場への輸
入を禁止します。
○漁獲量が減少している魚種や魚体選別機が使用さ
れている漁種については、資源状態をより正確に
把握できる調査研究体制を整備するとともに、資
源保護策が的確に運用できるように取り組みま
す。沿岸や閉鎖的水域の海水汚染を調査し、対策
を講じます。
○漁獲の合理的な管理、漁業資源保存、鉱物資源・
海洋微生物資源等の開発に当たっては、海洋生態
系に配慮して行うようにします。
○産地ブランドの確立、産直や直売を支援するとと
もに、量販店による価格支配体制を見直し、漁業
者の経営安定、所得向上につなげます。
○漁業の持続的な発展、魚が主菜になる日本型食生
活の普及のため、魚文化の復権、学校給食への魚
の安定供給にむけた支援をはかります。
Social Democratic Party…… 23
再再再再再再再再再再再再再再再再再再再再再再再
みどり
建建建建建建建建建建建建建建建建建建建建建建建
7 地球温暖化ストップ
人間と自然の共生が図れる社会をつくるため、人 産業界などに排出枠を配分する「キャップ＆トレ
間のあらゆる活動を、自然や他の生物の再生（再生 ード型」の国内排出量取引制度を導入します。
産・循環）が可能な範囲にとどめ、脱化石燃料、地 ○環境税や炭素税(CO２排出量に比例）の導入、揮
球温暖化防止をすすめ、環境優先の経済、循環型の 発油税など既存エネルギー諸税のグリーン化をす
持続可能な社会システムの構築をめざします。 すめ、社会保障や森林整備、温暖化対策などの財
源にします。逆進性に配慮し、税収中立を原則と
○京都議定書の目標達成（温室効果ガスを９０年比 し、一次産業や中小企業に配慮します。
６％削減・約束期間２００８〜２０１２年、９０年排出量 ○電力会社による地域（全国で１０）や垂直的（送電
は１２億６１００万トン）、地球温暖化防止、脱化石燃料 ・発電・売電）な独占体制を見直します。公共財
に取り組み、気温上昇を２℃未満におさえるた である送電部門は開放、発・送・配電の事業会社
め、IPCC報告を踏まえ、温室効果ガスを２０２０年 に分離するなど自然エネルギー由来の電力を優先
までに９０年比３０％、２０５０年までに８０％削減しま し、市民参加のもとで新たなルールづくりをすす
す。 めます。
○自然エネルギーの導入を促進します。太陽光や風 ○脱原発をめざし、核燃料サイクル計画を凍結し、
力発電を電力会社が一定の価格で買取る「固定価 使用済燃料の再処理、プルサーマル計画を中止し
格買取制度」を導入します。すべての国公立学校 ます。原子力発電からは段階的に撤退します。と
や公共施設への太陽光発電設備の導入をすすめま くに耐震性に問題のある原子炉は速やかに廃炉に
す。 します。
○自然エネルギーや省エネを推進するため、電力の ○チッソの分社化と患者の切り捨ては認めず、国の
供給・管理を調節・最適化するスマートグリッド 責任を明確にした水俣病の解決にむけて、国・県
（次世代・賢い送電網）の導入・普及をはかります。 による不知火海一帯の地域住民の健康調査を実施
○バイオマスなど、地域循環型の自然エネルギーを し、被害実態を明らかにするとともに、被害者の
大幅に拡充し、雇用をつくり、地域振興をはかり 救済・補償、地域の再生に取り組みます。
ます。 ○「石綿健康被害救済法」を見直し、迅速で隙間の
○RPS法は目標値が低く、自然エネルギー導入の ない救済を実現します。補償の請求権の確保、給
妨げになっていることから廃止も含めて見直し、 付水準・内容の引き上げ、長期的な健康管理制度
「自然エネルギー促進法」の制定をめざします。 の確立など、救済を拡大します。
○エネルギー特別会計は、原子力重視から自然エネ ○アスベスト全面禁止を実現するとともに、アスベ
ルギーに大幅シフトします。EUの共通エネルギ スト対策を一元的に推進するために「アスベスト
ー政策の目標なみに、２０２０年までに自然エネル 対策基本法」を制定し、ノンアスベスト社会をめ
ギーの割合（現在２％）は２０％をめざします。 ざします。
○地域循環型のエネルギーシステムを構築するた ○被害者と家族、労働者、市民等の代表をふくめた
め、地域環境エネルギー事務所を全市町村に創設 「アスベスト対策委員会」を設置し、アスベストに関
し、自然エネルギーアドバイザーを配置します。 する総合的な政策に当事者の声を反映させます。
○企業にも社会的責任を求める対場から、経団連の ○排出者責任・拡大生産者責任の徹底・強化を図る
自主行動計画に依存した自主参加型の国内排出量 とともに、３R（リデュース、リユース、リサイ
取引制度はやめ、政府が総排出量の上限を決め、 クル）の優先順位を明確化し、生産段階での抑制、
24 ……Manifesto２００９
再利用の促進など循環型社会を形成します。不法 となる土地・工場・物質（基準）の拡大、調査結
投棄への監視を強め、廃棄特許法の適用期限を延 果の情報公開など土壌汚染対策法を見直し、強化
長します（２０１３年３月末で失効）。焼却重視、リサ します。
イクル中心、埋め立てなどの自然破壊、健康被害 ○公共事業の各種長期計画を見直し、国会での審議
につながるごみ行政を転換します。個別法で規制 を強化して不要不急な事業を計画から排除しま
している各種リサイクル対策（容器包装、家電製 す。硬直した公共事業の配分を改めるため、縦割
品、食品、建設資材、自動車など）は、LCA（総 りの特別会計・特定財源制度を抜本的に見直すと
合的な環境影響評価）や循環型社会形成推進基本 ともに、同種・同一目的の事業については、統合、
法のもとで見直します。 一本化を大胆にすすめます。
○総合的な化学物質対策を進めるため、予防原則の ○環境アセスメントの強化により、現在のニーズに
徹底、総量削減、情報公開、ライフサイクル管理、 適合しない大規模プロジェクトの見直しを積極的
市民参加、国際的協調を柱とした総合的な「化学 に行い、地域発信・環境重視の生活優先型公共事
物質管理基本法」を制定します。WSSDの目標 業へ転換し、地域経済の自立的基盤の確保に役立
である「２０２０年までに化学物質によるリスクを つとともに、地元の中小業者に直接仕事が回るよ
最小化する（」ヨハネスブルグサミット）を実現す うにします。
るため、早期にSAICM（国際的な化学物質管理 ○「公共事業基本法」を制定し、公共事業の決定過
のための戦略的アプローチ）の国内実施体制をつ 程の透明性を確保するとともに、一度着手された
くります。 事業であっても、事業の中止、変更を可能とする
○各種環境基準を弱い存在である子どもの立場から ため、補償や地域の再生、生活再建に対する支援
見直し、健康や環境調査を実施します。住宅地や学 などのルールを整備します。
校、公園での農薬使用・散布の規制を強化します。 ○環境保全や歳出の削減、費用対効果の視点から、
殺虫剤の規制法を制定します。 情報公開や住民参加の徹底で、現在のニーズに適
○２０１０年は「国連生物多様性年」で、名古屋で生物多 合しない無駄な公共事業を徹底的に見直すため、
様性条約締結国会議(COP１０）が開催されます。 公共事業チェック機構を設けます。見直し中の工
日本においても生物多様性の存在価値を明確に定 事については凍結します。川辺川ダム、八ッ場ダ
め、すべての開発に生物多様性の保全を義務づけ ムなど問題の多い大規模公共事業については、建
るとともに、環境影響評価に生物多様性の確保を 設を中止します。
明記すること、政策決定段階で市民参加を担保す ○道路の中期計画を白紙から見直すとともに、道路
るなど取り組みを強化します。計画段階での「戦 関連予算の使い方や公益法人、コストなどについ
略型環境アセスメント法」、主な産業施設や公共施 て抜本的にメスを入れます。必要性・緊急性・優
設の設置許可についての「環境団体訴訟制度」、野 先度・費用対効果を精査し、真に必要な道路整備
生生物の生息可能な環境を維持・保全・回復して に重点化していきます。
いくための「野生生物保護法」を制定します。
○「PM２．５］の規制強化、自動車NOx・PM法の
対策地域の拡大など大気汚染対策をすすめます。
○アクティブレンジャー、国立公園自然保護官、自
然公園指導員、国指定鳥獣保護管理員の増員とと
もに研修制度の導入、賃金・報酬を拡充します。
○水基本法を制定し、地球的規模での水環境保全と
水に関する法律との一本化を図ります。命の源泉
である「水」の民営化に反対し、公共財である水
を守り、安全な水行政の推進、途上国での水行政
やアクセス権を守ります。
○汚染の未然防止（予防拡大）の観点から、汚染者
負担原則を確立（汚染調査と除去等の措置など）
し、統一的な汚染実態調査の実施と義務化、対象
Social Democratic Party…… 25
再再再再再再再再再再再再再再再再再再再再再再再
税財政
建建建建建建建建建建建建建建建建建建建建建建建
8 大企業・金持ち優遇の不公平をただす
租税法律主義、国民合意、公正と公平、総合課税 拡大、生命保険料控除額を拡大します。
主義、自治税制の強化と地方財政確立、福祉社会へ ○引き下げられてきた法人税の基本税率を３４．５％
の再分配など基本的な考え方に立って、不公平税制 にもどし、不公平な大企業の租税特別措置は大胆
の是正および税の所得再分配機能を確立します。 に縮小します。長期失業者や非正規労働者、障が
応能負担原則による累進性の強化に取り組み、フ い者を正規雇用として雇い入れた企業に対し、法
ラット化や高所得者優遇税制の転換、所得格差の是 人税の優遇措置を創設します。
正をはかります。 ○政府税調も指摘しているように証券税制の株式の
総合課税の実現にむけて、的確な所得把握のため 配当・譲渡益にかかる税率の優遇措置（税率
の「公平番号制度」を早期に導入、金持ち優遇の結 １０％）は即廃止し、本則２０％に戻します。短期
果に終わってきた細分化された各種所得控除の統合 取引や高額の配当・譲渡益に対しては累進性など
化および歳出措置（直接給付制度）への転換、自主 により課税を強化します。金融所得一体課税は資
申告制度の採用（年末調整は被雇用者本人が行うな 産家優遇であり、源泉分離はやめ、総合課税を追
ど）を追求、納税者の権利を守る納税者権利憲章の 及します。資産課税（相続税、贈与税）の税率を
制定をめざします。 ７０％に引き上げるととともに、課税ベースを広
げ、富の社会への還元・所得再分配を図ります。
○ガソリン税の暫定税率は廃止し、自動車の社会的
１．税財政改革
費用や温暖化対策など環境面から抜本的に見直し
○景気を悪化させ、国民に負担を強いる消費税率の ます。消費税との二重課税や複雑な自動車諸税の
引き上げはしません。飲食料品分は実質非課税と 整理・見直しをすすめていきます。あわせて自治
します。消費税の逆進性緩和策として「、飲食料品 体財政運営に支障が生じないよう国の責任で補て
にかかる消費税額戻し金制度（」収入４００万円以下 んします。
の世帯は４万円、４００万円超１０００万円以下の世帯 ○温暖化を進めるCO２の排出など環境負荷を減ら
は２万円を年１回支給）を導入し、年収１０００万 し、持続可能な社会にむけて、排出量に比例して
円以下の世帯の消費税負担をゼロないし大幅に軽 課税する炭素税の導入、既存エネルギー諸税のグ
減します。 リーン化に取り組みます。環境保全に役立つ自然
○低所得者、子育て世帯に対する給付付き税額控除 エネルギーの促進、省エネは課税を軽減し、歳出
制度（所得税の減額と給付金の支給を組み合わせ を増やします。石油や原発に偏ったエネルギー対
て生活を支援する仕組み）を検討します。 策特会（総額８９００億円）、電源開発促進勘定（３７００
○高額所得者層の所得税の最高税率を５０％にもど 億円）を自然エネルギーの促進に活用します。
し、累進性を強化します。最低生活費を大きく下 ○不透明なヘッジファンドやタックスヘイブンなど
回る基礎控除は現行３８万円から７６万円（ドイツは の動向や実態など監視を強め、課税を強めます。
２００９年から１０６万円に引き上げ）に倍増します。 国際課税の申告漏れ所得（６３００億円・０７年）を
○廃止された老年者控除（６５歳以上所得１０００万円 把握し、課税を強化します。国際的な投機マネー
以下、所得税５０万円・住民税４８万円を控除）や縮 に課税し、途上国や環境保全に活用する国際連帯
小された公的年金等控除を戻し、公的年金税制を 税を導入します。
見直します。 ○税制の歳入と歳出、税制改正に関する情報公開を
○財形住宅貯蓄非課税制度の限度額（５５０万円）の 進めるとともに、納税者の権利を守る「納税者権
26 ……Manifesto２００９
利憲章」を制定します。国税通則法は、国税納税 ○貸金業法等改正（０６年１２月）による出資法の上限
者の立場から見直します。 金利を２０％に引き下げる、過剰融資の禁止（収
○「適正・公平な課税の実現と歳入の確保」のため 入の３分の１を超える貸付は禁止）について、予
に国税職員の定員確保と処遇改善をすすめ、経済 定どおり（１２月目途）実施します。
取引の国際化等に対応するため機構の充実を図り ○多重債務者の救済に向け、自治体の相談談窓口の
ます。 全国展開と体制強化、低所得者層向けの生活福祉
○農業や中小企業分野における居住用や事業用、農 貸付金制度の条件や運用・規模の改善、民間非営
業用などの土地・家屋にはその態様や生業権の面 利の活用による低利融資の構築などセーフティネ
から、農業や事業経営の継承や農村環境を維持で ットを拡大します。
きるよう負担を軽減します。 ○改正割賦販売法をいかし、クレジット被害の実態
○省庁縦割り、予算の囲い込みを是正します。米軍 調査や情報公開、規制強化など被害防止対策をす
への思いやり予算廃止や不要不急の公共事業費の すめ、被害者への救済措置の拡大をはじめ、安心
削減など、ムダ遣いをなくします。 ・安全な消費者信用制度を築きます。
○一般会計・特別会計・財投計画など予算全体に対 ○地域社会や福祉、環境保全に貢献しているNPO
する議会統制を強化し、歳出歳入改革、応能負担 バンクについては、貸金業法による厳しい財産要
原則に基づいた公平な税制による再分配機能の強 件や指定信用情報機関制度の登録、運営などの諸
化、債務管理・残高の対GDP比割合の減少、金 規制を緩和します。市民活動を支え、社会に貢献
融資産の活用などをすすめ、中期的な財政健全化 する金融NPOを育成・支援します。
プログラムのもとで、国民がもとめる社会保障の ○自主的で健全な相互扶助の共済は、保険業法の適
回復や生活再建型、環境保全型の財政をめざしま 用除外となるようにします。構造的な生損保の不
す。 払いを厳しく監視し、販売・支払い体制の見直
○特別会計や独立行政法人の不要な積立金・剰余金 し、相談・苦情の迅速な解決、罰則の強化など法
（財投や外為特会などの積立金約３０兆円、毎年発 的規制を検討します。
生する剰余金５兆円、純剰余金１兆円）などを社 ○「地域再投資法（」金融アセスメント法）を制定し、
会保障や公共サービスの充実など国民生活向上の 金融機関に中低所得者、女性、中小事業者・ベン
ために活用します。特会における不要額は、平均 チャービジネスなどに対する一定割合の融資を義
７．３兆円（９８年から０７年の１０年間）もあり、過大 務づけ、市民の監視と需要の創造などにより地域
見積もりとなっていることから、浮いた分を福祉 経済・社会の発展につなげます。
などに活用します。 ○消費者の権利尊重を第一義とし、透明・公正な金
○特別会計（勘定）の削減・統廃合（０６年度は３１会 融商品取引、被害者救済などを担う金融行政の基
計→０８年度は２１会計）をさらに進め、不要な積立 本法として「金融サービス法」の制定に取り組み
金・剰余金の一般財源への繰入を明確化するとと ます。
もに、会計単一原則や財政民主主義の観点などか ○外国為替証拠金取引(FX)においては、保証金は
ら歳出削減の徹底、財務状況の情報公開・透明 厳格に管理するよう金商法の規制や証券取引等監
化、隠れ借金をなくします。 視委員会による監視・指導を強めるとともに、脱
○国民生活の向上、社会的規制の確立、公共性の確 税対策を強化します。
保、良好な雇用・労働環境の維持等の観点から、独 ○公正な証券市場を構築するとともに、証券取引等
立行政法人・特殊法人の真の改革に取り組みます。 監視委員会を強化します。
２．金融
○金融不安を解消するため、金融市場・金融機関・
金融商品への監視・規制を強化し、金融システム
を安定化します。中小企業や農林漁業、低所得者
層や失業者、高齢者や障害者の生活を守る公的金
融制度の再構築に取り組みます。
Social Democratic Party…… 27
再再再再再再再再再再再再再再再再再再再再再再再
政治改革
建建建建建建建建建建建建建建建建建建建建建建建
9 透明な政治を国民の手に
二大政党の、あいも変わらずの政治とカネの問題 決算の実現を求めます。
の噴出に、国民の政治不信は高まっています。政治 ○政治倫理審査会を改組・拡充した政治倫理委員会
とカネをどう正すのかが総選挙の争点の一つです。 の設置や国会議員の資産公開に対する実効性の確
社民党は政官業の癒着構造を正し、利権政治から決 保などの面から政治倫理法を改正します。
別し、透明でクリーンな政治を国民の手に取り戻す ○戸別訪問の解禁、立会演説会の開催、FAXやメ
ために全力で取り組みます。 ール、インターネットを利用した選挙活動の解禁
など、政党や政治家の情報を入手する機会の拡大
１．透明でクリーンな政治を実現します
や有権者との対話を重視する観点から選挙運動に
○政党や政治資金団体への企業・団体献金をただち 対する規制のあり方を見直します。
に禁止します「。抜け道」に使われている側面があ ○各選挙管理委員会のウェブサイトに、政見放送と
る政治団体の機関紙誌への広告料の規制、迂回献 選挙公報を掲載するように検討をすすめていきま
金の禁止、政治団体の献金規制などを実現しま す。
す。年間５万円超の党費または会費は寄附と見な
すことを検討します。
２．透明で民主的な公務員制度改革を
○税額控除の拡大やネット献金の推進などで個人献
推進します
金を広げます。
○自治体首長・議員の私設秘書の追加、構成要件の ○天下りを禁止するため、早期勧奨退職制度を廃止
明確化、第三者供賄規定など、あっせん利得処罰 し、在職期間の長期化を図るとともに「、天下り禁
法の強化改正に引き続き取り組みます。 止法案」の成立を図ります。特殊法人、独立行政
○選挙の公正性の確保や有権者の選択の拡大、多様 法人等も含め徹底した規制を行います。公務員の
で活力ある政治を実現するため、同一選挙区から 採用試験区分を見直し、閉鎖的で特権的なキャリ
の世襲立候補や政治団体の継承を制限します。会 ア制度を廃止するとともに、原則試験制度に基づ
社などを退職しなくても立候補できる立候補休職 く昇格制度を採用し任用時における昇任差別をな
制度の導入や供託金引き下げを行い、誰もが立候 くします。
補しやすくします。 ○ILO勧告を踏まえ民主的で透明な公務員制度改革
○選挙制度や議員の定数については、経済行為や効 をすすめ、公務における労働基本権を確立しま
率性と一律に取り扱うべきではなく、議員活動や す。
国会の機能強化の観点を踏まえて対応します。小 ○短時間公務員制度を導入します。身分が不安定な
選挙区制には、民意の反映を弱め、得票率と議席 臨時公務員・期間公務員の処遇改善など、非正規
率の乖離、死票の増加、一票の価値の格差の拡大 職員の権利向上・待遇改善に取り組み「、官製ワー
などの問題があります。死票をなくし多様な民意 キングプア」をなくしていきます。
を反映する公正な制度とするため、比例代表中心 ○国や自治体が民間会社に公共サ−ビスを委託した
の選挙制度への改革をめざします。特に、小選挙 り、公共事業を請け負わせたりするにあたって、
区部分の欠陥を拡大し、民意の反映を弱めること その地域の平均的な労働条件を切り下げるような
になる比例区の定数削減には反対します。 契約をしてはならないと定めている、ILO９４号条
○政治資金収支報告書の中央・地方の一元的把握、 約の趣旨を踏まえ「、公契約法」を制定します。国
政治家の資金管理団体、政治団体、後援会の連結 ・自治体は、政策を通じて公正労働（人間らしい
28 ……Manifesto２００９
賃金・労働条件）、福祉、環境、人権、男女平等参
画などの社会的価値を実現する役割と責任を担っ
ていることから、これらの社会的価値を落札基準
に加える「政策入札」への転換を図ります。
３．行政権へのコントロールを強化します
○国権の最高機関である国会が行政府に対する監視
・統制機能を強化することによって、官僚優位の
「官僚内閣制」から国民本位の「国会内閣制」へ
の改革を進めます。両院の調査室、議院法制局、
国会図書館の機能、各会派の政策スタッフなどの
補佐機関を質量両面ともに充実します。また、質
問主意書制度や一般質疑、フリートーキング方
式、常時の公聴会の開催等を活用するようにしま
す。少数会派の国会運営に対する発言権や質疑権
を保障します。議員発議に必要な賛成者の員数要
件の緩和、党首討論の要件緩和に引き続き取り組
みます。
○国民主権の政治、住民参加の大前提として、徹底
した情報公開を進めることが必要です。国民の知
る権利の保障の立場から情報公開法を改正すると
ともに、国会及び裁判所を対象とする情報公開法
をつくります。
○「公職コミッショナー制度」を導入し、審議会や
公的法人の役員人事の公募をすすめます。
○会計検査院の機能を強化するとともに、住民訴訟
の国版である国民訴訟制度の導入を検討します。
国民が会計検査院に対して直接、公金検査の請求
を行い、会計検査院で国の財政上の違法・是正策
の審査を先行し、その後、国民が財政上の違法を
是正するための訴訟を提起できる国民訴訟を可能
にするようにします。
○公務員の憲法尊重擁護義務や、公務員の選定・罷
免権を実質化させるための法整備を検討します。
Social Democratic Party…… 29
再再再再再再再再再再再再再再再再再再再再再再再
平和・人権
建建建建建建建建建建建建建建建建建建建建建建建
10 平和憲法を世界へ
軍事ブロック間の対立と均衡の２０世紀は終わりま 検討します。
した。２１世紀をテロと暴力が連鎖する混沌の世紀と ○「慰安婦」問題の最終的な解決をはかるために「戦
するのか、国際社会の信頼と協調に基づく新しい集 時性的強制被害者問題解決促進法案」の成立をは
団安全保障体制の構築に向かわせるのかは、私たち かります。
の選択にかかっています。北東アジアにはいまだ冷 ○強制連行問題について政治解決をはかるため、ド
戦構造が残り不安定な面が存在しますが、軍事的対 イツの「記憶・責任・未来財団」にならって国と
抗を強め緊張を高めあうことはなんの解決にもなり 企業の負担による基金を設け、被害者・遺族への
ません。米国に追従し軍事面の関係を強化するので 補償を行います。
はなく、アジアの国々との信頼醸成の努力をかさね ○アジアの人々と共有できる歴史認識をつくるた
地域の安全保障環境を改善するこそが必要です。社 め、共同の歴史研究を積み重ね、公正な歴史を学
民党は、国家間の軍事力の均衡を中心に考える旧来 ぶための教材を作成します。
の安全保障の発想を転換し、社会開発、人権擁護、 ○戦争犠牲者を慰霊するため無宗教で対象を軍人軍
環境保全などに軸足を置いた「人間の安全保障」の 属に限らない新たな慰霊施設を建設を検討しま
理念を重視していくべきと考えています。ヒロシマ す。靖国神社への政府首脳の公式参拝は行いませ
・ナガサキ、オキナワの悲惨な体験を持ち、世界に ん。
誇る平和憲法を持つ日本こそ、平和な世界へのリー
ダーシップを発揮すべきなのです。
２．日米同盟の強化に反対し、
多国間の安全保障システムを構築します
１．北朝鮮に核保有を断念させ、
○米国に在日米軍再編についての再協議を求め、沖
戦後処理問題の解決に取り組みます
縄などの米軍基地の縮小・撤去をすすめます。普
○非軍事面のあらゆる手段を用いて、北朝鮮に核開 天間基地の閉鎖・返還を求め、辺野古への新基地
発・保有の断念を迫ります。 建設など、基地機能の強化に反対します「。グアム
○北朝鮮との国交正常化交渉を再開し、粘り強い外 移転協定」の廃棄を要求します。
交交渉によって拉致問題と戦後処理問題の解決を ○日米地位協定の全面改正を求めます。在日米軍の
めざします。 駐留経費の負担について定めた特別協定を廃止
○国会図書館に戦争の事実調査を行う恒久平和調査 し、本来負担する必要がない「思いやり予算」を
局を設置するための「国立国会図書館法改正案」 段階的に削減します。
の早期成立をめざします。 ○日米安保条約の軍事同盟の側面を弱めながら、将
○旧日本軍兵士の遺骨収集をすすめます「。慰安婦」 来的に経済や文化面での協力を中心にした平和友
問題、強制連行、シベリア抑留、中国残留孤児問 好条約への転換をめざします。
題など、残された戦後処理問題の早期解決に取り ○アジア・太平洋の多国間安全保障対話を推進させ
組みます。 ます。６ヵ国協議の枠組みを発展させ、北東アジ
○裁判で国側の敗訴が続いている被爆者の認定問題 ア非核地帯と地域安全保障機構の創設をめざしま
で、原爆症認定基準を全面的に見直し、直ちに原 す。
告の全員を救済します。被爆二世・三世を含めた ○横須賀への原子力空母配備に反対します。
包括的な被爆者救済のため被爆者援護法の改正を
30 ……Manifesto２００９
る援助外交をめざします。
３．平和憲法の理念の実現をめざし、
○投機的な短期資金の移動を抑制し、途上国の債務
自衛隊を縮小・改編します
や貧困、環境破壊などの解決をはかる資金源とす
○憲法の理念に基づく安全保障政策を実現するため るために「、トービン税（国際通貨取引税）」の導
に「平和基本法」を制定し、肥大化した自衛隊の 入を支持します。
規模や装備を早期に必要最小限の水準に改編・縮
小します。
５．北東アジアを非核化し、
○新規の正面装備の契約を控え、防衛費に占める歳
核も戦争もない２１世紀をめざします
出化経費の割合を抑制します。防衛調達をめぐる
不祥事の再発防止をはかるため、防衛予算の透明 ○外交・安全保障関係の情報公開を進め「、密約」問
化をはかります。 題の真相を明らかにします。
○「専守防衛」の理念を厳守し、イージス艦、空中 ○国是である非核３原則（持たず、つくらず、持ち
給油機、軽空母や敵基地攻撃能力を持つ爆撃機な 込ませず）を厳守し、法制化をはかります。
どの攻撃的な装備の保有を抑制します。 ○核兵器の役割を縮小させるために拡大抑止（核の
○インド洋に派遣している自衛艦は撤退します。自 傘）の役割を対核兵器に限定し、核兵器国による
衛隊の海外派遣のための恒久法の制定は行いませ 消極的安全保証を再確認します。
ん。 ○核兵器国に核の先制不使用宣言をよびかけ、条約
○海賊問題への対処は、海上保安庁を主体とするも 化をめざします。
のに組み換えます。 ○CTBT（包括的核実験禁止条約）発効やカット
○「シビリアン・コントロール」の理念を実質化し、 オフ条約の具体化を目標に、関係国への働きかけ
情報公開を進めます。武器輸出禁止３原則を厳格 を強め、NPT体制の強化をめざします。
に守ります。 ○核拡散につながるプルトニウム利用政策を転換
○自衛隊内部での人権侵害を防ぐために「自衛官オ し、国際的にも批判が強い六ヶ所村の核燃料再処
ンブズマン」制度を創設し、自衛官の基本的人権 理施設の運用を凍結します。
を保障する立法をめざします。 ○対人地雷、クラスター弾に続いて劣化ウラン弾を
○憲法審査会における憲法改正案の作成に反対しま 禁止する条約の実現をめざします。
す。
６．あらゆる差別に反対し、
４．国連中心の外交政策をすすめ、 表現の自由を守ります
非軍事面の国際協力を進めます
○「人権教育・啓発推進法」の所管を内閣府に移し、
○安全保障理事会のあり方を見直すなど、国連の民 政府全体として取り組む体制を整備します。
主的改革を推進し、大国主義ではない民主的な国 ○政府から独立した人権救済機関を設ける「人権侵
連をめざして努力します。 害救済法」を制定します。
○海外の大規模災害への緊急援助や、途上国の開発 ○部落差別意識の解消に向けた同和教育、啓発活動
支援のための協力などに積極的に取り組みます。 を強化します。隣保館を地域社会における人権セ
国連平和維持活動(PKO)への参加は、憲法の枠内 ンターとして位置づけ、機能を充実します。
の人道的な活動に徹します。 ○アイヌ民族を先住民族と認めた国会決議（２００８
○政府開発援助(ODA)予算を国民総所得の０．７％と 年６月）を受け「、アイヌ文化振興法」を北海道外
いう目標（国連のミレニアム開発目標）の実現に で生活するアイヌ民族にまで拡大するよう改正し
向けて増額します。開発援助資金の財源として ます。
「国際連帯税（航空券への課税）」の導入を検討 ○外国人労働者の労働条件、就業環境、居住環境の
します。 改善に取り組みます。人身売買を禁止するための
○ODAを社会開発、人権、女性支援、環境保全な 対策を講じます。外国人研修制度を見直します。
ど「人間の安全保障」重視に転換します「。ODA 在日外国人に地方選挙権を付与します。外国人学
基本法」を制定し、長期的な視点で信頼をえられ 校への支援を強化します。
Social Democratic Party…… 31
○ゲイ・レズビアンなど、性的指向への偏見の解消 ります。事後的な検証を可能とするため、捜査時
に取り組みます。同姓間のカップルに異性間のカ の試料等の保管を義務づけます。
ップルに準じた民法上の権利を保障するため、仏 ○いわゆる代用監獄制度の廃止など、被疑者・受刑
PACS法（連帯の市民協約）にならった新しい制 者の人権確立に取り組みます。拷問禁止条約が遵
度の創設をめざします。 守されるよう政府を監視します。
○「性同一性障害者特例法（」０４年施行、０８年改正） ○犯罪被害者の救済制度を強化します。
をさらに改正して適用の範囲を広げると同時に、 ○国民の裁判を受ける権利を実質的に保障するため
性別適合手術への保険適用を行います。 に裁判官の増員をはかります。また、法律扶助事
○思想・良心・表現の自由、居住・移転・出国の自 業に対する国の予算を増額します。
由、少数民族の権利などを定めた国際人権規約B ○難民および難民申請者の増加と出身国の多様化が
規約の第一選択議定書を批准し個人通報制度を設 進む中で、人道的観点から医療、公的扶助、就労
けます。 許可等の支援措置を講じます。難民条約が遵守さ
○死刑廃止に向けた議論をすすめ、刑罰制度の見直 れるよう政府を監視します。
しに着手します。それまでの間、死刑の執行を停 ○少年法を見直し、少年の特質を踏まえた教育・福
止します。 祉的な対応を強める体制を整備します。
○犯罪の実行前の共謀それ自体を処罰の対象とする
「共謀罪」の新設に反対します。通信傍受法（盗
聴法）やサイバー犯罪対策に関する刑法・刑訴法
を見直し、適用対象や犯罪の構成要件、処罰の範
囲等を見直します。
○国家による監視社会の強化に反対するとともに、
医療情報、教育情報、金融情報などのセンシティ
ブ（取り扱いに注意すべき）情報について、プラ
イバシーを守るための個別法の整備をすすめま
す。
○住民基本台帳ネットワークシステムに不安を抱く
多くの市民や自治体労働者と連携しながら、ネッ
トワークシステムの凍結・廃止を念頭にシステム
の監視と問題点の追及に取り組みます。
○年金・医療・介護に関する個人情報を一元的に管
理する「社会保障カード」について、個人情報と
プライバシー保護の観点から反対します。行政の
都合やIT産業の利権のためではなく、住民の利
便性向上につながるのかの視点できっちり見直し
ていきます。
７．「市民の司法」を実現する立場で
司法制度改革に取り組みます
○裁判員制度を見直します。裁判員のための条件整
備、被告人の防御権の担保、裁判員の守秘義務の
あり方と罰則の問題等について検証し、裁判員法
等の改正を行います。
○長期にわたる拘留や強要によるウソの「自白」が
冤罪の温床となっていることを踏まえ、取り調べ
の全過程の可視化（ビデオ録画等による）をはか
32 ……Manifesto２００９",,
71320_201212,"生
活
衆
議
院
選
挙 再
公
約
２
０
建
１
２
総
合
版
いのち 政 治
を大切にする
社民党
http://www.sdp.or.jp 社 民 党










































",,
71320_201412,"衆
議
院
選
挙
公
約
2
0
1
4
4
社 民 党 の つ の 約 束
約約束束 アベノミクスによる生活破壊を許さず、
１１ 拡大した格差を是正します
約約束束 「戦争できる国」に向かう集団的自衛権
22 行使は認めず、平和憲法を守ります
約約束束 原発再稼働は認めず、脱原発社会の実現
33 目指し再生可能エネルギーを促進します
約約束束 ＴＰＰ参加に反対し、
44 農林水産業と地域社会を守ります
http://www5.sdp.or.jp ツイッター https://twitter.com/SDPJapan
フェイスブック https://www.facebook.com/SDP.Japan
衆議院総選挙公約２０１４
4
社 民 党 の つ の 約 束
約約束束 アベノミクスによる生活破壊を許さず、
１１
拡大した格差を是正します
（１）景気を悪化させる消費税再増税の撤回・５％へ引き下げを
○１５か月以上連続して実質賃金が減少し、４月からの消費税率引き上げによってＧＤＰの６割を占める個人消費
も想定を超えて落ち込み、ＧＤＰは２四半期連続でマイナスとなっています。社会保障は切り捨てが先行し、社
会保障の充実の約束は守られていません。暮らしと雇用の立て直しが最優先です。国民生活と国民経済の回復を
図るため、消費税率の１０％引き上げは先送りではなく撤回し、５％に引き下げます。
○消費税率アップのための社会保障・税の一体改革ではなく、あるべき社会保障ビジョンとそれを支える雇用の姿
を描いたうえで、国民合意に基づいて負担のあり方を見直す、本来の一体改革を実現します。
【社民党の財源確保の考え方】
①不公平の是正と応能負担の強化の観点から税制を抜本改革、税収を１９９７年ベースに
・高所得者の所得課税強化：所得税の累進性強化、金融証券課税の強化等（年間約６兆円超）
・大企業に対する課税強化：法人税減税の中止、法人税率（中小企業を除く）の引き上げ、課税ベースの拡大、
租税特別措置などの見直し等（年間約５兆円超）
②無駄遣いをやめて、使い道を変える（年間約３兆円超）
・不要不急の大規模公共事業の中止
・あらゆる歳出の見直し（各省庁の裁量的経費、防衛予算、米軍への思いやり予算、原発関係予算の見直し等）
・特別会計積立金・剰余金の適正化、官民ファンド・基金事業の縮減、政府資産の活用等
③経済や金融のあり方を変える
・新しい税制の検討：環境税の拡充、高級品への物品税の導入、富裕税の導入等
・景気回復による税収増
・中期的な財政健全化プログラムの策定
（２）ＧＤＰの６割は個人消費、家計に対する支援を最重点に
○大企業や富裕層を優遇し、低賃金労働者を作り出すなど経済格差をもたらす「アベノミクス」ではなく、「家計
を温める経済対策」で賃上げと所得増によって消費と内需の拡大を図ります。
○「賃上げ目標」を設定し、月例賃金アップに政策を総動員します。年収２００万円以下の働く貧困層をなくすよう、
当面、最低賃金を時給１０００円まで引き上げます。公契約法・公契約条例を制定します。
○「いのち」（介護、医療、子育て、福祉、教育）と「みどり」（農林水産業、環境や自然エネルギー）分野へ重点的に
投資し、働きがいのある人間らしい仕事を創出します。
○円安による原材料価格やエネルギーコストの上昇の影響に対応し、物価高騰対策を求めます。トリガー条項発動
でガソリン税を引き下げます。
○経済効果が不透明で、ギャンブル依存症を生み出すカジノ解禁には反対します。
1
（３）派遣法改悪など労働法制改悪を阻止し労働者保護ルールを強化
○“一生涯派遣社員”をつくりかねない労働者派遣法案の改悪を阻止します。労働者の権利性が弱い派遣労働の拡
大を許しません。派遣労働は臨時的・一時的なものに留め、直接雇用の原則を徹底します。
○解雇しやすく低賃金に押さえ込む「限定正社員」（職務や勤務地、労働時間を特定）の導入、残業代を払わない労
働時間の適用除外制度、解雇の金銭解決制度、解雇規制の緩和など、安倍政権が進めている労働者保護制度の改
悪を阻止します。ディーセント・ワーク（尊厳のある人間らしい働き方）の実現に向け、労働者保護ルール、雇用
のセーフティネットを強化します。
○雇用契約の原則を「期間の定めのない直接雇用」とし、非正規・有期雇用から正社員への転換を促進します。非
正規労働者に同一価値労働・同一賃金など均等待遇を保障します。
○長時間労働、不払い残業、過労死をなくし、ワークライフバランスを推進します。
○民主的で透明な公務員制度への改革を進め、公共サービスの質を充実します。国や自治体の官製ワーキングプア
をなくします。
（４）安心の社会保障の充実を
〔年金〕
○だれもが安心して老後を迎えられるよう、最低保障機能を備えた年金制度を創設します。廃止された老年者控除
や縮小された公的年金等控除を復活します。
〇基礎年金には年金を目減りさせるマクロスライドをかけないように法律の改正を求めます。
〇重い保険料負担を軽減できるよう、非正規労働者に対する社会保険制度の適用を拡大します。
○公的年金の積立金は、被保険者の利益のために、長期的な観点から安全かつ確実な運用を堅持します。
〔医療〕
○地域の医療を守ります。総合医の養成に取り組みます。公立病院の統廃合や民営化、社会保険病院、厚生年金病
院等の廃止に歯止めをかけます。
〇国民皆保険制度の中心を支える市町村の国民健康保険制度に公費を投入し立て直しを図ります。
〇後期高齢者医療制度を根本的に見直します。７０歳〜７４歳の医療窓口負担１割を継続します。
〔介護〕
○特別養護老人ホーム、老人保健施設、介護療養型医療施設を増設し、安心の老後を実現します。
〇介護と医療の連携強化、小規模多機能施設やグループホームへの支援を強化し、在宅生活を支えます。要支援者
が必要とするサービスを確実に提供できる体制をつくります。認知症の人や家族を支援する体制をつくります。
〇介護現場の人手不足は深刻です。介護職員の賃金の引き上げ、待遇改善に取り組みます。人材の確保・養成に力
を入れます。
〔貧困の防止〕
○生存権を保障する生活保護制度の縮小を許しません。行政の対応を点検、改善するとともに、ケースワーカーの
育成、増員、資質の向上に取り組みます。
○「健康で文化的な最低限度の生活」の底上げ、社会的セーフティネットの構築、ひとり親家庭への支援を強化し、
貧困の連鎖を防止します。
〔共生社会〕
○障害者権利条約の趣旨をあらゆる場面で実現します。「障害者差別解消法」の実効性を高め、障がい者の地域生
活を広げ、共生社会を実現します。
○「手話言語法」、「情報・コミュニケーション法」を制定します。
○ＬＧＢＴ（性的マイノリティ）への偏見解消や差別禁止に取り組みます。多様な形態の家族に対して民法上の権利
を保障する新制度の創設を目指すとともに、同性婚についても実現を目指します。
○水俣病やアスベスト（石綿）被害、カネミ油症、「ＰＭ２.５」など、公害問題の全面解決と全被害者の補償・救済
に取り組みます。
（１）景気を悪化させる消費税再増税の撤回・５％へ引き下げを
○１５か月以上連続して実質賃金が減少し、４月からの消費税率引き上げによってＧＤＰの６割を占める個人消費
も想定を超えて落ち込み、ＧＤＰは２四半期連続でマイナスとなっています。社会保障は切り捨てが先行し、社
会保障の充実の約束は守られていません。暮らしと雇用の立て直しが最優先です。国民生活と国民経済の回復を
図るため、消費税率の１０％引き上げは先送りではなく撤回し、５％に引き下げます。
○消費税率アップのための社会保障・税の一体改革ではなく、あるべき社会保障ビジョンとそれを支える雇用の姿
を描いたうえで、国民合意に基づいて負担のあり方を見直す、本来の一体改革を実現します。
（２）ＧＤＰの６割は個人消費、家計に対する支援を最重点に
○大企業や富裕層を優遇し、低賃金労働者を作り出すなど経済格差をもたらす「アベノミクス」ではなく、「家計
を温める経済対策」で賃上げと所得増によって消費と内需の拡大を図ります。
○「賃上げ目標」を設定し、月例賃金アップに政策を総動員します。年収２００万円以下の働く貧困層をなくすよう、
当面、最低賃金を時給１０００円まで引き上げます。公契約法・公契約条例を制定します。
○「いのち」（介護、医療、子育て、福祉、教育）と「みどり」（農林水産業、環境や自然エネルギー）分野へ重点的に
投資し、働きがいのある人間らしい仕事を創出します。
○円安による原材料価格やエネルギーコストの上昇の影響に対応し、物価高騰対策を求めます。トリガー条項発動
でガソリン税を引き下げます。
○経済効果が不透明で、ギャンブル依存症を生み出すカジノ解禁には反対します。
（３）派遣法改悪など労働法制改悪を阻止し労働者保護ルールを強化
○“一生涯派遣社員”をつくりかねない労働者派遣法案の改悪を阻止します。労働者の権利性が弱い派遣労働の拡
大を許しません。派遣労働は臨時的・一時的なものに留め、直接雇用の原則を徹底します。
○解雇しやすく低賃金に押さえ込む「限定正社員」（職務や勤務地、労働時間を特定）の導入、残業代を払わない労
働時間の適用除外制度、解雇の金銭解決制度、解雇規制の緩和など、安倍政権が進めている労働者保護制度の改
悪を阻止します。ディーセント・ワーク（尊厳のある人間らしい働き方）の実現に向け、労働者保護ルール、雇用
のセーフティネットを強化します。
○雇用契約の原則を「期間の定めのない直接雇用」とし、非正規・有期雇用から正社員への転換を促進します。非
正規労働者に同一価値労働・同一賃金など均等待遇を保障します。
○長時間労働、不払い残業、過労死をなくし、ワークライフバランスを推進します。
○民主的で透明な公務員制度への改革を進め、公共サービスの質を充実します。国や自治体の官製ワーキングプア
をなくします。
（４）安心の社会保障の充実を
〔年金〕
○だれもが安心して老後を迎えられるよう、最低保障機能を備えた年金制度を創設します。廃止された老年者控除
や縮小された公的年金等控除を復活します。
〇基礎年金には年金を目減りさせるマクロスライドをかけないように法律の改正を求めます。
〇重い保険料負担を軽減できるよう、非正規労働者に対する社会保険制度の適用を拡大します。
○公的年金の積立金は、被保険者の利益のために、長期的な観点から安全かつ確実な運用を堅持します。
〔医療〕
○地域の医療を守ります。総合医の養成に取り組みます。公立病院の統廃合や民営化、社会保険病院、厚生年金病
院等の廃止に歯止めをかけます。
〇国民皆保険制度の中心を支える市町村の国民健康保険制度に公費を投入し立て直しを図ります。
〇後期高齢者医療制度を根本的に見直します。７０歳〜７４歳の医療窓口負担１割を継続します。
〔介護〕
○特別養護老人ホーム、老人保健施設、介護療養型医療施設を増設し、安心の老後を実現します。
〇介護と医療の連携強化、小規模多機能施設やグループホームへの支援を強化し、在宅生活を支えます。要支援者
が必要とするサービスを確実に提供できる体制をつくります。認知症の人や家族を支援する体制をつくります。
〇介護現場の人手不足は深刻です。介護職員の賃金の引き上げ、待遇改善に取り組みます。人材の確保・養成に力
を入れます。
〔貧困の防止〕
○生存権を保障する生活保護制度の縮小を許しません。行政の対応を点検、改善するとともに、ケースワーカーの
育成、増員、資質の向上に取り組みます。
○「健康で文化的な最低限度の生活」の底上げ、社会的セーフティネットの構築、ひとり親家庭への支援を強化し、
貧困の連鎖を防止します。
〔共生社会〕
○障害者権利条約の趣旨をあらゆる場面で実現します。「障害者差別解消法」の実効性を高め、障がい者の地域生
活を広げ、共生社会を実現します。
○「手話言語法」、「情報・コミュニケーション法」を制定します。
○ＬＧＢＴ（性的マイノリティ）への偏見解消や差別禁止に取り組みます。多様な形態の家族に対して民法上の権利
を保障する新制度の創設を目指すとともに、同性婚についても実現を目指します。
○水俣病やアスベスト（石綿）被害、カネミ油症、「ＰＭ２.５」など、公害問題の全面解決と全被害者の補償・救済
に取り組みます。
2
（１）景気を悪化させる消費税再増税の撤回・５％へ引き下げを
○１５か月以上連続して実質賃金が減少し、４月からの消費税率引き上げによってＧＤＰの６割を占める個人消費
も想定を超えて落ち込み、ＧＤＰは２四半期連続でマイナスとなっています。社会保障は切り捨てが先行し、社
会保障の充実の約束は守られていません。暮らしと雇用の立て直しが最優先です。国民生活と国民経済の回復を
図るため、消費税率の１０％引き上げは先送りではなく撤回し、５％に引き下げます。
○消費税率アップのための社会保障・税の一体改革ではなく、あるべき社会保障ビジョンとそれを支える雇用の姿
を描いたうえで、国民合意に基づいて負担のあり方を見直す、本来の一体改革を実現します。
（２）ＧＤＰの６割は個人消費、家計に対する支援を最重点に
○大企業や富裕層を優遇し、低賃金労働者を作り出すなど経済格差をもたらす「アベノミクス」ではなく、「家計
を温める経済対策」で賃上げと所得増によって消費と内需の拡大を図ります。
○「賃上げ目標」を設定し、月例賃金アップに政策を総動員します。年収２００万円以下の働く貧困層をなくすよう、
当面、最低賃金を時給１０００円まで引き上げます。公契約法・公契約条例を制定します。
○「いのち」（介護、医療、子育て、福祉、教育）と「みどり」（農林水産業、環境や自然エネルギー）分野へ重点的に
投資し、働きがいのある人間らしい仕事を創出します。
○円安による原材料価格やエネルギーコストの上昇の影響に対応し、物価高騰対策を求めます。トリガー条項発動
でガソリン税を引き下げます。
○経済効果が不透明で、ギャンブル依存症を生み出すカジノ解禁には反対します。
（３）派遣法改悪など労働法制改悪を阻止し労働者保護ルールを強化
○“一生涯派遣社員”をつくりかねない労働者派遣法案の改悪を阻止します。労働者の権利性が弱い派遣労働の拡
大を許しません。派遣労働は臨時的・一時的なものに留め、直接雇用の原則を徹底します。
○解雇しやすく低賃金に押さえ込む「限定正社員」（職務や勤務地、労働時間を特定）の導入、残業代を払わない労
働時間の適用除外制度、解雇の金銭解決制度、解雇規制の緩和など、安倍政権が進めている労働者保護制度の改
悪を阻止します。ディーセント・ワーク（尊厳のある人間らしい働き方）の実現に向け、労働者保護ルール、雇用
のセーフティネットを強化します。
○雇用契約の原則を「期間の定めのない直接雇用」とし、非正規・有期雇用から正社員への転換を促進します。非
正規労働者に同一価値労働・同一賃金など均等待遇を保障します。
○長時間労働、不払い残業、過労死をなくし、ワークライフバランスを推進します。
○民主的で透明な公務員制度への改革を進め、公共サービスの質を充実します。国や自治体の官製ワーキングプア
をなくします。
（４）安心の社会保障の充実を
〔年金〕
○だれもが安心して老後を迎えられるよう、最低保障機能を備えた年金制度を創設します。廃止された老年者控除
や縮小された公的年金等控除を復活します。
〇基礎年金には年金を目減りさせるマクロスライドをかけないように法律の改正を求めます。
〇重い保険料負担を軽減できるよう、非正規労働者に対する社会保険制度の適用を拡大します。
○公的年金の積立金は、被保険者の利益のために、長期的な観点から安全かつ確実な運用を堅持します。
〔医療〕
○地域の医療を守ります。総合医の養成に取り組みます。公立病院の統廃合や民営化、社会保険病院、厚生年金病
院等の廃止に歯止めをかけます。
〇国民皆保険制度の中心を支える市町村の国民健康保険制度に公費を投入し立て直しを図ります。
〇後期高齢者医療制度を根本的に見直します。７０歳〜７４歳の医療窓口負担１割を継続します。
〔介護〕
○特別養護老人ホーム、老人保健施設、介護療養型医療施設を増設し、安心の老後を実現します。
〇介護と医療の連携強化、小規模多機能施設やグループホームへの支援を強化し、在宅生活を支えます。要支援者
が必要とするサービスを確実に提供できる体制をつくります。認知症の人や家族を支援する体制をつくります。
〇介護現場の人手不足は深刻です。介護職員の賃金の引き上げ、待遇改善に取り組みます。人材の確保・養成に力
を入れます。
〔貧困の防止〕
○生存権を保障する生活保護制度の縮小を許しません。行政の対応を点検、改善するとともに、ケースワーカーの
育成、増員、資質の向上に取り組みます。
○「健康で文化的な最低限度の生活」の底上げ、社会的セーフティネットの構築、ひとり親家庭への支援を強化し、
貧困の連鎖を防止します。
〔共生社会〕
○障害者権利条約の趣旨をあらゆる場面で実現します。「障害者差別解消法」の実効性を高め、障がい者の地域生
活を広げ、共生社会を実現します。
○「手話言語法」、「情報・コミュニケーション法」を制定します。
○ＬＧＢＴ（性的マイノリティ）への偏見解消や差別禁止に取り組みます。多様な形態の家族に対して民法上の権利
を保障する新制度の創設を目指すとともに、同性婚についても実現を目指します。
○水俣病やアスベスト（石綿）被害、カネミ油症、「ＰＭ２.５」など、公害問題の全面解決と全被害者の補償・救済
に取り組みます。
衆議院総選挙公約２０１４
■アベノミクスの一年
１９９７年 ２０１２年
２０１２年 ２０１３年 企業の経常利益 ２８兆円 ４９兆円
公共投資を除く
１．３％ １．０％ 雇用者の平均年収 ４７０万円 ４１０万円
実質経済成長率
正規雇用者数 ３８１２万人 ３３４０万人
正社員の増減数 ▲１２万人 ▲３８万人
非正社員の増減数 ２万人 ９３万人 １９９６年度決算 ２０１４年度予算案
輸入物価上昇率 ▲０．３％ １４．５％ 所得税 １９．０兆円 １４．８兆円
サラリーマン世帯の実質 法人税 １４．５兆円 １０．０兆円
１．１％ ▲０．２％
可処分所得の増加率 消費税 ６．１兆円 １５．３兆円
約約束束 「戦争できる国」に向かう集団的自衛権
２２
行使は認めず、平和憲法を守ります
○日本国憲法の「平和主義」、「国民主権」、「基本的人権の尊重」の三原則を遵守し、憲法の保障する諸権利の実現
を第一として、国民の生活再建に全力をあげます。憲法理念の具体化のための法整備や政策提起を進め、平和憲
法を変えさせません。
○集団的自衛権の行使容認の閣議決定の撤回を求め、日米ガイドラインの改定や集団的自衛権行使のための関連法
改正、自衛隊海外派遣のための恒久法制定に反対します。
○平和憲法の理念にもとづく安全保障政策を実現するために「平和創造基本法」を制定し、自衛隊の規模や装備、
運用に関する基本原則を定めます。憲法の理念に反する自衛隊の現状を、必要最小限の水準に改編・縮小し、
「専守防衛」の徹底を図ります。
○国是である非核３原則（持たず、つくらず、持ち込ませず）を厳守し、法制化を目指します。
○自衛隊内部の人権侵害を防ぐため、外部の目で監督する「自衛官オンブズマン」制度を創設します。
○辺野古新基地建設に反対します。沖縄県民の民意を大事に、普天間基地は「県外」・「国外」への移設を求めます。
○危険な「オスプレイ」の配備や全国での低空飛行訓練の実施に反対します。
○米軍への「思いやり予算」を段階的に削減するとともに、日米地位協定の全面改正を求めます。
○領土問題は、長期的な視野で対話を積み重ねることで解決を目指します。
○６か国協議の枠組みを発展させ、北東アジア非核地帯と北東アジア地域の総合安全保障機構の創設を目指しま
す。拉致問題の徹底調査と真相解明、国交正常化を目指し、北朝鮮と粘り強く交渉します。
○戦後処理問題の全面的な解決に全力をあげます。
○知る権利や報道の自由、言論・表現の自由を侵す「特定秘密保護法」を廃止します。
○犯罪着手前の共謀それ自体を処罰対象とする「共謀罪」の新設を許しません。
○差別や敵意を煽る「ヘイトスピーチ（憎悪表現）」を規制する「人種差別禁止法」を制定します。
○政府から独立した実効性のある人権救済機関を設けるため、「人権侵害救済法」を制定します。
約約束束 原発再稼働は認めず、脱原発社会の実現
３３
目指し再生可能エネルギーを促進します
○福島第一原発事故の完全収束と原因究明に全力をあげます。
3
○原発事故被害者の補償、避難の経費や避難後の生活再建を支援します。国の責任で健康管理手帳を発給し、福島
県外に移転した場合も含め検診・治療費について国と東京電力が負担します。
○「原発事故子ども・被災者支援法」の基本方針を抜本的に改め支援対象地域を拡大し、子どもを放射能から守り
ます。福島の子どもたちや妊産婦の保養を支援します。
○原子力事故の特殊性を踏まえ、「立証責任の転換」を行い、東京電力に十分な賠償を早期に行わせます。避難者
への就労不能損害の賠償金支払い打ち切りを許しません。ＡＤＲ（原子力損害賠償紛争解決センター）の和解案を
東電が拒否することのないよう強く働きかけます。
○川内原発をはじめ、原発再稼働は一切認めません。原発の新増設はすべて白紙撤回します。福島第一原発５・６
号機と福島第二原発１〜４号機、活断層の上に立地することが明らかとなった原発は直ちに廃炉にします。
○「脱原発基本法」を制定するとともに、原発立地地域支援のための立法で、国が地域振興と雇用対策に責任を持
ちます。
○半径５キロ以内の即時避難区域（ＰＡＺ）、３０キロ圏の避難準備区域（ＵＰＺ）だけでなく、風下となるおそれの
ある地域等も含めた実効性のある原子力防災計画を策定するようにします。原子力事業者にＵＰＺ圏内の自治体
との安全協定締結を義務づけます。
○「もんじゅ」や再処理等の核燃料サイクル計画からは撤退します。
○電気料金の安易な値上げを認めません。電力会社の発・送・配電の所有を分離し、完全な自由化を図ります。
○再生可能エネルギーを促進します。過渡的に、ＬＮＧコンバインドサイクル発電など高効率の火力発電を活用し
ます。
○すべての食品について放射性物質の検査体制と、結果を表示する制度を構築し、食品安全の確立、消費者の信頼
回復に万全を尽くします。特に保育園や学校給食については、放射能検査を拡充し厳格な規制値を設定します。
全国の大気や水質、土壌、汚泥、野生生物など周辺環境の放射能検査体制を国の責任で拡充・強化します。
○汚染農作物は国による買い上げを含め保管・処分費用、補償など公的支援を強化します。東京電力による農作物
被害の損害賠償を迅速化します。
○福島第一原発事故の完全収束と原因究明に全力をあげます。
○原発事故被害者の補償、避難の経費や避難後の生活再建を支援します。国の責任で健康管理手帳を発給し、福島
県外に移転した場合も含め検診・治療費について国と東京電力が負担します。
○「原発事故子ども・被災者支援法」の基本方針を抜本的に改め支援対象地域を拡大し、子どもを放射能から守り
ます。福島の子どもたちや妊産婦の保養を支援します。
○原子力事故の特殊性を踏まえ、「立証責任の転換」を行い、東京電力に十分な賠償を早期に行わせます。避難者
への就労不能損害の賠償金支払い打ち切りを許しません。ＡＤＲ（原子力損害賠償紛争解決センター）の和解案を
東電が拒否することのないよう強く働きかけます。
○川内原発をはじめ、原発再稼働は一切認めません。原発の新増設はすべて白紙撤回します。福島第一原発５・６
号機と福島第二原発１〜４号機、活断層の上に立地することが明らかとなった原発は直ちに廃炉にします。
○「脱原発基本法」を制定するとともに、原発立地地域支援のための立法で、国が地域振興と雇用対策に責任を持
ちます。
○半径５キロ以内の即時避難区域（ＰＡＺ）、３０キロ圏の避難準備区域（ＵＰＺ）だけでなく、風下となるおそれの
ある地域等も含めた実効性のある原子力防災計画を策定するようにします。原子力事業者にＵＰＺ圏内の自治体
との安全協定締結を義務づけます。
○「もんじゅ」や再処理等の核燃料サイクル計画からは撤退します。
○電気料金の安易な値上げを認めません。電力会社の発・送・配電の所有を分離し、完全な自由化を図ります。
○再生可能エネルギーを促進します。過渡的に、ＬＮＧコンバインドサイクル発電など高効率の火力発電を活用し
ます。
○すべての食品について放射性物質の検査体制と、結果を表示する制度を構築し、食品安全の確立、消費者の信頼
回復に万全を尽くします。特に保育園や学校給食については、放射能検査を拡充し厳格な規制値を設定します。
全国の大気や水質、土壌、汚泥、野生生物など周辺環境の放射能検査体制を国の責任で拡充・強化します。
○汚染農作物は国による買い上げを含め保管・処分費用、補償など公的支援を強化します。東京電力による農作物
被害の損害賠償を迅速化します。
約約束束 ＴＰＰ参加に反対し、
４４
農林水産業と地域社会を守ります
（１）ＴＰＰ参加反対
○農林水産業に壊滅的打撃を与えるなど、２１分野もの規制緩和で地域経済、国民生活のすみずみに悪影響をもた
らし、衆参農林水産委員会決議にも反するＴＰＰ（環太平洋経済連携協定）への参加に断固反対します。ＴＰＰ交
渉に関する情報公開を強く要求します。
○各国の食料主権や多様な農業基盤を守る、公正で相互互恵的な経済連携を東アジア地域中心に推進します。
○国民の健康や生命に格差や不平等を生み、自己負担も増える混合診療の解禁や株式会社による病院参入を許さず、
国民皆保険制度を堅持します。
○食品添加物や残留農薬基準、遺伝子組み換え食品表示など食の安全基準・規制を堅持し、ＴＰＰ参加による緩
和・変更を認めません。
〇牛肉の関税を現行の半分程度まで引き下げる日豪ＥＰＡ（経済連携協定）の抜本的な見直しを強く求めます。
（２）地域再生の柱に農林水産業を
〇株式会社の農業参入の全面自由化や農地取得など、安倍政権の新自由主義的な規制緩和路線と対決し、地域産業
の柱としての農林水産業の再生と担い手の育成、農山漁村の発展に全力をあげます。
○安倍政権の「農業・農村所得倍増」は何の裏付けもない空約束にすぎません。農業者戸別所得補償制度の法制化
4
と畜産・酪農や果樹・野菜などへの対象拡充、環境支払の強化、水田の多面的利用の推進などで、農業経営を
しっかりと支え食料自給率「２０２０年に５０％以上」を目指します。
〇農業の現場の声を無視した、効率一辺倒の市場原理主義に基づく農協解体論を許さず、協同組合運動の理念に基
づく民主的な農協活動を目指します。
○今秋の米価大幅下落に対応して、所得補償と再生産を可能にする価格保証を組み合わせた支援策を強化します。
コメの直接支払い交付金の半減・廃止や米価変動補填交付金の廃止を撤回し、規模の大小を問わず経営安定対策
を強力に推進します。過剰米の主食用市場からの隔離対策や、政府備蓄米の積極活用を進めます。
○特に若い世代が希望を持って農業に取り組めるよう、青年農業者への長期無利子資金を拡充するとともに、第１
次産業への若者の就労に対し給付金拡充で所得を支援します。
〇農林水産業の６次産業化を進め、農業と地域商店街との連携を強めて、食を核にした町づくりを進めます。また
資源の循環、再生可能エネルギー産業の創出などで低炭素社会構築をリードする地域として農山漁村の付加価値
を高め、新たな雇用を創出し地域を活性化します。
○「森林・林業再生プラン」を着実に実行します。森林・林業人材育成対策を強化するとともに、国産材、地域材
の普及を支援します。２０１５年３月に期限切れとなる山村振興法を延長し、森林や水田など多様な地域資源を活
用した山村振興策を拡充します。
○犬猫の殺処分ゼロを目指し国の支援を強化します。
（３）地域のことは地域で決める、分権・自治の推進
○大企業優先のアベノミクスによる「地方創生」は、格差拡大と中山間地、小規模町村の切り捨てを加速させかね
ません。地域における安定雇用の創出とそれを支える自立的な地域循環型産業の構築、子育て支援や医療の充実
など地域で安心して暮らすための生活インフラ拡充などを進め、地域から元気・安心・やさしさを再構築します。
○住民が主人公の地域をつくるため、徹底的な権限と財源の自治体への移譲・保障を行い、分権・自治を進めます。
○住民の暮らしを守り、地域の経済を元気にするための地方税財政の充実強化に取り組みます。地方交付税率を引
き上げるとともに、歳出特別枠や別枠加算を堅持します。一括交付金を復活させます。
○国民的論議が不十分な「道州制」の導入には反対します。
○中小企業憲章を国会で決議し、中小企業予算・施策を拡充します。異常な円安などに苦しむ中小企業への支援策
を強化します。
○「地域再投資法」を制定し、地域金融を円滑にします。
（４）地域の安心・安全の確保
○すべての人に安定した住まいを保障するよう、「住宅基本法」を制定します。公営住宅の供給拡大や空き家等の
活用、家賃補助等による「住宅支援制度」を創設します。
○地域の足を確保するため、交通政策基本法を活かし、地域公共交通への支援を強化します。買い物難民支援を強
化します。
○「海上コンテナ安全輸送法」を制定します。
○財政を圧迫し環境破壊の懸念もある大規模公共事業を大胆に見直します。防災・減災や生活密着した事業に移行
します。
○異常気象や大規模災害から国民の生命・財産を守るため、事前防災・減災対策を充実します。集中豪雨や「ゲリ
ラ豪雨」災害に対応できるよう、都市水害対策を強化します。
○特に監視強化が必要な主要活火山について、具体的な避難計画やハザードマップ（被害予測図）策定、火山防災協
議会設置を急ぐとともに、手厚い観測・研究・情報伝達体制を早急に整備します。
（１）ＴＰＰ参加反対
○農林水産業に壊滅的打撃を与えるなど、２１分野もの規制緩和で地域経済、国民生活のすみずみに悪影響をもた
らし、衆参農林水産委員会決議にも反するＴＰＰ（環太平洋経済連携協定）への参加に断固反対します。ＴＰＰ交
渉に関する情報公開を強く要求します。
○各国の食料主権や多様な農業基盤を守る、公正で相互互恵的な経済連携を東アジア地域中心に推進します。
○国民の健康や生命に格差や不平等を生み、自己負担も増える混合診療の解禁や株式会社による病院参入を許さず、
国民皆保険制度を堅持します。
○食品添加物や残留農薬基準、遺伝子組み換え食品表示など食の安全基準・規制を堅持し、ＴＰＰ参加による緩
和・変更を認めません。
〇牛肉の関税を現行の半分程度まで引き下げる日豪ＥＰＡ（経済連携協定）の抜本的な見直しを強く求めます。
（２）地域再生の柱に農林水産業を
〇株式会社の農業参入の全面自由化や農地取得など、安倍政権の新自由主義的な規制緩和路線と対決し、地域産業
の柱としての農林水産業の再生と担い手の育成、農山漁村の発展に全力をあげます。
○安倍政権の「農業・農村所得倍増」は何の裏付けもない空約束にすぎません。農業者戸別所得補償制度の法制化
衆議院総選挙公約２０１４
と畜産・酪農や果樹・野菜などへの対象拡充、環境支払の強化、水田の多面的利用の推進などで、農業経営を
しっかりと支え食料自給率「２０２０年に５０％以上」を目指します。
〇農業の現場の声を無視した、効率一辺倒の市場原理主義に基づく農協解体論を許さず、協同組合運動の理念に基
づく民主的な農協活動を目指します。
○今秋の米価大幅下落に対応して、所得補償と再生産を可能にする価格保証を組み合わせた支援策を強化します。
コメの直接支払い交付金の半減・廃止や米価変動補填交付金の廃止を撤回し、規模の大小を問わず経営安定対策
を強力に推進します。過剰米の主食用市場からの隔離対策や、政府備蓄米の積極活用を進めます。
○特に若い世代が希望を持って農業に取り組めるよう、青年農業者への長期無利子資金を拡充するとともに、第１
次産業への若者の就労に対し給付金拡充で所得を支援します。
〇農林水産業の６次産業化を進め、農業と地域商店街との連携を強めて、食を核にした町づくりを進めます。また
資源の循環、再生可能エネルギー産業の創出などで低炭素社会構築をリードする地域として農山漁村の付加価値
を高め、新たな雇用を創出し地域を活性化します。
○「森林・林業再生プラン」を着実に実行します。森林・林業人材育成対策を強化するとともに、国産材、地域材
の普及を支援します。２０１５年３月に期限切れとなる山村振興法を延長し、森林や水田など多様な地域資源を活
用した山村振興策を拡充します。
○犬猫の殺処分ゼロを目指し国の支援を強化します。
（３）地域のことは地域で決める、分権・自治の推進
○大企業優先のアベノミクスによる「地方創生」は、格差拡大と中山間地、小規模町村の切り捨てを加速させかね
ません。地域における安定雇用の創出とそれを支える自立的な地域循環型産業の構築、子育て支援や医療の充実
など地域で安心して暮らすための生活インフラ拡充などを進め、地域から元気・安心・やさしさを再構築します。
○住民が主人公の地域をつくるため、徹底的な権限と財源の自治体への移譲・保障を行い、分権・自治を進めます。
○住民の暮らしを守り、地域の経済を元気にするための地方税財政の充実強化に取り組みます。地方交付税率を引
き上げるとともに、歳出特別枠や別枠加算を堅持します。一括交付金を復活させます。
○国民的論議が不十分な「道州制」の導入には反対します。
○中小企業憲章を国会で決議し、中小企業予算・施策を拡充します。異常な円安などに苦しむ中小企業への支援策
を強化します。
○「地域再投資法」を制定し、地域金融を円滑にします。
（４）地域の安心・安全の確保
○すべての人に安定した住まいを保障するよう、「住宅基本法」を制定します。公営住宅の供給拡大や空き家等の
活用、家賃補助等による「住宅支援制度」を創設します。
○地域の足を確保するため、交通政策基本法を活かし、地域公共交通への支援を強化します。買い物難民支援を強
化します。
○「海上コンテナ安全輸送法」を制定します。
○財政を圧迫し環境破壊の懸念もある大規模公共事業を大胆に見直します。防災・減災や生活密着した事業に移行
します。
○異常気象や大規模災害から国民の生命・財産を守るため、事前防災・減災対策を充実します。集中豪雨や「ゲリ
ラ豪雨」災害に対応できるよう、都市水害対策を強化します。
○特に監視強化が必要な主要活火山について、具体的な避難計画やハザードマップ（被害予測図）策定、火山防災協
議会設置を急ぐとともに、手厚い観測・研究・情報伝達体制を早急に整備します。
5
復 興
・被災地の復興に勝る政策の優先課題はあり得ないとの大 急仮設住宅の無償提供を継続。仮住まいの期間をハー
原則で予算の優先順位を明確化。 ド・ソフト両面で支援する万全の体制を確立。二重ロー
・２０１５年度までとされている震災の「集中復興期間」の延 ン問題解消を強力にサポート。
長、復興交付金はじめ国の特例的な財政支援を継続・拡 ・「中小企業等グループ施設等復旧整備補助事業（グルー
充。被災地で進む公的支援の縮小に歯止め。 プ化補助金）」制度など被災企業支援策の長期継続、要
・多様化する被災地の要望を迅速・柔軟に反映する国の支 件・対象範囲の拡大、柔軟な運用などによって雇用の受
援制度を確立。 け皿を確保。
・「人間の復興」を掲げ、被災者・避難者へのきめ細やか ・被災県への中長期的な教職員の加配措置、全国からの自
な生活支援を着実に推進。一日も早い災害公営住宅の整 治体職員派遣増加や中途採用を増やせる交付税拡充など、
備、十分な住宅整備と一定の生活再建が実現するまで応 被災自治体支援を強化。
男女平等
・「女性の活躍」をアベノミクスの手段にされてはたまり 度を是正。
ません。ジェンダー（社会的文化的な性差）の視点で法律 ・クオータ制度（男女比割り当て制度）などポジティブアク
や制度を見直し男女平等の社会を実現。リプロダクティ ションを導入し、女性の社会参画、特に政治参画を推進。
ブヘルス／ライツの原則を重視。 ・セクシュアルハラスメント、ドメスティックハラスメン
・男女雇用機会均等法とパート労働法の実効性を高め、雇 ト、マタニティハラスメントなど、女性に対するあらゆ
用の男女平等を推進。 る暴力を根絶。被害者に対する相談・支援・救済機関を
・選択的夫婦別姓の導入など民法改正を実現。寡婦控除制 強化。
子ども・若者
・保育所・認定こども園・幼稚園の質の向上と量の拡大を まざまな困難を抱える家庭に対する支援体制を整備。自
実現。国有地や空き教室などの活用で保育所を大幅に増 立支援ホームに対する公的支援を強化。就学援助の保障、
設し、待機児童対策を推進。 給付型奨学金を創設。
・地域に子どもの相談・救済など、子どもの人権擁護の仕 ・３０人以下学級の早期完全達成と教員定数の拡大。
組みを。「子どもの権利基本法」を制定。 ・若者を使い捨てにする、違法で悪質な「ブラック企業」
・虐待による子どもの死亡、居所不明児童・乳幼児の問題 の法的な取り締まりを強化。若者へのきめ細かな就職支
なとの深刻化に対応するため、早急に児童相談所の職員 援を強化。
配置を拡充し機能強化。 ・若者のカルチャー支援のため、クラブでのダンス規制を
・いじめを許さず、共に学び共に生きる、ゆとりある学校 撤廃。
を実現。教育予算のＧＤＰ５％水準を実現。子どもの貧 ・１８歳選挙権・２０歳被選挙権を実現。誰もが立候補しや
困の実態を調査し包括的な取り組みを計画的に強化。さ すいよう立候補休職制度の導入や供託金引き下げ。
政治改革
・政党や政治資金団体への企業・団体献金をただちに禁止。 の欠陥を拡大し、民意の反映を弱めることになる比例区
政治とカネの不祥事に徹底的にメス。政治資金収支報告 の定数削減には反対。
書の中央・地方の一元的把握、全文のネット公開を推進。 ・参議院の選挙区選挙を、都道府県単位からブロック単位
・死票をなくし多様な民意を反映する公正な制度とするた に改め、１票の較差を是正。
め、比例代表中心の選挙制度への改革を。小選挙区部分
6
社 民 党はがんばります
今回の選挙は、「世界で一番企業が活動しやすい国づくり」、「戦争できる国づくり」を進めて
きた安倍政権の２年間を問う重大な選挙です。景気回復の目玉としてうち出された「三本の矢」
の「アベノミクス」ですが、大企業や富裕層を優遇する一方、所得も消費も改善せず、その失敗
は誰の目にも明らかになっています。そして２０１４年４月実施の消費税増税によって、国民生活
と日本経済はぼろぼろです。安倍政権は２０１７年４月の消費税１０％引き上げ実施を決めましたが、
くらしと経済を回復させるため、１０％引き上げを撤回し５％へ引き下げるべきです。
今後、「安倍政権は信任を受けた」として、憲法９条の理念に反する集団的自衛権行使のため
の法整備、沖縄の民意を踏みにじる辺野古新基地建設、福島原発事故の収束もしないままの原発
再稼働・原発輸出、雇用不安と格差を広げる労働者派遣法など労働法制の改悪、農林水産業と地
域社会を衰退させるＴＰＰ推進などの悪政を一気呵成に加速してくることは必至です。医療や介
護、年金制度の負担増・給付カットを進めている安倍政権は、７５歳以上の保険料軽減の特例措
置の段階的廃止、年金のマクロ経済スライド発動、年金支給開始年齢の６７歳以上などへ引き上
げ、要介護１の介護保険給付からの除外など、いっそうの負担増も検討しています。さらに４年
間、国民無視の強権的政治を進める安倍政権の暴走を継続させてはなりません。
社民党は、「アベノミクス」による生活破壊を許さず、拡大した格差を是正すること、「戦争で
きる国」に向かう集団的自衛権行使を認めず平和憲法を守り抜くこと、原発再稼働を阻止し脱原
発社会を目指すこと、ＴＰＰへの参加に反対し農林水産業と地域を守ること―の４本の柱を掲げ
て全力で闘います。
安倍政権の新自由主義・新保守主義路線に対抗できるのは、社会民主主義です。社民党は国民
の皆さんとともに、安倍政権の対極にある、一人一人が大切にされ、平和で安心して暮らせる社
会を目指して全力で奮闘します。
比例区
は
２０１４衆議院選挙 社会民主党届出パンフレット等第１号
頒布責任者／東京都千代田区永田町2ー4ー3 永田町ビル7階 又市 征治 印刷者／東京都板橋区新河岸1ー7ー7 株式会社広報ブレイス",Social Democratic Party,2014-12
71410_200908,"みんなの党
5
つの柱
マニフェスト2009
（完全版）
「脱官僚」
「地域主権」
「生活重視」
で
国民の手に政治を奪還する！
改 革 新 党
みんなの党
結党宣言
「脱官僚」「地域主権」「生活重視」で国民の手に政治を奪還する！
政権交代＋再編 ―― 改革はどこへ？ 政権交代の先を見すえて
…「自民党は嫌だが民主党で大丈夫か」という人たちのために
今、日本は分水嶺の上に立っている。
来るべき総選挙は、この国が、世界一の少子高齢化の重圧をはねつけ、再び活力を取
り戻して豊かな未来を切り拓いていけるのか、それとも、国民不在の、利権や既得権益
のしがらみにどっぷりと浸かった自民党政治を続けていくのか、が厳しく問われる歴史
的な選挙となる。
我々は、当たり前の自由社会、当たり前の民主主義、当たり前の国家を希求する。し
かるに、日本の国家経営の歪みは、自民党政権下で持続不可能な極点に達した。霞が関
が、政治をコントロールする「官僚内閣制」、地方を支配する「中央集権体制」、民間を
統制する「天下りネットワーク」。これらの「戦後レジーム」が劣化し、国家衰亡の根
本原因となっている。
こうした中で我々は、まずは、非自民勢力を結集し、総選挙で少なくとも「政権交代」
を実現したいと考えている。長年続いてきた自民党と霞が関・官僚との「腐れ縁」を断
ち切るだけでも、秘匿された情報や隠された財源等が明るみになり、この国の政治・行
政は一変すると信じるからだ。
ただ、我々は、「非自民政権」の樹立だけでは満足しない。政権交代して民主党中心
の政権になったからといって「バラ色」か？ というとそうではないからだ。今の国民
の「自民党には不満がいっぱいだが、民主党には不安がいっぱい」、すなわち、そんな
1
にお金をばらまいてこの国の将来は大丈夫なのか、公務員労組依存で公務員の削減や給
与カットなど行政改革関連のマニフェストが本当に実現できるのか、自民党以上に党内
バラバラで官僚主導の政治は改まるのか、外交・安全保障政策で一本化できるのか等々
の懸念が尽きないからだ。我々は、こうした不安や懸念をもつ有権者の受け皿が必要だ
と考えている。そして、自民がどうした民主がどうしたという次元を超えて、「政治そ
のもの」を変えていきたい。
そのためにここに、我々は、特定の業界や労働組合に依存することなく、一人ひとり
の国民に根ざした政党、「みんなの党」を結成することとした。この、しがらみのない
立場から国民本位の政治、改革を断行し、真の「国民政党」たらんと決意している。
我々「みんなの党」は、今の「政党政治」は「ニセモノの政党政治」だと考えている。
同じ政党内でありながら考え方が違い、議員同士が足を引っ張り合う中で、最後はその
間隙を縫って官僚が出てきて、足して二で割る当たり障りのない、さして効果もない政
策しか打ち出せない。こうした「寄り合い所帯」化した今の政党政治では、いつまでた
っても、この国に「夜明け」は来ない、「官僚の世」を終わらせることはできないと考
えるからだ。
したがって、我々「みんなの党」は、政権交代後の更なるステップとして、今の政党
政治を整理整頓して、政治理念や基本政策ぐらい一致させた「真っ当な政党政治」の実
現、すなわち、「政界再編」を究極の目標とするものである。
我々「みんなの党」は、このため、「脱官僚」「地域主権」という理念、政策の旗印を
大きく掲げて、今後、この政界再編の荒波の中で、政党横断的に改革派を糾合する「触
媒政党」の役割を果たしていけたらと思う。
そして、真の「脱官僚政権」を樹立し、「官僚国家日本」を変える、国民の手に政治を
奪還する。「増税の前にやるべきことがあるだろう」という国民の声に真摯に応え、日
本の「病巣」たる官僚の天下りや既得権益、政治家の利権を根こそぎにする。そうした
「改革」を断行し、税金を国民の手に取り戻し、それを医療・介護、年金、子育て、雇
用等の国民生活に充てていく。そうすることで、主権者である国民が主役の、「生活重
視」の当たり前の政治を実現していく決意である。
2
改革新党
みんなの党
「マニフェスト2009」
政権交代！＋再編…改革はどこへ？ 政権交代の先を見すえて
「脱官僚」「地域主権」「生活重視」で
国民の手に政治を奪還する！
Ⅰ 増税の前にやるべきことがある！
…ストップ！「役人天国」「議員天国」
Ⅱ 生活重視の当たり前の政治を実現する！
…経済成長戦略を展開し「生活崩壊」をくい止める
Ⅲ 「地域主権型道州制」導入で格差を是正する！
…「３ゲン」移譲で、消費税は地方の財源にする
Ⅳ 「志高い外交」で国際的に名誉ある地位を！
…国民や国土はとことん守る
Ⅴ 財源はしっかり手当てする！
…埋蔵金は３年間で少なくとも３０兆円
3
「マニフェスト2009」
みんなの党
Ⅰ 増税の前にやるべきことがある！
―まず国会議員や官僚が身を切るべきだ―
「国民の手に政治を奪還する」とは、まず、政治家や官僚の利権・既得権益に食いつぶされて
いる国民の貴重な税金を、本来の持ち主である国民の手に取り戻すということだ。
今、政府・与党は、税金の無駄遣いの解消や天下りの全面禁止等には手をつけないまま、な
し崩し的に、財務省が主導する「消費税増税」路線を歩みつつある。
しかし、我々「みんなの党」は、「増税の前にやるべきことがあるだろう」「国民に負担を求
める前に、まずは国会議員や官僚が身を切るべきだ」との国民の声に真摯に応えていく決意で
ある。
世界一の少子高齢社会の日本で、将来的な増税を一切認めないという立場は、我々もとらな
い。しかし、その前に、首相をはじめとした政治家が先頭にたって、議員や公務員の削減・給
与カット、天下りの禁止や「埋蔵金」の発掘、予算のゼロベースでの見直しや議員特権の廃止
等に取り組むべきである。
政治には、こうしたプロセス、国民に理解を求める不断の努力が必要不可欠と考える。「みん
なの党」はそれを断行する。
ストップ！「役人天国」
１．国家公務員の数を大幅削減し、給与もカットする
①国家公務員を10万人削減（道州制導入と地方出先機関の廃止等。現在33万人）。
②給与法の抜本改正により「年功序列賃金」を見直し。給与カットを可能に。
③公務員に原則、労働基本権を与え、代わりに身分保障をはずし民間並みのリストラを実施。
④公務員給与を２割カット、ボーナスを３割カット。幹部職員は即時実施。
⑤公務員組合のヤミ協定、ヤミ専従等を根絶。違反者は即免職。刑事罰や個人賠償も導入。
⑥公務員の退職金・年金の二重払いを差し止め。
⑦以上により、国家公務員の総人件費を３割以上カット。
２．税金のムダ遣いの元凶、官僚の天下りを全面禁止する
①「わたり」あっせん、「各省庁個別あっせん」の即時全面禁止。違反には刑事罰を導入。
②人材バンク（官民人材交流センター）を時限的に廃止。
③「早期勧奨退職慣行」を撤廃し、定年まで働ける（その代わり、給与の大幅ダウンもある）
人事制度を確立。
④天下り官僚ＯＢへの更なる退職金払いの差し止め。
4
３．予算をゼロベースで見直し、「埋蔵金」（30兆円）を１円残らず発掘す
る（後掲）
①予算（一般会計+特別会計＝207兆円）を抜本的に組み替え。
②埋蔵金御三家（財政投融資、労働保険、外為特別会計）の剰余金、準備金をはじめ特別会計、
独立行政法人の資産・負債差額（各100兆円、15兆円）を徹底精査。
③国有財産や政府株を売却。
４．独立行政法人は原則廃止・民営化し、公益法人を抜本改革する
①天下りの温床となっている独立行政法人は原則廃止または民営化。
②政策投資銀行、商工中金は、経済危機克服後、完全民営化。公的金融機能は、日本政策金融
公庫に一元化。経営陣はすべて金融のプロとし、天下りは排除。
③郵政民営化の基本的骨格は維持。そのメリットを国民に実感してもらうためにも、300兆円に
ものぼる郵貯・簡保資金を民間市場に流す仕組みや、早期の上場、株式売却益の計上に向け
て作業を促進。
④公益法人の必要性をゼロベースで見直し。
５．官製談合を撲滅し、随意契約・指名競争入札を廃止・監視強化する
①天下り先での談合防止のため「官製談合防止法」を強化（官僚ＯＢへの適用対象の拡大等）。
②公正取引委員会の官製談合に係る権限を強化。
③随意契約・指名競争入札の一般競争入札への原則転換。やむを得ず行う場合、その理由、契
約相手方における天下りの実態等の情報公開を義務づけ。
６．09年度補正予算の執行を停止し、抜本組み替えを行う
４兆円超の基金拠出（「新埋蔵金」）、３兆円の「ハコモノ」（建築物）予算、３兆円の天下り
法人への支出、「合併施行方式」による無駄な道路予算等のバラマキ執行を停止し、景気刺激、
将来投資のための予算に組み替え。
７．上記の行財政改革を早急に実現するため、官邸に「霞が関改革会議」を
設置する。
首相のリーダーシップで、政府全体の行財政改革を省庁横断的に行うため、官邸に首相を議
長とする「霞が関改革会議」を置き、専任の大臣が担当。
ストップ！「議員天国」
１．国会議員の数を大幅削減し、給与をカットする
①衆議院議員は300人（180減）、参議院議員は100人（142減）に。参議院には都道府県知事等地
方を代表する議席枠を創設。将来的には憲法改正時に衆参統合による一院制を実現。
②国会議員給与を３割、ボーナスを５割カット。
5
２．議員特権を廃止する
①無料パス（ＪＲ、民営鉄道、バス）、無料航空券を廃止。
②衆参議員宿舎を売却。
③議員年金を完全廃止（現行は在職10年超の議員には選択制で年金を存続）。
３．政治家個人への企業・団体献金（政治腐敗の元凶）を即時全面禁止する
①政党支部や政治団体を通じた政治家個人への企業・団体献金を即時全面禁止（税金で政党助
成金を導入した時の国民との約束を履行）。「献金」だけでなく、政治資金パーティーを通じ
ての企業・団体献金も即時禁止。
②政党本部（政治資金団体を含む。）への企業・団体献金は一年以内に禁止。
③個人献金を促進するため、小口献金を中心に全額所得税額控除制度を設けるとともに、イン
ターネットを活用したクレジットカードによる「ワンクリック献金」を実現。
４．政治家の世襲を制限する
①配偶者ならびに三等親以内の親族が、同一選挙区で連続して立候補することを禁止。
②政治資金管理団体や政党支部の相続（代表者名義の上記親族への変更）も禁止。
５．政党の民主的運営や透明性を確保する
上記目的を達成するため「政党法」を制定し、政党助成金等の上場企業並みの情報公開、候
補者選定における公募や予備選挙等を義務づけ。
政治主導で国民が主役の政治にする
１．国民の代表者たる首相を中心に政治主導で国家戦略を策定する
①官邸に首相を議長とする「国家戦略会議」を設置（「経済財政諮問会議」は廃止）。
②官邸に国家戦略スタッフやポリティカルアポインティー（政治任用）として政治家、民間人
等を100人以上登用。
③与党と内閣の要職を兼務させ、内閣（国家）の意思決定過程を一元化。
２．内閣人事局（官邸）が幹部人事を掌握し、総合職を一括採用する
①人事局のトップは民間人（外部人材）とし、人事エキスパートを多数登用。
②政治主導確保のため幹部（部長、審議官以上）人事を首相や官房長官が一元管理。
③総合職の一括採用等で「オールジャパン」の意識を持った官僚を養成（縦割り行政の排除）。
④幹部官僚は一旦退職。特別職として時限採用し、時の内閣の政策を忠実に遂行。
⑤幹部官僚の政策失敗に関する責任追求の仕組みを構築。
３．内閣予算局（官邸）が予算編成権（カネ）を掌握する
①財務省から予算査定、財政投融資、税制企画立案業務等を分離し、官邸に「内閣予算局」を
置き、政治主導の予算編成を実施。予算をゼロベースで見直し。
②社会保険庁を解体し、徴収部門を国税庁と統合し「歳入庁」を設置。税と社会保険料の徴収
6
率向上と人員減の一石二鳥を実現。
４．政治主導の枠組みを確立する
①大臣が、副大臣、政務官、補佐スタッフ等を直接任命し、「大臣チーム」として省庁を運営。
②国会議員のスタッフ機能を拡充し、立法・政策立案能力を強化（財源は議員定数削減の一部
を充当）。
③「政」と「官」の接触（官僚による根回し、政治家からの個別案件要請等）の厳格なルール
化。
④国会に日本版ＧＡＯ（米国会計検査院）を創設（将来的には憲法改正時に会計検査院を移行）。
第三者の立場から徹底的に行政のムダ遣いを監査。
５．行政を情報公開で「ガラス張り」にする
①政治・行政の透明化を図り、国民の信頼を回復するため、官邸に「情報公開局」を設置し、
政治・行政を「ガラス張り」に。自民党政権下の意図的に秘匿された情報や「隠し財源」等
を明らかに。
②国の会計に複式簿記などの企業会計手法を導入し、行政評価と連動させる等公会計制度改革
を推進。
Ⅱ 生活重視の当たり前の政治を実現する！
政治家や官僚が食いつぶしている税金を国民の手に取り戻し、そのお金を国民の生活、すな
わち、医療や介護、年金、子育て支援等に充てる。我々「みんなの党」は、そういった「生活
重視」の「当たり前の政治」を実現したいと考えている。
今や、日本は、世界一の少子高齢社会となった。これから、社会保障等にかかるお金は莫大
なものになる。加えて、この分野における政治の機能不全や数々の官僚の不祥事（「消えた年金
記録」問題等）により、国民は、その将来に大いなる不安を抱えている。
この国民の深刻な「生活不安」を払拭し、この日本という国が今後とも活力ある国であり続
けるために、我々「みんなの党」は、「生活重視」を最優先に、全力で取り組んでいく決意であ
る。
もちろん、現下の緊急課題である、世界同時不況下での我が国経済の建て直し、すなわち、
景気を回復させ雇用・失業対策に万全を期していくことは、当然のことである。
「みんなの党」は、以下の経済成長戦略や物価安定目標の策定等により、10年間で所得を５
割アップさせることを目標とする。
経済成長戦略で雇用を増やす
１．未来を切り拓く「経済成長戦略」を遂行する
①産業構造を従来型から高付加価値型へ転換。ヒト、モノといった生産要素を、予算、税制等
でバイオ、エレクトロニクス、新素材、環境、エネルギー等の将来成長分野へシフト。
7
②一方で、地域密着型（地場）産業（医療・介護、福祉、子育て、家事支援、教育、農業等）
を規制改革、税制等で創出。また、地域を支える中小企業の活性化、競争力向上を支援する
ため、「中小企業憲章」及びそれに基づく「中小企業条例」を制定。
③グリーン・グロース（「緑の成長」＝環境制約による成長）を実現。風力、太陽光、バイオマ
スなどの再生可能エネルギーの利用促進、省エネ技術への投資、排出量取引市場の創設等に
より、日本の温室効果ガス排出量の削減目標の達成をテコとし「緑の成長」を促進。特に電
気自動車の開発に重点、人工光合成の国家プロジェクト推進。
④成長しつつある「30億人のアジア市場」を「国内市場」「内需」とする消費拡大を実現。車・
電機・機械だけに頼る単純なモノづくり信仰から脱却。これまで内需型産業とされていた流
通（コンビニ、専門店）、物流（宅配便）、教育（学習塾）、福祉（高齢者介護、老人ホーム）、
農業、食品等の海外進出・輸出を強力に支援。同時に、医療（高度医療・高級健康診断）、大
学、観光などでアジアからの顧客を誘致し、少子化のハンディキャップを克服
⑤物価安定目標を設定し、危機脱出後の成長軌道を確保。
⑥1,500兆円の個人金融資産を活用（贈与税の軽減、寄附税制の拡充等）。
⑦租税特別措置（５兆円）を抜本的に見直し、それを財源として法人税を減税（赤字企業の損
失繰越期間の延長、繰戻還付の拡充を含む）。
⑧「全額税額控除」の導入等寄附税制の拡充等によりＮＰＯ活動等の公益活動を活性化。
⑨高速道路料金については、人気取りにすぎない「高速道路無料化」や「1,000円乗り放題」で
はなく、持続可能な、かつ環境にも配慮した、メリハリのある料金体系（混雑区間・時は高
く、その他区間・時は安く等）を構築。天下り利権のための高価格になっているETCは民間
解放して低価格化。
２．格差を固定しない「頑張れば報われる」雇用・失業対策を実現する
①原則として全ての労働者（非正規を含む）に雇用保険を適用。
②同一労働同一待遇（賃金等）や正規・非正規社員間の流動性を確保。
③雇用保険と生活保護の隙間を埋める新たなセーフティーネットを構築。雇用保険が切れた長
期失業者、非正規労働者等を対象に職業訓練を実施。その間の生活支援手当の給付、医療保
険の負担軽減策、住宅確保支援を実施。
④日雇い派遣、スポット派遣等は原則廃止。製造業への労働者派遣については、労働者のニー
ズや産業実態等を精査し、その見直しについて一年以内に結論を出し法制化。
⑤景気や中小企業の経営状況を見極めながら、最低賃金を経済成長により段階的アップ（将来
的には全国平均で時給1,000円を目標）。残業割増率を先進国並みに引き上げ、サービス残業
の取締りを強化（雇用拡大と子育て支援にも効果）。
⑥ハローワークを原則民間開放。民間の職業紹介・訓練への助成を拡充。
「百年安心」のセーフティネットを構築し、生活崩壊をくい止める
１．病院崩壊、老人ホーム崩壊、年金崩壊を防ぐ
（医療・介護）
①後期高齢者医療制度は廃止し、早期に医療保険を一元化。それまでの間は、サラリーマンＯ
Ｂは被用者保険で面倒をみる「突き抜け方式」を検討。国民健保には一定の財政支援。
8
②医師・看護師不足や救急車たらい回し等への対策を強化（救急、周産期、外科等に従事する
医師の待遇改善、医学部定員増、医師の地域・診療科偏在の是正、女医の復帰支援策等）。
③介護士処遇の抜本改善（月給15万円からの脱却）等介護現場を建て直し。
（年金）
①年金記録問題を二年以内に解消
②基礎年金部分は徴収制度を抜本改革（既出・歳入庁の設置）し、現行給付水準を維持。将来
的に年金制度を一元化（誰もがどんな職業・立場でも同じ負担で同じ給付を保証）。
③「社会保障個人口座」と「電子通帳」（後掲）で「安心の年金」。納付履歴と将来の給付額を
明記。
④年金積立金の運用は民営化。年金積立金管理運用独立行政法人は廃止。
２．子育て支援を国政の中心にすえる
①子育て手当を欧州並みに（２万円〜３万円／人・月）。義務教育期間まで支給。
②子育てしながら働ける環境づくり（待機児童ゼロ、保育ママ・病児・一時保育の拡充、育児
休暇取得の円滑化、職場の意識改革等）。
③幼児医療の無償化（若年層の負担軽減）。
④高校、専門学校、大学等の高等教育への奨学金制度の拡充（出世払い、返済不要型の活用等）
３．社会保障口座を創設する
①税金と社会保険料をあわせた「社会保障個人口座」を開設し、「社会保障電子通帳」を交付。
医療・介護、年金等の負担と給付の関係を明確化。また、その個人口座を使い、個人の選択
による自前のセーフティーネット構築（「お好みメニュー」）を可能に。
②これにともない、所得の捕捉を公平に行うため、税、社会保険料を通じた、共通の番号制度
を導入。
４．社会的弱者に配慮した所得再分配を強化する
①低所得者層への「給付つき税額控除方式」の導入、「生活保護の母子加算」の復活、「障害者
の一割負担」の廃止等「社会的弱者」への施策を強化。
②その財源として、各種控除の見直しや高額所得者への課税強化（所得税、相続税等）を検討。
③生活保護制度の不備・不公平、年金制度との不整合等の問題を段階的に解消し、最終的には、
基礎年金や生活保護を統合した「ミニマムインカム」を導入。
引き出し（選択肢）の多い教育を実現する
１．国の役割は最低限の教育水準の維持に限定する
教育は現場の市町村、学校現場に任せることを基本。
２．「ゆとり」が「放縦」とならないよう基礎教育・公教育を充実させる
①教育の機会均等のためにも、公教育の建て直しを充実。
②少人数・体験・個性重視の教育を実現。
③手に職を持つ教育、生き抜く教育のため、芸術・文化・スポーツ等を重視。
④大学入試を、上記にあわせ抜本改革。
9
⑤教員の質と数を充実。いじめや不登校等の問題に対処するスクールカウンセラーも全校配置。
⑥親の貧富で教育格差が広がらない環境整備。高校、専門学校、大学等の高等教育へ奨学金制
度の拡充（出世払い・返済不要型の活用等。既出）
３．学校を地域社会に開放する
学校を地域社会の核に。学校経営も保護者、住民、教育専門家等を入れた運営委員会で実施。
Ⅲ 「地域主権型道州制」の導入で格差を是正する！
今の日本は、官僚が全国を画一的に支配する中央集権体制となっている。地方の個性や多様
性は無視され、地方は衰退していく一方である。
我々「みんなの党」は、「脱中央集権」を図り、「地域主権型道州制」を我が国の「新しい国
のかたち」とする。地方を元気にするには、国民に一番身近な地域が政治の主体となり、地域
住民のための政治を行うことが不可欠である。東京の霞が関で仕事をしている官僚に、地域の
ことはわからないし関心もないのである。
この「新しい国のかたち」の下では、中央省庁が行っている仕事の多くは基礎自治体に移譲
され、中央省庁は必然的に解体・再編される。また、基礎自治体の行っている仕事の一部は民
間のＮＰＯなどに委ねられる。その上で、道州は、基礎自治体では対応できないインフラ整備、
災害対策等の広域行政を担う。
我々「みんなの党」は、今後７年以内に、この「地域主権型道州制」の導入を目指す。
１．地方自治体へ３ゲン（権限・財源・人間）を移譲し、地域のことは地域
で決める
①各省庁の「ひも付き補助金」（19兆円）と「地方交付税」（16兆円）を廃止し、それに見合う
財源を地方自治体に移譲。その第一歩として10年度には国と地方の税源配分５：５に。その
後、順次、権限移譲に伴い地方配分比率を嵩上げ。
②地方交付税の廃止にともない、国主導ではない自治体間の財政調整の仕組みを法制化。
③国の直轄事業は段階的に縮小・廃止し、地方に移管。地方の負担金は、10年度から維持管理
費負担金を廃止し、本体部分も直轄事業の地方移管等にともない廃止。
④地方自治体が行う事務に対する国の「義務付け・枠付け」を廃止し、自主立法権、課税自主
権、住民参加等を充実し地方政府を確立。
⑤以上の地方分権改革の進め方については、国と地方自治体との協議機関（自治体からの提案
権を含む。）等の法的枠組みを設け、そこで具体的に決定。その一環として、地方公務員制度
改革も、国家公務員に準じて、地方自治体主導で推進。
２．新たな「国のかたち」＝地域主権型道州制を導入し、霞が関は解体・再
編する
①７年以内に「地域主権型道州制」に移行。そのため、内閣に道州制担当専任大臣を設置し、
道州制の理念、実現までの工程表、地方の代表も参加した遂行機関の設置等を明記した「道
10
州制基本法」を10年度中に制定。
②国の中央省庁の役割は、外交・安全保障、通貨、マクロ経済、社会保障のナショナルミニマ
ム等に限定し、大幅に縮小・再編。地方出先機関は一部（徴税、海上保安等）を除いて先行
的に移管又は廃止。
③上記にともない、消費税、法人税等の税財源、国の資産・負債を再編成。消費税は地方の基
幹・安定財源とする。
３．平成の農地改革で農業を地域の基幹ビジネスにし、食糧自給率を向上さ
せる
①米の減反政策（生産調整）を段階的に廃止するとともに、農地転用規制（「ゾーニング」＝土
地利用規制の導入等）を徹底、耕作放棄地の有効活用を図る仕組みを確立。
②それに伴う米価下落の激変緩和のために、農業を継続する意欲のある者に直接支払い制度を
創設。
③米価下げによる需要（国内・輸出）拡大と、規模拡大等により農家の収益性を向上。
④株式会社による農地取得、農協改革等で新規参入を促進。「マーケット型農業」を育成（成功
事例の集積、パターン化と応用等）。
４．地域の創意工夫で地場産業を振興する（既出）
①積極的な規制改革、税制改正で、地域密着型産業（医療・介護、福祉、子育て・家事支援、
教育、農業等）を創出。
②地域を支える中小企業の活性化、競争力向上を支援。このため「中小企業憲章」及びそれに
基づく中小企業条例を制定。
Ⅳ 「志高い外交」で国際的に名誉ある地位を！
深刻な国際経済危機、米国オバマ政権の誕生、中国等新興国の台頭、北朝鮮の核・ミサイル、
拉致問題等々と、日本が直面する国際環境は厳しく、かつ、大きく変貌しつつある。
こうした中で、日本は、「唯一の被爆国」という原点に立ち返って、また、「アジアの中の日
本」という認識に立脚し、「核廃絶」「世界平和」に向けて、持てる力をフルに活用し、国際社
会において主導的役割を果たしていくべきである。
また、政治の最大の責務は、国民の生命・財産を守る、国土を守ることにある。そのために
は、日米同盟を基軸にしながら、我が国への脅威、急迫不正の侵害に対しては、万全の体制で
臨むべきだ。
我々「みんなの党」は、現状追認に甘んじず、日本の国益という観点から、米国をはじめと
した国際社会にも言うべき事は言いながら、「志高い」外交・安全保障政策を展開していきたい
と考えている。
１．我が国の国民と国土は、とことん守る
①相互信頼に基づく日米安保体制を基盤（米軍再編への協力等を含む）。
11
②ただし、対等な同盟関係という立場から、地位協定や「思いやり予算」の見直し、沖縄の米
軍基地負担軽減等の面で、米国に言うべき事は言い、求めるべきことは要求。
③急迫不正の侵害に対する自衛権の行使、テロやミサイル、海賊等新しい多様な脅威に対する
備えには万全。
２．「アジアの中の日本」を重視した外交を展開する
①中国、韓国、アセアン、米国、豪州、インド等を含むアジア太平洋地域内で、経済、エネル
ギー、環境、安全保障各分野での協力を促進。
②アジアを一つの市場とみなし、国内市場と一体化して域内経済を活性化。「サムライボンド」
（「円建て債」）の活用による域内インフラ、物流等の整備。
③アジアの通貨防衛、為替安定を図るため、アジア版通貨基金構想を推進。
④北朝鮮の核・ミサイル、拉致問題については、米国、中国、韓国と連携し、臨機応変に経済
制裁措置を活用しながら、交渉で解決。
３．地球規模の課題にも積極的な役割を果たす
①地球環境問題、食糧危機、水不足、教育、医療・福祉、貧困撲滅等の分野で、人的・技術
的・資金的に貢献（「ソフトパワー」で貢献）。そのために、ODA（政府開発援助）を戦略的
に運用。
②地球環境問題で我が国が主導的役割を果たすため、日本の温室効果ガスの削減目標を、中期
（2020年）▲25％、長期（2050年）▲８0％に設定（90年比）。今年末のＣＯＰ15に向け、米国
はもちろん、中国、インド等の新興国、発展途上国も参加した実効的な排出削減メカニズム
を構築。
③唯一の被爆国として「核廃絶」の先頭に立ち、「核軍縮」や「核不拡散」に主導的役割。広島、
長崎で世界軍縮会議を開催。
④イラク戦争等の反省に基づき、自衛隊の海外派遣については、しっかりとした原理原則を定
める法律を策定。すなわち、国連等の国際的枠組みの下で、平和活動や災害救助、人道・復
興支援を中心に積極的に参画。ただし、海外での武力行使や米国追従の（自衛戦争への）自
衛隊派遣は行わない。
⑤国連改革によって、安全保障理事会の常任理事国入りを実現。
Ⅴ 埋蔵金30兆円で財源はしっかり手当てする！
政府・与党は数年前、特別会計等に眠る「利益剰余金」「積立金」等の資金、すなわち「埋蔵
金」について、「江戸城埋蔵金伝説のたぐい」、「まゆつば」ものとして、その存在や使用を一切
否定していた。
しかし、我々を含む各方面からの指摘にたえきれず、結局、ここ数年間で30兆円もの「埋蔵
金」を、政策経費や借金返済に使用することを認めたのである。ただ、その使い方は、財務省
をはじめとした霞が関が認めたものだけを、渋々出してきた「小出し・後出し」にすぎない。
そこで今、我々は、この「埋蔵金」について「まだあるだろう」と強く政府・与党に迫って
いる。そうすると、また「江戸城埋蔵金伝説のたぐい」と反論してくる。国民の皆さんは、一
12
体、どちらを信じるだろうか？
単なる抽象論、一般論での応酬には意味がない。したがって、我々「みんなの党」は、以下
に、「埋蔵金」を含む「財源論」を具体的に提示した。もちろん、政権内にいない我々にはデー
タへのアクセス等で様々な制約がある。しかし、「増税の前にやるべきことがある」。「埋蔵金」
すなわち「官僚のへそくり」を、一円残らず掘り出さないと国民の納得は絶対に得られない、
と「みんなの党」は考えている。
１．今後３年間は「集中改革期間」（ムダ遣い解消期間）で増税はしない
①特別会計や独立行政法人の埋蔵金（剰余金等）の発掘（20兆円）、さらには予算のゼロベース
での見直しや税金のムダ遣い一掃（天下り禁止等）、国有財産・政府株の売却、公務員人件費
削減等（10兆円）で財源を捻出。
②上記で捻出した、少なくとも30兆円の資金を「改革の果実還元」基金に一括計上し、計画的
に財源として充当。
２．その後の恒久財源については要検討
①「集中改革期間」における、税金のムダ遣い解消等の達成度を国民とともに厳しく精査の上、
「生活崩壊」対応や社会保障の財源のあり方を、所得税、消費税、相続税等を含め検討。
②ガソリンの暫定税率は一般財源化に伴い撤廃した上で、「環境税」に組み替え。
③寄附金の税額控除制度の大幅拡充により国民の浄財を活用。
３．新たな財政規律のルールを導入する
①国の純債務残高（277兆円・06年度末）の対ＧＤＰ比（55％）を、経済危機を克服した後、５
年間で50％以下にすることを目標。
②基礎的財政収支のバランスを10年後に達成。
13
財源論（今後３年間）
総額 30兆円＋α
１．特別会計 20兆円＋α
・外為 ２兆円×３（フロー） ６兆＋（α）手仕舞い（償還）分
・財融 １.３兆円×３（フロー）
６.５兆円〜３兆円＝３.５兆円（ストック）
のうち２.５兆円 ６.５兆円
・労働 ３兆円（ストック） ５.６兆円
２兆円（責任準備金８兆円の見直し）
０.２兆円×３（繰入れ停止）
・エネルギー 節約 １兆円
・自賠責 民営化 １兆円
・貿易再保険 民営化 ０.５兆円
・空港 地方移管 剰余金 １兆円
２．独立行政法人 ３兆円
（資産負債差額15兆円の20％）
３．予算の無駄遣い解消（事業仕訳） ２兆円＋α（可能性大）
（事業・事務費11兆円の20％）
４．政府株売却（転換国債等の手法で売却） ２.５兆円＋α
・ＪＴ ２兆円
・道路会社 ０.５兆円
・（政投銀１.３兆円・商工中金０.４兆円・郵政５兆円・空港地下鉄株０.４兆円）
５．国有財産売却 ０.５兆円（独法資産は２．に計上）
６．人件費削減 １兆円（定員削減と給与・手当減）
７．道路特定財源の一般財源化（国の分） ３.３兆円（暫定税率は環境税
に組み換え）
14",,
71410_201212,"
1
Ⅰ 増税の前にやるべきことがある！
―消費税増税を凍結し、まずは国会議員や官僚が身を切る―
Ⅱ 成長戦略で経済復活！
―名目4％以上の成長により10年間で所得を5割アップ―
Ⅲ 原発ゼロと経済成長を両立する！
―みんなの党の新エネルギー戦略による電力自由化―
Ⅳ 日本の再生のためには復興第一！
―東北の被災地から未来を拓く―
Ⅴ 「地域主権型道州制」で格差を是正する！
―「3ゲン」を移譲し、消費税は地方の財源に―
Ⅵ 激動する国際情勢の中で戦略的な外交を！
―日米同盟を基軸に国民・国土を守り、世界の平和に貢献―
Ⅶ 財源はしっかり手当する！
―ムリ・ムダ・ムラを削減し、不要資産を売却―
2
Ⅰ 増税の前にやるべきことがある！
―消費税増税を凍結し、まずは国会議員や官僚が身を切る―
国民の手に政治を奪還する。我々「みんなの党」は、政治家や官僚の利権、既得権益に食い
つぶされてきた国民の貴重な税金を、本来の持ち主である国民のもとに取り戻します。
前回の総選挙で、民主党は私たちの主張と一見類似した公約を掲げて多くの国民から支持を
得ました。しかし、政権交代を果たすと、いとも簡単に官僚に取り込まれてしまいました。民
主党がマニフェストに掲げた「天下り根絶」は実施されず、むしろ逆行する人事が横行してい
ます。「国家公務員人件費2割削減」は先送りされたままで、同党が国会に提出した公務員制度
改革法案も、自民党政権時代につくられた案からも大幅に後退した内容となっています。
自民党も民主党も、「官僚主導から政治主導」を実現することは不可能でした。二大政党の実
態とは、あるときは財務省依存、またあるときは復興予算の流用に象徴されるような危うく、
そして誤った「政治主導」でしかなかったのです。
民主党の一般会計、特別会計あわせて207兆円の予算を組み換え、20兆円程度の財源を捻
出するという約束も果たされませんでした。そのような状況下で、二大政党は財務省が主導す
る「消費税増税」を決めてしまったのです。世界一の少子高齢化が進む日本において、私たち
も将来的な増税を一切否定するわけではありません。
「増税の前にやるべきことがあるだろう！」
みんなの党が結党以来言い続けてきたフレーズです。この信念を我々は必ず実現したいと思
います。
増税の前にはやるべきことが数多くあるのです。私たちは「国民に負担を求める前に、まず
は国会議員や官僚が身を切るべきだ」との国民の声に真摯に応えていきます。
みんなの党は、国会議員が享受している数々の特権を廃止し、税金で養われる公務員の数や
給与の削減、天下りの禁止を断行します。国家予算の「埋蔵金」を発掘し、予算もゼロベース
で見直していきます。
みんなの党には、公務員労組等とのしがらみはありません。そして何より、私たちの主張を
実現していくための具体案と、強い覚悟があるのです。
Ａ 国会議員が自ら身を切る
１．国会議員の数を大幅削減し、給与をカット
① ２回の選挙を経て衆議院議員は300人（180減）、参議院議員は100人（142減）へと削減する。
② 国会議員給与の３割、ボーナス５割カットを即時実施する（本則から）。
③ １票の格差を完全になくすため、「完全１人１票比例代表制度」を導入する。
④ 将来的には憲法改正手続きの簡略化を進め、決議要件を緩和。憲法改正によって「地域
主権型道州制」を導入した後、衆参両院を統合して一院制（定数200）へと改め、「ねじ
れ国会」をなくす。
3
２．議員特権の廃止
① 国会議員に無料で提供されているJRパス、航空券を廃止する。
② 衆参議員宿舎を売却する。
③ 国会議員用の公用車を原則廃止する。
３．政治資金の流れを透明化し、利益誘導政治から脱却
① 企業・団体献金を即時全面禁止する。
② 個人の政治献金を促すため、小口献金を中心に全額所得税額控除制度を設ける。
③ 政党助成金等に係わる情報公開を進め、憲法改正時には政党規定を新設するとともに、
政党運営の健全化を図る「政党法」を制定する。
Ｂ 「小さな政府」（スリムな政府）と「国民が主（あるじ）の社会」
１．国と地方の公務員人件費削減を実現
① 国家公務員の数を10万人削減する。
② 都道府県に置かれる国の出先機関を廃止する（徴税、海上保安等を除く）。
③ 人件費を２割削減する。
④ 給与、退職金、年金を民間水準に引き下げる。
⑤ 有能で熱意ある人材を登用する人事評価を導入する。
⑥ 政府申請や納税申告等も電子申請を原則化し、行政コストの削減を図る。
⑦ 違法な公金支出や権限行使に対する監査請求、刑事告発、損害賠償請求を可能にする。
⑧ 公務員組合のヤミ協定、ヤミ専従等を根絶。違反者は即免職とし、刑事罰や個人賠償も
導入する。
⑨ 地方公務員の給与は民間を基準とし、リストラも導入。地方自治体主導による人件費削
減を後押しする。
２．民主党政権が断念した「天下り根絶」を断行
① 在職中の所管業界への天下りは一切禁止する。
② 天下りの抜け道となってきた「政務三役によるあっせん」や「前任OBによる後任の推
薦（裏下り）」には刑事罰を導入する。
③ 天下りのインターンと化している「現職民間出向（官民人材交流）」の現状を見直す。
④ 国家公務員の「早期退職慣行」を廃止する。
⑤ 民主党政権が進める「天下りに代わるポスト創設」は認めない。
⑥ 熟練一般職員として定年まで働ける人事制度を導入する。
⑦ 天下りのたびに支払われる退職金を廃止する。
4
３.「郵政再国営化」を許さず「郵政民営化」を推進
① 民主党、自民党、公明党の３党が談合で成立させた「郵政民営化改革法」を改め、再び
郵政民営化を進める。
② 日本郵政グループの「ゆうちょ銀行」「かんぽ生命保険」全株式の売却時期を明示。両
社の経営を天下り官僚から民間企業出身者に委ねる。
４. 「官から民へ」を前進させ、独立行政法人の廃止・民営化等を実行
① 天下りの温床となっている独立行政法人は、そのすべてを廃止もしくは民営化。「廃止」
と称して準国営化した民主党のやり方を改める。
② 政府系金融機関「日本政策投資銀行」「商工組合中央金庫（商工中金）」は、現在の経済
危機を克服した後に完全民営化し、経営も民間企業出身者に委ねる。両社で行っている
危機対応業務は「日本政策金融公庫」に一元化。「国際協力銀行（JBIC）」も同公庫に再
統合する。
③ 独立行政法人と同様、天下りの問題を抱える公益法人の必要性をゼロベースで見直す。
④ 天下り先での談合を防ぐため、官僚OBへの適用対象を拡大する等して「官製談合防止法」
を強化。公正取引委員会の官製談合に係わる権限も強める。
⑤ 政府調達を一元化、「競り下げ方式」の導入によって行政コストを削減する。
⑥ 公共事業発注の際の「随意契約」「指名競争入札」を「一般競争入札」に原則転換。一
般競争入札を実行しない場合、その理由および発注先における天下りの実態等の情報公
開を義務づける。
５．「内閣予算局」で予算を見直し、「埋蔵金」（20兆円以上）を１円残らず
発掘
① 財務省から予算編成部門（主計局）を分離し、官邸に「内閣予算局」を設置。国家予算
（一般会計＋特別会計＝約200兆円）を抜本的に組み替える。政治主導による予算編成を
実施し、すべての予算をゼロベースで見直す。
② 特別会計、独立行政法人の資産・負債差額を精査する。
③ 政府保有株式等の国有財産の売却を進める。
④ 政府の金融資産300兆円の３分の２を流動化（売却や証券化等）する。
⑤ 遊休地の有効利用、処分を促すため、国（都道府県）有地に固定資産税の導入を検討する。
Ｃ 真の政治主導（内閣主導）を確立し、国民が主役の政治を
実現する
１．総理大臣を司令塔として国家戦略を策定
① 官邸に総理大臣を議長とする「国家戦略会議」を設置し、総理大臣直属の「国家戦略局」
で国家運営の基本政策を策定する。
5
②「 国家戦略スタッフ」として政治家、民間人、学者等100人以上を政治任用する。
③ 総理大臣のリーダーシップで、政府全体の行財政改革を省庁横断的に行うため、官邸に
総理大臣を議長とする「霞が関改革会議」を置き、専任の大臣が担当する。
④ 憲法改正を必要としない日本型首相公選制を導入。国民投票によって国民が総理大臣に
したい候補者を選んだ後、国会議員はその投票結果に示された世論を尊重して総理大臣
の指名に関する投票を行う。将来的には、憲法改正による首相公選制を導入。
２．内閣が幹部官僚人事を掌握し、総合職を一括採用
① 官邸に「内閣人事局」を設置し、幹部公務員（部長、審議官以上）の人事を総理大臣・
官房長官が一元管理する。
② 人事局のトップは政治任用とし、民間からも人事のエキスパートを多数登用する。
③ 今まで省庁別に行っていた国家公務員総合職の採用を一括採用で行い、「オールジャパ
ン」の意識を持った官僚を養成し、タテ割り行政を打破する。
④ 幹部公務員は役職に就くにあたっていったん退職した後、特別職として時限採用し、時
の内閣の政策を忠実に遂行する。
３．真の政治主導（内閣主導）の枠組みを確立
① 各大臣が副大臣、政務官、大臣スタッフ等を直接任命し、「大臣チーム」として省庁の
運営に当たる。
② 国会議員の政策スタッフを充実させ、立法、政策立案能力を強化する。
③「 政」と「官」の接触を制限し、官僚の根回しや国会議員からの個別案件要請等への対
応について厳格にルール化。政治家の口利き、政官の癒着を防止する。
④ 会計検査院を改組。米国議会会計検査院（GAO）型の強力な会計監査機関を国会に設け、
税金のムダ遣いを徹底的に排除する。
４．内閣主導の責任行政（危機管理）
① 権限と責任を総理大臣に一元化。国民と国家に対する全面的かつ最終的な責任を、総理
大臣がしっかりと果たす統治機構を築き上げる。
② 各省局長以上は、内閣交替ごとに総理大臣が任用する。
③ 内閣中心の政治主導を支える立場として、各省審議官以上（指定職）並びに内閣官房の
政策スタッフ及び各省官房スタッフ等は、特別職公務員とする。
５．情報公開を徹底し、「ガラス張り」の行政を実現
① 官邸に「情報公開局」を設置し、隠ぺいされた情報、国家の「隠し財産」を明らかにする。
② 行政情報の記録化を徹底。公文書の管理を厳格化する。
③ 国の会計に複式簿記等の企業会計手法を導入し、会計制度改革を推進する。
④「 ノーアクションレター制度」（法令適用事前確認手続）の適用範囲拡大や利用促進を通
じ、官僚による裁量行政を徹底的に排除する。
6
６．熟議の国会を機能させるために
① 国会の「会期不継続の原則」を改め、通年国会を実現。不毛な日程闘争に明け暮れる「国
対政治」と決別し、きちんと議論して決められる政治を取り戻す。
② 個人の倫理観、宗教観が問われる法案には政党の党議拘束を緩和し、各議員の良心と信
条に従い自由な投票を許す。
③ 内閣の提出する法案が議員提出法案の審議に優先する慣行を是正。議員立法の件数を増
やし、「国会議員が法律をつくる」という当たり前の政治を実現する。
④ 大臣等の委員会出席義務を緩和し、「総理大臣や外務大臣が国会対応のために国際会議
を欠席」といった国益に反する事態を回避。委員会審議における副大臣、政務官の役割
を広げる。
⑤ 国会の委員会における定足数要件を見直し、運営をより柔軟かつオープンなものとする。
７．多様な民意を政治に反映させるため、インターネット選挙を解禁
① 選挙期間中でもインターネット（フェイスブックやツイッター等）を使った選挙運動が、
候補者本人や政党、第三者でもできるよう法律を改正。候補者本人の有料広告は、法定
選挙費用内で可能とする。
② 個人認証の精緻化や秘密投票の確保がなされるようになった将来には、パソコンやス
マートフォンを使ったインターネット投票を実現し、その技術を世界へと売り込む。
7
Ⅱ 成長戦略で経済復活！
―名目4％以上の成長により10年間で所得を5割アップ―
日本は、世界一の少子高齢社会です。今後、社会保障等にかかるお金は莫大なものになって
いきます。一方、社会保障の財源となる社会保険料の徴収には多くの不公平や非効率が指摘され、
結果として年金を中心に持続可能性にも疑念が持たれています。みんなの党は、歳入庁の設置
により、こうした不公平を無くし、持続可能な社会保障制度を構築します。世界に目を転じると、
出口の見えないユーロ危機が世界同時景気減速につながるのではと危惧されています。
国民の深刻な生活不安を払拭し、この日本という国が今後とも活力ある国であり続けるため
に、みんなの党は政府による介入ではなく民間の活力を引出すことによる経済成長を実現しま
す。みんなの党は正しい成長戦略の実現で国民一人ひとりの生活を豊かにします。実質成長、
名目成長両面での成長を目指します。短期・中期的には国益のために必要な行為規制を除き大
胆な規制の改革、「自由償却税制」を始めとする税制の抜本改革、対内直接投資を呼び込む制度
改革、鉄道等のインフラシステム輸出の後押しによる成長を実現します。長期的には、人工光
合成やiPS細胞の研究支援等基礎科学振興による技術革新による成長を目指します。インフレ
ターゲットを含む金融政策への注力により、デフレ脱却を最優先に進め、お金の循環速度を速
める政策を実施し、民間が積極的に投資活動に従事できる制度を構築します。
世界中を見渡しても、デフレ下で増税をしている国はありません。みんなの党は、以下の経
済成長戦略や物価安定目標の策定等により、10年間で所得を5割アップさせることを目標に掲
げます。結果として、今よりもはるかに実質経済規模が小さかった1990年当時の約60兆円を
超える国税収入も得ることによる財政再建も目指します（現状の国税収入は約40兆円）。
Ａ 経済成長戦略で雇用を増やす
１．規制改革、税制改革を駆使した未来を切り拓く経済成長戦略
① 年率４％以上の名目成長で、今後10年間で所得を５割アップさせることを目標とする。
② 地域密着型産業（医療・介護、福祉、子育て、家事支援、教育、農業等）を規制改革、
税制改革によって創出。地域を支える中小企業の活性化、競争力向上を支援するため「中
小企業憲章」及び「中小企業条例」を制定。農業分野では海外進出に向けた攻めの政策
を打ち出す。
③ 経済特区を拡大し、規制改革を推進する。
④ 沖縄県にメディカルツーリズム特区を創設。認定国の医師免許を保有する医師による医
療行為を可能とし、認定国で認可され薬品も安全性に配慮したうえで使用を許す。沖縄
県民が特区内で医療行為を受ける場合、保険適用とする。
⑤ 護送船団方式の産業政策からは脱却。民間の自由な投資活動を促進するため、租税上の
償却期間の設定は投資者の自由に任せる「自由償却税制」を導入する。
⑥ 贈与税の軽減、寄付税制の拡大等を通じ、1,500兆円の個人金融資産を活用する。
8
⑦ 租税特別措置（５兆円）を抜本的に見直すとともに、法人税（実効税率ベース）を現行
から20％へと減税（赤字企業の損出繰越機関の延長、繰戻還付の拡大を含む）する。
⑧「 全額税額控除」の導入等、寄付税制を改革してNPO等の公益活動を活性化する。
⑨ 産業構造を高付加価値型へと転換。ヒト、モノといった生産要素を予算、税制面からバ
イオ、エレクトロニクス、新素材、環境、エネルギー等の成長が見込める分野へとシフ
トする。
⑩ メディアコンテンツ、ファッション、食、観光等を輸出産業として育成するため、カテ
ゴリーを横断した日本文化産業全体のブランドコンセプトを創出。重点地域市場におけ
る現地支援プラットフォームを設立（市場調査、現地パートナーの紹介・交渉、共同流
通網の構築等シェアドサービス的機能を提供）、関連産業の再編と強いブランドポート
フォリオの形成。これを可能とするファンド機能とマネジメントチームを組成する。
⑪ インターネットの利活用を促進し、ネットによる新規ビジネスを振興する。医薬品のイ
ンターネット販売を安全性に配慮しつつ解禁。
２．日銀法を改正して早期にデフレから脱却
① 日銀法を改正。物価の安定に加えて雇用の安定を金融調節の理念とし、政府と日銀との
間で、日銀の目標と責務を定めた協定を締結。世界標準の金融政策を実践することで早
期にデフレ脱却を図る。日銀は中央銀行として手段の独立性は有するが、目標は国民が
決めるとの世界標準のコンセンサスに従い、物価安定目標を設定し、デフレ脱却後の成
長軌道を確保する。内閣には、国会への同意を条件とした、総裁や副総裁、審議委員の
解任権を付与する。
② 20兆円の中小企業向けローン債権に政府保証を付与した上で、証券化、地域型投信を促
進する。併せて、地域の産業再生のために、個別の企業価値を見極めた上で、地域密着
型金融を強化。中小企業の銀行からの長期借入金のDES（デット・エクイティー・スワッ
プ）のリスクウェイトをローン並みにする。
③ 政府金融資産300兆円のうち３分の２を流動化し、金融市場に新たなビジネスチャンス
を創出する。
④ 経済再生には資金の流れが円滑になることが重要。事業性資金についてはリスクに見
合った金利設定を可能にし、必要なところに資金が回る仕組みを構築する。
⑤ 安易なモラトリアム（返済猶予）法案延長には反対。産業構造転換を促す一方で、労働
者の再就職のための新たな技術・技能の取得支援やセーフティネットの整備を推進する。
３．科学技術振興による潜在成長力底上げ
① 人工光合成やミドリムシからジェット燃料を製造する技術、再生可能水素（R水素）等、
最先端技術に国家ビジョンを示して取り組む。
② iPS細胞を活用した再生医療研究を深化させ、臨床現場での実用化を図る。
③ 省庁を束ね国家戦略として科学技術政策を展開可能にするために現行の「科学技術会議」
を改組し、予算配分権限等を有する「真の司令塔」を発足。前年比較での予算配分方式
9
から目標設定方式へと変更する。
④ 世界的な「頭脳循環」を踏まえ我が国の若手研究者を世界トップクラスの研究機関に派
遣する一方、海外の優秀な研究者を日本へ招聘し、国際的な研究者ネットワークを構築。
⑤ 東京大学民営化などを推進。大学は国の予算に依存することなく自立的に資金を集め、
成果によって競い合う研究機関へと脱皮。大学・大学院を「産業のサービス機関」とし
て位置づける。
⑥ イノベーション創出推進のための規制改革、研究成果の事業化・実用化のための実証実
験、先導的な市場確保に向けた政府調達を進める。
⑦ 基礎研究分野に加え、「規格競争」（通信、スマートグリッド、電気自動車、地デジ等）
を勝ち抜くための施策を国として推進。ISO（国際標準化機構）、IEC（国際電気標準会議）
等における日本の影響力の拡大に努める。
４．TPP（環太平洋経済連携協定）交渉に参加して攻めの開国
①「 日本開国宣言」を掲げて国際化を進める。世界標準の合理的な経済政策を進め、閉鎖
的な規制や制度は改革。英語教育を抜本強化し、行政機関の情報発信をすべてバイリン
ガル化する。外国人不法滞在者の取締を厳格化する一方で、多様な人々が我が国で活動
できるよう外国人労働者政策や入国管理政策も見直す。
② 東京をアジアの金融センターとすべく、証券・金融・商品等の総合取引所の早期創設を
目指す。東京経由で世界のマネーをアジア各国へ提供する体制を構築。所得税の捕捉は
国内所得に限定。投資家としての個人、グローバルに通用する金融専門家を育成するプ
ログラムを導入し、日本を産業+金融立国へと導いていく。
③ 成長する「新興国市場」を「国内市場」「内需」に取り込む。自動車・電機・機械等に
頼るモノづくり信仰から脱却。内需型産業とされてきた鉄道、流通（コンビニ、専門店）、
物流、教育、福祉、農業、飲食、食品といった産業の海外進出を強力に支援する。鉄道
事業モデルのアジア進出の後押しをする見返りにCO 排出権を取得する。医療、大学、
２
観光等でアジアから顧客を誘致。アジア域内の規制緩和（外貨規制等）を進め、必要な
規制については共同制度（競争政策、知的所有権等の国際調和、紛争解決等）の構築を
図る。アジアの物流環境、インフラを改善するために「サムライボンド」（円建て債）、「サ
ムライローン」（円借款）、「サムライエクイティ」（資本提供）を活用。アジアの通貨防衛、
為替安定を図るため、アジア版通貨基金の構想を推進。円建て輸出の促進によって円の
国際化を進める。
④ 米国・豪州を含むアジア太平洋地域内で、経済、エネルギー、観光、安全保障分野での
協力を推進。経済分野ではTPPの速やかな交渉参加、CEPEA（東アジア包括的経済連
携構想）の交渉推進を図る。同時に、EU等アジア以外の国や地域とのFTA（自由貿易
協定）・EPA（経済連携協定）を推し進める。
10
５．格差を固定しない、がんばれば報われる雇用・失業対策
① 原則としてすべての労働者（公務員、非正規を含む）に雇用保険を適用する。
② 同一能力・同一労働・同一待遇（賃金等）の原則を徹底。公務員における勤続年数の長
さのみに基づく優遇待遇を廃止。常勤・非常勤の格差を是正し、「官製ワーキングプア」
をなくす。
③ 新卒採用の可否によって人生が決まる雇用慣行を是正。正社員の整理解雇に関する「４
要件」を見直し、解雇の際の救済手段として金銭解決を含めた解雇ルールを法律で明確
化する。
④ 労働保険特別会計の積立金を活用し、民間職業訓練機関の利用等に使える「職業訓練バ
ウチャー」を求職者に支給する。
⑤ 若年世代の就職促進のため、中小企業を中心に「お試し採用」が可能となる既卒者支援
助成制度を大幅に拡充する。
⑥「 無期・直接雇用＝善」という固定観念を捨てて、労働者派遣法を派遣労働者のニーズ
に合わせて再改正。日雇い派遣の原則禁止を定めた条項等を見直し、女性や高齢者らの
多様な就労の機会を確保する。
⑦ 景気動向や中小企業の経営状況を見極めながら、最低賃金を段階的にアップ。雇用拡大
と子育て支援に効果を発揮するよう、残業割増賃金率を他先進国並みに引き上げ、サー
ビス残業の取締りを強化する。
⑧ 在宅ワークの誘導施策を拡充し、長時間通勤の緩和、労働意欲の高い女性や障がい者等
の就労促進に努める。
⑨ ハローワークと民間人材サービス企業の役割分担と連携を強化。求職者情報はハロー
ワークで一元管理する一方、人材サービス企業がハローワークのデータベースを活用し、
求人企業とのマッチングに努める。
⑩ 地域経済に直結した雇用労働に関する制度運用は、地方自治体に原則移管。第一歩とし
て、ハローワークの地方移管を早期に実施する。
⑪ ムダ遣いの象徴であった独立法人雇用・能力開発機構は独立法人高齢・障害・求職者雇
用支援機構への看板の架け替えがなされただけで、実質的には存続している状態である
ため、早急に廃止する。ムダ遣いの元凶となってきた労働保険特会は廃止を含め抜本的
な見直しを行う（独法廃止の修正案提出）。
⑫ 専門技能を有する外国人労働者の受入れを拡大する。
⑬ 雇用保険と生活保護の隙間を埋める新たなセーフティネットを構築。雇用保険が切れた
長期失業者、非正規労働者等を対象として就業に直結する職業訓練を実施。その間の生
活支援手当を給付し、医療保険の負担軽減策、住宅確保支援を行う。
６．「平成の農地改革」で農業を地域の基幹ビジネスとして育成し、食料自
給率を向上
① 政府は国全体の農業生産に関与するが、農林水産業や農地関係のルールは各地域で決め
11
られるようにする。
② コメの減反政策（生産調整）を段階的に廃止。農地転用規制（「ゾーニング」＝土地利
用規制の導入等）を徹底し、耕作放棄地を有効活用できる仕組みを確立する。
③ 減反政策廃止によるコメ価格の急激な下落を避けるため、意欲的な農業従事者に対して
「直接支払い制度」を導入する。
④ コメ価格下落によって需要（輸出を含む）を増加させ、生産規模の拡大を通じて農家の
収益性向上を目指す。
⑤ 農業生産力向上につながる規制改革を進め、「新農業法」の制定によって農業分野への
株式会社の新規参入を認める。
⑥ 法制、税制、金融施策を通じて農業従事者の法人化を支援する。
⑦ 農業委員会に代わり、外部委員が多数を構成する「平成農業再生委員会」を創設する。
⑧ 農協の地域独占体質を排するために「農協改革」を断行する。
⑨ 農業の第６次産業化を推進し、アジア市場への農産物販売を後押しする。
⑩ 植物工場等、生産力工場につながる技術開発、設備投資を全面的に支援する。
⑪ 小水力・木質バイオマス等、農山漁村における新エネルギー事業を支援し、環境保全と
地域活性化を図る。
７．成長産業となる林業を実現
① 国産材の需要拡大を図るため、公共建造物の木造化、木質バイオマスの利用、木材製品
購入エコポイントの導入等を推進する。
② 路網整備に、地方の建設業の人材・技術・機械を最大限利用する「林建共働」で林業を
活性化し、地方の雇用を確保する。
③ 高性能林業機械の開発およびリース利用を推進し、生産性の向上を図る。
④ 防護柵の設置等、有害鳥獣被害の防止策を強化し、駆除鳥獣を有効活用する。
⑤ 優良無花粉・少花粉スギの植栽面積を拡大し、花粉症の解消に努める。
８．資源管理と技術革新で稼げる漁業
① 漁獲量を科学的に管理し、品質管理を向上させて日本漁業の復活を期す。
② 乱獲防止のための割当て制、漁業者の休業補償を導入する。
③ 老朽化した漁船の所有者に対し、環境に配慮した代船建造を支援し、水産業のグリーン
化を進める。
④ 地域ブランドの確立、海外への販路拡大を支援し、水産物の価格競争力を向上させる。
⑤ 養殖技術の向上、栽培漁業の推進、水産加工の新商品開発等を支援し、漁業の生産量増
大を図る。
９．脱“バラマキ”による公共事業で地域のインフラを整備
① 公共事業の採択にあたっては費用便益分析（B/C）の基準を設け、採算性（防災効果等
を含む）の確保されるもの以外は着工を認めない。採算性の判断は、第三者機関が公平
12
かつ透明性を持って担う。
② 公共事業にコンストラクションマネジメント（CM）を導入。指名を受けた全体統括者
がゼネコン系列の枠を超えて発注を行い、2割のコスト削減を目指す。
③ 公共事業入札への中堅・中小企業参入を促すため、民間金融機関が建設会社の経営審査
を行う「入札ボンド制」の導入を検討。下請け施工業者の実績に評価を加え、下請け業
者にも一般競争入札参加への途を開く。
④ 建築物の断熱工法を従来の内断熱主体から、世界的な主流である外断熱標準へと切り替
え。公営住宅から導入し、省エネルギー、長寿命化、シックハウス症候群の解消等を図る。
⑤ 住宅ローン完済時には無価値となるようなスクラップアンドビルド型の住宅市場を改
革。中古住宅の流通市場を整備し、自宅の売却資金で老後の生活資金をまかなうリバー
スモーゲージを可能にする。
⑥ 地域主権型道州制の導入を前提として、地域交通業者の再編を進め、営業範囲の広域化
を後押しする。
10．「官製市場」の開放（通信・IT等）で経済活性化を
① 航空業界では、競争力向上につながる「空の自由化」（オープンスカイ）を推進。国際
線航空運営体制やハブ機能のあり方等、グランドデザインを見直す。
② 空（空港）と海（港湾）の一体的運用を実現するため、ポートオーソリティを設立。港
のライナー化を促進し、国際物流コストの低減を目指す。
③ 通信、放送、IT分野で世界的に通用する企業を育成。規制と裁量行政によって歪められ
てきた市場、消費者の利便性を軽視してきた高コストな事業者体質を改め、競争が生ま
れる環境をつくりだす。
④ 携帯通信事業者への新規参入を開放し、世界で最も高いスマートフォン通信料を始め、
携帯電話料金の引き下げを促す。プリペイド携帯電話に関わる本人確認の規制見直し等
によって、欧州ではスーパー等でも販売されている機能限定の安価なプリペイド携帯電
話の市場を創出。不正利用防止に留意しつつインターネット販売の解禁を検討する。
⑤ 携帯電話向けの「周波数オークション」を実施。電波の利用価値の最大化を目指し、透
明かつ迅速な周波数割り当てを実現する。数兆円規模が見込まれるオークション収入は、
一般財源として国庫で活用する。
⑥ 電力のスマートメーター、交通システム、遠隔医療、気象観測等の機械間通信（M2M）
の電波利用料を撤廃し、新規の市場参入を促進する。
⑦ 2014年に予定されるNTT組織再編の再検討を機にNTT法の廃止と完全民営化を推進。
政府保有株式（発行済み株式の約33％）の売却によって約1.6兆円の国庫収入を確保する。
⑧ NHK受信料を再度引き下げ。人件費に加え、関連法人を含めた経営形態を見直し、抜本
的な経営合理化を求める。
⑨ 医薬品販売規制の他にも食品表示の規制等、ITビジネスを阻害する過度な規制を排除す
る。
⑩ 東京メトロと都営地下鉄の経営一元化を早期実現。利用者の利便性向上と政府保有株式
13
の売却による財源確保を目指す。
⑪ 水道事業を民営化。世界で最も上質な上下水道を供給できる「和製水メジャー」として
国内・海外展開を目指す。
⑫ コンピュータ解析により気象予報を作成している現状を踏まえ、各都道府県に置かれて
いる地方気象台を再編する。
⑬ 年間訪日外国人客数1,500万人の達成を目指し、統合リゾート（IR）等をモデルに観光施
設の整備を進める。東京オリンピック・パラリンピック誘致を推進する。
Ｂ 「社会保障不信」の解消と「世代間格差」の是正によって、
若年世代には希望を、高齢者には安心をもたらすセーフ
ティネットを再構築する
１．世界最先端の医療と切れ目のない介護・障がい者施策ですべての人に「生
涯安心」を
① 医師数をOECD（経済協力開発機構）加盟国平均の人口千人当たり３人に増やす。医学部・
メディカルスクールの新設を解禁。かかりつけ医と専門医の役割分担を明確化する。
② 健康保険制度を段階的に一元化。官民で保険料率に格差がある現行制度の不公平を是正
する。安定的な制度運営のため、運営規模は地域主権型道州制を想定したブロック単位
とする。
③ 健康保険料の月収上限（月額121万円）を撤廃し、所得に応じた負担によって健康保険
行政の安定を確保する。
④ 医療のIT化を推進。レセプトチェックによって医療費のムダ削減を徹底する。
⑤ カルテと薬剤オーダリングのIT化を通じ、同一効能で価格の安い後発（ジェネリック）
医薬品の採用を進め、薬剤費の削減を目指す。
⑥ 混合診療を解禁、ドラッグラグやデバイスラグを解消し、世界最先端の医療機器や医薬
品が速やかに国内で使用できる体制を整える。
⑦ 訪問看護ステーションの１人開業を認める等の規制緩和を推進。医師・歯科医・看護師・
介護士等が医療従事者や地域と連携する地域医療・介護体制を構築し、同時に在宅医療
体制も整備する。医療行為を認められた看護師（ナース・プラクティショナー）資格の
導入を検討。看護師の処遇改善を進め、休眠看護師が再び復帰できるようにする。
⑧ 療養病床、特別養護老人ホーム、介護老人保険施設、在宅ケア、高齢者住宅等の役割を
再検討。高齢者の視点に立つ、地域ごとのニーズに合った総合的な高齢者福祉政策を実
現する。
⑨ 独立行政法人が管理する社会保険病院等を民間運営へと転換し、赤字体質の改善を図る。
⑩ 介護職員の待遇を継続的に改善。正規・非正規・派遣等の就労形態による格差を是正する。
外国人介護士の受け入れは急務であり、受け入れ条件を根本的に見直す。
⑪ がん登録を法制化し、在宅緩和ケアを推進する。難病対策では公平な救済に努める。腎疾
患への総合的な対策を確立する。肝炎の検診、治療法研究を含む総合的対策を確立する。
14
⑫「 こころの健康基本法」を早期に制定する。精神医療における向精神薬への過度の依存
を是正する。自殺予防対策で内閣府、厚労省、文科省の連携を強化。WHOの自殺報道
のガイドラインを活用。
⑬ 労働安全衛生法で歯科検診を義務づける。
⑭ 医療事故調を早期に設置する。薬害防止のための第三者機関を厚労省から独立して設置
する。
⑮ 障害者自立支援法違憲訴訟の基本趣旨に沿った障がい者施策を目指す。災害時に障がい
者を孤立させないよう、地域NPO等と連携して体制を築く。
２．歳入庁設置による社会保障の充実
① 税と社会保険料を一元的に管理する「歳入庁」の設置により、社会保険未加入事業所の「消
えた保険料」の徴収確保を実現する。さらに、任意拠出、相続税減免恩典付きの社会保
障貯蓄口座を社会保障口座の中に開設可能とする。
② 年金は、「払ったものが返ってくる」積立方式への移行を検討。若年世代が「払い損」
にならないよう保険料納付率の向上を目指す。年金積立金管理運用独立法人（GPIF）は
積立方式への移行によって廃止する。
③ 年金保険料の月収上限（月額62万円）を撤廃。所得に応じた負担を求め、年金財源の安
定を確保する。
④ 被用者年金の一元化に際しては、厚生年金、共済年金の積立金も一元化する。
⑤ 税金と社会保険料を合わせた「社会保障個人口座」を開設し、「社会保障電子通帳」を交付。
医療・介護、年金等の負担と給付の関係を明確化。また、その個人口座を使い、個人の
選択による自前のセーフティネット構築（お好みメニュー）を可能とする。
⑥ 所得の捕捉を公平に行うため、税、社会保険料を通じた「社会保障番号制度」を導入する。
その実現と所得捕捉の徹底を前提として、高所得高齢者への年金支給減額を検討する。
３．社会的弱者に配慮した所得再分配を強化
① 低所得者層への「給付つき税額控除方式」の導入や、生活保護制度の不備・不公平、年
金制度との不整合等の問題を段階的に解消し、最終的には、基礎年金や生活保護を統合
した「ミニマムインカム」を創設する。
② NPO等が貧困層対象のマイクロファイナンス（マイクロクレジット）を実施できるよう
法改正・規制緩和を進める。
４．「子ども（児童）手当」の抜本的な見直しと少子化対策
① 民主党、自民党、公明党の談合政治で導入された「子ども（児童）手当」はバラマキ政
治の象徴。地域主権の観点から、地方自治体の創意工夫による現物・現金給付へと見直す。
現金給付は子どもの多い家庭への支援を打ち出すために、子どもの数に応じた傾斜配分
を拡充する。
② 子育てしながら働ける環境（待機児童ゼロ、家庭的保育や病児保育、一時保育の拡充、
15
育児休暇取得の円滑化、職場の意識改革、男性の育児休暇取得率の向上等）を整備する。
③ 最も待機児童が多い０−１歳児については、家庭的保育の受け入れを大幅に増やす。
④ 家族の在り方が多様化したことを受け止め、シングルマザーのみならずシングルファ
ザーに対する支援を充実する。
⑤ 同じ所得の場合、子どもが多いほど税負担を緩和する。
⑥ 幼児医療の無償化、不妊治療の助成拡大、小児緊急医療体制・新生児集中治療施設（NICU）
の拡充を図る。
⑦ 高校、専修・専門学校、大学等の高等教育機関への奨学金制度を拡充（出世払い・返済
不能型の活用等）する。
⑧ 地域の実情に合った少子化対策を行うため、中央集権的なやり方ではなく、地方自治体
の裁量を広げ、地域ごとに柔軟に対応できる仕組みとする。
⑨ 以上の施策を実施するため、権限、財源、人間を地域に移譲する。
５．女性が活躍できる社会に
① 公務員の女性管理職の倍増を目指す。民間企業でも女性が経営者、管理職に就けるよう
キャリアパスを支援する。
② 女性が結婚・出産で退職を余儀なくされて起きる「M字カーブ型」の雇用状況を改める
ため、正規・非正規労働者を問わず、男女ともに育児休暇取得や短時間労働の推進を図る。
③ 女性の起業を支援。介護事業に代表されるソーシャルビジネス等の担い手として女性の
力が活用される土壌をつくる。
④ 総務・管理系の業務のアウトソーシング（BPO）が進む状況を踏まえ、育児中の女性等が、
ITを活用した在宅ワーク可能な環境を創出することによって、就職でき得るチャンスを
広げる。
Ｃ 地域の実情に応じた教育を推進する
１．教育委員会の設置は地域で判断
① 地方自治体の判断により教育委員会を設置するか否かを決定できるようにする等、地域
の実情に応じた教育行政が展開できる環境整備を図る。
② 教育は市町村、現場の学校に任せることを基本とし、国の役割は最低限の教育水準の維
持にとどめ、それぞれ地域の実情に合わせたユニークな教育を実施する。
２．地域による基礎教育・公教育を充実
① 教育の機会均等が保たれるよう公教育の建て直しを図る。
② 少人数・体験・個性重視の教育を実現する。
③ 職業教育を充実、高度化する。
④ 芸術・文化・スポーツ・武道等を振興する。
⑤ 学校教育のIT化を推進。
16
⑥ 教員の質・指導力の向上等により、理科離れの防止を図る。
⑦ 国際化時代にふさわしい人材を育成するためには英語力の向上が必要であり、学校教育
において英語力を図る尺度として、TOEFL等を使用する。
⑧ 親の所得格差で教育格差が広がらない環境を整備する。
⑨ 公務員の教職員による政治活動を全面禁止する。
⑩ 日本の領土に関する考えを教科書に記載し、しっかり教育する。
⑪ 学校を地域社会に開放し、地域社会の核に。学校経営も保護者、住民、教育専門家等を
入れた運営委員会で実施する。
⑫ 高校、専修・専門学校、大学等の社会人教育コースを充実させ、豊かな生涯学習社会の
構築を図る。
３．いじめ対策の強化と子どもの安全確保
① ロールプレーの活用等を通じ、いじめ防止教育を継続的に実施する。
② 現役の教職員に加え、教員志望者に対していじめ問題に関する研修を充実。また、保護
者にも講習を実施する。
③ 児童・生徒に対して無記名アンケート等を実施する等して、いじめを隠ぺいさせず、早
期発見と解決につながる方策を講じる。
④ スクールカウンセラーを全校に配置し、弁護士による相談窓口も設置する。
⑤ 現場の教員だけに責任を負わせず、いじめが見つかった場合、直ちに校長へと報告が届
く仕組みを構築する。
⑥ 犯罪に相当するいじめに対しては、警察が犯罪として対処する。
⑦ 校舎の耐震化に加え、非構造部材の落下防止、大規模改修等を通じて老朽化対策を図る。
⑧ 学校・地域が一体となった防災教育を推進する。
⑨ 通学路の安全確保対策を強化する。
４．グローバル人材の育成と確保を促進する
① 留学経費、海外での学位や単位取得を目的とする学生の海外交流を積極的に支援する。
② 外国人留学生の数を30万人（現在は約14万人）へと倍増させる。
③ そのために大学では英語による授業を拡充。また、国際的な単位互換制度を広げ、日本
語教育の環境も強化する。
④ 留学生誘致のため、外務省等と連携して積極的かつ効果的なプロモーションを実施する。
⑤ 外国大学の日本校設置を促進する。
⑥ 大学秋入学の環境を整備する。
Ｄ “人”を大切にする安全・安心な社会をつくる
１．多様な社会の担い手と共に
① NPOやボランティア活動を積極的に支援する。
17
② 東日本大震災時に重要性が再認識された消防団の団員確保を推進。ボランティアの特別
職地方公務員の位置づけは維持しつつ、事故時の保障や待遇改善を行う。
③ 協同組合を事業・経営・労働の担い手として社会的に位置づけ、共助による地域社会の
持続的発展を促す。
④ 性的マイノリティに配慮した施策の充実に努める。
２．安全・安心を実感できる社会へ
① 少年非行と薬物乱用の防止に努める。
② 暴力団や外国人組織犯罪の壊滅を目指す。
③ 入管体制を強化し、出入国管理を徹底する。
④ 地域主権型道州制の導入を視野に入れ、広域警察機能を創設する。
⑤ 性犯罪者や犯罪を繰り返す精神障がい者の再犯防止対策を強化する。
⑥ 無謀運転致死罪の対象を拡大し、無謀運転の厳罰化を図る。
⑦ 国家間での不法な児童連れ去りを防止するため、ハーグ条約への早期加盟を目指す。
18
Ⅲ 原発ゼロと経済成長を両立する！
―みんなの党の新エネルギー戦略による電力自由化―
東京電力福島第一原発事故を受け、原発が安全、環境に優しいエネルギーであるという幻想
は崩れ去りました。同時に、「原発は安い」という言説の再考を促すこととなりました。政府が
過小に評価した福島第一原発の事故被害額、廃炉費用等を精査したみんなの党の試算では、原
発の発電コストは、最高18円/kWh以上。これは、政府試算の天然ガス火力発電コスト（10.4
〜10.8円/kWh）、風力発電コスト（9.9〜17.3円/kWh）を上回ります。原発は今や市場原
理によっても淘汰されるべき存在です。それにもかかわらず、原発依存がやまないのは、競争
不在の電力業界にとってその方が利益になるからです。その結果、国民に単なる金銭的なコス
トに留まらない多大な負担を課すこととなりました。
電力自由化による市場原理での原発ゼロ、これがみんなの党が掲げる新エネルギー戦略です。
みんなの党は、現在の電力危機を、日本の閉塞感を打ち破る一つのチャンスと考えています。
改革するなら今しかありません。既得権益化した巨大電力市場に新規参入を呼び込み、経済活
性化と雇用創出の起爆剤とするのです。
また、中長期的には、我が国のエネルギー安全保障（エネルギー自給率）の観点からも、世
界全体での化石燃料埋蔵量の限界の観点からも、化石燃料に頼り続けることはできません。今
は競争力に劣る新エネルギーも、これを育成することが国益につながります。このため、「将来
的な脱化石燃料」を目指して、新エネルギーの導入を強力に推進します。
Ａ 電力自由化による原発ゼロ
１．2020年の電力完全自由化
① 発送配電分離、東電に関しては所有権分離を敢行する。
② 総括原価方式を廃止する。
③ 電力事業の地域独占廃止、新規参入を完全自由化する。
④ 託送料、インバランス料金等参入阻害要因の除去、各電力会社による発電の一定割合を
卸電力取引所に拠出させる等の施策を検討し、新電力（PPS）による売電を促進する。
⑤ スマートグリッド、スマートメーターを推進し、需要者・供給者が互換的に電力を取引
する市場を形成する。
⑥ 消費者が自由に小売業者を選べるよう料金メニュー提示等を義務化する。
２．2020年代の原発ゼロを明確に進めるプロセス
① 新規の原発設置を禁止する。
② 国会に原子力行政を監視するための特別委員会を設置し、原子力規制委員会が定める世
界標準の新基準に適合しない限り原発の再稼働を認めない。
③ 原子力規制委員会内に廃炉・核廃棄物処理を扱う審議会を設置。日本学術会議からの提
19
言を踏まえ、従来の放射性廃棄物の処分に関する政策を抜本的に見直す。
④ 40年廃炉を徹底する。
⑤ 核燃料サイクル計画を廃止し、使用済み核燃料を直接処分する。
⑥ 原発停止による電力不足は、環境アセスメント法の適用除外範囲の拡大、手続きの短縮
等により、環境負担の軽い天然ガスコンバインドサイクル等の新規発電所設置を促進す
ることで代替。
⑦ 他国に比べて高価な天然ガス価格の値下げを図るべく、権益確保、パイプライン敷設事
業を奨励する。
⑧ 原発国民投票法を制定する。
Ｂ 脱化石燃料に向けた取組み
１．日本国民全員で徹底した省エネ、新エネルギーを促進
① 省エネ、新エネルギー設備導入に対する支援、税制優遇措置を講じる。
② 固定価格買取制度については、消費者への負担を最小限にしつつ、新エネルギーの普及
を促進できる適正な買取価格を検討する。
③ 原子力関連予算を省エネ、新エネルギー技術開発・活用促進に転用し、集中投資する。
④ 新エネルギーの公平な系統接続を確保する。
⑤ 気象変動型の電源による系統不安定化には、交流電流周波数の統一、広域連携強化、ス
マートグリッド導入により、電力市場（市場メカニズム）による需給調整で対応できる
ようにする。
⑥ 公害対策（バードストライク、低周波騒音、森林破壊）にも十分配慮する。
⑦ 立地規制の緩和等、新エネルギー阻害要因を除去する。
⑧ 従来の原発立地自治体に対しては、原発ゼロ補助金や積極的な新エネルギー発電所への
転換推進策によって地域振興、雇用の維持・拡大を目指す。
⑨ 電力だけではなく、「熱」にも着目し、天然ガスコジェネレーション、バイオマスコジェ
ネレーション、燃料電池コジェネレーションを積極推進する。
⑩ 地域分散型エネルギーシステムへの転換（地産地消）を推進するため、地方政府の市民
参加型エネルギービジョン策定、スマートシティ・スマートコミュニティの導入による
まちづくりを支援する。
⑪ サマータイムや夏季長期休業等電力消費の集中を分散するライフスタイル導入について
国民的議論を促す。
２．次の世代への展望
① 原子力･エネルギー教育支援事業交付金等を活用した原子力教育が推進されてきた過去
を省みてエネルギー教育を一新。環境・エネルギー問題を自己の問題として考えられる
教育を目指す。
② 環境に負担をかけない廃炉・核廃棄物処理のエキスパートを育成。当該分野を日本の21
20
世紀の基幹産業とする。
③ 国内で培われた廃炉・核廃棄物処理技術を海外に輸出、支援するための体制整備に努める。
21
Ⅳ 日本の再生のためには復興第一！
―東北の被災地から未来を拓く―
日本の復活には東北の復興が不可欠です。まず、食料基地として、観光拠点として、そして
製造業のサプライチェーンの一端を担っていた東北を復興しなければなりません。それは元に
戻すだけの復旧にとどまらず、先端技術の駆使した日本の再生モデルをつくることを意味しま
す。東日本大震災の被災地に限らず、衰退に悩んでいる地方都市は全国で散見されます。震災
復興から地方を元気にするアイディアやモデルが、地方からも出てくるように、利害調整をは
じめ環境を整えることが政治の仕事です。
しかし、民主党政権の対応は真逆です。被災者の生活再建と被災地の社会経済再生が急務で
あるにも関わらず、2011年度政府予算に盛り込んだ約15兆円の復興予算のうち4割（約6兆
円）が未使用です。さらに復興予算の被災地に直接関係ない不適切な使途・流用も明らかとな
りました。みんなの党は、復興庁を被災地に設置せず、中央省庁から権限、財源を移さない復
興基本法に反対票を投じました。流用問題は、同法成立過程で我々が危惧していたことが、正
に現実になってしまったといえるのです。被災地の復興を迅速に推進するためにも、地方のこ
とは地方で決められるようにすべきです。みんなの党は、現場視点に立って復興を進めてまい
ります。
また復興の足かせとなっているのが、原発事故問題です。現在も放射能漏れは止まっていま
せん。その対策も始まったばかりです。チェルノブイリ原発事故では、事故後長年にわたり、
汚染食物摂取による健康被害が問題となっています。特に成長期の子どもや妊婦に対する放射
線の影響は深刻です。この教訓を福島第一原発事故後の対策に十分に活かしていかなければな
りません。
子どもと妊婦を放射能被害から守ります。原発事故被害で最優先課題として取り組むべく、
他党にさきがけ2011年8月初旬に議員立法案を策定、全ての野党による「子ども保護法案」
を提出しました。政局とは関係なく、スピード重視と適確な政策立案能力が兼ね備わったみん
なの党ならではの、まさに立法府の本分としての活動が、妊婦も含む支援、食品の検査、避難
者の支援、施策決定の透明性等、みんなの党のオリジナル提案が反映された形で、超党派によ
り法案が成立しました。
東日本大震災で得た教訓を、日本のみならず、“人類の教訓”として世界の国々と共有できる
ように努力していくことが日本の使命だと、みんなの党は考えます。
Ａ 原発事故災害から国民の生命を守る
１．放射能の不安を一掃する
① まずは子どもと妊婦が守られるよう、放射能汚染が疑われる食品の原則全品検査をする。
放射線測定結果を詳細に公表し、農水産物等に対する風評被害を一掃する。
② 帰還が可能となった区域の徹底的な除染。
22
③ 被ばくが懸念される原発関連作業員の放射線量管理と健康管理を国が責任を持って行う。
④ 科学的知見が確立していない放射能による健康被害に関し、未然防止の観点からあらゆ
る対策を、国策として原子力推進をしてきた国が主導して進める。
２．被災者支援の充実
① 避難者と被災地域の住民に対する「医・職・住」の支援。
② 福島県のみならず放射能被害を受けた地域の住民の健康調査を国が責任を持って実施す
る。
③ 東京電力福島第一原発周辺の帰還困難な汚染地域については、国が買い上げ・借り上げ
を実施する。
Ｂ 震災被災地の復興を日本再生のモデルに
１．被災地対象の新たな取組み
① 復興庁の本庁を霞ヶ関から被災地に移転し、決済権を持つ専任大臣を原則常駐させる。
東北地方整備局を復興庁の傘下に置き、地域主権型道州制移行の先行ケースとして現地
主導の復興事業を進める。
② 憲法上、非常事態法制の整備を明記する。
③ 被災地への進出企業を対象として、「法人税ゼロ」を含めた大胆な税制優遇措置を講じる。
④ 被災地における農林漁業の規制を緩和。民間企業等の新規参入を促し、衰退産業からの
再生を目指す。
⑤ 新エネルギーや植物工場等、成長産業の立地に関する優遇措置を被災地で拡充する。
２．現場に寄り添った復興支援
① 復興資金の財源は、国が配分権を握る復興交付金ではなく、被災自治体の判断で使える
復興基金を中心とする。
② 被災者の目線で災害救助法の運用を改善する。
③ 被災地で医師・看護師を確保するため、診療報酬の特例的加算等を実現する。
④ 災害時に医療・看護・介護が連携して活動できるよう通行証の発行等に関わる行政の運
用を改善する。
⑤ 被災事業者及び個人の二重ローン負担が早期解消するよう「東日本大震災事業者再生支
援機構法」を改正。震災前の簿価を基準とする二重ローン債権の買い取りを進める。
23
Ⅴ 「地域主権型道州制」で格差を是正する！
―「3ゲン」を移譲し、消費税は地方の財源に―
日本では長らく、官僚が全国を画一的に支配する中央集権体制がまかり通ってきました。そ
の結果、地方が持っている個性や多様性は無視され、地方は衰退の一途を辿るばかりです。
みんなの党は、「脱中央主権」を進めます。中央集権型でもない、連邦型でもない、まさに地
方重視・地域住民主体の「地域主権型道州制」を我が国の「新しい国のかたち」としていきます。
東京の霞ヶ関で仕事をしている官僚では、地域実情に疎く、すべてに最善の施策を打つこと
ができません。地方を元気にするためには、国民に最も身近な地域が主体となり、地域住民の
ために政治を行っていくことが不可欠だと私たちは考えます。
「新しい国のかたち」のもとでは、国、道州、基礎自治体の役割分担を明確に定めます。国が担っ
てきた仕事の多くは基礎自治体へと移譲されます。中央官庁は必然的に解体・再編され、官僚
主導は終焉します。道州の役割は、基礎自治体では対応できないインフラ整備、災害対策等の
広域行政です。一方、基礎自治体に代わって、民間のNPO等が仕事の一部を担います。
そうした新しい行政の仕組みをつくるためにも、3ゲン（権限・財源・人間）を地方へと徹
底的に移譲することが必要不可欠です。これまでのような「国のヒモ付き補助金の一括交付金化」
では、中央による地方への統制が続くだけで、地方が真に独立していくことができないからです。
みんなの党は真の地域主権を達成するため、2012年3月29日に「道州制への移行のための
基本法案」を参議院に提出し、「地域主権型道州制」実現に向けて先頭に立ってきました。今後
10年以内に地域主権型道州制への完全移行を果たし、中央集権を打破することを私たちは目指
します。
Ａ 地方が主役の統治システムを構築する
１．地方自治体へ3ゲン（権限・財源・人間）を移譲し、地域のことは地域
で決定
①「 ひも付き補助金」と「地方交付税」を廃止。地域主権型道州制を導入した際には、消
費税等を地方自治体へ完全移譲する。
②「 地方交付税」の廃止に伴い、国主導ではない自治体間の財政調整の仕組みを法制化する。
③ 国の直轄事業は段階的に縮小・廃止し、地方へと移管。地方の負担金は2014年度から維
持管理費負担金を廃止し、本体部分も直轄事業の地方移管に伴い廃止する。
④ 地方自治体事務に対する国の「義務付け・枠付け」を廃止し、自治立法権、道州・基礎
自治体の課税自主権、住民参加等が保証された地域政府を確立する。
⑤ 以上の地域主権改革の進め方については、国と地方自治体との協議（自治体からの提案
権を含む）等の法的枠組みを設けて具体的に決定。国が首長代表者を選定して協議の場
を設けるのではなく、地方の側が主体的に意見を述べられる場を設定する。
24
⑥ 地方公務員制度改革においても、国家公務員に準じて地方自治体主導で実現する。
２．地域主権型道州制実現に向けての先行的施策を推進
① 安全保障や司法等国に残る業務を除き、都道府県単位に置かれる国の出先機関廃止によ
るスリム化を促進する。
② 市町村・都道府県・国の三重行政の弊害を解消。基礎自治体が主体となる事務については、
広域行政の指導調整を一本化し、基礎自治体・国の二層式行政システムを導入する。
③ 地域主権型道州制によって飛躍的に地方自治体の位置づけが高まるという観点からも、
外国人参政権の付与には反対。参政権行使には日本国籍を取得。
Ｂ 地域主権型道州制に合わせた霞ヶ関改革を断行する
１．「新しい国のかたち」を実現
① 10年以内に「地域主権型道州制」へと移行。
② 内閣に道州制担当専任大臣を置き、地域主権型道州制の理念、実現までの工程表、地方
の代表も参加した遂行機関の設置等を明記した「道州制基本法」を早急に制定する。
③ 10年以内の地域主権型道州制確立に向け、４年以内に地方への財源移譲の道筋をつける。
現在、「6：4」である国と地方の歳入比を大幅に改め、国・道州・基礎自治体が「2：3：5」
の割合で歳入を得られる仕組みを目指す。第一歩として2014年度には、国と地方の財源
配分「5：5」を実現。その後も、財源移譲に伴い地方配分比率を引き上げていく。
④ 地域主権型道州制との関係で、国会の立法事項を限定する。
２．霞ヶ関を解体・再編
① 中央官庁の役割を外交・安全保障、通貨、マクロ経済、社会保障のナショナルミニマム
等に限定して大幅に縮小。国に残す機能を強化する一方で、現在の省庁を大幅に再編・
削減します。
② 地方出先機関は一部（徴税、海上保安庁等）を除いて先行的に移管又は廃止する。
③ 上記に伴い、2014年４月以降の消費税増税法は廃案とし、消費税、法人税等の税財源、
国の資産・負債を再編成。消費税は地方に完全移譲し、地方の基幹・安定財源とする。
25
Ⅵ 激動する国際情勢の中で戦略的な外交を！
―日米同盟を基軸に国民・国土を守り、世界の平和に貢献―
近隣国との領土をめぐる対立、中国やインド、ロシア、ブラジル等の急速な経済発展、民主
党政権下での日米同盟の混乱、北朝鮮の拉致問題や核開発等、日本を取り巻く国際環境は厳し
いものがあります。日本は世界第三の経済大国です。政策の過ちによって活かしきれていない
高度な技術力と優秀な労働力、そして高い防衛力、さらには米国や豪州、インド、ASEAN諸
国等との信頼関係に基づく外交力も有しています。しかし、この数年間、政界では不安定な短
命政権が続き、国際社会における日本のプレゼンスは低下していくばかりです。
いまこそ外交・安全保障の体制を建て直し、日本の潜在力にふさわしい外交を取り戻さなく
てはなりません。みんなの党は、日本が自由と人権を重んじる先進民主主義国として、世界の
平和と安定にさらに貢献できるよう、貧困や地球環境問題、核拡散防止、テロ・海賊対策にも
積極的に取り組みます。そして、米国との同盟関係を強化し、防衛力の整備に努め、国民と国
土を守るための万全の体制を構築します。
Ａ 国民と国土をしっかり守る
１．戦略的な外交安全保障体制の構築
① 相互信頼に基づく日米同盟体制を我が国の安全保障の基軸とする。
② 対等な同盟関係という立場から、日米地位協定改定を提起し、「思いやり予算」も見直す。沖
縄県の米軍基地負担軽減等の面から、米国に言うべきことは言い、求めるべきは求めていく。
③ 普天間問題では、民主党政権で壊された沖縄との信頼関係を一から醸成。我が国の安全
保障の確保、沖縄の基地負担軽減（オスプレイ配備も含む）等の観点から、地元や米国
との合意形成を行う。
④ 中国とは経済関係を強化し、人的交流・文化交流を拡大。海上保安機関及び防衛当局間
の海上における連絡メカニズムを整備し、相互の信頼醸成に努める。尖閣諸島問題につ
いては、領土問題は存在しないという事実を国際社会に周知する。
⑤ 先進民主主義国家として価値観を共有する韓国とは北朝鮮の拉致、核開発問題の解決に
向けて関係を改善・強化。竹島問題については、国際司法裁判所（ICJ）等で国際法に則っ
て平和的な解決を模索する。
⑥ 安全保障会議の事務局機能を強化（日本版NSC）。国家戦略を明確化し、的確な政策オ
プションが提示できる体制を整える。
⑦ インテリジェンスの集約・分析機能を強化。正確な情報がタイムリーに政府首脳に伝わ
る体制を構築する。
⑧ パブリック・ディプロマシー（広報外交）強化のため、外交・安保政策のシンクタンクや国際交流
基金による調査研究、知的交流を拡充。世界に向けて日本の考えが発信できる基盤を強化する。
⑨ 海上保安庁の体制強化に努めるとともに、尖閣諸島の支配を有効にするための措置を講じる。
26
２．新たな脅威に備える防衛力見直し
① 陸海空の各自衛隊のバランスを再検討。人員の陸自偏重を改め、海上自衛隊と航空自衛
隊に予算や人員を配分。防衛力の南西シフトをさらに進める。
② 原子力発電所やその他重要施設の警備体制を強化し、テロ等による攻撃に備える。
③ サイバー戦の対処能力を強化する。
④ 防衛省・自衛隊の情報収集能力、情報漏洩防止策を強化する。
⑤ 島嶼防衛のための整備の見直しや部隊の再編成を進める。
⑥ 即応予備自衛官・予備自衛官・予備自衛官補の大幅な増員を図る。
⑦ 防衛省の調達システムを改革する。
⑧ 自衛隊の災害対処能力をさらに高めるための体制を整備する。
⑨ 我が国を防衛し、また、国際平和に貢献するため、自衛権の行使の範囲や限界等を法律
により明確化する。
Ｂ 世界の平和と安定に貢献する
１．地球規模の課題解決に積極的に貢献
①「 人間の安全保障」の観点から、地球環境問題、食糧危機、水不足、教育、医療・福祉、
貧困撲滅等の分野で、ODA等を使って人的・技術的・資金的に貢献する。
② 唯一の被爆国として「核廃絶」の先頭に立ち、「核軍縮」や「核不拡散」に主導的役割
を果たす。広島、長崎で世界軍縮会議を開催する。
③ 安全保障理事会の常任理事国入りも含め、国連改革を実現。日本人の国連職員の増加を
図る。外務省における多国間外交実施体制を強化する。
④ インド洋やマラッカ海峡の海賊・テロ対策のために、海上保安庁やJICAによるODAで
各国の海上保安機関の能力向上に貢献する。
⑤ 平和構築・平和維持を外交政策の柱として、国連の人道援助活動やPKO活動に積極的に
参加。世界の紛争地の和平仲介や調停に取り組む。
⑥「 難民保護法」を制定し、難民（政治亡命者）に対する保護を充実させる。
２．「アジアの中の日本」を重視した外交を展開
① インド、豪州、ニュージーランド、インドネシア、フィリピン、ベトナム等の太平洋諸
国との間で、経済や安全保障を含めた戦略的な提携関係を強化する。
② 北朝鮮の核開発問題では、韓国に加えて米国、中国とも連携し、臨機応変に経済制裁措
置を活用しながら解決する。拉致問題については、平壌宣言に基づく二国間交渉を進め
る一方、国連「人道に対する罪」調査委員会の設置等を通じ、国際社会からの一致した
行動を喚起しつつ、経済制裁を含め解決のためにあらゆる手段を講じる。
③ ロシアとは天然ガス供給等を含めた包括的な経済関係を強化。北方領土問題の平和的な
解決に向けて話し合う。
27
Ⅶ 財源はしっかり手当する！
―ムリ・ムダ・ムラを削減し、不要資産を売却―
みんなの党は、①マクロ、ミクロの政策を総動員することで経済を成長軌道に乗せることに
よる税収増、②行政のムダをなくし、効率的でスリムな政府をつくることによる歳出減、によっ
て財政を再建します。クリントン政権下の米国等諸外国の実例をみても、増税ではなく経済成
長と歳出削減の組み合わせで財政再建は成し遂げられています。
みんなの党は地域主権型道州制が実現した際には消費税を地方税化すべきであると考えてい
ますが、現在、民自公3党が推し進めるデフレ経済下の消費税増税には断固反対です。日本で
はこの20年あまりの間で国の税収が約60兆円から約40兆円へと3分の2に落ち込んでしまい
ました。消費税率は97年に5％へ引き上げられたものの、景気の落ち込みによって98年度以
降ずっと、97年度の税収を上回った年が1年度たりともありません。この歴史的事実が、増
税を行っても経済に致命的な打撃を与えてしまっては財政再建が遠のくということを如実に物
語っています。
復興予算の流用問題の本質は、復興の名のもとに安易に増税を認めてしまったがゆえに、税
金は別のものに都合よく使われてしまうことです。消費税増税も名目上は社会保障に使うとさ
れていますが、これまで一般財源から社会保障に充てられていたお金が、国土強靭化や防災・
減災の名のもとに公共事業バラマキに使われてしまっては財政再建にはまったく役立たないこ
とになります。安易に増税を認めてしまっては増税の先にまた増税の繰り返しとなりかねませ
ん。だからこそみんなの党は「増税の前にやるべきことがある！」と主張し続けています。
みんなの党はこれまで国会において、予算の修正動議の提案、法案提出等のかたちで、財政
健全化にむけた数々の主張・提案を行っています。
Ａ 社会保障財政を強化する
１．歳入庁の創設
① 国税庁と日本年金機構等に分かれている税金と社会保険料の徴収の一元化を図ることに
よって、徴収漏れが多く発生している厚生年金保険料等の徴収率を向上させる。
② 健康保険料収入・年金保険料収入の増加と国庫負担額減少により、およそ年間10兆円程
度の公費負担の減少が見込まれる（フロー）。
２．社会保険料支払額の上限撤廃
① 健康保険及び年金保険料に設定されている月額報酬に基づく上限をなくすことにより、
収入に応じた保険料負担とする。
② 民間と公務員を合わせて、およそ年間２兆円程度の保険料増収が見込まれる（フロー）。
28
３．社会保険料率の統一
① 健康保険の保険料率を協会けんぽの保険料率（全国平均）に統一する。
② 民間と公務員を合わせて、およそ年間２兆円程度の保険料増収が見込まれる（フロー）。
４．上記1〜3の実現により、全体の保険料率を引き下げ
Ｂ 民間にできることは民間に任せる
１．郵政民営化の推進と日本郵政株式の早期売却
① ３党合意で後退してしまった民営化を改めて元の軌道に戻し、ゆうちょ銀行・かんぽ生
命の株式も早期に全株売却する。
② 純資産から試算される売却金額はおよそ6.5兆円（ストック）。
２．政策投資銀行と商工中金の民営化と株式売却
① 金融は民間のプロによるビジネスであるという認識のもと公的金融機関は最小限にとど
める。
② 純資産から試算される売却金額はおよそ1.6兆円（ストック）。
３．日本たばこ、NTT等の政府保有株式の全株売却
① 政府の持ち分維持による民間会社への経営関与をやめる。
② 市場時価から試算される２社の売却金額はそれぞれ2.3兆円、1.6兆円、そのほかに東京メ
トロ株式の売却等を合わせれば、４兆円を超えると見込まれる（ストック）。
Ｃ 身を切る改革から始める
１．国会議員、国家公務員人件費の削減
① 国会議員の定数の約４割削減、給与３割・賞与５割カット、国家公務員人件費は２割削
減する。
② 現在国家公務員に適用されている２年間限定の7.8％カットでは年間2,900億円しか削減
されないのに対し、１兆円超の削減となる（フロー）。
２．地方公務員人件費の削減
① 民間との格差が広がる一方の地方公務員人件費を国家公務員同様２割削減する。
② 地方公務員への人件費削減の波及効果は４兆円規模となる（フロー）。
３．公務員宿舎・独法等の国有資産売却
① 全国に20万戸ある公務員宿舎のうち大半を売却する。
29
② 財務省のデータに基づくと少なくとも1.4兆円の売却金額が見込まれる（ストック）。
４．バラマキの見直し
① 根拠の乏しい恣意的な民主党のバラマキ施策を凍結し、見直す。
② 実施されているバラマキ施策を凍結することで3.5兆円の歳出抑制となるが、制度を見直
して改めて実施することになればその分抑制効果は減殺（フロー）。
５．特別会計剰余金の活用
① 国債整理基金特別会計の積立金を活用する。
② 特別会計に毎年定率繰り入れが行われているために、使われないままに温存されている
積立金は約10兆円（ストック）。
③ 労働保険特別会計の剰余金を取り崩す。
④ 保険料の取り過ぎで生じた資産と負債の差額として計上されている剰余金は約4.2兆円
（ストック）。
30
",,
71530_200908,"2009衆議院選挙 選挙公約manifesto'09 生活を守り抜く。
マニフェスト中長期ビジョン
私たち公明党は結党以来、人間主義の政治こそ新しい時代が求めている最も新鮮な政治理
念であるとの確信に立ち、「平和」「福祉」「教育」「人権」「環境」を重点として、政策実現
に取り組んでまいりました。
公明党は、“生活を守り抜く”という政治信念のもと、将来に希望の持てる国づくりを進め
ていく決意です。
1 経済危機の克服
“全治３年”で経済危機を克服し、新たな日本の未来への第一歩を！
今、最優先されることは経済危機の克服です。世界経済の混乱から国民の“生活を守り抜
く”ために、これまでの政府・与党における果断な累次の経済危機対策を着実に実施し、
2008年度を含む３年以内に景気回復を図ります。
公明党は、“全治３年”の期間は単に「嵐」を乗り越えるだけではなく、次の日本へ向け新
たなスタートを切らなくてはならないと強く訴えてまいりました。
トンネルを抜けたその先には、新たな日本の「カタチ」が見える対策が求められています。
将来への道筋をあいまいにしたままの局所的な対症療法であってはなりません。
公明党は、環境、農業、社会保障（医療・介護など）、新たな社会資本整備、そして人間力
を育む教育の５つの分野を軸に新たな日本の成長戦略および将来ビジョンを示してまいり
ます。
2 成長戦略の推進
経済危機を克服し、新たな経済成長を生み出す
経済構造の転換
直面する経済危機を克服するための構造改革のエンジンとして、「環境、農業、社会保障（医
療・介護など）、新たな社会資本整備、教育等」の分野で、内需を中心とした経済産業構造
に転換し、産業の国際競争力を確保します。特に、環境・農業などで牽引する「緑の産業
革命」を推進し、新たな経済成長を生み出します。
人口減少下においても持続的な経済成長を目指す
人口減少下においても持続的な経済成長を可能とするために、イノベーションの創出支援、
起業家の育成など未来への投資を戦略的に推進します。
アジアの経済成長への貢献
アジアの経済成長へ、わが国の優れた産業力・技術力等で積極的に貢献しながら、その需
要をわが国に取り込み、発展するアジアとの共存共栄を目指します。
3 新しい生活のカタチ
生活を守り抜く（安心実現社会、格差の少ない社会へ）
安心社会を実現するために、生活の基盤である「雇用」を軸とした施策の充実、そして、
あらゆる世代のセーフティネットの基盤である社会保障制度の「ほころび」を修復し、安
心強化のための施策を強化してまいります。
特に若者には雇用を、子育て世代には支援策の充実、高齢者世代には安心の医療・介護を
確保します。また、難病や重病で苦しんでおられる方やご家族、そして介護で大変な状況
の方に対して最大の支援策を講じます。
ここで公明党が描く10〜15年後の一人ひとりの生活のカタチについて、そのイメージを提
示します。
＜雇用の安心＞
年齢、性別、障がいの有無を問わず、働く意欲のある人が働ける。
正規と非正規等の働き方によらず、同一労働に対し、同一賃金・同一処遇が得られる。
まじめに働けば、ワーキング・プアにならない。
失敗しても、何回も再挑戦できる。
＜子育ての安心＞
乳幼児期、初等・中等教育期、高等教育期のすべてで充実した経済的支援が受けられ、親
の所得によらず、子の教育機会が確保・均等化される。
質量ともに充実した保育サービス、ワーク・ライフ・バランスが確保され、社会全体から
子育て支援を受けられる。
＜老後の安心＞
年金への不信が一掃されるとともに、年金で日常生活を送れる。
病気や寝たきりになっても、「住まい」が確保され、医療・介護保険で十分支えられ、医療・
介護・生活支援などを備えた「多機能支援センター」が充実し、地域のコミュニティーの
中で生活できる。
介護マンパワーの確保と特別養護老人ホーム等の施設やサービスが拡充され、待機者はゼ
ロとなり、３カ月ごとの入退院を繰り返さなくてすむ。
＜医療の安心＞
いかなる地域に住んでいても、安心な救急医療が受けられる。
産科、小児科をはじめとして最善の医療サービスが受けられる。
中低所得者の高額療養費の自己負担限度額が引き下げられ、安心して医療サービスが受け
られ、慢性疾患、難病患者等の経済的負担が大幅に軽減される。
＜食の安心＞
産地偽装や表示偽装が一掃され、輸入品を含め食の安全が確保される。
食料自給率がカロリーベースで50％は確保される。
＜防災・治安の確保＞
建物の耐震化や防災・減災対策が進み、集中豪雨や大規模地震など自然災害にも対応でき
る社会資本ストックが整備される。
犯罪発生件数が減少するとともに、検挙率が上がり、「世界一安全な国、ニッポン」が維持
されている。
＜教育の再生＞
あらゆる人々に公平な教育機会が確保される。
生涯教育が充実し、退職後も地域などでその能力が十分に発揮される。
芸術鑑賞機会の拡充や「スポーツ基本法」（仮称）の制定など総合的な施策の推進で、文化・
芸術やスポーツに親しむ機会が大幅に増える。
4 新たな国のカタチと行政改革の取り組み
「地域主権型道州制」を実現し、地域活性化で日本を元気に
公明党は、21世紀にふさわしい、新しい国のカタチとして、「地域主権型道州制」を実現し
ます。これにより、各地域の活性化や雇用の促進を図るとともに、身近な行政サービスを
充実させ、住民本位の地域づくりを進めてまいります。
これまでの中央集権体制を根本から変え、中央政府の権限は国でなければできない機能の
みに限定し、各地域が独自に決定できる仕組みに改めます。そして、地域主権型道州制の
もと、各道州がそれぞれの地域で潜在力を発揮し、新たな地域産業を創造することにより、
日本全体に、そして地域に活気をもたらすことが可能となります。
徹底した行政改革の推進
不断の行政改革の推進とムダ排除の徹底は待ったなしです。国民に負担を求める前に、ま
ずは行政が「範」を示し、徹底した行政改革を断行し、ムダを削減することは当然です。「税
金のムダづかいは１円たりとも許されない」との精神で、公明党はムダゼロへの取り組み
と大胆な行政改革を断行してまいります。
特に、国の出先機関については、業務が地方と重複し、国民から見て非効率な「二重行政」
になっているとの指摘があります。この際、廃止・縮小を強力に進め、国の事務・権限を
大胆に地方に移譲します。
今こそ、21世紀にふさわしい効率的な行政の確立に向け、政治のリーダーシップを発揮し、
改革を実現します。
5 行動する国際平和主義
世界に誇れる平和外交で、信頼される日本へ
わが国が世界から信頼され続けるために、「新たな平和・人道外交」を推進します。その中
核となるのは、経済・文化交流の促進と「平和の定着」のための貢献です。
紛争への過度な介入は平和を遠ざけるのみ。座して平和を強調するだけでは何も生み出し
ません。現実を直視した「行動する国際平和主義」こそが、人類が希求する「平和を実現
する道」であるとの信念で世界に貢献する日本外交を展開し、さらに信頼される日本を目
指します。特に①核廃絶②「人間の安全保障」③地球温暖化対策の３つの分野を軸に「志
（こころざし）」のある平和外交を貫いてまいります。
重点政策
クリーンマニフェスト
清潔政治を実現
国民目線で「政界の大掃除」と「行政のムダを追放」
「生活を守り抜く」。
そのために政治資金を完全透明に。税金のムダ遣いを洗い出す。霞が関に切り込む。それ
が出来るのは、生活者の視点を持ち、しがらみのない、実行力の公明党。生活を守り抜く
ために、「政治家改革」「行政改革」を断行します。
政治資金規正法の制裁強化 ＝ 不正議員は公民権停止、政界退場
秘書などの会計責任者が虚偽記載等の違法行為を行えば、監督責任のある議員も公民権停
止に！
天下りの根絶
「あっせん」や「わたり」の年内廃止、早期退職慣行の廃止などで、「3 年」で天下りの根
絶を目指す
「事業仕分け」でムダを追放
すべての国の事業を仕分けして、2兆円を捻出（※2009年度予算実績/一般・特別会計で約
8,800億円）
行政コストの節減・効率化と不正経理の追放
地方分権一括法の制定で地方出先機関の廃止・縮小、二重行政の是正
国の資産・債務改革（今後、国有地を３兆円売却、政府保有株式を８兆円超売却）
地域主権型道州制を導入し、21世紀にふさわしい効率的な政府を確立
不正経理防止法の制定、会計検査院の機能強化
特別会計（埋蔵金）の洗い出しで有効活用（※実績/2006 年度から４年間で、27.1 兆円の
見直し）
独立行政法人、公益法人への支出の改革（※2009年度予算実績/公益法人向け支出を約４割、
3,900億円削減）
防衛関連経費を５年間で5,000億円のコスト縮減、公共事業コストの節減
首長などの高額退職金の見直し（廃止・縮小へ）
命のマニフェスト
命を守る政治
「生活を守り抜く」。
それは医療や介護に不安のない暮らしを実現すること。政治の最優先の仕事です。
命の大切さを第一に、女性や子ども、高齢者や障がい者が安心できる社会に向けて、
生活を守り抜く公明党は、医療政策・介護政策の充実に取り組みます。
高額療養費制度の見直し
（自己負担限度額の引き下げで難病・慢性疾患等の負担軽減）
特別養護老人ホーム等の施設を16万人分整備、訪問看護サービス利用者数を10年間で100
万人に増加、医療・介護・生活支援などを備えた「多機能支援センター」の設置、介護職
員の処遇改善の推進などで、介護難民を解消
がん検診クーポンを継続・拡充し、がん検診率を
2012年に50％に引き上げ
基礎年金に加算制度を創設、受給資格期間を10年に短縮、追納期間も５年に延長、年金記
録問題の早期解決
障がい者雇用の促進、「障害基礎年金」「工賃の引き上げ」など所得保障の充実
生活支援、子育て教育支援等のため「給付付き税額控除制度」の導入
育むマニフェスト
人を育む政治
「生活を守り抜く」。
公明党は、未来を担う若者の生活を守り抜き、少子高齢社会での社会保障の充実や国力の
発展を果たします。「人材」こそ日本の一番の資源。子どもを育て、若者を育て、「人材」
を育てる。公明党は、「人材立国」「教育立国」で日本の未来を支えます。
小学校就学前３年間の幼稚園・保育所等の幼児教育の無償化
児童手当を中学校３年生まで対象拡大、支給額も倍増を目指す
修学継続が困難な高校生の授業料を減免、給付型奨学金制度の導入などで教育費の負担軽
減
保育所待機児童ゼロ作戦の推進、放課後子どもプランの拡充
子どもたちの学力向上や体験学習の拡充、教師の資質の向上などで、教育の質の向上を目
指す
訓練・生活支援給付の恒久化、非正規労働者の社会保険適用拡大、住宅確保等で雇用の安
定・拡大
グリーンマニフェスト
緑の産業革命
「生活を守り抜く」。
それは今日を支えるだけでなく、将来の生活まで見通して政策を実現すること。公明党は、
環境対策や農業政策などで「緑の産業革命」を推進しながら、経済を活性化し、雇用を生
み出す。世界をリードする「環境先進国・日本」を目指し、公明党は、低炭素社会の実現
に力をつくします。
太陽光発電、電力買取制度、エコカー、エコポイントの推進など
緑の産業革命で環境分野の雇用を拡大
農商工連携や創業支援など
中小・小規模企業の活性化で地域経済を振興し、雇用を拡大
食料自給率50％への向上、水田フル活用などで農業を産業として自立
地方分権へ、地域主権型道州制を実現
公明党は、地域主権型道州制導入の道筋を明確にします。国の出先機関の廃止・縮小、地
方の税財源の充実等のため、新「地方分権一括法」を制定し、地方分権を新たなステージ
へ移行させます。その後、３年を目途に「道州制基本法」を制定、概ね10年後から地域主
権型道州制に移行します。国のカタチを大きく変え、効率的な政府を確立し、地域の活性
化・充実した行政サービス、住民本位の地域づくりを実現します。
新「地方分権一括法」を制定し、国の出先機関の廃止・縮小、地方の税財源の充実、地方
の意見を国の施策に反映させるため、地方が権限を持つ国と地方との協議の場「分権会議」
（仮称）の設置等を実施
３年を目途に「道州制基本法」を制定し、概ね10年後からスタート
国・道州・基礎自治体の３層構造で、道州に自治立法権・課税自主権を最大限付与
行動する国際平和主義
公明党は、「行動する国際平和主義」で世界に貢献します。紛争への過度な介入は平和を遠
ざけるのみ。座して平和を強調するだけでは何も生み出さない。現実を直視した「行動す
る国際平和主義」こそが、人類が希求する平和を実現する道であるとの信念で、世界に貢
献する日本外交を展開します。
核不拡散条約（ＮＰＴ）体制の強化を図るなど核廃絶へ世界をリード
貧困、飢餓、感染症、安全な水、地球環境保全など「人間の安全保障」分野のＯＤＡを拡
充するとともに、ＮＧＯへの支援を強化。
米・中・印など主要ＣＯ２排出国が参加する2013年以降の地球温暖化対策の国際的枠組み
（ポスト京都議定書）構築に向けてリーダーシップを発揮
２００９衆議院選挙 選挙公約
１ 清潔政治を実現
国民目線で「政界の大掃除」と「行政のムダを追放」
政治改革
政治資金の適正化
●政党等への企業団体献金の上限額を引き下げるとともに、政治団体間の資金移動につい
て制限を強化します。さらに政党等への企業団体献金の禁止を目指します。
●国会議員関係政治団体の収支報告書について、電子申請を義務付け、全面公開します。
●秘書などの会計責任者が政治資金収支報告書に、虚偽記載などの違法行為を行えば、議
員の監督責任を問い、公民権を停止させます。
●政党の政治資金が個人献金によって支えられる体制の構築を目指し、個人献金の税額控
除の拡充など、環境整備を進めます。
歳費削減
●国会議員の歳費を１割削減します。
定数削減
●衆議院の選挙制度については、新しい中選挙区制を導入し、定数を大幅削減します。参
議院の選挙制度については、大選挙区制を導入し、定数を大幅削減します。
国民主役の公選法へ
●国民主役の公職選挙法への改革を目指し、政策について十分な対話を行うことができる
選挙運動を実現します（戸別訪問の解禁）。
18 歳選挙権
●18歳選挙権を実現します。
永住外国人の地方選挙権
●永住外国人への地方選挙権の付与を実現します。
世襲制限
●国会議員の配偶者および三親等以内の親族が同一選挙区から立候補することを党として
禁止します。
元祖ムダゼロ――徹底した行政改革
“天下り”の根絶
●各省による再就職あっせんを禁止し退職管理を「官民人材交流センター」に一元化する
改革を早期に実施し、“わたり”あっせんの年内廃止を実現します。
●退職公務員の独立行政法人、公益法人等役職員の給与・退職金を大幅に引き下げます。
●早期勧奨退職慣行の廃止、定年の延長、再就職あっせんの全面廃止等を実現し、３年で
天下りの根絶を目指します。
事業仕分け（政策棚卸し）でムダを追放
●国が実施しているすべての事務・事業について徹底的に見直す事業仕分け（政策棚卸し）
を実施し、一般歳出のうち社会保障関係費を除く分野において１割（約２兆円）をめどに
削減・合理化します。特別会計について徹底的な合理化を実施します。
●補助金等を原資に積み立てた基金等について、毎年度、事業の執行状況、政策評価、会
計処理等の検査を行い、不要な剰余金等を国庫に返納します。
●大型の公共事業プロジェクトについては、費用便益比（Ｂ／Ｃ）の点検を毎年度実施し、
事業の着手・継続の可否、実施の優先度を機動的に見直し、効果的・効率的に執行します。
●「委託業務適正化法」（仮称）を制定して、委託業務の目的・成果を毎年度検査し、不適
切な支出を是正します。
●政策評価法に基づき、政策全般にわたり、必要性、有効性、効率性などの観点から、政
策評価の取り組みをさらに充実強化します。また、国家・国民にとって喫緊の課題である
重要政策についての評価の取り組みを充実強化します。
行政コストの節減・効率化
●公用車、広報経費、委託調査費、タクシー代など行政経費の総点検を行い、大幅に削減
（３割程度）します。
●府省の局庁ごとに行っている給与計算等の管理事務を統合、統一化することにより人員
と事務コストを削減します。
●行政手続きのオンライン利用率を３年以内に 50％に引き上げるなど、ＩＣＴ（情報通信
技術）化による事務の効率化を図ります。
●組織のスリム化による「量の改革」を進めるとともに、国民のニーズにあった効果的な
行政サービスを提供する「質の改革」を積極的に推進します。
●2009年度予算において公益法人向け支出を約４割削減したことを踏まえ、さらに、随意
契約の廃止、事務コストや人件費の削減によって支出を削減するとともに、役職員の給与・
退職金を削減します。
●独立行政法人、公益法人の事業を見直し、引き続き公的に実施するべきものとそれ以外
を厳格に仕分けして、民営化を促進します。
●政策金融機関について、中小企業金融、危機対応など政策金融機能が十分に発揮される
仕組みを勘案しつつ、原則として従来の方針に沿った民営化を推進します。
国民に信頼される公務員制度への改革を実行
●公務員が国民全体の奉仕者としての自覚と責任をもって職務を的確・公正に遂行する仕
組みへの改革を進めます。いわゆる「キャリア制度」を廃止して、能力・実績評価による
人事の徹底、中途採用を積極的に実施します。
●幹部公務員等の人事の内閣一元管理により政治主導の政策決定システムを確立し、民間
も含めて多様な経験・能力を持つ人材の幹部への積極的な登用を進めます。
●一般職公務員の定員を５年間で１割以上削減します。自衛隊員の適正配置と定員削減を
進めます。
●「ヤミ専従」問題など、勤務時間内の不当な
組合活動など不適切な労使慣行を排除して、国民本位の健全な労使関係を構築します。
“埋蔵金”の洗い出しで有効活用
●特別会計の剰余金・積立金等を徹底的に洗い出して、一般会計で有効活用します。
●国の資産について、市場の状況、適正な売却手法などを勘案しつつ、今後、国有地を３
兆円、政府保有株式を８兆円超売却します。
「不正経理防止法」（仮称）の制定
●公務員による組織的な“裏金”づくりなどを防止するため「不正経理防止法」（仮称）を
制定します。
●会計検査院の機能を強化して事務・事業の適正執行を確保するとともに、国会に行政を
監視する専門調査機関を設置します。
地方公共団体の行革を推進
●都道府県や市区町村においても、事務・事業の徹底的な見直しを行い、歳出削減を推進
します。
●４年ごとに支給される都道府県知事・市町村長の高額退職金、副知事・副市長等特別職
職員の退職金を見直し（廃止・縮小）します。
２ 命を守る政治
安心の医療
長寿医療制度
現行の保険料軽減措置の継続
●低所得者等の保険料負担の軽減措置を継続します。
被用者保険への継続加入措置の創設
●被用者保険の被保険者であった方については、被用者保険に引き続き加入できるように
配慮措置を講じます。
高額療養費制度の見直し
●高齢者の外来における窓口負担の自己負担限度額の引き下げを行います。
公費負担割合の引き上げによる保険料水準の抑制
●公費５割、現役世代の支援金４割、高齢者の保険料１割の負担割合のうち、公費負担の
引き上げを行い保険料負担の軽減を図ります。
前期高齢者医療制度および一般の医療保険制度
70歳以上１割負担の継続
●70〜74歳の窓口１割負担を継続します。
公費負担による前期高齢者医療制度にかかる被用者保険の財政調整負担の軽減
●前期高齢者医療制度における財政調整による健康保険組合等の負担増の軽減を図るため、
公費を投入・拡大します。
高額療養費制度の見直し
●外来医療における高額な医薬品の利用の拡大等による負担増を踏まえ、自己負担限度額
の引き下げや外来医療での受領委任払いの適用など、高額療養費制度の見直しを行います。
「利用者負担総合キャップ制」（仮称）の創設
●医療・介護・自立支援給付等の自己負担を合算して総合的な負担の上限を決め調整する
「利用者負担総合キャップ制」（仮称）を創設します。
国民健康保険制度の広域運営の拡大と一元化の検討
●当面、国民健康保険の都道府県単位の財政調整の強化により広域化を図るとともに、都
道府県単位の一元化された地域保険の創設に向け検討を進めます。
大学病院の充実
●医学教育の中核を担っている大学病院の医療環境を飛躍的に向上させるため、医療事務
補助者の配置の促進などをはじめとした医師等勤務環境の改善や救急医療体制の整備に取
り組みます。
医師不足の解消と医療提供体制の充実等
医療費水準・医師数等の水準の引き上げ
●先進国の水準に比較して低い医療費および医師数等の水準を引き上げ、医療提供体制の
強化と医療従事者の処遇の改善を図ります。
「医療基本法」の制定
●医療は患者のためにあることを明確にし、国や地方自治体の役割、患者の医療政策決定
への参加のための「医療改革国民会議」の設置、医師・医療機関の責務などを盛り込んだ
「医療基本法」を制定します。
医師等の医療人材の養成システムの改革と充実
●医師等の養成数の充実を図るとともに、研修体制の見直しと医師派遣システムの強化を
行い、医師不足地域の解消に取り組みます。また、救急・産科・小児科・麻酔科などの医
師が不足している診療科を解消するため、診療報酬の充実や臨床研修における科目ごとの
医師養成数の目標の設定など取り組みを進めます。
女性医師等の復職支援の実施
●育児休業取得や短時間勤務の推進、院内保育所の整備、女性医師バンクの体制強化など、
女性医師・看護師等が安定して働き続けられる環境整備の充実を図ります。
勤務医等の勤務環境の改善
●病院医療における医師等の過重労働の解消のため診療報酬上の評価の充実を図るととも
に、医師事務作業補助者の充実など勤務環境の改善のため直接的な財政支援を進めます。
看護師など医療従事者の職務拡大
●専門性の高い認定看護師などを評価するシステムづくり、助産師の資質向上を図るとと
もに医療従事者の拡充と職務の見直し・役割分担を進めます。
「小児保健法」の制定
●新生児から思春期児童までを対象に、保健と医療の包括的な支援体制の充実を図る「小
児保健法」を制定します。
医療の安全の確保と医療事故の補償体制の強化充実
●出産等に伴う無過失の医療事故を救済する「産科医療補償制度」の円滑な運用を進めま
す。医療事故の原因究明の体制を整備し、医療の安全対策を強化するとともに、医療事故
における裁判外紛争処理制度を創設します。
画期的な新薬の開発促進、審査・承認の早期化
●画期的な新薬の研究開発を促進するため、審査・承認の早期化を図るとともに、画期的
な新薬を適切に評価する新たな薬価制度を創設します。
社会保険病院・厚生年金病院の地域医療の機能確保
●社会保険病院・厚生年金病院について、医師不足や診療科の休廃止などを防ぎ地域医療
の確保を図る観点から、公的医療機関としての機能を存続できるよう、早急に対応します。
レセプトオンライン請求義務化の見直し
●レセプトオンライン請求については、医療機関等の自主性を尊重し、完全義務化につい
て再検討します。
救急医療
救急医療の15分ルールの確立＝「救急医療基本法」（仮称）の制定
●「救急医療基本法」（仮称）を制定し、24時間365日対応の救急相談窓口の整備を含め、
救急医療体制を再構築するとともに、真に緊急性のある人が、通報から15分以内に医師に
診てもらえる「15分ルールの確立」を目指します。
●救急医療情報システムの充実など医療と搬送の連携強化、ＥＲ（救急治療室）の拡充、
救急医療を担う人材の育成、予算の確保など、救急医療を取り巻く諸対策を進めます。
全国に400カ所のＥＲ（救急治療室）を整備
●全国のＥＲ（約 150 カ所）や救命救急センター（約 200 カ所）を整備拡充し、24 時間、
すべての患者を受け入れるＥＲ型救命救急センターを配備します。救急専門医などの養成
を進め、将来的には、全国400カ所の整備を行います。
小児集中治療室（ＰＩＣＵ）を備えた小児救命救急センターを整備
●小児集中治療室（ＰＩＣＵ）を備えた小児救命救急センターの整備を拡充します。小児
救急体制を強化するため、小児救急の専門医を育成し、全国に50カ所のＰＩＣＵを整備し
ます。
ドクターヘリの全国配備50機を促進
●2012 年をめどに全国に 50 機の配備を目指します。2009 年度中に 24 機まで達成し、残
りの配備も急ぎます。さらに、１機当たり１億円の運航経費を補助します。
ドクターヘリの機能強化への整備
●日没後の救急対応が可能となるよう、山間部など医療過疎地を中心に夜間照明付きのヘ
リポート（災害広場兼用）の整備を推進します。また、フライトドクターなどドクターヘ
リ関係医療スタッフを育成します。
都市型ドクターカーの普及を推進
●都市部の救急医療体制の強化には救急車搬送に加え、ドクターカーの普及が不可欠です。
ドクターカーの適切な配備を実現するため、維持運営費を拡充します。
災害医療体制の充実強化
●ＤＭＡＴ（ディーマット）体制の拡充や広域連携の強化および、人材養成や必要な資機
材を着実に充実します。
※ＤＭＡＴ：大地震や航空機・列車事故といった災害時に、被災地に迅速に駆け付け、救
急治療を行うための専門的な訓練を受けた医療チームDisaster Medical Assistance Team
の略称
がん対策
基本計画の個別目標の中間報告を実施
●がん対策推進基本計画の５年後の見直し（2012年度）を前に、2009年度末に中間報告を
義務付け、がん検診率50％以上など、個別目標を達成させます。
拠点病院の機能を強化
●がん診療連携拠点病院の機能強化を進め、がん治療の地域格差を是正し、全国どこでも
最適ながん治療を受けられる体制を整備します。
がん治療を選択できる社会へ
●がん治療の柱である手術、放射線治療、化学療法のうち、整備が遅れている放射線・化
学療法の普及を図り、専門医を育成します。
がん相談業務と情報発信、普及啓発を拡充
●病院選びや治療方針、がんに関する不安や悩みを抱える患者や家族を支援するため、が
ん相談支援センターの相談業務の拡大とともに、がん治療情報の発信を拡充します。がん
を広く国民に知ってもらう普及啓発活動も促進します。
がん対策予算を拡充
●がん対策推進基本計画にうたわれている個別目標を達成させるため、がん対策予算を拡
充します。また、がん検診を支援するための地方交付税をさらに充実させます。
がんの痛みをとる緩和ケアを推進
●治療の初期段階から、がんの痛みをとる緩和ケアを受けられるようにするため、５年以
内に、がんを担当するすべての医師への緩和ケアの研修を強力に推進します。
セカンドオピニオンの体制の整備
●患者自らが適切な治療法を選択できるよう、主治医に遠慮せず、気軽にセカンドオピニ
オン（別の専門医の診断）を受けられる体制を整備します。
学校におけるがん教育の見直しと教科書や副読本を充実
●小・中・高校生に対するがん教育を見直し、教科書の内容充実や副読本の配布を促進し
ます。生活習慣との関わりなどを知ってもらい、がん予防を促進させます。
がん検診の充実
●無料クーポン事業でがん検診受診率の向上を図るとともに、前立腺がんなど高齢化によ
って増加している男性特有のがん検診の普及を図ります。また、２年に１回のがん検診の
無料化を図り、受診率を向上させます。
女性のがん検診の充実
●女性特有の子宮頸（けい）がん、乳がん検診の受診率の向上を図るため無料クーポン券、
検診手帳などの事業を継続します。また乳がん検診の精度向上のため、マンモグラフィー
検診に加えて超音波（エコー）検診の導入・併用を進めるとともに、読影医の養成・確保
など検診体制の充実・強化を図ります。
子宮頸がん予防ワクチンの早期承認・公費助成の導入
●若い女性に急増する子宮頸がんの征圧へ、予防ワクチンの早期承認とともに、ワクチン
接種に対する公費助成の導入を推進します。
がん研究・開発等の推進
●免疫療法・抗がん剤・粒子線治療など新たな治療方法・治療薬の研究・開発を推進する
とともに、新たな医薬品等の承認審査の迅速化と国内での利用普及を図ります。
また、禁煙対策の推進など予防対策を強力に進め、がん罹（り）患率や死亡率の低下を図
ります。
感染症・難病対策等
新型インフルエンザ対策の推進
●必要な抗インフルエンザウイルス薬の備蓄や必要なワクチンの安定的な供給の確保、地
域における診療体制・相談体制の整備・強化を図るなど、総合的な新型インフルエンザ対
策を推進します。
「難病対策基本法」の制定
●難病の原因究明と治療法の研究開発、患者・家族への医療費の負担軽減等を含む福祉的
支援、医療提供体制の整備、在宅医療支援、就労・教育・相談支援等の総合的な難病対策
を推進するため「難病対策基本法」を制定します。また、現行の難病対策の柱である「難
治性疾患克服研究事業」および「特定疾患治療研究事業」の拡充・強化を図ります。さら
に、医療費の負担軽減については、医療保険における高額療養費制度の見直しも併せて適
切な措置を講じます。
※「難治性疾患克服研究事業」：症例数が少なく、原因不明で治療方法も未確立であり、か
つ、生活面で長期にわたる支障がある特定疾患について、研究班を設置し、原因の究明、
治療方法の確立に向けた研究を行う事業（現在130疾患が対象）
※「特定疾患治療研究事業」：原因不明で治療方法も未確立のいわゆる難病のうち、治療が
極めて困難であり医療費も高額である特定疾患について、医療費の公費負担を行い、患者・
家族の負担の軽減を行う事業（現在45疾患が対象）
「アレルギー疾患対策基本法」（仮称）の制定
●患者数が国民の３分の１を超えて増え続けるアレルギー疾患対策を進めるため、専門的
医療の均てん化（格差是正）のための医療機関の整備、疾病に対する正しい知識を普及す
る健康教育、原因となる大気汚染対策など国の各機関が連携し対策を強力に進めるため、
「アレルギー疾患対策基本法」（仮称）を制定します。
「肝炎対策基本法」の制定
●地域における専門治療施設の整備や治療費の負担軽減、治療方法等の研究開発の促進な
ど、総合的な肝炎対策を強力に推進するため「肝炎対策基本法」を制定します。
白内障の多焦点眼内レンズ治療の保険適用
●白内障の多焦点眼内レンズ治療の保険適用を進めます。
健康増進対策等
８０２０（ハチマルニイマル）運動の推進と「口腔保健法」の制定
●80歳になっても自分の歯を、20本以上保つために、歯科健診と自己管理を通じて、健康
づくりを行う「８０２０（ハチマルニイマル）」運動を推進するとともに、「生涯を通じた
口腔保健の推進に関する法律」（通称：口腔保健法）を制定し生涯にわたっての口腔の健康
の保持・増進を進めます。
生活習慣病の予防対策の推進
●医療保険者・関係機関等の連携強化を図り特定健診の受診率の向上を図るとともに、実
効性ある保健指導を進めます。また公共の場での禁煙の徹底や禁煙の取り組みを支援する
活動の強化により喫煙率の低下を図ります。
「女性健康研究ナショナルセンター」（仮称）の設置・女性専門外来の拡充
●性差医学の考え方を踏まえた女性の健康に関する研究を専門に行う「女性健康研究ナシ
ョナルセンター」（仮称）を設置し、生涯を通じた女性の健康支援の充実を図ります。また
女性専門外来の全国的な拡充を進め全都道府県での開設を実現します。
女性の健康を一生涯サポート
●予防接種や治療歴、出産、健康診断の記録や、病気の予防情報などを記載した健康パス
ポートを発行し、女性の健康を生涯にわたってサポートする体制を構築します。また骨粗
しょう症や貧血、乳がん、子宮疾患等の予防と早期発見のために、女性特有の疾病に対す
る健診の充実を図り、受診率を向上させます。
思春期外来の推進
●公的医療機関における思春期外来の設置を推進するとともに、保健所・保健センターに
おける思春期の心身の問題に対する相談体制の充実を図ります。
総合的なうつ対策の推進
●うつ病の早期発見、早期治療の推進、専門医受診率の向上、精神療法の拡充強化など、
すべてのうつ病患者が安心して治療を受け社会復帰ができる体制を整備します。また、職
場におけるメンタルヘルスケア対策の充実と過重労働を是正します。
温泉を活用した健康づくりの推進
●温泉療法医、温泉利用指導者（員）などの人材養成や、温泉施設、旅館等の「健康増進
施設」としての活用を進め、地域の温泉を活用した健康づくりを推進します。
安心の介護
「新介護ゴールドプラン」（仮称）の策定
●高齢化が進む2025年を展望し、必要な介護サービス基盤の整備の目標を示す新たな「新
介護ゴールドプラン」（仮称）を策定します。また、公費負担割合の引き上げなどにより介
護保険財源の安定化を図るとともに、医療・介護の一体的な提供を確保する地域包括ケア
システムを構築するため、診療報酬と介護報酬が同時改定される2012年の改定において所
要の措置を講じます。
必要な施設・在宅サービスの充実 「多機能支援センター」の設置
●特別養護老人ホーム、老人保健施設、認知症高齢者グループホームなど、地域の実情を
踏まえ、必要な施設体系の整備・充実を図り、16 万人分の拠点整備を行います。また、訪
問看護サービスの利用者数を10年間で100万人に増加させるとともに、医療・介護・生活
支援などを備えた「多機能支援センター」の設置を進めます。さらに、ニーズが高まる高
齢者住宅の15万戸拡充、24時間型訪問介護など在宅サービスの充実を図ります。
都市部における介護・看護サービス付き高齢者住宅の計画的整備
●都市部における独居高齢者および高齢者夫婦世帯の著しい増加を踏まえ、地域で住み続
けることができるよう、居宅における必要な介護・看護サービスの提供を保証する高齢者
住宅の計画的な整備を強力に進めます。
介護従事者の処遇改善のさらなる推進
●介護従事者が安心して継続的に働ける雇用環境を築くため、賃金の引き上げやキャリア
アップ支援など、処遇改善をさらに推進します。
高齢者の介護保険料を所得に応じてきめ細かく設定
●高齢者の介護保険料について、年金受給額に対して過度なものとならないよう、現行の
所得段階別保険料を見直し、所得に応じてよりきめ細やかな設定を行い、低所得者の保険
料の一層の軽減を図ります。
認知症の地域ケア体制の充実
●地域において認知症の早期診断・治療・ケア・相談など総合的な支援体制の充実を図り
ます。特に認知症デイサービスやショートステイの充実、訪問看護の強化など地域ケアの
充実を図ります。
支援を必要とする高齢者や介護者の地域支援を強化
●孤立死防止のための全戸訪問調査や災害時要支援者把握のための支援マップづくりをは
じめ、支援を必要とする高齢者や介護者を地域全体で支えるネットワークを構築するなど
地域における包括的な支援体制を強化します。また、介護者のレスパイト対策（休息のた
めの対策）を推進します。
療養病床再編後の医療提供体制の充実
●今後も増加する長期にわたって密度の高い医療サービスを必要とする要介護者への医
療・介護サービスの一体的提供体制を確保するため、転換後の老健施設等への介護報酬等
を実態に見合った水準に引き上げるとともに、必要なベッド数の確保と、可能な限り地域
で生活を続けることができる地域ケア体制の整備を図ります。
難病やがんの要介護者等へのサービス提供体制を整備
●難病、遷延（せんえん）性意識障がいの患者やがん末期の要介護者などに対し、「短期入
所療養介護」や、医療機関や訪問看護ステーション等と連携してサービスを提供する「療
養通所介護」を本格的に実施する体制を整備します。
介護休業制度の充実
●介護で仕事を辞めざるを得ない状況を改善するため、介護休業制度のさらなる充実を図
ります。
要介護認定の見直し
●要介護認定の在り方について、実施状況を検証した上で、適切な見直しを行います。
暮らせる年金
年金制度全般への対応
被用者年金の一元化
●被用者年金（厚生年金と共済年金）の一元化を早急に実現するとともに、厚生年金、共
済年金の個人単位化を進め女性の年金権を確立します。
未納・未加入対策
●被用者年金の適用の拡大を進めるとともに、社会保障カードを早期導入し、減免制度の
確実な適用等により国民年金の未納・未加入問題の解消を進めます。
国民年金基金の制度を改善
●国民年金基金の加入期間の延長や保険料の小口化などを進め、利用しやすい制度へと改
善します。
無年金・低年金への対応
低所得者への加算年金の創設
●低所得者（単身世帯で年収 160万円未満、それ以外は 200 万円未満）に対して、基礎年
金を 25％上乗せする加算年金制度を創設し、最低保障機能を充実します。（現在満額で
66,000円の国民年金の場合、83,000円程度に引き上げ）
受給資格期間の短縮と保険料追納期間の延長
●年金受給資格期間を 25 年から 10 年へ短縮し、無年金者の発生を抑えるとともに、保険
料の事後納付期間２年を５年に延長します。
「特定障害者給付金支給法」の改正
●無年金障がい者の幅広い救済を行うため、給付金の支給対象の拡大を目的とした「特定
障害者給付金支給法」を改正します。また、国民年金の強制適用の対象となっていながら、
未加入あるいは保険料未納で「障害年金」を受給できない方や、1982年１月の国籍要件撤
廃前に障がいを負った無年金の外国人について、「特定障害者給付金」の支給対象とするこ
とを検討します。
※「特定障害者給付金支給法」：国民年金制度への加入が任意となっていたときに未加入で
あったため、「障害基礎年金」等の受給権のない障がい者に「特別障害給付金」を支給する
法律
年金記録問題への対応
未統合記録の統合
●旧姓情報による突き合わせ、未統合記録の持ち主と思われる方への通知送付などにより、
引き続き記録解明に取り組みます。最終的には公示等による解明・統合を検討します。
※未統合記録の状況：未統合記録 5,095 万件のうち、今後解明を進め、最終的には公示等
を検討する記録は、1,162万件まで減少（2009年３月現在）
再裁定処理の迅速化
●職員の増員、再裁定処理システムの改善等により、社会保険業務センターへの進達から
早急に３カ月程度で処理できる体制を構築するとともに、引き続き改善を進めます。
標準報酬等の遡及（そきゅう）訂正事案への対応
●被害者救済を第一義に、給与明細や雇用保険の記録等がある場合のほか、事業主や社会
保険事務所への調査により、事実に反する処理が認められた場合は、積極的に社会保険事
務所段階において記録訂正を行います。また、標準報酬月額等を記載した「ねんきん定期
便」等の送付とフォローアップも行います。
※2009年中に、すべての厚生年金受給者に、標準報酬等の情報を含むお知らせを送付。加
入者には、2009年４月から標準報酬等を記載した「ねんきん定期便」を送付
年金記録確認第三者委員会における処理の迅速化
●年金受給者からの申し立てを優先的に処理する（2008年度中に年金受給者から申し立て
られたものは、2009年度中をめどに処理を終了）とともに、引き続き処理の迅速化を進め
ます。
障がい者福祉の向上
「障がい福祉ゴールドビジョン」（仮称）を策定
●障がい福祉サービス基盤の緊急整備（グループホーム・ケアホームの緊急整備、新体系
への移行支援の強化等）や現在の障がい福祉サービス従事者等の処遇改善（従事者の処遇
改善に取り組む事業者への資金の交付等）、地域相談支援体制の強化（相談支援専門員や提
供体制の拡充）などを盛り込んだ「障がい福祉ゴールドビジョン」（仮称）を策定します。
施設サービスの質の向上と必要な整備の推進
●障がい者施設の持つ、障がい者の地域における自立した生活を支援する拠点としての機
能、福祉人材の養成の拠点としての機能、強度行動障がいなど処遇困難な場合の高度な支
援の拠点としての機能を確保するため、質の向上と充実を図ります。
「障害者権利条約」の早期批准と「障害者基本法」の改正、「障害者差別禁止法」の制定
●「障害者権利条約」の早期批准を図り、その理念に沿った｢障害者基本法｣の改正を行い
ます。また、障がいを理由とした差別のない社会を目指す観点から「障害者差別禁止法」
を制定します。
「障害者虐待防止法」の早期制定
●障がい者の人権を著しく侵害し、その自立や社会参加を大きく損ねる障がい者虐待を無
くすため「障害者虐待防止法」を早期に制定します。
障がい児支援の充実
●各地域に「子ども発達センター」（仮称）を創設し、福祉と教育の連携のもとで、就学前
から就学後にわたり、発達支援、放課後支援、家族の相談支援など子どものライフステー
ジに応じた継続的な支援を行う体制を整備します。
自閉症・発達障がい児・者支援の充実
●自閉症・発達障がい児・者に対して、関係機関の連携のもと、早期発見と相談体制の構
築、早期からの支援の充実、障がいの特性を踏まえた適切な教育体制の整備、青年期にお
ける就労支援の提供など一貫した支援体制の確立とその充実を図ります。
「障害者権利条約」に則った「障害者雇用促進法」の改正
●「障害者権利条約」の精神を踏まえ、雇用分野における障がいに基づく差別を禁止する
とともに、差別事案に関する紛争処理手続きを整備するために「障害者雇用促進法｣の改正
を行います。また、障がい者に対して円滑に合理的配慮を提供できるよう企業に対する支
援の充実を図ります。
「障害者就業・生活支援センター」を「全障害保健福祉圏域」に設置
●「福祉から就労へ」の理念に基づき、福祉や教育から一般雇用への移行を促進するため、
障がい者の就業面および生活面における支援を一体的に行う「障害者就業・生活支援セン
ター」の「全障害保健福祉圏域」（約360圏域）への設置を目指します。
障がい者の住宅確保を支援
●障がい者が安心して暮らせるための住宅を確保し、ヘルパーなどが必要なサービスを提
供できるようにします。また、障がい者と親が一緒に暮らすための住宅（アパート・マン
ション）を整備し、必要なサービスを提供します。
精神障がい者の雇用および職場定着の促進
●うつ病その他の精神障がい者に対する企業内のカウンセリング体制等の雇用環境の整備
を促進するとともに、休業者に対するリワーク支援を強化することにより精神障がい者の
雇用および職場定着を図ります。
発達障がい者の雇用促進
●発達障がい者のライフステージに応じた一貫した支援を可能とするため、成人期の就労
支援として、ハローワークや「地域障害者職業センター」における専門的支援の強化、雇
用管理上の課題の把握や事業主支援等を通じ、発達障がい者の雇用の促進と安定を図りま
す。
所得保障の充実
●「障害基礎年金」の引き上げ、就労支援の拡大、工賃の引き上げなど、障がい者の所得
保障の充実を図ります。
公共機関のバリアフリーの促進と支援策の充実
●新バリアフリー法に則り、公共機関のバリアフリーの促進を図ります。また、バリアフ
リー化への各種支援策の充実を図ります。
障がい者のための情報バリアフリー化の推進
●公共放送などの字幕化の普及推進や、活字文書読み上げ装置、音声コードの普及など、
障がい者のための情報バリアフリー化を推進します。また、選挙公報やねんきん定期便等
の全文の点字化・音声コード化を進めます。
精神障がい者の障がい者割引の適用拡大
●精神障がい者も、ＪＲ・高速道路等交通機関の障がい者割引の対象に加えます。
３ 人を育む政治
安心の子育て、少子化対策
幼児教育の無償化
●小学校就学前３年間の幼稚園・保育所・認定こども園等の幼児教育の無償化を進めます。
児童手当の抜本的拡充
●児童手当の支給対象を中学３年生まで引き上げます。また、次の段階として支給額も第
１子１万円、第２子１万円、第３子以降２万円へと倍増を目指します。
保育所等の機能強化を図る抜本改革と待機児童ゼロの強力な推進
●保育所等の機能を、質量ともに強化する抜本改革を行います。
・認定子ども園や事業所内保育施設の設置促進を通じ、受け入れ児童数を拡大
・保育所待機児童ゼロを目指し、延長保育、休日保育、保育ママなど多様なサービスを拡
充
・就学児童の放課後対策のため「放課後子どもプラン」のさらなる充実
妊婦健診の完全無料化の推進
●望ましいとされる 14 回の健診を無料で受けられるよう財政的支援を継続します。また、
里帰り先での健診や助産所での健診についても助成の対象となるよう、さらなる拡充を図
ります。
出産育児一時金の拡充
●出産育児一時金を現行38万円から50万円へ引き上げを目指します。
乳幼児医療費の負担軽減の推進
●子育て世帯の医療費の軽減を図るため、乳幼児に対する医療給付のさらなる充実を図り
ます。さらに、各自治体へ財政的支援を行い無料化の取り組みを推進します。
「仕事と生活の調和推進基本法」の制定
●「仕事と生活の調和推進基本法」を制定し、国を挙げて企業と国民が一体となった「働
き方改革」を推進し、ワーク・ライフ・バランスが図られる社会を構築します。また、テ
レワーク普及に向けた環境整備を図るとともに、企業に対する相談・助言を行う「仕事と
生活の調和推進アドバイザー」を創設します。
中小企業の育児支援策の充実
●育児休業の取得や短時間勤務の導入を奨励するため、従業員 100 人未満の中小企業に対
し、育児休業取得者１人当たり100万円の助成を拡充します。
地域の子育て支援体制の充実
●つどいの広場、地域子育て支援センター、ファミリーサポートセンターの整備など、地
域子育て支援体制を充実させます。
社会総がかりで教育安心社会を構築
安心と活力ある「教育立国」の構築と「ヒューマン･ニュー
ディール」の推進
教育は、人格の完成を目指し、幸福な生涯を実現する上で不可欠のものです。公明党は、「安
心の教育支援」「活力ある教育環境の整備」「文化・芸術の振興」などに取り組むことで、
子どもから高齢者まで切れ目のない教育・学習環境を整備し、安心と活力のある「教育立
国」を構築します。
また、現下の経済危機に伴う世界の構造転換や少子高齢化の進展など、わが国が直面する
さまざまな課題を解決するためには、「人材の確保と育成」も重要です。このような観点か
ら公明党は、「ヒューマン･ニューディール」（「未来の人材」に対する大胆な投資）を推進
し、ＧＤＰに対する教育の公費負担率を現在の3.5％から先進国並みへの引き上げを目指し
ます。
「安心」の教育支援―子どもに優しい社会の実現
教育費の負担軽減
●中学生・高校生を持つ保護者の教育費負担を軽減するため、家計にかかる教育関係費の
一部を税額控除します。
●修学の継続が困難な高校生の授業料を、親の所得に合わせて段階的に減免します。
●小・中・高等学校に通う経済的に困難な児童・生徒を支援するために、各都道府県に「教
育安心基金」（仮称）を設置し、教材・図書等の援助や就学援助、給食費の支援等を行いま
す。
一人ひとりに応じたきめ細かな奨学金制度等の構築
●高校生や大学生等が経済的な理由から教育を受ける機会が奪われることのないよう、給
付型奨学金を創設します。また、無利子奨学金や返還免除制度を拡充します。
●大学ごとの採用枠を撤廃し、１次募集の段階ですべての学生に奨学金が貸与できるよう
にします。
●急激な社会状況の変化や家計の急変などに対応するため、奨学金の返還について、所得
に応じた返還制度の創設を目指します。
●民間企業等による奨学金事業を拡大するための環境を整備します。
●大学等における授業料減免措置を拡充します。また、優秀な大学院生をティーチング・
アシスタント等として雇用するなど経済的支援を拡充します。
「活力」ある教育環境の整備
子どもたちの学力向上
●子どもたちの学力向上を図るため、教員が子ども一人ひとりに向き合う環境をつくりま
す。そのために教職員等の増員や資質の向上に取り組みます。
●少人数学級やチームティーチングの導入など学校の実情にあった学級編成ができるよう
にします。
●将来のわが国を支える人材を育成するために、子どもの理科離れ対策に取り組みます。
実験や観察に必要な設備などを充実させるとともに、外部人材を活用した魅力ある授業の
実施など理科教育を充実します。
●中学校卒業段階で日常英会話ができるようになることを目指し、義務教育での英語教育
を充実します。
豊かな心を育む体験学習の拡充
●すべての小学生に１週間以上の農山漁村等での自然体験を実施し、子どもの豊かな心を
育むとともに、地域コミュニティーの再生に取り組みます。
●すべての中学生に１週間以上の職場体験を実施します。
●すべての小・中学生に年に１回、本物の文化芸術に触れる体験を実施します。
●子どもが読書に親しむ環境づくりを推進します。
職業教育の充実
●インターンシップ（就業体験）の単位化の推進や、インターン（体験実習生）を受け入
れる企業への支援の充実を図ります。
●生徒の能力や適性、学力などを考慮してふさわしい職業を選べるように相談・適切な援
助を行う「キャリアカウンセラー」をすべての高等学校に配置します。
●職業教育および職業能力開発政策を抜本的に見直すとともに、現在、文部科学省・経済
産業省・厚生労働省・農林水産省・国土交通省で行っている職業教育や職業能力開発政策
を一元的に行う体制をつくります。
大学等における「授業単位互換制度」の拡充
●他大学等で履修した科目を、自分の所属する大学の単位として認定する「授業単位互換
制度」を拡充します。
ポストドクター問題への対応策の推進
●大学や産業界との連携強化など、大学院の博士課程を修了した研究者（ポストドクター）
の就労支援の拡充します。
教員への支援と資質向上
●多様な教育問題に取り組む教員を支援するため、教員ＯＢや経験豊かな社会人、教職を
目指す学生等を活用した「教員サポーター」（仮称）を１クラスに１人以上配置します。
●いじめや不登校などの深刻化や子どもたちの学ぶ意欲の低下など学校教育が抱える複
雑・多様な課題に対応するため、「教職大学院」の質の向上などにより、高度な専門性と豊
かな人間性・社会性を備えた力量ある教員を養成します。
地域ぐるみで学校を支援
●教員ＯＢや教職を目指す学生、高齢者など多様な人材が地域ぐるみで学校教育を支援す
る「学校支援地域本部」の充実および全国展開を進めます。
●放課後や週末の子どもたちの生活の場を確保するとともに、地域の協力を得ながら学習
やスポーツ・文化活動などに取り組む「放課後子どもプラン」をすべての小学校区で実施
します。
●公立・私立を問わず授業改革やカリキュラム開発、地域と連携した教育活動など、学校
が主体的に行う教育力向上へ向けた取り組みに対し財政支援を進めます。
●養護教諭未配置校に対し、子どものメンタルヘルスやアレルギー疾患等の対応方法につ
いて専門的な指導を行う「スクールヘルスリーダー」の配置を推進します。
地域・学校を重視する教育行政改革の推進
●学習内容の全国基準の設定、教育水準の地域間格差の是正、財政基盤の確保など、教育
における国の役割を明確にし、その他の権限等は市町村や学校が行使できるよう、教育行
政改革を段階的に推進します。
●地域・学校が教育目標、教員人事、学級編成、カリキュラム等を自由に設定できるよう
にします。
特別支援教育の充実
●発達障がい児等の教育機会を確保するため、教育的支援や教育環境の整備などに必要な
財政的支援を拡充します。
●特別な支援が必要な子どもの教育（発達障がいへの対応を含む）の充実を図るため、公
私立幼稚園や小・中・高等学校等に配置する特別支援員や通級指導担当教員を増員します。
●視覚障がいを持つ児童・生徒や普通の印刷物を読むことが困難な児童・生徒のために、
カセットテープに代わるデジタル録音図書の導入を促進するとともに、教科書のデジタル
化を推進します。
「認定こども園」を全国2,000カ所に設置
●地域の実情にあった総合的な少子化対策を進めるため、幼児教育や保育を提供し、地域
の子育て支援を行う「認定こども園」を全国2,000カ所に設置します。
専修学校等への支援の充実
●職業人の養成など、わが国の教育において重要な役割を担っている専修学校や各種学校
の振興を図るため、財政支援の充実や教育制度上での位置付けの見直し等に取り組みます。
●求職中の若年者等が専門的な技術を円滑に習できるよう、専修学校の利用拡大を図りま
す。
いじめ・不登校対策
●いじめや不登校の未然防止や早期発見・早期対応、教育相談体制の充実等を図るために
外部人材の活用や子どもの居場所作りの推進など、課題を抱える子どもを積極的に支援し
ます。
●不登校や引きこもりの子どもに対して、教職を目指す大学生などを心の友（メンタルフ
レンド）として家庭に派遣する「メンタルフレンド制度」の導入を推進し、子どもの健全
な育成をサポートします。
●子どもや親などからのＳＯＳに即時に対応できるよう第三者機関による「いじめレスキ
ュー隊」（仮称）の設置を推進します。
●児童相談所や警察など、福祉・保健・医療・司法等の子どもの生活に関わる地域資源と
学校との連携を円滑にするため、スクールソーシャルワーカー制度を拡充します。
生涯学習社会の構築
●社会人や職業人のキャリアアップやフリーター等の学び直しの機会の確保、高齢社会に
対応した多様な生き方の実現等を目指し、大学や専修学校等でいつでも自由に学習機会を
選択し学ぶことができる生涯学習社会を構築します。
●学校の空き教室等を活用し、生涯を通じて新しい知識や教養を身につける環境を整備し
ます。また、団塊の世代等の社会参加や生きがいづくりを支援するため、地域の実情にあ
った拠点を作り、情報提供やネットワークづくり等を推進します。
●時間や場所、経済的な理由等から学習機会が制約されることがないよう、奨学金制度の
充実や産業界・大学・専修学校・行政・ＮＰＯ等の連携強化、インターネット等情報通信
技術の活用等を通じて一人ひとりのニーズに合った学習環境の整備を推進します。
世界で活躍する人材の育成と外国人学校支援
日本人留学生の20万人派遣と海外留学生の受け入れ体制の強化
●留学生政策を強化するための体制の見直しを行い、予算を拡充します。
●日本人高校生・大学生の留学生派遣20万人を目指します。
●留学を希望する学生への奨学金について派遣計画を策定し、抜本的に拡充します。
●2020 年までに留学生受け入れ 30 万人を目指し、当面５年間で大幅な拡大と留学生を受
け入れる環境整備を推進します。
ユネスコスクールの拡大
●幼稚園から大学までユネスコスクールの認定校を、現在の70校から700校へ増やします。
日本語教育体制の強化
●世界中に拡大しつつある日本語習得希望者の増加に応えるため、国内外の日本語教育体
制を強化します。具体的には、カリキュラムの基準や教材を認定するための法制化や日本
語教員養成の充実を図ります。
外国人学校支援
●国内の外国人学校への経済的・人的支援を包括的に定めた「外国人学校支援法」（仮称）
の制定を目指します。
●各種学校扱いの外国人学校に対する税制を含めた支援策を検討します。
●外国人の就学支援のため、支援員・日本語教育指導員の配置を推進します。
文化・芸術、スポーツの振興
文化・芸術の振興
●美術品等の貸借を円滑にするための国家補償制度を創設します。
●芸術家や文化団体への公的助成の対象として稽古手当や創作研究費などを追加するとと
もに、創作や公演が終了するまでの一時融資制度の創設を目指します。
●芸能の鑑賞機会を拡大するため公演の充実を図るとともに、創造活動や人材育成に対す
る支援の充実など芸能の振興に取り組みます。
●地域の施設や多様な人材を活用し、世代を超えて多くの住民が文化･芸術を体験・享受で
きるよう、「地域文化芸術振興プラン」の推進など、地域文化活動を支援します。
スポーツの振興
●スポーツ振興政策の抜本的強化を図るため「スポーツ基本法」（仮称）の制定を目指しま
す。
●生涯スポーツ社会の構築や国際競技力の向上、スポーツ観戦の推進など、スポーツ振興
を総合的に進めるため「スポーツ庁」（仮称）の設置を目指します。
●地域の施設や多様な人材を活用し、世代を超えて多くの住民がスポーツを体験・享受で
きる「総合型地域スポーツクラブ」を拡充します。
●国民に夢を与えるトップアスリートの育成支援に取り組みます。
●障がい者スポーツの振興に積極的に取り組みます。
世界をリードする研究開発とイノベーションの創出
●科学技術立国の基盤を強化するため、宇宙・海洋・生命科学・脳科学など先端分野の基
礎研究を強力に推進します。また研究開発力強化法に基づき研究者の養成・確保を図り、
ポストドクターや女性研究者、外国人研究者などの処遇の改善を進めます。
●高校生・大学生の海外留学や海外の研究者の受け入れを進めるとともに、若手や女性の
優秀な研究者が能力を発揮できるような環境整備を進めるなど、グローバルに活躍できる
人材の育成と確保に取り組みます。
●わが国発のｉＰＳ細胞（人工多能性幹細胞）による再生医療などの先端医療技術開発の
実現に向けた研究に取り組みます。
●わが国の得意分野である環境エネルギー技術について、国際的な研究拠点形成を通じ、
次世代太陽電池等の革新的な技術開発を行うことにより、新産業の創出と国際貢献に取り
組みます。
●経済危機による世界的大転換の中で日本の存在感を示し、成長力を強化するため、イノ
ベーションの源泉となる基礎科学力の強化に取り組みます。
●新型インフルエンザや自然災害などの脅威から国民を守るための研究開発に取り組みま
す。
雇用の安定
労働者派遣制度の抜本的見直し
●労働者保護・派遣労働者の処遇の均衡の確保のため、労働者派遣制度の抜本的な見直し
を進めます。
・いわゆる「マージン率」が教育訓練等の必要経費を除外した上で適切な率となるような
一定の規制の導入を図るとともに、“雇い止め”に対する派遣先の賠償責任を強化し、派遣
労働者の処遇の均衡確保と昇進・昇格、正規雇用への転換の仕組みの整備などを行います。
・製造業における派遣・登録型派遣労働の在り方については、関係者の意見を踏まえ１年
程度をめどに検討を進めます。
・偽装派遣の問題を踏まえ、請負業についてその適正な運営を図るため法制化を検討しま
す。
「ジョブカード制度」の推進・普及
●ジョブカード参画企業への支援の強化や就職困難者に限らず、新卒者・高齢者も含めた
「ジョブカード制度」の普及など、円滑な職業移動等がなされるよう、「ジョブカード制度」
の推進・普及を図ります。また、職業教育、進路指導の一環として、ジョブカードの活用・
展開を図ります。普及の度合いにあわせ、ＩＣカード化についても検討します。
第２のセーフティネット「訓練・生活支援給付」の恒久化
●雇用保険の対象や失業給付の対象とならない労働者に対する第２のセーフティネットと
して創設された「訓練・生活支援給付」の恒久化を図り、雇用のセーフティネットをより
強化します。
ニート・引きこもり対策の推進
●地域若者サポートステーションを拡充し、すべての施設でアウトリーチ（家庭訪問）が
できる体制や、高校中退者に対し、就労と学び直しの支援ができる体制を整備します。
再就職支援付き住宅手当の拡充
●離職者などが再就職のための活動に際し、住民票や金融機関の口座が必要となる場合が
多く、安定した住居を確保する必要があることを踏まえ、再就職のための活動を安心して
行えるよう、住宅費等を支援する「再就職支援付き住宅手当」の拡充を図ります。
非正規労働者の社会保険適用の拡大
●非正規労働者の雇用保険、健康保険、厚生年金の加入要件を緩和します。その際、増加
する保険料については、企業負担分に一定の配慮措置を講じます。
最低賃金の着実な引き上げ
●生活保護との均衡を図り、全国平均 1,000 円を目指し最低賃金の着実な引き上げを図り
ます。
就職活動の早期・長期化の是正
●就職活動の解禁日の復活や平日の企業訪問の自粛、通年採用の推進など、企業・学生双
方にとってより有益で望ましい新たな就職活動に関するルール（新たな就職協定）作りを
推進します。また、既卒者に就職の門戸を閉じることになる新卒者制限の撤廃など柔軟な
採用活動の定着を図ります。
中途採用者の適切な待遇の確保
●中途採用者が、前職のキャリアを反映できるようにするなど、ガイドライン等において
適切な待遇の確保を図ります。
女性の再就職支援策の充実
●出産、子育て後の女性の再就職を支援するマザーズハローワークの機能強化を図るとと
もに、再雇用制度の導入を進めます。また、正社員とパート労働者の均等処遇を推進しま
す。
高齢者雇用の促進
●65歳以上の雇用確保を図るため、高齢者雇い入れ助成金の対象年齢を65歳以上も対象と
なるよう引き上げます。また、多くの高齢者を雇用する事業所への税制措置を検討します。
母子家庭の母等の就業支援
●母子家庭の母等への就業支援として、職業訓練等の資格や技能の取得を促進するため、
高等技能訓練の受給時における給付のさらなる充実を含めた職業訓練機会の充実や、トラ
イアル雇用の拡充など自立できる正規雇用への移行をハローワーク等との連携を図りなが
ら促進します。
格差是正、共生社会の実現
給付付き税額控除制度の導入
●生活支援、子育て教育支援等で減税と低所得者への給付を組み合わせた「給付付き税額
控除制度」を導入します。
「社会保障カード」（仮称）の導入
●年金手帳や健康保険証などの役割を一元的に果たす「社会保障カード」（仮称）の早期導
入を進めます。これにより、年金・医療・介護など社会保障にかかる個人の情報取得を容
易にし、また税制と社会保障制度の一体的な運営の強化を図ることにより、給付付き税額
控除制度や「利用者負担総合キャップ制度」（仮称）の実現を図ります。
ひとり親家庭への支援の充実
●母子家庭だけではなく、父子家庭、児童を扶養している年金受給者である祖父や祖母、
児童をつれて離婚係争中のＤＶ（ドメスティック・バイオレンス）被害者のひとり親家庭
に対しても、所得に応じた子育て支援の充実を図る観点から児童扶養手当制度の在り方を
抜本的に見直します。特に、母子家庭については、生活保護も含めた実態調査を実施し、
適切な支援策を講じます。
「ユニバーサル社会形成促進基本法」の制定
●すべての人が互いにその人権を尊重しつつ、責任と権利を分かち合い、その個性と能力
に応じてそれぞれの力を十分に発揮しながら、誇りを持って自立できるユニバーサル社会
の形成を促進するため、基本理念等を定めた「ユニバーサル社会形成促進基本法」を制定
します。
定住外国人労働者への支援の強化
●定住外国人労働者に対し、国と地方公共団体との連携により日本語研修や職業訓練の実
施を通じた就労の確保を支援します。また、本人家族の医療や教育の確保など、総合的な
支援を強化します。
総合的な貧困対策の推進
●わが国の貧困率の定期的な調査を行い、それに基づいて貧困率の低減の目標を定め、総
合的な貧困対策を推進します。
高齢単身世帯の支援
●高齢単身世帯については、軽易な日常生活上の支援の充実や地域全体で支えるネットワ
ークの構築など、地域における包括的な支援体制を強化します。
安全で安心な生活環境づくり
子どもの安全を確保
●凶悪犯罪から子どもや市民を守るため、全国で活動する防犯ボランティア団体（約４万
団体）による「犯罪に強いまちづくり」への自発的な取り組みや防犯意識の向上を図る活
動に、国や自治体が積極的に支援することを責務とする「地域安全安心まちづくり推進法」
を制定します。
●子どもの安全を確保するため警察官ＯＢなどを活用した「スクールガード・リーダー」（地
域学校安全指導員、2008年度実績2,986人）を4,500人（小学校５校に１人）まで増やす
など、地域や学校などのパトロール体制を強化します。また、地域の防犯ボランティアな
どによる自主的な取り組みを支援する「地域安全安心ステーション推進事業」を拡充しま
す。
※「地域安全安心ステーション推進事業」：地域の自主的な防犯ボランティア団体が、物品
の貸与（照度計、懐中電灯、防犯ブザー、腕章、防犯パトロール用防刃衣など）や、警察
からの防犯情報の提供、防犯講習・訓練などの支援を受けることができる事業
治安の回復を実現
●刑法犯の認知件数を減らし国民生活の安全安心を確保するため、警察官の増員や質の向
上などにより、ひったくりなどの街頭犯罪や振り込め詐欺などの防止、取り締まりを強化
します。また、ＤＮＡ型鑑定の一層の活用や、110番通報に対してより迅速に対応するため、
携帯電話の発信地を通知する機能の導入を進めます。さらに、パソコンやインターネット
などを悪用したサイバー犯罪への取り締まりを強化し、犯罪仲間を募ったり、犯罪を助長
したりするような「闇サイト」を法的に規制する方法を検討するとともに、情報モラル教
育や啓発活動を推進します。
テロ・組織犯罪の撲滅
●銃器や薬物などの水際対策の強化や、暴力団、来日外国人犯罪組織などによる組織犯罪
の取り締まりを推進します。
●麻薬撲滅へ向けて、国連薬物統制計画（ＵＮＤＣＰ）など、国連関係機関への協力、ケ
シ栽培からの転作の技術・財政支援、警察機関の取り締まり態勢を強化します。また、水
際での取引阻止に向けての海上警備態勢の強化など、総合的な対策を推進します。特に、
近年急増しているＭＤＭＡ等の合成麻薬の取り締まり強化や、大麻および加熱処理されて
いない大麻種子の所持および栽培、大麻吸引について法的規制も含め取り締まりを強化し
ます。
●薬物乱用防止を推進するため、「薬物乱用防止キャラバンカー」の活用をはじめ、薬物乱
用防止のための講習会など啓発の取り組みを推進します。
●国際テロの脅威や国内における外国人犯罪の増加に対し、諸外国との連携と協力、出入
国管理体制の強化などにより、未然防止を図ります。とりわけ、テロに対しては、不測の
事態における対処能力の強化、公共交通機関の教育・訓練を行うほか、緊急医療体制の基
盤を整備します。また、関係各省庁の連携のもと、テロ資金の洗い出しやマネーロンダリ
ング対策の強化をはじめ、あらゆる手だてを講じます。
安全で快適な交通の実現
●交通事故の減少を目指し、飲酒運転の取り締まり強化や、交通安全教育の推進、また、
自動車のカーナビゲーション装置で、運転者に周辺の歩行者等の交通状況などを視覚・聴
覚情報により知らせることで交通事故を防止するためのシステムの開発・整備などを推進
します。特に、自転車の通行環境の整備、ルールの周知と交通安全教育、また、歩行者の
安全のための環境整備による交通事故防止に取り組みます。
生活者が主役の消費者行政
●食品表示の適正化をはじめとした食の安全や、生活製品の安全、また、多重債務などの
消費者問題に対して、真に生活者の立場に立って解決を図る、縦割り行政を排した消費者
庁の早期スタートを推進します。また、消費生活センターの広域的な設置の促進や、商品
検査機能を担う国民生活センターをはじめとした機関の機能強化、さらに民間のノウハウ
を活かすため民間から多様な専門分野の人材を登用するなど消費者行政の体制強化を図り
ます。
●消費生活センターなどが、障がい者、高齢者を含めたすべての消費者にとって身近でわ
かりやすい相談窓口となるよう万全を期すとともに、相談員が能力向上を図るための教
育・研修の拡充や、人件費の拡充などの待遇改善を図ります。
●消費者庁に集約された情報の調査分析が機動的に行えるよう、消費者事故などに関する
独立した調査機関の在り方について法制化を含めた検討を行い、事故原因の究明や、事故
拡大防止、また、類似事故再発防止対策、未然事故発生防止対策の迅速化を図ります。さ
らに、事故情報の一元化に当たっては、児童や高齢者、妊産婦、障がい者などの事故情報
について特別な配慮を行い、国民の安全を守ります。
●悪徳業者などの「やり得」を許さず、被害者の泣き寝入りを防ぐため、不当な収益の散
逸の防止・はく奪により被害者を救済する制度の実現を目指します。
●消費者を取り巻く様々な問題から自身を守る力を養う消費者教育を推進するため、学校
教育などあらゆる機会の活用や消費者教育を担う人材育成への財政措置を含めた支援の実
施、消費者教育に関する法整備の検討を行います。
●国から認定された適格消費者団体をはじめ、消費者被害の情報収集などを行う消費者団
体に対して、必要な情報提供や活動のための施設、資金などの支援を行います。
●盗難通帳やインターネットバンキングによる犯罪などについて、防止策を検討するとと
もに、預貯金者の保護のために金融機関が行っている自主的な取り組みの実効などを踏ま
えつつ、立法措置も含め必要な措置を講じます。
金融取引等における消費者保護
●商品の生産・流通の円滑化に資する産業インフラとしての商品先物市場の再構築と、消
費者保護を確実に行います。
●多重債務者問題の解決に向け、改正貸金業法を予定通り施行するとともに、カウンセリ
ング体制やセーフティネット貸付の充実、ヤミ金融や登録業者への取り締まり・監督強化、
金融経済教育の充実などを着実に推進します。
●投資家保護の観点から、外国為替証拠金取引（ＦＸ取引）等金融商品の取引に関する規
制を見直すほか、金融資本市場が公正に機能するため、規制の強化を行います。
ＮＰＯ支援
●ＮＰＯなどの非営利セクターに対する支援税制の認定要件緩和、寄付金控除制度を充実
させます。
食育の推進
●子どもの豊かな成長、健康の増進、人格形成にプラスとなる食育の取り組みとして、食
育啓発運動や学校における食育の推進を図ります。また、子どもが望ましい食習慣等につ
いて計画的に学習することができるよう、栄養教諭の増員や学校における米飯給食などの
地産地消をさらに推進します。また、朝食を食べない若年層の減少を目指します。
自殺防止への支援拡充
●自殺者の大幅減少を目指し、自殺の防止に関する調査研究をはじめ、うつ病対策やカウ
ンセリングの充実、遺族への支援など、自殺防止へ向けた総合対策を推進します。
ＤＶ防止やストーカー対策を推進
●2007年のＤＶ改正法に基づき、被害者の保護・自立支援の充実を図るとともに、ＤＶを
犯罪として適切に対応するための施策を推進します。また、若者に広がるデートＤＶの予
防啓発を進めます。さらに、ストーカーの取り締まり強化や、被害防止のための講習会の
開催を推進します。特に、学校内でのストーカーへの対応を強化するため、被害防止の講
習会や研修会の開催を推進します。
女子差別撤廃条約「選択議定書」批准
●女子差別撤廃条約選択議定書の速やかな批准を目指します。
郵政関連事業の改善
●郵政関連事業の民営化による経営状況などを踏まえ、さらなるユニバーサルサービスの
確保、利便性の向上などを図るための改善を行います。
人権・司法
人権が尊重される社会の構築
取り調べ過程の可視化の本格実施
●警察・検察で実施している録音・録画による取り調べ過程の可視化については、冤（え
ん）罪を防止するため、裁判員制度の実施にかんがみ、刑事手続全体の在り方との関連に
留意しつつ、本格的な実施を図ります。
児童ポルノの所持等の禁止
●子どもの福祉の観点から、児童ポルノ禁止法を改正し、児童ポルノの所持等を禁止する
とともに、自己の性的好奇心を満たす目的での児童ポルノの所持等を処罰する罰則を新設
します。
難民保護の拡大に向けた施策の推進
●難民の受け入れについて、難民条約の趣旨に基づき適切に審査を実施し、その拡大を目
指します。併せて、第三国定住制度を着実に実施していきます。また、日本の在外公館に
難民申請を希望する者が逃げ込んで来た場合、人道的な立場から一時的に保護する体制を
整備します。
新たな在留管理制度の円滑な実施
●多文化共生社会の構築に向け、改正入管法（出入国管理及び難民認定法）等の円滑な実
施を図ります。また、わが国における外国人の生活の安定を図る観点から、在留管理の在
り方についてさらに必要な検討を行います。
「個人通報制度」の創設
●国際人権（自由権）規約で保障された権利を侵害され、国内の手続きでその救済がなさ
れなかった際に、侵害された個人が、国連の自由権規約委員会に通報し、国に対して勧告
を求めることができる「個人通報制度」を定めた国際人権規約の第一選択議定書の批准を
目指します。
選択的夫婦別姓制度の導入
●夫婦の姓（氏）について、同姓または別姓の選択を認める選択的夫婦別姓制度の導入を
実現します。
離婚後300日問題解決への取り組み
●母の離婚後 300日以内に出生した子で、民法 772 条の規定により、出生届が出せず、結
果的に子の戸籍が作成されない事態の解決へ向けた施策を推進します。
性的マイノリティの人々の人権を擁護
●性的マイノリティの人々への偏見や差別をなくし、理解を深めるため、人権相談体制の
強化や多方面にわたる啓発等に努めます。
性的マイノリティの人々が暮らしやすい社会を実現するために、必要な施策を検討し、環
境整備を図ります。
人権擁護へ、「人権侵害救済法」を制定
●人権侵害による被害を適正かつ迅速に救済するとともにその実効的な予防を図るため、
新たな人権救済制度の創設などを含む「人権侵害救済法」（仮称）を制定し、人権擁護施策
を総合的に推進することにより人権尊重社会の実現を目指します。
犯罪被害者施策の推進
●刑事裁判における被害者参加制度や被害者国選弁護制度、損害賠償命令制度などを確実
に実施しつつ、犯罪被害者等の権利確立へ向けた施策をさらに推進します。
公訴時効制度の見直し
●凶悪重大事件等の公訴時効制度の在り方については、被害者遺族等の声を十分踏まえつ
つ、その時効を廃止、延長、あるいは停止するなどの検討を行います。
異状死死因究明制度の確立
●異状死死因究明制度の確立に向けて、「死因究明推進基本法」（仮称）を制定し、人材の
育成や施設を含む体制の整備を図ります。
国民に身近で頼りがいのある司法の実現
法曹養成制度の強化・充実
●法科大学院を中核とする「プロセス」としての法曹養成制度の理念を損なうことなく、
法科大学院における教育の質の向上を図り、社会の多様なニーズに応えうる人材を育成し
ます。そして、法科大学院修了者がさまざまな分野で活躍できるよう職域の拡大を図りま
す。
裁判員制度の円滑実施のための環境整備
●裁判員制度が円滑・適正に実施され国民の間に定着していくよう、引き続き広報宣伝活
動を実施します。併せて、学校における法教育の普及・発展を図ります。また国民がより
参加しやすい制度にするため、育児・介護・就労および障がい者への配慮等の環境整備を
行います。裁判員選任手続きにおける性犯罪被害者等の安全確保とプライバシー保護を図
ります。
国民に開かれた行政訴訟制度の創設
●誰もが行政の不正をただせるよう、行政訴訟の体制整備を含めたさらなる改革を推進し、
より国民に開かれた行政訴訟制度を創設します。
弁護士がゼロあるいは１人しかいない地域の解消
●法テラスの司法過疎対策によるアクセス・ポイントの設置等を推進し、弁護士がゼロあ
るいは１人しかいない「ゼロワン地域」を解消します。そのための財政支援も拡充します。
※弁護士「ゼロワン地域」：地方家庭裁判所支部管轄区域を単位として、登録弁護士が全く
いないか、１人しかいない地域
スタッフ弁護士の大幅増員
●法テラスのスタッフ弁護士を大幅に増員するとともに、訪問・出張相談等を実施し、高
齢者や障がい者などの司法アクセス困難者のための相談体制を整備します。併せて、若者
や外国人向けの法律相談等のサービスを充実させます。また、対象が拡大した被疑者国選
弁護制度に対応できる体制の整備を図ります。
民事法律扶助の充実
●経済的に余裕がない場合でも、適切に法的サービスが受けられる民事法律扶助をさらに
充実させます。
再犯防止に向けた取り組みの推進
●性犯罪者処遇プログラムやアニマルセラピーなど受刑者への改善指導の強化や保護観察
官の増員、保護司実費弁償金の増額および更生保護施設の充実により、出所者や保護観察
対象者の社会復帰のための就労支援や居住支援など再犯防止に向けた取り組みを推進しま
す。
登記事項証明書の手数料の引き下げ
●登記事項証明書の交付請求にかかる手数料を引き下げます。
４ 緑の産業革命
未来の人類のために持続可能な社会を構築
地球温暖化の被害回避へ気温上昇を２℃以内に抑制
すべての主要排出国が参加する次期枠組みを構築
●工業化以前の水準からの世界全体の平均気温の上昇幅が２℃を超えないようにするため、
世界の温室効果ガス排出量を 2050 年までに少なくとも 50％削減するとの目標を世界全体
で合意できるよう、わが国が全力を挙げます。
●米国、中国、インドなどすべての主要排出国が責任ある形で参加する、実効性ある次期
枠組みの構築について国際合意を果たすため、わが国がリーダーシップを発揮します。
●途上国の地球温暖化対策の資金とするため、国際社会が連携した「地球環境税」（仮称）
の創設を検討します。
●アジアにおける低炭素型・低公害型の経済活動の普及等を目指し、環境汚染対策と温暖
化対策を同時に実現するコベネフィット・アプローチを推進するなど、「クリーンアジア・
イニシアティブ」を具体化します。
●地球温暖化による被害に対応するため、アジア・太平洋における大規模自然災害リスク
保険制度の創設を検討します。その際、わが国は、金融工学や衛星情報などの面で積極的
に協力します。
世界最先端の低炭素社会づくりで内需拡大、競争力強化
「緑の経済と社会の変革」を具体化
●わが国が世界最高水準の技術を持つ環境分野への戦略的な投資を、経済成長や雇用創出
につなげていく「緑の経済と社会の変革」（2009 年４月 20 日 斉藤環境相発表）の具体化
を推進します。
温室効果ガス削減の野心的な国家目標を設定
●京都議定書約束期間（2008-2012年）の目標（温室効果ガス1990年比６％削減）を確実
に達成します。さらに 2020 年に 1990 年比 25％削減、 2050 年に同 80％削減を目指し、
世界最先端の低炭素社会を構築します。
※政府は2009年６月、2013年以降の地球温暖化対策の国際的枠組みに関連して、「本格的
な国際交渉に向けた第一歩」として、2020 年に 2005 年比 15％（1990 年比８％）削減す
るとの日本の目標を発表した。この数字は、国内での省エネなどを積み上げた、いわゆる
「真水」の目標。今後、海外での削減分や植林による加算分などが、国際交渉の進展の中
で上積みされる見込み
低炭素社会づくり推進基本法を制定
●低炭素社会づくりの基本理念を明らかにするとともに、関連施策を長期的、総合的、計
画的に推進するための「低炭素社会づくり推進基本法」を制定します。
低炭素化のエンジンをビルトイン――国内排出量取引制度等を本格実施
●2013 年以降の地球温暖化対策の国際的枠組みに備え、公明党は今後４年間（2009-2012
年）を「低炭素社会・基盤確立期間」と捉え、取り組みを強化します。
●現在、試行中の「排出量取引の国内統合市場」を遅くとも2013年までに本格的実施に移
行させ、大規模排出者を対象とするキャップ＆トレード型の国内排出量取引制度と、中小
事業所等での削減を進める国内クレジット制度を組み合わせ、排出削減を進めます。
●低炭素化を促進する観点から、税制全体のグリーン化（環境への負荷の低減に資するた
めの見直し）を推進します。また、税制抜本改革に向けて、炭素税の導入を検討します。
エコポイント制度を定着
●「グリーン家電エコポイント事業」の成果を活かし、同事業以外のエコ商品・エコ行動
も幅広く対象としてエコポイントを発行する「エコアクションポイントモデル事業」につ
いても、本格的に全国展開し、自立的ビジネスとして定着させます。また、地域版のエコ
ポイント制度の支援も行います。
●商品の製造から廃棄に至るまでのＣＯ２排出量をラベル表示するカーボン・フットプリ
ント制度の導入を加速します。
●有価証券報告書における温室効果ガス排出量等の情報開示を進めます。
2020年に再生可能エネルギーを20％以上に―電力の固定価格買取制度を拡充
●わが国のＣＯ２排出の約３割を占める電気事業において、ＣＯ２排出の多い老朽化施設
をＣＯ２排出の少ない最先端施設に切り替えることを促進します。また、2050年の長期目
標を目指して、電源構成の在り方の検討を進めます。
●太陽光、風力、バイオマス、地中熱、小水力等の再生可能エネルギーを2020年に最終エ
ネルギー消費の 20％以上へ引き上げます。その実現のため、低所得者層に配慮した料金シ
ステムを検討しつつ電力の固定価格買取制度を拡充するとともに、新エネルギー等電気利
用法（ＲＰＳ法）の導入義務量を引き上げます。
●国際再生可能エネルギー機関（ＩＲＥＮＡ）を通じて、新興国、途上国とともに再生可
能エネルギーの研究開発、技術移転等に取り組みます。
2020年に太陽光発電を20倍に
●太陽光発電世界一の座奪還を目指し、太陽光発電導入量を 2020年までに 20 倍に引き上
げます。それに向けて補助金、優遇税制、電力買取制度、公的導入等で需要を拡大し、製
品価格を半減することを目指します。特に「スクール・ニューディール」構想に基づき、
環境教育の視点から、公立をはじめとする学校施設に３年間集中的に太陽光発電システム
を設置します。
●バイオマス活用推進基本法に基づき、木質、下水汚泥などのバイオマス資源の先進的な
活用を進めます。
省エネ・新エネ技術の開発・普及を促進
●太陽光発電、次世代自動車、燃料電池、ヒートポンプなど、わが国が世界トップ水準に
ある環境・エネルギー技術について、導入を後押ししつつ、研究開発を促進します。
※ヒートポンプ：熱を移動させる省エネ装置で、有名なものにエコキュート（家庭用給湯
器）などがある
●ＥＳＣＯ事業の活用など、中小・小規模企業の省エネに対する支援を強化します。
※ＥＳＣＯ事業：省エネルギー改善に必要な、技術・設備・人材・資金などを包括的に提
供する事業。省エネルギーで実現する経費節減分で、省エネ投資を賄う点が最大の特徴
低炭素の交通・住宅・地域を推進
●電気自動車、ハイブリッド車など、ＣＯ２排出量の少ないエコカーの普及を加速するた
め、減税、補助金、公的導入で支援し、エコカー新車販売を 2020 年に新車販売の 70％へ
引き上げることを目指します。
●ＣＮＧ自動車（天然ガス自動車）や電気自動車などに燃料等を供給するステーションの
設置など、エコカーのためのインフラを整備します。
●住宅・建築物の省エネ化を進めるため、補助金、税制、低利融資などで支援するととも
に、断熱基準の義務化など建築基準法の改正を検討します。
●７月７日のクールアース・デーを定着させ、地球温暖化防止への意識啓発を図るととも
に、国境を越えて共感が広がる日とします。
地球の恵みを守る「自然共生社会」を構築
人類の基盤である生物多様性を保全
●生物多様性基本法に則り、人類の存続の基盤である生物多様性を保全し、持続可能な利
用や関係のビジネスを促進します。
※生物多様性：生態系、種、遺伝子の多様性を指す
●生物多様性条約第10回締約国会議（ＣＯＰ 10）の2010年名古屋開催を契機として、森
林、湿地、サンゴ礁等の生態系保全など、国際的取り組みを推進します。
●わが国の生物多様性保全の屋台骨として国立・国定公園の保全と適正な利用を推進する
とともに、地域との協働を進めます。
●絶滅危惧（ぐ）種の保存、野生動植物の保護を進めるとともに、野生鳥獣などによる暮
らしと生態系への被害対策を推進します。
●自然再生事業を推進するとともに、分断された生物種の生息・生育空間を相互に連結し、
劣化した生態系の回復を図るエコロジカル・ネットワーク（生態系ネットワーク）の形成
を進めます。
●緑の減少を食い止めるため、公共事業にノー・ネット・ロス（自然環境をこれ以上減ら
さない）の原則を活かすとともに、「ナショナルトラスト活動支援法」（仮称）の制定を検
討します。
※ナショナルトラスト：広く募金を集め、自然環境などを取得、保存、公開する環境保護
活動
●動物看護師を資格化するとともに、動物愛護推進委員の増員を図り、地域における動物
の愛護と適正な飼養を推進します。
多面的機能を持つ森林を整備・保全
●森林の違法伐採等を防ぐため、適正に管理された森林から産出した木材に認証マークを
付ける森林認証制度を国内外で拡大し、認証材の使用を促します。
●国内クレジット制度と連動し、森林整備を支援するカーボン・オフセット（ＣＯ２排出
の埋め合わせ）を推進します。
●膨大なＣＯ２を排出している森林火災を防止するために、衛星情報の活用を含む、アジ
ア・大洋州における防止体制や支援枠組みの導入を推進します。
美しい水の回復へ水循環基本法を制定
●水循環基本法（仮称）を制定し、水行政の一元化を進めるとともに、水質の向上、生物
多様性の保全、親水環境の整備などを図ります。
●水不足解決へ、国内外でわが国の水ビジネスを支援します。
●温泉の利用を促進するとともに、温泉を保全するための影響評価手法や指針を策定しま
す。また、温泉由来のホウ素、フッ素等の水質汚濁防止法の措置の特例を検討します。
●有明海再生について、干拓堤防の長期開門に向けた環境アセスメントを適正に実施しま
す。
国内全世帯の水洗化を実現
●下水道整備事業の在り方を見直して合併処理浄化槽を普及させ、国内全世帯の水洗化を
目指します。そのため浄化槽整備事業の助成率を継続的に３分の１から２分の１に引き上
げ、対象となる浄化槽を大幅に拡大します。さらに下水道敷設地域での接続義務について、
一定基準以上の合併浄化槽既設置者に対して柔軟な対応を実施します。
●既設の単独処理浄化槽から合併処理浄化槽への転換を促進するため、撤去費用の助成対
象となる単独浄化槽の使用年限撤廃、助成対象地域の拡大、排水設備設置費用の助成対象
化を目指します。
循環型社会づくりを一段と推進
３Ｒを促進し、産業廃棄物、家庭ごみを徹底減量
●廃棄物の発生抑制、再使用を重視しつつ、３ R（発生抑制＝リデュース、再使用＝リユ
ース、再生利用＝リサイクル）を促進します。特に、環境に配慮した製品設計の普及など
で、事業所、家庭のごみを徹底的に減量します。
●製品のライフサイクルコストの「見える」化を推進します。
●携帯電話など使用済みの小型家電、使用済みの自動車などに含まれる希少金属（レアメ
タル）や希土類（レアアース）、重金属の回収・再資源化を推進します。
●廃棄物の不適正処理・不法投棄対策の強化について、法改正を含め、検討します。
●海岸漂着物処理推進法に基づき、漂着ごみ等の円滑な処理とその発生抑制を図るため、
海岸管理者等をはじめとする関係者の責任を明らかにし、多様な主体との役割分担と連携
を強化するとともに、必要な財政上の支援措置を講じます。
●イベントで消費される資源（電気、紙、水等）を節約し、廃棄物の発生を極力抑制しま
す。
アジア各国の循環型社会づくりに貢献
●わが国の技術・規制・人材をパッケージにしてアジア各国の環境対策を支援し、アジア
における循環型社会の構築に貢献します。
●海外の技術水準では適切に再資源化できない廃棄物（レアメタルなど）をわが国に受け
入れ、処理する体制づくりを進めます。
●国内外のバーゼル条約の執行体制を強化するとともに、有害廃棄物等の不法・不適正な
輸出入の根絶を目指します。
●ＥＰＡ（経済連携協定）やＦＴＡ（自由貿易協定）の締結において、環境配慮条項の盛
り込みを推進します。
安心して暮らせる環境を確保
化学物質から健康を守る体制を強化
●化学物質関係の諸法律を総合的に位置付ける「化学物質基本法」（仮称）を制定します。
●特に化学物質に感受性の強い子どものために健康影響を解明するとともに、「子ども環境
保健推進法」（仮称）を制定します。化学物質に関する子ども環境保健ガイドラインの策定
を進めます。
●水俣病被害者救済法に基づき、水俣病被害者の幅広い救済と解決を図ります。
●石綿健康被害者に対して隙間のない救済を実施するとともに、今後の被害を未然に防ぐ
ための対応を急ぎ、アスベスト対策基本法の制定を検討します。
●アジア諸国における「石綿利用安全条約」の批准を推進します。
●ＣＳＲ（企業の社会的責任）活動や、ＣＳＲ活動の情報開示を進めます。
光化学オキシダントの広域化など新たな課題に対応
●近年広域化がみられる光化学オキシダントや、健康影響が指摘される微小粒子状物質(Ｐ
Ｍ2.5)などの新たな課題に対し、取り組みを強化します。
●黄砂など越境物質による大気汚染を防止する国際枠組みづくりを検討します。
学校ビオトープなどで環境教育を充実
●環境保全活動・環境教育推進法を改正し、「持続可能な開発のための教育」の理念を踏ま
えた環境教育の充実を期します。その中で、学校、ＮＰＯ、企業、行政をつなげて「持続
可能な開発のための教育」の事業を促進していくコーディネーターの養成を進めます。
●自然と親しみながら環境の大切さを学ぶことで、情緒豊かな人づくりを進めます。その
ため、小中学校に教科としての「環境科」の新設を検討します。また、「スクール・ニュー
ディール」構想に基づき、太陽光パネル設置をはじめとしたエコ改修、学校ビオトープ（野
生動植物が生息する空間）設置を進め、学校施設を環境教育の教材として活用します。
景気対策と成長戦略
経済危機を克服し、成長を可能にする未来投資
「未来予想図」の構築へ向けた賢明な投資
昨年末より続いた世界的な経済危機と戦後最大の不況は、同時に、世界的な構造転換の大
潮流が起こりつつあることを意味します。わが国がこのような難局を乗り越え、世界に先
駆けて確固たる成長力を生み出すためには、短期的には緊急的な措置を大胆に展開し、中
長期的には目指すべき「未来予想図」を明確に描き「賢明な投資」を進めていくことが重
要です。
直面する経済危機への対応
経済の「底割れ」のリスクが急速に高まりつつある中、わが国は、75 兆円に及ぶ経済対策
や「経済危機対策」など大胆な政策展開により危機的状況からの脱却を目指しています。
危機から脱却し成長への加速度を増すためには、まず一層の金融仲介機能の円滑化による
企業の資金繰り対策の充実など金融面でのさらなる対策強化が重要です。緊急保証制度等
の十分な枠の確保や危機対応業務の機動的な対応、企業再生ファンドの拡充など、景気を
安定軌道に乗せるための施策の充実に取り組みます。
持続的な成長を可能にする経済産業構造へ転換
一方で、現下の経済状況の悪化・地球温暖化・人口減少など、日本が直面する構造的課題
の解決を図るために、中長期的な視点に立ち健全な経済システムの維持発展の確保が必要
です。そのために、新技術・新分野に対する集中的な投資を行い、「地域中小企業の活性化」
「世界とともに成長する新たな経済成長メカニズムの構築」「低炭素社会の実現」など、新
たな経済産業構造への転換を図りつつ、国民生活の安心確保や質の向上に資する経済成長
を進めます。
新たな経済産業構造への転換へ向けた集中的な投資とともに、経済成長に資する税体系の
見直しも重要です。税制の抜本改革にあたっては、法人税の在り方について、課税ベース
を拡大しつつ、実効税率の引き下げを図ります。
さらに、経済産業構造の転換には民間事業者の活力を最大限に活かすとともに、行政によ
る介入の最小化が求められることから、現行の事業規制について大胆な見直しを行います。
新たな経済成長メカニズムを構築
人口減少社会で持続可能な経済成長
●新経済成長戦略に基づき、国を挙げて経済成長政策を強力に実行し、人口減少社会にあ
っても民需主導の持続的な経済成長を実現し、実質ＧＤＰ成長率年2.2％、実質ＧＮＩ成長
率年2.4％以上を目指します。
成長を加速、イノベーションを創出
●新たな成長への道を切り拓くイノベーションの創出を促進するため、産学官の連携強化
による研究開発投資、人材育成、民間投資等を加速させます。
●研究開発の成果を国民生活の向上に直結させる革新的技術特区の整備などで、技術の実
用化を促進します。
●サービス産業部門を中心に生産性向上のためのモデル指標の構築を図るとともに、官民
による集中投資を促進します。
●医療・介護部門などへのイノベーション波及を進め産業育成を図ります。
●民間事業活動のさらなる活性化のため、現行の事業規制を抜本的に見直し、公正・公平
な事業環境の整備に取り組みます。
暮らしの利便性を高める新産業を創出
●エコカー・エコ家電・太陽電池の「エコ３本柱」で、環境と調和した経済の発展を実現
します。併せて価格の低減を図ります。
●低炭素社会の実現や安全安心社会の構築などの社会ニーズを踏まえ、ロボット・燃料電
池・次世代環境航空機・宇宙利用に取り組むとともに、最先端医療・ナノ技術の開発など
人々の暮らしの利便性を向上させる新技術の創出に集中投資し、国内普及を加速化します。
●新エネルギーの普及促進にはエネルギーの需給バランスを持続することが重要です。そ
のため最適な電力供給体制を構築する賢い次世代送電システムである「スマートグリッド」
の普及に取り組みます。
※スマートグリッド：通信・制御システムも組み込まれた、次世代電力インフラ。発電施
設、工場、ビル、家庭などの施設を結び、電力を効率的に安定供給する
スクール･ニューディールの推進
●公明党が主導した「スクール・ニューディール構想」の推進を図り、太陽光パネルの設
置をはじめとしたエコ改修や耐震化、ＩＣＴ環境の整備等、学校施設の整備を一体的に実
施します。中でも、太陽光パネルの設置は、全国３万 6,000 校の公立の小・中・高等学校
に今後３年間かけて集中的に設置します。
通商政策を強化、アジアをはじめ世界の活力とともに成長する日本
●通商政策を抜本的に強化し、新幹線や原子力発電などわが国が世界に誇る技術力を活か
して海外諸国の成長や生活の豊かさに貢献しつつ、特にアジア地域における内需拡大を総
合的かつ集中的に推進する「アジア版ニューディール」に取り組みます。また、わが国に
とって必要な資源などを確保するため、首脳・閣僚クラスによるトップ外交やＯＤＡの活
用などを戦略的に推進します。
●経済危機に対する耐性強化と安定的経済成長の持続を目的に、ＥＲＩＡ（東アジア・ア
セアン経済研究センター）を活用するなど、21 世紀の成長センターであるアジア全体の経
済成長を目指し、東アジアの市場統合を実現します。
●高成長を果たす新興国など世界とともに成長する日本を目指し、環境・エネルギー等の
分野における共同プロジェクトの推進など共通の産業基盤整備を進め、成長の好循環を促
す取り組みを抜本的に強化します。
●停滞する世界経済の活性化と国内政策の整合性を図りつつ、わが国の成長に資するＷＴ
Ｏ（世界貿易機関）交渉の早期再開、妥結に取り組みます。また、必要に応じ弾力的なセ
ーフガード発動の体制整備を行いつつ、新興国・資源国（アジア・中東諸国・アフリカ諸
国・オーストラリアなど）とのＥＰＡ（経済連携協定）やＦＴＡ（自由貿易協定）を積極
的に推進し、世界の経済安定に貢献します。
●省エネ・新エネ技術や原子力等の環境技術の高度化などにつき、アジア等海外展開を支
援し世界の環境改善に積極的に貢献するとともに、わが国の環境ビジネスの発展を目指し
ます。
●排出削減と経済成長を両立しようとする開発途上国を支援する環境プログラムの無償提
供の拡大に取り組みます。
●わが国の知恵と技術を損ない消費者の安全安心を脅かす模倣品（自動車ブレーキなど）
が世界に拡散することを防ぐ、模倣品・海賊版拡散防止条約（ＡＣＴＡ）の交渉妥結を目
指します。
地域経済・中小企業の活性化
中小企業予算の倍増と、経営力の強化
●中小・小規模（零細）企業支援を一層推進するため財政面･税制面･制度面を含めた施策
を強力に推進するとともに、所要の関連予算の倍増に努めます。併せて、各都道府県にお
ける中小企業対策費の適正な予算措置の確保に取り組みます。
●中小・小規模企業の経営力を向上させ、地域・中小企業を支える商工会および商工会議
所の組織機能を強化し、限界集落や過疎地域を含めた地域の機能を維持・振興するために、
各地方自治体における中小企業対策費の適正規模の確保を図り、各中小企業団体の安定的
運営と中小企業経営指導員の待遇改善を実現します。
●創業・経営革新・事業承継などに関するファンドの強化をはじめ、各種相談窓口の強化
など総合的な支援を進め、地域の小規模企業の経営力の強化を図ります。
●金融支援・税制支援・経営支援など、中小企業への支援策にかかる行政書類の半減を目
指します。
●個人事業主の将来の安心を確保するため、小規模企業共済（個人事業主向けの退職金制
度）の加入対象者を３名に拡大します（現在経営者１名のみ⇒配偶者や後継者等の共同経
営者を含む３名まで拡大）。
中小企業の資金繰り対策と貸し渋り防止
●中小企業への貸し渋りの監視など民間金融機関による資金供給の円滑化を図るとともに、
経営計画や経営者、企業の組織などを総合的に検討して融資する「リレーションシップバ
ンキング」の一層の取り組みを進めます。
●緊急保証制度・セーフティネット貸付制度の十分な枠の確保を図り、中小企業の立場に
立った運用のため、無担保保証枠の拡大や、既往債務の条件変更など、資金繰りの柔軟か
つ積極的な対応を図ります。
●日本政策金融公庫による、雇用調整助成金の支給までの間の「つなぎ融資」の積極活用
を図ります。
●新会計基準対応（資産除去債務）における中小企業への負担軽減措置を図ります。
●景気後退や金融不安により、民間金融機関による中小企業への融資姿勢が慎重になる中、
2007 年 10 月に導入された責任共有制度の効果と影響について検証し、必要に応じてその
在り方を改善します。
金融仲介機能が発揮できる金融行政の強化
●中小企業等への円滑な資金供給など金融仲介機能が正常に機能するよう検査・監督を強
化するとともに、自己資本比率の低下等により金融機関の与信能力が低下することを防止
するため金融機能強化法の積極的な活用等を進めます。
中堅企業・大企業支援
●地域経済の下支えのため、地域力再生機構（企業再生機構）の早期設置を図り、地域企
業の再生の円滑化を進めます。
●日本政策金融公庫、商工組合中央金庫の危機対応業務による機動的な対応により、中堅・
大企業の資金繰りについても円滑化を図ります。
●商工中金に企業再生ファンドへの出資枠を創設し出資損を政府が補てんするなど中堅企
業再生を支援するとともに、中小企業整備基盤機構から中堅企業の再生ファンド向け出資
ができるように、中小企業基本法による「中小企業」の定義を拡大します。
全国で新たな事業活動を促進
●産業活力再生支援や企業立地促進などで地域の雇用を確保し、活性化を進めます。また、
産業集積形成支援などで中小企業の研究開発支援などを推進します。
●マンガ、ゲーム、アニメ、映画、デザイン・ファッションなど、価値を生産するコンテ
ンツ（クリエイティブ）産業を日本経済の一翼を担う産業として位置付け抜本的な支援強
化に取り組みます。
・著作権取引支援システムの構築
・プロデュース人材の育成や事業化支援
・コンテンツ技術開発の促進
・ファイナンスや販路開拓等海外展開支援
・国際共同製作案件への支援
・コンテンツ取引市場作り支援
・人材流出防止や海賊版防止
●ゲーム・ソフトウエアなどさまざまな知的資産によって、国外への情報発信を応援しま
す。
●中小企業と農林漁業者との連携（農商工連携 500 件）や、地域の技術・農林水産品・観
光資源などの地域資源を活用した新事業の創出（地域資源活用プログラム1,000件）、異分
野の中小企業同士が連携して創出する新事業（新連携 1,000 件）など、新しい成長をもた
らす取り組みを積極的に支援します。
●農商工連携や地域資源を活用した新商品の開発・販売促進への支援（百貨店における地
域産品の販売スペースの設置、海外見本市における出店・商談会開催など）を推進します。
また、農商工連携における林業分野の連携（国内材の活用と地域活性化）を強化します。
●ものづくり中小企業の人事や技術の基盤の強化を図ります。（金型等の基盤技術の研究開
発支援、試作品の開発支援、企業ＯＢの中小企業への就職マッチング支援、研修事業等）
●中小企業向けの安価な財務会計ソフトウエアサービスや、「ｅ物産市」の創設など、ＩＣ
Ｔによる地域・中小企業の活性化を図るため、ＩＣＴ利活用支援やＩＣＴユーザーとＩＣ
Ｔベンダ間の連携支援などで地域サービスや各種産業間のネットワーク化を支援します。
また、ＩＣＴを活用した新たなビジネスモデルの展開を支援します。
●中小・小規模企業にとって操業しやすい、家賃方式、安価、短期間契約の「まち工場団
地」を再整備します。
●植物工場の普及拡大を目指し、省コスト化に向けた実証研究などの導入促進を図るため、
蛍光灯をＬＥＤ照明に切り替える際の導入補助や、独自の表示制度など関係法制を整備し
ます。
●エンジェル税制の活用やベンチャーファンドの拡充など、ベンチャー企業に対する資金
調達や経営支援の強化を図ります。
地域における社会的活動の支援
●少子高齢化、医療、環境問題など社会的課題をボランティアではなくビジネスで解決す
る活動（社会的企業）は、雇用機会の提供、地域の活性化、新たな働き方の提示等の大き
な潜在力を持つ今後育成されるべき分野と位置付け、以下の取り組みを推進します。
・社会的企業の認知度を高めるためのキャンペーン活動の展開など、社会的企業の普及、
啓発の推進
・収益性が高くない活動を支えるための、金融機関からの資金調達の円滑化
・大学等に専門的な教育プログラムを構築することを促すなど、社会的企業を担う人材を
育成
・社会的企業の多くを占めるＮＰＯ法人による中小企業施策の活用拡大
・資金調達等を容易にするなど、国や地方自治体による社会的企業の信用力補完制度の創
設
中小企業の各種相談の充実と事業再生
●地域力連携拠点など中小・小規模企業に対するきめ細かな支援を行う一本化された相談
窓口として、融資相談･経営相談･販路開拓・再生支援など相談内容ごとに複雑化した経営
課題解決に向け、一層充実したワンストップサービスの提供を図ります。
●事業承継にかかるワンストップサービスを提供する「事業承継支援センター」による使
い勝手の良い事業承継制度の運営を図ります。
●中小企業再生支援協議会の機能を強化するとともに、改正産業活力再生特別措置法の活
用等により地域経済を支える中小企業の事業再生支援を強化します。
●中小企業の事業再生のために必要な資金を供給する環境を整備するとともに、再チャレ
ンジに関して気軽に利用できる相談窓口の拡充を図ります。
●下請中小企業の相談体制の拡充や、下請代金支払遅延防止法の運用強化などの下請取引
の一層の適正化により、下請中小企業支援を総合的に実施し企業規模別や業種別の格差是
正を図ります。
●起業のためのすべての諸手続きをインターネットでできる「ワンストップ・サービス」
を実現し、開業率が廃業率を上回る「再チャレンジ社会」を実現します。
地域コミュニティーを担う商店街を応援
●地域コミュニティーの再生や地域経済の振興を図るため、中小小売商業振興法や地域商
店街活性化法、中心市街地活性化法などの関係法制を抜本的に見直し、ソフト・ハード両
面にわたる商店街ならびに中小小売商業者への総合的な支援の拡充を図ります。
●地域コミュニティーを担う中核的存在である商店街支援のため、低炭素社会や安心・安
全、少子高齢化などの地域社会の課題に対応する商店街の取り組みを支援する中小商業再
生事業予算の確保と増額を図ります。
●空き店舗対策などの商店街整備事業に取り組む商店街振興組合等に土地を譲渡した場合
における特別控除の適用要件の緩和を図ります。
●空き店舗を活用した地域物産展開催、子育て支援施設の設置など地域住民の役に立つ取
り組み支援など、商店街を地域コミュニティーの顔として住民が憩える場所に活性化しま
す。
●全国商店街支援センターの活用により、商店街活性化のための人材育成、ノウハウ提供
の推進を図ります。
●各種条例の制定などにより、スーパー・百貨店・量販店など進出した大型小売店の地域
商店街活動への参加を促します。
新現役人材の支援と若手技術者への継承
●高い能力と経験を持つベテラン人材が第一線を退いた後（新現役人材）もその力を活か
して企業や教育の現場で活躍し続けられるよう、人材の発掘やマッチングを行う地域拠点
を拡充します。また、新現役人材データベースの登録数 3 万人を目指すとともに、企業ニ
ーズの掘り起こしと新現役人材とのマッチング事業を積極的に支援します。（2009 年 6 月
現在登録数：9,274人）
●中小企業のベテランの技能・技術を若手技術者が継承しやすくするため、産学連携製造
中核人材育成事業により大学・高専等の教育機関で 100 講座を開設し若手人材を育成しま
す。
●地域コミュニティーを活用して団塊の世代が新たに活躍できる場を提供するなど、各地
域の経済発展と安定的雇用を確保するため、適切なワーク・ライフ・バランスを図り各種
人材の育成と活用に視点を置いた取り組みを行います。
●英国で導入されている「ギャップイヤー」制度を日本でも導入し、大学合格後1―2年間、
中小企業やボランティアを経験できるようにするとともに、新卒一括採用方式の見直しを
進め、多様な職業選択が可能な社会を構築します。
●職人見習期間の賃金支払への助成制度創設や、職業学校授業料の減免など伝統工芸品の
後継者育成策を充実します。
●経験・資金不足のために優れたアイデアを活かしきれない学生起業家を相談支援、資金
援助の充実でバックアップします。
経済基盤強化へ、中小企業の知財活性化策
●研究力・開発力・信用力の向上など中小企業の経営基盤の強化に資する知的財産の活用
を促進するため、法整備や税制措置など戦略的なインフラ整備を行い、創造・活用・保護
など知的財産活用促進のための総合的支援を強化します。
●経営基盤の弱い事業者による知的財産の創造のため総合的な支援策を講じるとともに、
技術およびビジネスモデル等における知的財産権の獲得と確保に向けた軽減措置に取り組
みます。
●知的財産権の発掘・強化・拡大に向けた産学連携モデル事業の推進を図るとともに、共
同研究の成果を迅速に事業化に結びつける仕組みを整備します。
中小運送業などへ、原油高対策支援
●中小トラック運送業における下請け･荷主適正取引推進や、燃料サーチャージ制の普及･
徹底のため、経団連をはじめ荷主団体等への強力な協力要請を進めます。
●原油高騰で深刻な打撃を受ける中小運送業者支援として、セーフティネット保証料の一
部補助や、省エネ型事業を実証する中小･小規模企業へ燃料費高騰分の一部を補てんする事
業の実現を目指します。
下請け・官公需対策
●下請代金支払遅延等防止法の改正ならびに執行強化、下請適正取引推進ガイドラインの
活用、下請企業の相談受付体制の充実など、下請企業に過度な負担となっている取引慣行
を是正します。
●地域建設業に対する総合評価制度を異業種にも適用できる制度を創設し、国や自治体の
調達における、地域中小企業の受注機会の拡大を図ります。
国民目線での独占禁止法等の適切な運用
●不当廉売や優越的地位の乱用などに対する課徴金や罰則の強化を受け、国民目線での運
用を図るためのガイドラインを策定します。また、将来的には公平かつ公正で、健全な企
業活動を確保するための透明性の高い審判制度の構築を図ります。
●新たな商取引の在り方に見合う独占禁止法・下請法等の適切な運用のため、マンパワー
の確保に努めます。
低炭素社会の構築へ向けた新エネルギー戦略
新たなエネルギー戦略を構築
●原油高騰など国民生活を圧迫するリスクを回避し、エネルギーの安定供給に向け、エネ
ルギー自給率目標の設定など新たな中長期の目標を含めたエネルギー戦略を構築します。
資源外交の推進と資源市場の安定化を
●石油・天然ガスに加えレアメタルなどの各種資源を含めた広範な産出国と消費国間の対
話の一層の推進や、商品取引市場の透明性の確保など原油等資源市場の安定化への取り組
みで、価格の安定化を図ります。
「資源大国」を目指した取り組み
●わが国近海に存在するメタンハイドレート、海底熱水鉱床の実用化に向けた取り組みを
進め、わが国の資源・エネルギーの海外依存度の引き下げを実現します。
●都市鉱山開発、国際的な資源獲得戦略、水処理技術の国際展開の強化などによる「資源
大国」の実現を目指します。
●森林や下水汚泥などバイオマスの活用によるエネルギー利用や、海洋資源、海中資源の
抽出等によるレアメタル等の獲得施策を推進し、ニュービジネスの展開を図ります。
厳格な原子力発電運用で住民理解と安全を確保
●エネルギー安定供給と地球温暖化対策の推進のため、原子力発電の安全性を確保しつつ
稼働率を上げるなど適正に推進します。
●原子力発電所の安全審査を厳格に行うとともに、新耐震指針を踏まえた耐震バックチェ
ックの厳格運用など安全性を向上させるための新検査制度を導入し、地域住民の理解と安
全を確保します。
●原子力発電の一層の安全性の強化を図るため、事故情報の迅速な開示など事業者の体質
改善を一層促進します。
●世界でトップレベルにあるわが国の原子力安全技術を展開することを通じて、原子力の
平和利用や安全ネットワークの構築にリーダーシップを発揮します。
ＩＣＴ（情報通信技術）による経済の底力発揮
ＩＣＴ産業のグローバル化の推進
●ワイヤレス、デジタル放送、次世代ＩＰネットワークなど、わが国が強みを発揮しうる
ＩＣＴ産業分野について、特にアジア地域に重点をおいたグローバル展開を積極的に推進
します。
●日本ＡＳＥＡＮ（アセアン）経済連携協定後の中長期的なアセアンとの協力として、ア
ジア地域での「グリーンＩＣＴ」の推進・企業情報セキュリティの確保・電子商取引の環
境整備・ＩＣＴ人材育成など、ＩＣＴを活用したより高度な知識経済圏の構築に向けた協
力プロジェクトを推進します。
ＩＣＴ産業の成長促進
●2010年代に成長が期待される新たな電波利用システムやサービスの実現、わが国が強み
を持つ分野について研究開発の加速化などにより、現在約 100 兆円のＩＣＴ産業の市場規
模を、2015―20年に倍増させます。
デジタルコンテンツ市場の拡大
●放送コンテンツなどわが国が強みとするコンテンツの流通促進により、わが国コンテン
ツ市場を約５兆円拡大させます。
国民電子私書箱構想の推進
●2015年までに、国民が自らの年金記録などの情報を入手・管理することができ、また、
幅広い分野で24時間簡単にワンストップの行政サービスを利用することができる「国民電
子私書箱」構想を実現します。
地上デジタル放送への円滑な完全移行の実現
●2011 年７月の地上デジタル放送への円滑な完全移行に向けて、デジタル受信機やチュー
ナーの国民への一層の普及促進を図ります。また、地形や建造物等によるデジタル難視聴
対策を推進します。さらに、適正な廃棄・リサイクルの一層の推進など、環境に配慮した
取り組みを行います。
デジタルディバイドの早期解消
●市町村が実施するブロードバンド整備に対して支援を行い、「ブロードバンド・ゼロ地域」
の解消を早期に実現します。また、ブロードバンドと防災・医療等の公共的アプリケーシ
ョンとの一体的整備を推進します。さらに、市町村が実施する鉄塔整備に対して支援を行
い、携帯電話がつながらない地域を解消します。
携帯電話のさらなる利便性の向上と料金引き下げ
●携帯電話のＳＩＭロック解除や、携帯メールアドレスの持ち運び等により、さらなる利
便性の向上を図るとともに、携帯電話料金の引き下げを行います。
※ＳＩＭロック：携帯端末に使われるＳＩＭカードに制限を設け、他会社の携帯端末に自
由に着脱できないようにする仕組み
ＩＣＴによる安心・安全な地域社会の実現
●ＩＣＴ関連技術を活用して、遠隔医療、児童・高齢者見守り、防災情報提供などの取り
組みを推進し、地域住民が安心・安全を実感できる環境をつくります。
テレワークの推進
●子育て中の女性、障がい者等の就業機会の拡大、ワーク・ライフ・バランスの実現等の
観点からテレワーク（ＩＣＴを活用した場所と時間に制約されない柔軟な働き方）の普及
拡大を推進します。
違法・有害情報対策の推進
●青少年が安全に安心してインターネットを利用できるようにするため、全国で青少年の
リテラシー（情報の理解力・発信力）を向上させる活動やインターネットが青少年に与え
る影響の調査を踏まえた的確な対策、違法・有害情報の検出等に資する技術開発への積極
的な支援を行います。
電子行政クラウドの推進による行政の効率化
●クラウドコンピューティング技術などの最新の技術を活用し、中央省庁の保有する情報
システムのハードウエアの統合化・集約化などを図る「霞が関クラウド」の実現により、
中央省庁の情報システム経費を削減します。また、地方公共団体の保有する情報システム
についても、可能なものから統合・集約などを図る「自治体クラウド」の構築を推進しま
す。
※クラウド：ユーザーが自分のコンピューターでデータを加工・保存することなく、｢どこ
からでも、必要な時に、必要な機能だけ｣利用することができる新しいネットワークの利用
形態（クラウド＝雲）
医療分野におけるＩＣＴ利活用による医療の質と安全性の向上
●地域の医師不足などの問題に対応するとともに、全国で質の高い安全な医療を受けるこ
とを可能とするため、ＩＣＴを利用した遠隔医療を推進します。
高度ＩＣＴ人材の育成
●ＩＣＴに関する技術や利活用方法を理解し、高い付加価値を創造できる高度ＩＣＴ人材
について、産学官連携によりその育成拠点の形成を図ります。
情報バリアフリーの推進
●高齢者・障がい者が使いやすい情報通信機器・技術の開発およびサービスの提供の促進
等により、ユニバーサルデザインの普及促進を実施するとともに、字幕放送・解説放送等
を普及・促進します。
グリーンＩＣＴの推進
●ＩＣＴの利活用で、エネルギー利用効率の改善、人・モノの移動の削減、生産・消費の
効率化、ＣＯ２排出量の可視化などにより、ＣＯ２削減を図ります。また、環境性能に優
れたデータセンターへの統合などにより、ＩＣＴ産業自体の省エネルギー化を推進します。
●ＩＣＴ機器の省エネを進める「ＩＣＴの省エネ」と、エネルギー管理や道路交通システ
ムなど「ＩＣＴを用いた社会の省エネ」を両輪として、2030年に日本が目指す省エネ目標
分の、３分の１の省エネに貢献します。
魅力ある農林水産業・農山漁村づくり
世界的な食料価格高騰や食の安全に対する関心の高まり、さらには、わが国の食料自給率
の低さや農林漁業者の高齢化などの課題に対し、将来も持続可能な農林水産業への改革が
求められています。公明党は、農林水産業が産業として自立するための構造改革を推進す
るとともに、農林水産業を魅力のある仕事としていく環境づくりと農山漁村の生活環境の
整備を進めます。
食料自給率 50％を目指して
●2015 年度までに食料自給率をカロリーベースで 50％、金額ベースで 80％程度に引き上
げることを目指します。そのために、公明党としてまとめた「食料自給率 50（ごーまる）
プラン」（2008年6月19日発表）を実施するよう国に求めます。
※食料自給率50プラン：米の活用、地産地消の推進、輸出の促進など、消費・需要拡大対
策を図ることで、食料自給率向上に資する提案
●輸入への依存度を引き下げるため、産地確立交付金など水田フル活用に向けた対策を大
幅に強化し、麦・大豆等への支援を拡充するとともに、米粉用・飼料用など新規需要米へ
の支援を充実します。また、飼料米や食品残さを加工処理した飼料「エコフィード」など
の自給飼料の利用拡大を図ります。
●水産物の自給率65％を目指し、つくり育てる漁業を推進します。
●食料安全保障を確立するため、食料安全保障に関する国の基本方針を策定します。国内
の供給力の向上のほか、輸入食品の安定確保を図るための国際ルールの確立や国外農業へ
の投資、備蓄の充実など総合的な取り組みを行います。
食の安全・安心を確保
環境保全型農業の推進
●化学肥料・農薬の使用を抑制するために、土壌診断など土地管理対策を推進します。ま
た、家畜伝染病対策を進めます。
●消費者に的確な情報を伝えられるようＪＡＳ法改正などで食品の不正・虚偽表示対策を
強化するとともに、加工食品等の原産地表示の充実を図ります。また、食品へのトレーサ
ビリティーシステム（生産流通情報把握システム）の導入を促進します。
●食の安全を確保するため、生産段階でのＧＡＰ(農業生産工程管理手法)や、製造段階での
ＨＡＣＣＰ(危害分析・重要管理点)手法の導入を支援します。
活力あふれる農業に再生
農業所得の向上と安定化
●農業所得を向上させるには需要拡大策と販売対策が重要です。国産農産物の需要拡大に
向け、地産地消の推進や消費拡大キャンペーンの実施などを推進するとともに、「食料自給
率50プラン」に基づく取り組みを国に求めます。さらに、米飯給食の拡大や災害用の非常
用保存食・アルファ化米の備蓄を推進します。
●農商工連携事業の推進、直売所の普及や農業販売会社の設立など販売促進の支援、輸出
支援など販売対策を行います。
●米作の収入減少影響緩和対策における標準的収入の算定を見直し、セーフティネットを
充実します。
●生産目標の都道府県間調整で適地適作を進め、水田フル活用を一層進めます。
●食料の安定供給のため、植物工場や超長期冷凍技術の導入による周年供給体制の整備を
支援します。また、農用機械等のリース助成を充実しコスト軽減を支援します。省エネな
どに取り組む農業・漁業者などへ燃料費高騰分の一部を補てんします。
●高温障害への対応に関する情報の提供や育種戦略の立案など高温障害対策を講じます。
●持続可能な農業を推進するため、肥料・農薬・家畜の糞尿による土壌や水質など環境へ
の負荷を抑える農業（畜産業を含む）の取り組みに対して、直接支払いを行います。
農の雇用の拡充、農地の有効利用
●若者等の就業を支援するとともに、農業経営を学べる｢農業ビジネススクール｣の推進や
農業生産法人への経営支援策の充実を図るなど、農の雇用を拡充します。
●農地の有効利用を図るため、農地集積につながる農地の賃借に対して交付金を支給する
制度を促進します。
●高齢農業者の経営資源を円滑に継承するため、農業経営継承事業を推進します。また、
第一線を退く農業者に新規就農者等の農業指導員や農業委員会協力員として従事してもら
う農業・農村人材バンクを推進します。自ら耕す自給的な農地については確保します。
つくり育てる漁業の推進
資源管理で持続的な漁業へ
●水産資源の適切な管理を推進するため、ＴＡＣ（漁獲可能量）の決定プロセスの改善を
図るとともに、対象魚種を拡大します。資源回復計画の着実な実施を図ります。
●藻場・干潟、魚礁など漁場の整備を行うとともに、廃棄された漁具等による魚類への被
害である「ゴーストフィッシング」対策を行います。また、栽培・養殖漁業への支援を拡
充します。
漁業所得の安定化
●漁業所得を安定化させるため、地域・グループによる協業化・省エネ化の取り組みを支
援します。
●地元農水産物の直販施設である「フィッシャーマンズ・ワーフ」などの整備、輸出支援
などの販売対策を講じます。地産地消の推進、学校給食での利用など需要拡大を図ります。
●漁港などの周辺地域等における漂流漂着ごみ対策や防風林の整備など、海岸環境の改善
を図るとともに、防災対策を強化します。また、漁業の有する多面的機能を評価し、重要
な役割を担っている離島等の生活環境の改善を図ります。
木材需要の創出で山村・林業を活性化
「木材利用推進法」の制定で木材自給率を向上
●木材自給率を2012年までに25％に引き上げます。「木材利用推進法」の制定で、森林資
源産業と住宅・木製品産業の連携を図ることで国産材、地元材の活用を促進するなど、総
合的な需要を創出策を講じます。
●国産材の需要拡大に向け、「木づかいカーボンストック減税」（住宅に一定量の木材を使
用した場合に税額控除）等を導入します。また、国内クレジット制度と連動し、森林整備
を支援するカーボン・オフセット（ＣＯ２排出の埋め合わせ）を推進します。
●木材の供給力を向上させるため、定額助成で間伐の実施や路網の整備、境界の明確化事
業を支援します。また、「提案型集約化施業」の普及や事業者の協働により安定的に木材を
供給できる体制づくりを支援します。
※提案型集約化施業：複数の森林所有者に対して、森林組合が一体的に伐採などの施業を
提案し実行すること
●「緑の雇用事業」による高性能林業機械の操作研修などの人材育成を推進するとともに、
高性能林業機械・乾燥設備等の導入を支援します。
森林循環の確保
●森林循環を確保するため、複層林化や針広混交林化等を推進するとともに、再造林の促
進を図ります。
●再生可能な有機性資源であるバイオマスの利用を総合的に推進するための環境を整備し
ます。また、木質ペレットなど木質バイオマス利用を促進します。特に、年間 2,000 万㎥
に上る林地残材をバイオマス等で活用するための取り組みを支援します。
農山漁村の生活環境を整備
中山間地域や都市部の農業への支援
●地域の活性化や農地等の保全のために、中山間地域等直接支払、農地・水・環境保全向
上対策を拡充します。鳥獣被害対策の予算を確保し被害対策を推進します。
●都市にあって多面的な機能を担う都市農業が持続可能なものとなるよう、都市農地に対
する相続税の納税猶予制度を維持しつつ、都市農地の保全を含めた都市政策全体の国のビ
ジョンを策定します。
農山漁村の生活環境整備
●日常生活に必要なサービス（買い物や福祉サービスなど）を一元的に提供する拠点「村
のコンビニ」づくりを推進します。
●農村におけるレジャー農業の機会を提供するため、農地を確保するとともに体験農園等
の整備や棚田オーナー制度などへの支援を推進します。
日本の豊かな未来像を描く、国土形成
経済不況からの脱却を図り、人口減少の中で安定した成長を確保するとともに、低炭素社
会を構築する中で、活力と安心、ゆとりある地域生活を確保するため、新たな時代の新た
な国土形成を目指します。
道路整備計画からムダを排除するなど、国民目線に立った真に必要とされる国土の総合的
かつ体系的な利用と開発と保全のハード・ソフト両面にわたる未来像を描くため、「経済成
長と活力の確保」「特性を生かした地域の発展」「文化と景観、観光の推進」「暮らしの安全
と安心」「低炭素社会を構築」に貢献する諸施策を実行します。
経済成長と活力の確保
景気回復へ、工事前倒し発注
●公共工事の入札契約制度改革を進め、公正公平な建築土木市場の構築を図るとともに、
地域経済を活性化し地域の防災に貢献する地域建設土木業の経営基盤の強化を図るために
も、総合評価制度の機動的な運用で地元企業への優先発注を実現します。
●学校の耐震化やバリアフリー化など社会資本ストックの保全事業や調査事業、地方道路
をはじめとする遅れ発注の早期是正を行うとともに、経済対策の一環として３年間の前倒
し実施を行います。
経済対策と低炭素社会構築の両面の効果をもたらすため、適正な社会資本整備の推進とし
て未整備の高速道路や東京外環道等の３環状道路のミッシングリンクの早期結合を図りま
す。
ゲリラ豪雨対策として、中小河川、都市部河川の整備を前倒しして推進します。
社会資本ストックの戦略的管理
●高度経済成長期に集中投資した道路、河川、下水道、港湾、公営住宅などの社会資本ス
トックの老朽化に対応する、長寿命化計画の策定や予防保全などの計画的な実施を推進す
る、戦略的な維持管理体制を構築し、安全・安心の確保とライフサイクルコストの低減を
図ります。
●すべての社会資本ストックに対する非破壊検査技術の導入を進め、ＩＣタグと人工衛星
が連動したセンシング技術の導入で、災害時の対応をはじめ適切な予防保全管理を可能と
する効率的な点検・検査の技術開発と体制整備を進めます。
中古住宅市場などの活性化
●中古住宅市場の流通量を３倍に増やします。
・リフォーム工事保険などの各種保険制度の創設
住宅リフォーム融資制度の拡充
中古住宅の価値を目利きする「ホームドクター（ホームインスペクター）制度」の創設
●中古住宅市場の流通促進と長期優良住宅（200年住宅）の普及などを促進するため、住宅
の設計図や修繕記録などを記した「家の履歴書」の整備を図ります。
●マンション管理適正化法の拡充により、マンションの適切な管理や老朽マンション再生
の促進を図ります。
●住宅金融支援機構による住宅ローンの拡充や、既往債務の返済条件の緩和、ノンリコー
スローン（担保不動産価値を上回る返済のない融資制度）が提供される仕組みの構築など、
住宅金融の拡充で住宅市場の活性化を促します。
安心安全な住宅供給と生産性向上の両立
●新築はもとより、リフォームやバリアフリーなどの改修工事において、安心安全な住宅
の供給と住宅建築市場の活力を両立すべく建築基準法の一層の整備や機動的な運用を行い
ます。特に、耐震偽装などを未然に防ぐ厳格な建築制度の確保と建設業の生産性向上の両
立を目指し、構造計算適合性判定の円滑化を図るなど、建築確認手続きのスピードアップ
を図ります。また、住宅建築にかかる速やかな紛争処理を行う機関の設置と、詐欺対策、
悪徳業者対策に取り組みます。
建築基本法の制定
●建築関係者をはじめ広く国民が共有できる質の高い建築物の整備に向け、目標や基本理
念、関係者の責務を定める「建築基本法」（仮称）を制定します。
ＰＦＩ制度の積極的活用
●ＰＦＩ制度（公共施設等の建設、維持管理、運営等を民間の資金、経営能力および技術
的能力を活用して行う手法）の一層の活用を促し、コストパフォーマンスの高い（低コス
ト高サービス）公共サービスを提供します。
単品スライド条項の適用拡大
●資材価格の急騰急落に対応する単品スライド条項の適用を拡大し、同条項の適切な運用
と着実な実施を推進し、税金の適正な活用と建設事業者への影響を低減します。
特性を生かした地域の発展
新たな交通総合システムを構築
●道路に対する国民ニーズの多様化を踏まえ、コンパクトシティの推進などまちづくりと
ともに、自動車中心の道路の在り方を転換し、歩行者や自転車が安全・快適に通行できる
よう、既存道路の歩行者専用道路への転換、トランジットモール（一般車両を制限して歩
行者・自転車・公共交通機関に開放された道路）等の新しい専用道路概念の導入など生活
に密着した人間重視の道路整備を推進します。
●鉄道・自動車・船舶・航空などの各種交通機関の特性と地域ニーズに的確に対応し、低
炭素社会に資する新たな交通総合システムを構築するとともに、地域間格差を是正する交
通ネットワークの整備を着実に実行します。
●ＬＲＴ（低床式路面電車）の整備や地方鉄道の再生、低床バスの普及など、地域の公共
交通機関の整備促進を図ります。
●整備新幹線を着実に整備し人材交流や地域間連携の確保・強化を図ります。また、超伝
導リニアの早期実用化を図るため所要の措置を行います。
●国際空港のハブ（拠点）機能の強化や、中枢港湾の機能の強化を図り、国際競争力の回
復を図るとともに、モーダルシフト（トラックや航空機による輸送から、環境に与える負
荷が小さい鉄道や海運などの輸送手段に転換すること）を進めます。港湾・道路整備とと
もに、地域の特性とニーズに見合う空港機能の強化および、利便性の高い航空政策の展開
を図ります。
●既存の高速道路ネットワークの効率的な活用を図り、スマートインターチェンジ（高速
道路の本線やサービスエリア、パーキングエリア、バスストップに設置するＥＴＣ専用の
インターチェンジ）を整備促進します。
●公共交通事故を未然に防止するため「公共交通安全対策総点検」（仮称）を実施するとと
もに、運輸安全委員会の厳格かつ果断な運用を行います。
高速道路料金の大幅割引
●物流の効率化を図るため高速道路料金をさらに引き下げます。
●現在の高速道路料金割引制度の恒久化を目指します。
都市再生、コンパクトシティの推進
●都市基盤のインフラ整備はもとより、地域の特性を生かしたソフト面の整備を支援する
体制の整備を行います。優良な民間都市開発を支援するため、民間資金やノウハウを活用
して都市再生・地域活性化関連施策を推進します。政府系金融機関ならびに民間都市開発
推進機構による資金繰り支援を実施し、事業の活性化を促します。
●医・職・住・遊など日常生活の諸機能を集約したコンパクトシティの推進で、歩いて暮
らせる安心で快適な生活圏の形成と低炭素化を図ります。
●歩行者、自転車、自動車の安全な通行環境を確保するため、道路空間の再配分等により
自転車専用の走行空間を新たに 1,000 路線で整備するともに、駐輪場の整備を図るなど快
適な自転車利用の普及に努めます。
●市街地幹線道路、歴史的町並保全地区、観光地などの無電柱化事業（10年間で2.2万㎞、
残り約1.9万㎞）を実現します。併せて沿道の植樹を進めます。
過疎地域など条件不利地域へ配慮
●離島・半島・豪雪地帯・山村地域などの条件不利地域の生活交通手段の確保などの生活
基盤整備に配慮します。
・フェリー等の運賃の低減などの離島航路対策により島嶼（しょ）地域の生活コストを低
減
・コミュニティーバス、デマンド乗り合いタクシー、福祉タクシーの倍増
・地方の赤字バス路線などの維持のための公共交通に対する公的助成
暮らしの安全と安心
防災・減災対策を強化
●地球温暖化にともなう気候変動による集中豪雨や土砂災害、風水害、地震、津波・高潮、
豪雪対策など防災・減災対策を推進、強化します。海抜ゼロメートル地帯等における海岸
保全施設の老朽化・耐震化対策、中小河川の治水対策、土砂崩れ対策、緊急物資の輸送に
資する臨海部防災拠点の整備を推進します。局地的集中豪雨（ゲリラ豪雨）などによる洪
水予測の強化や情報伝達の迅速化を図るとともに、避難経路確保や緊急災害対策派遣隊を
拡充・強化します。また、被災者生活再建支援法等、災害関連法制の一元的運用にむけた
体制を構築します。
耐震化を加速
●今後10年間に住宅700万戸、学校や病院などの特別建築物５万棟とその他建築物50万
棟について、建て替え・リフォームなどで耐震化を進め、2020年までにすべての住宅・建
築物の耐震化を目指します。
●2020年までに全国の密集市街地で救急車・消防車の進入可能な暫定進入路確保事業を完
了させるとともに、同地域のリノベーション（既存建物を大規模改装し耐震性や省エネ性
能などの用途や機能を高度化し建築物に新しい価値を加えること）を加速化します。
バリアフリーの推進
●2010年までに１日の乗降客が5,000人以上のすべての駅ならびに周辺地域のバリアフリ
ー化を実現します。今後２年間を集中取り組み期間として目標達成を目指します。
また、1日の乗降客が5,000人未満の場合でも地域の拠点になっている駅でのバリアフリー
化を順次推進します。
一定基準以上の駅で鉄道ホームドア（可動式ホーム柵）の設置を推進します。
●全国に 600 カ所ある「開かずの踏切」を、高架化や拡幅、横断歩道橋、交通迂回などに
よって 2016 年までに 100％解消するとともに、「賢い踏切」を導入するなどスムーズな交
通網を整備します。
※「賢い踏切」：急行・各停など列車の速度の違いを判断して、警報開始時間を最適化する
踏切。これにより待ち時間の短縮につながる
●ビルやマンション等のコンクリート建築物、エレベーターやエスカレーター、遊園地の
遊具施設などの建築構造体の適切な維持管理を実施するために、非破壊検査技術の導入に
よるエコ検査の技術開発と検査体制を確立し建築物の安全を確保します。
住宅セーフティネットの確保
●高齢者等の持ち家を借り上げて、子育て世帯等に転貸する「住み替え支援事業」を幅広
く展開します。また、リバースモーゲージの普及を促進します。
※リバースモーゲージ：高齢者等が持ち家を担保に自治体や金融機関から融資を受け死亡
時に一括返済する制度
●良質な民間賃貸住宅の供給や賃貸に関わる紛争の防止など、適正な民間賃貸住宅市場を
整備します。介護サービスや生活支援サービスを24時間365日受けられるようケア付きの
高齢者向け賃貸住宅を 2014 年度までに新たに 15万戸供給します。また、公的賃貸住宅団
地に医療・介護・子育てなどの施設を１施設以上整備し、地域の福祉拠点として再生しま
す。
●高齢者向けに優しい街づくりを進める「安心住空間プロジェクト」を一層推進すること
で、高齢者向け民間優良賃貸住宅や公的賃貸住宅団地等において介護等の高齢者向け福祉
拠点を一体整備するとともに、民間賃貸住宅に高齢者福祉施設を整備するための助成制度
を措置します。
●保育サービス等を提供する子育て支援施設や障がい者福祉施設などが併設された公的賃
貸住宅の整備を推進します。
公的住宅の整備促進
●地方公共団体による既存民間賃貸住宅ストックの借り上げ制度やＰＦＩ方式による公営
住宅ストックの更新など、民間に管理を委託する等柔軟な方式で、高齢者世帯・子育て世
帯の家賃負担を軽減する住宅セーフティネット対策を強化します。
●高齢者および障がい者が居住する公営住宅のバリアフリー化率を2015年度までに100％
にします。また、民間住宅についても現行のバリアフリー改修税制の充実を図るなど高齢
者や障がい者が安心して暮らせる環境を整備します。
●公的住宅の家賃減額措置等を拡充し、子育て世帯や年金生活者等の安定居住確保に向け
た支援措置を実施します。
また、大規模地震災害対策や孤立死問題への対応など、団地居住者と周辺住民とのコミュ
ニティーを形成する地域交流福祉拠点を目指します。
●公的住宅への定期借家制度の導入について、既存の住民の権利と暮らしを脅かすことの
ないよう、理解と協力に基づき適正に運用します。
●都市再生機構（ＵＲ）の賃貸住宅ストックの活用など、既存居住者をはじめ高齢、子育
て、新婚など住宅困窮世帯の住宅セーフティネットとして40万戸確保します。
低炭素社会の構築
環境保全型事業の推進
●公共事業の実施にあたっては、環境アセスメントの導入を推進し環境保全型事業を推進
します。
●地下水・下水再生水・雨水など眠っている水源を活用して、緑地の拡大や公園の整備、
散水などヒートアイランド対策をはじめとした「水と緑のネットワーク」の保全・再生・
創出のための施策を推進します。
省エネ住宅や省エネ建築の整備促進
●住宅投資を促す税制などにより、長期優良住宅の普及や既存住宅のリフォームを強力に
促進し、住宅の長寿命化・省資源化策を推進します。
●住宅・建築物の高断熱化、高効率化機器等やビル用エネルギー管理システム等の導入支
援、屋上緑化・壁面緑化の一体整備の推進、エコハウス、エコビルの増加やエコ改修の普
及を図ることにより、住宅・建築物の省ＣＯ２対策を推進します。
●屋上緑化、電線地中化後の樹木設置などによる都市基盤整備の推進により景観と低炭素
社会の基盤整備を進めます。
省エネ交通システムの整備促進
●外部電源式アイドリングストップ冷暖房システムによる「エコトラックパーク」を実現
します。また、船舶版アイドリングストップへの支援や荷役機械の省エネルギー化も推進
します。
●自動車整備工場におけるエコカー検査技術の支援を早急に行います。
●サービスエリアや道の駅にプラグインハイブリッド自動車や電気自動車用の急速充電装
置の設置を推進します。高速道路の壁面への太陽光発電設置を推進します。
●ヒートアイランド対策とゲリラ豪雨対策の一環として、透水性・保水性に優れた自然土
舗装材や廃コンクリートからリサイクルしたブロック材と緑化による「エコ歩道」や「エ
コパーキング」を整備します。
地域の活性化へ観光の推進
長期休暇の弾力的取得
●ＧＷ（ゴールデンウイーク）期間の方面別取得、秋のＧＷの創設を図り、混雑などロス
のない経済効果を確保します。
家族旅行や個人旅行で地域を活性化させるため、長期休暇取得の推進や学校長期休暇の分
散化を推進します。
●地域の歴史や文化、自然や景観に触れ体験するエコツーリズムの積極支援など、子ども
などの情操教育の一助となる観光形態を支援します。
外国人観光客誘致へ環境整備
●外国人観光客を2020年までに年間2,000万人を目指し、人材育成や外国語表示の充実な
ど外国人受け入れ体制を強化します。
●燃料税や空港使用料の低減などで、オープンスカイに対応できる航空会社の経営基盤を
強化するとともに、航空運賃の値下げを実施して、国内観光の活性化を図ります。
●アジア･ゲートウェイ構想を着実に具体化。成田･羽田空港間の移動を含めた一体的な 24
時間運用を実現するなどハードインフラの整備とともに、利便性の高いトランジット（乗
り換え機能）等のソフト整備を実現します。羽田―北京間の日中定期チャーター便の就航
を推進します。
その他
気象観測機能の強化
●基幹的広域防災拠点の整備と、地震監視機能の強化など災害緊急情報収集・伝達システ
ムの構築を図り、緊急地震速報や津波情報、土砂災害警戒情報など迅速かつ的確な防災情
報の提供を図ります。
地球温暖化に対応するため、陸・海・空あらゆる角度からの観測・監視を強化します。ま
た、わが国における温室効果ガスや気候変動に関する極端な現象の感知・予測体制を強化
します。
海上の安全確保
●海賊および海上テロ対策、密漁や麻薬取引などの犯罪対策と安全確保のため、海上保安
庁と外国の関係機関との連携訓練など相互協力を強化するとともに、高性能な巡視船艇・
航空機の整備などを進め、一層の体制強化を図ります。また東南アジア諸国やソマリア周
辺諸国の周辺海域における法執行能力向上のための人材育成支援を推進します。
●国内海運事故を未然に防ぐため、ＡＩＳ（船舶自動識別装置）を活用した航行支援シス
テムの積極的運用による迅速かつ確実な情報提供など必要な措置を講じます。
５ 地方分権をすすめ、地域主権型道州制へ！
地域主権型道州制の導入
公明党は地域主権型道州制導入の道筋を明確にします。
国の出先機関の廃止・縮小、地方の税財源の充実等のため、新「地方分権一括法」を制定
し、地方分権を新たなステージへ移行させます。
その後、国民的議論を喚起しつつ、３年を目途に「道州制基本法」を制定し、概ね10年後
から地域主権型道州制に移行します。
これにより、国のカタチを大きく変え、21 世紀にふさわしい効率的な政府を確立します。
自立した「地方政府」の確立により、各地域の活性化を図るとともに、身近な行政サービ
スを充実し、住民本位の地域づくりを進めます。
地域主権型道州制の導入
道州制の意義―地域活性化で日本を元気に！
●これまでの中央集権体制を根本から変え、中央政府の権限は国でなければできない機能
に限定し、日本の各地域が、地域の生活や振興に関して独自の決定ができる権限を行使す
る「主権」を持つ「地域主権型道州制」を導入します。
●地域主権型道州制のもと、各道州がそれぞれの地域で潜在力を発揮し、活性化や国際交
流のための拠点整備を行い、自立可能な経済構造を創造することにより、日本全体に活気
をもたらします。
●中央の官僚が主導するのではなく、住民本位の地域づくりを行います。そのために自治
立法権、自治行政権、自治財政権を備えた地方政府を確立します。
●地域主権型道州制の導入を進める中で、国の縦割り行政の解消や国と地方の二重行政の
解消を図り、さらに、各道州による地域のニーズに柔軟に対応した効率的・効果的な行政
と責任ある財政運営を行います。
制度設計
●国、道州、基礎自治体の３層構造とします。
●基礎自治体の在り方について、福祉、教育など住民福祉を効率的に実施するため、一定
の規模が望ましいところですが、原則として道州が判断することとします。
●国民生活に関する行政は、一義的に基礎自治体が担い、広域的な補完は道州が行うこと
とします。
●道州には道州議会を設け、道州の首長および議会議員は、その地域の住民による直接選
挙で選出します。
道州制移行の道筋
●内閣に「検討機関」を設置し、３年を目途に「道州制基本法」を制定します。
●概ね10年後から移行します。
新「地方分権一括法」の制定、国と地方との協議の場の法制
化
●地域主権型道州制の導入に先立ち、国と地方の役割、事務事業の抜本的見直し、基礎自
治体への権限移譲と自由度の拡大のため、新しい地方分権一括法を制定します。その際、
国と地方の代表等が地方自治に関して協議を行い、地方が権限を有する「分権会議」（仮称）
を法定します。
国の出先機関の廃止・縮小
●国の出先機関について、地方分権改革推進委員会の第２次勧告に基づき国と地方の役割
分担を明確にしながら、事業の仕分けを行い、出先機関の廃止・縮小を大胆に実施します。
そして国の事務・権限を大幅に地方に移譲します。道州制の導入の際には、ブロック別機
関については、道州制への移行を含め大胆な見直しを図ります。
地方の税財源の充実
●自立した基礎自治体の構築のため、課税自主権を拡大し、地方交付税の財政調整機能に
配慮しながら交付税の確保、補助金の大幅縮小、税源配分の見直しを一体的に検討し、国
と地方の税源比率を１対１とすることを目指します。その際、地方消費税の充実を図りま
す。
市町村合併の推進
●市町村合併を強力に進め、1,000の基礎自治体を目指します。
定住自立圏構想等の推進
●地方への人口定住を促進するため、中心市と周辺市町村が協定に基づき相互に連携する
「定住自立圏構想」により圏域ごとに生活に必要な機能を確保するとともに、都市から地
方への移住・交流を促進します。
直轄事業負担金制度を廃止、地域視点の公共事業
●公明党は当面、維持管理にかかる直轄事業負担金を廃止します。その上で国と地方の役
割分担を明確化し、最終的に廃止します。
●ムダな公共事業は即時廃止し、地域のニーズとコスト削減意識を持ちつつ、真に必要な
社会資本整備を着実に実行します。また、策定から一定期間を経過した大型公共事業につ
いては大胆に見直し、必要に応じ計画打ち切りを断行します。
●地方自治体単位の基盤整備にとどまらず、地方分権を視野に、画一的な国土政策から地
域の特性やニーズを反映する広域ブロックでの基盤整備による地域活性化を支援します。
６ 行動する国際平和主義
行動する国際平和主義
紛争への過度な介入は平和を遠ざけるのみ。座して平和を強調するだけでは何も生み出さ
ない。公明党は、現実を直視した「行動する国際平和主義」こそが、人類が希求する平和
を実現する道であるとの信念で世界に貢献する日本外交を展開します。
日米同盟の堅持で国民の安全確保
●アメリカと良好な関係を維持・発展させ、日米安全保障条約を堅持する中で、日本の平
和と安全を守ります。
●「抑止力の維持と地元負担の軽減」という基本的な考え方のもと、米軍再編を関係地方
公共団体および住民の理解を得ながら着実に実施し、日米間の安全保障・防衛協力の信頼
性を向上させます。
●弾道ミサイルから国民の安全を確保する手段として、ＢＭＤシステムの着実な整備に努
めます。
※ＢＭＤシステム：短・中距離弾道ミサイルを迎撃する防衛システム
アジア重視で信頼される日本
●中国との戦略的互恵関係、韓国との未来志向の関係の構築を図り、日中韓の関係強化に
尽力します。
●「日中環境基金」（仮称）など国際環境協力のための資金メカニズムを創設し、環境問題
等に長期的に取り組むための資金面でのバックアップ体制を構築します。地球温暖化対策
の専門家や環境教育のリーダーを育成し、世界に輩出します。
●アジア諸国とのＥＰＡ（経済連携協定）やＦＴＡ（自由貿易協定）を積極的に推進し、
アジア地域の経済統合を進めていきます。
●ＡＳＥＡＮ（東南アジア諸国連合）を基軸に関係強化を進め、人材育成や留学生の受け
入れ・国内企業での活躍促進等を図り、エネルギー問題協力、観光の振興、環境破壊や汚
染拡大の防止など東アジア地域全体における広範な課題に取り組む東アジア共同体構想を
実現します。
●緊急を要する国際救援活動のための資材などの保管場所をアジアの国に確保するなど、
アジア近隣諸国の甚大な災害に対する国際救援活動に対応し得る派遣能力の充実を図りま
す。また、わが国のイニシアティブのもとに、各国間の緊密な情報交換・人的交流の促進、
共同訓練の実施、民間との協力体制の構築などを推進し、各国が協力して対処するための
枠組みを整備します。
●中国、韓国からの芸術家、文化人など民間人を積極的に招聘（しょうへい）する人的交
流を推し進め、対日理解を促進します。
核兵器廃絶へ軍縮で世界をリード
●2010年の核兵器不拡散条約（ＮＰＴ）運用検討会議の成功へ向けて国際社会との連携を
強め、核軍縮・核不拡散体制の基礎となるＮＰＴ体制の強化を図るなど、「唯一の被爆国」
として核廃絶への具体的一歩を進めます。
●包括的核実験禁止条約（ＣＴＢＴ）の早期発効を目指すとともに、兵器用核分裂性物質
生産禁止条約（カットオフ条約）の成立へ向けて、関係国政府・国際世論に対する働き掛
けを強め、交渉の早期開始を図ります。
●クラスター弾禁止条約の早期発効に向け取り組みを強めるとともに、特定通常兵器使用
禁止制限条約（ＣＣＷ）の枠組みの下で、米、露、中を含めた合意形成にリーダーシップ
を発揮します。
●対人地雷の探知・除去がさらに進むよう、技術を活用した機材の開発、人材の育成、Ｏ
ＤＡを含めた財政支援を行うとともに、対人地雷除去と併せて犠牲者支援や開発援助を行
うなど、世界の模範となる取り組みを進めます。
●武器貿易条約（ＡＴＴ）の早期締結を目指し、小型武器を規制する国際的枠組みが構築
されるよう取り組むとともに、被害の多発する国における武器回収の実施や、復興のため
の開発などさまざまな支援を推進します。
●いわゆる「オタワプロセス」を活用するなど、ジュネーブ軍縮会議の全会一致ルール原
則を見直し、軍縮を推進します。
※オタワプロセス：地雷廃止国際キャンペーン（ＩＣＢＬ）などのＮＧＯが、対人地雷全
面禁止に賛同する諸国と協力しながら条約交渉を行った結果、オタワでの対人地雷禁止条
約が締結するに至ったプロセスのこと
●平和の拠点島「沖縄」を世界に宣揚するため、国際機関の誘致を目指します。
国際協調で築く世界の平和と安定
●国際社会の脅威である国際テロに対し、国際社会と連携し、責任ある役割を果たします。
その意味から、各国が行う海上阻止活動を支えるインド洋での補給支援活動を引き続き行
います。
●アフガニスタンおよびパキスタンの安定化に向けて、「ソフトパワー」を重視した民生支
援･人道復興支援に積極的に取り組みます。そのために、さらなる文民派遣も含めて検討し
ます。
●海賊対処法に基づき、海賊から人命・財産を守り、海上交通の安全確保を図るとともに、
ソマリア沖の海賊問題の根本的解決を図るため、中長期的にソマリア情勢の安定化に向け
た支援と沿岸諸国の海上保安能力の向上に貢献します。
ＯＤＡの積極的活用で「人間の安全保障」を推進
●経済的貧困、飢餓、麻薬、感染症から人間を守ることや、地球の環境保全、女性の地位
向上、人身取引根絶、安全な水の供給など「人間の安全保障」分野にＯＤＡ（政府開発援
助）の20％を優先的に配分し、戦略的に活用します。
●ＯＤＡ予算の５％を海外で働く日本のＮＧＯ（非政府組織）へ還元するとともに、その
人的基盤への支援体制を強化します。
●イラク、アフガニスタンへの復興支援を着実に進めるために、ＯＤＡを有効に活用し、
医療、教育、通信・放送、地雷・不発弾処理などを促進します。
●第４回アフリカ開発会議（ＴＩＣＡＤⅣ）および主要国首脳会議（Ｇ８）洞爺湖サミッ
トでの成果を踏まえ、アフリカ向けＯＤＡを2012年までに倍増するなど、アフリカ支援に
さらに取り組みます。
●世界中で食料不足が深刻化する中、昨今の穀物価格の上昇により飢餓の危機に直面する
途上国を救済するための支援を行います。
●日本の先進的な結核対策で世界に貢献するため、「ストップＴＢ（結核）ジャパン・イニ
シアティブ」を提案し、世界の年間死亡者の１割（16万人）の救命に努めます。
●途上国の新型インフルエンザ対策として、医療機材、抗インフルエンザ薬、ワクチンな
どについて人道的見地から支援します。
平和構築に貢献する人材づくり
●自衛隊の非軍事貢献だけではなく、行政機構整備や復興開発に至る平和構築の全プロセ
スにおいて長期的支援ができる官民の人材育成で世界に貢献します。
●2010年に設立される「（仮称）国際平和協力センター」（いわゆるＰＫＯ訓練・広報セン
ター）を、自衛隊が行う国際平和協力活動のみならず、関係省庁、国連・国際機関、ＮＧ
Ｏ関係者、一般の国民、さらには諸外国関係者などと連携し、ＰＫＯ（国連平和維持活動）
をはじめとする国際平和協力に関する教育・研修・研究および広報を実施する機関として
活用します。
●平和構築人材育成事業を多様化・拡充するとともに、ＮＧＯ等の外部人材を積極的に活
用することにより、平和人権外交の基礎となる在外公館・マンパワーの充実を目指します。
「人道的競争」へ国連を改革
●公明党が推進してきた「人間の安全保障」や、日本が提唱する「平和の定着」構想を推
し進めるため、わが国の平和構築委員会の活動への積極的参加を促します。
●国連総会直属の常設機関としての人権理事会が実効性を持てるよう、日本が機能強化を
先導するべく尽力します。また、国連での人権決議を進めることにより「拉致問題」への
理解を深めます。
●軍事、経済面の諸課題の対応から、人道的貢献を競う新時代に即した国連に向けて、国
連改革をバックアップします。また、21 世紀型安保理の実現に向けて、日本が平和と繁栄
の経験・知見を最大限発揮できるよう常任・非常任理事国の構成見直しを含む安保理改革
を推進します。
国民に開かれた防衛省
●防衛力を整備するために必要な防衛費を確保します。その上で、防衛関連経費の高コス
ト体質を是正し、効率的な装備品などの調達を図るため、思い切った総合取得改革を推進
し、2009年度から５年間で5,000億円の防衛関連経費のコスト縮減を実現します。
●貴重な国民的財産である防衛医科大学校や自衛隊病院など防衛省が持つ医療施設におい
て、一般患者の受け入れ拡大を推進するとともに、救急医療施設としての活用や災害時に
おける連携など地域医療に貢献します。
財政運営の在り方と財源確保
持続可能な社会保障制度に向けての財源の確保
高齢社会、人口減少社会の中で、国民の安心と持続可能な社会保障の構築は、最重要の課
題です。年金、医療、介護の社会保障および少子化対策の機能強化を図るとともに、消費
税を含む税制の抜本改革の中で、安定的な財源を確保します。
税制の抜本改革の道筋
消費税を含む税制抜本改革については、「中期プログラム」に示された方針・考え方に沿っ
て、①全治３年の景気回復を前提に、②社会保障の機能強化の具体化、③行政改革・行政
のムダ排除の徹底、④消費税の使途の社会保障と少子化対策への限定、⑤消費税のみなら
ず税制全体の改革、などの条件の下で、その時々の経済状況をにらみつつ、2010年代半ば
までに段階的に実行します。
税制抜本改革の基本的な視点
(1)税制全般の一体的改革
税制の抜本改革にあたっては、所得課税、法人課税、消費課税、資産課税等を含め税制全
般について一体的に改革します。
(2)格差の是正、所得再分配機能の強化
格差の是正や所得再分配機能の強化を図るため、所得税の最高税率の引き上げや相続税の
見直しを行います。
(3)給付付き税額控除制度の導入
生活支援や子育て教育支援等の観点から、いわゆる「給付付き税額控除制度」を導入しま
す。
(4)消費税の社会保障目的税化
消費税収の使途は、年金、医療、介護の社会保障給付および少子化対策の費用に限定しま
す。消費税の見直しに際しては、複数税率の検討など低所得者への配慮措置を講じます。
(5)税制のグリーン化、自動車関係諸税の見直し
低炭素化を促進する観点から、税制全体のグリーン化を推進します。
また、自動車関係諸税については、取得、保有、走行各段階における複数の課税について
簡素化を図ります。特に、自動車重量税の軽減など暫定税率を含む税率の在り方を総合的
に見直し、負担を軽減します。
(6)地方の税財源の充実
自立した基礎自治体の構築のため、課税自主権を拡大し、地方交付税等の財政調整機能に
配慮しながら交付税の確保、補助金の縮小、税源配分の見直しを一体的に検討し、国と地
方の税源比率を１対１とすることを目指します。その際、地方消費税の充実を図ります。
財政健全化への中長期の目標と取り組み
財政健全化については、2010年代半ばにかけて、国・地方の債務残高対ＧＤＰ比を少なく
とも安定化させ、2020年代初めには安定的に引き下げることを基本とし、このため、今後
10年以内に国・地方のプライマリー・バランス黒字化の確実な達成を目指します。
当面する重要政治課題について
当面の経済財政運営について
■2008年秋以降の世界的な経済危機の克服に全力をあげ、2008年度を含め全治３年の景気
回復を実現します。これまでの政府・与党における累次の経済危機対策を着実に実施する
とともに、日本経済の成長力強化に向けた「成長戦略」の推進と、「安心社会実現」のため
の社会保障の拡充など、国民の“生活を守り抜く”施策を進めます。
■直面する経済危機の克服と持続的な経済成長を図るため、人口減少など日本を取り巻く
状況の変化を踏まえつつ、“日本のよさ”“日本の持ち味”を活かした未来志向の投資を進
めます。特に、環境、農業などで牽引するグリーン産業の推進、医療・介護等の健康長寿
社会の実現、観光・ソフトパワー等日本の魅力発揮など、内需を中心とした経済産業構造
に転換します。また、アジアの経済成長へ、日本の優れた産業力・技術力等で積極的に貢
献しながら、その需要を日本に取り込み、発展するアジアとの共存共栄を目指します。
■経済危機の克服の後は、持続的な成長基盤を確立するとともに、社会保障の機能強化を
含む安心・安全社会の実現に向けた財政政策を講じます。国のすべての事業の“事業仕分
け”によるムダの排除に取り組むなど徹底した行政改革及び歳出改革の継続などにより財
政健全化への取り組みを進めるとともに、消費税を含む税制の抜本改革を実現します。財
政健全化については、2010年代半ばにかけて、国・地方の債務残高対ＧＤＰ比を少なくと
も安定化させ、2020年代初めには安定的に引き下げることを基本とし、このため、今後10
年以内に国・地方のプライマリー・バランス黒字化の確実な達成を目指します。
■消費税を含む税制抜本改革については、「中期プログラム」に示された方針・考え方に沿
って、①全治３年の景気回復を前提に、②社会保障の機能強化の具体化、③行政改革・行
政のムダ排除の徹底、④消費税の使途の社会保障と少子化対策への限定、⑤消費税だけで
なく税制全体の改革、などの条件の下で、その時々の経済状況をにらみつつ、2010年代半
ばまでに段階的に実行します。
低所得者対策（母子家庭等への支援策など）
■経済社会情勢の激変等の影響で、所得が低い方々の負担が相対的に重くなっています。
公明党は社会保障制度や税制等にかかるトータルな負担の軽減を図るなど、包括的な低所
得者対策の検討を進めます。
■具体的には、所得再分配機能の強化や生活支援、子育て教育支援等の観点から、税制と
社会保障制度の一体的な改革を進め、「給付付き税額控除制度」の導入や「利用者負担総合
キャップ制度」（仮称）の実現を図ります。
■生活保護の母子加算の廃止は、一般の母子世帯との均衡を図り、一律の加算を廃止し、
子どもの就学年齢や就労状況などに応じたきめ細かな支援策へと転換したものです。ただ
し、障がい・傷病のある世帯など就労できない世帯や15歳以下の子どもを持つ世帯につい
ては、支援策の恩恵が十分でないとの指摘があります。
■そこで「母子加算」をそのまま復活するのではなく、生活保護を含めた母子世帯全般の
実態調査を踏まえ支援策をさらに充実させていくことが重要と考えます。
国家公務員制度改革
■「天下り」問題など、公務員に対する国民の信頼が大きく揺らいでいます。国民全体の
奉仕者である国家公務員が国民から信頼され、意欲と誇りを持って国民の立場に立って職
務を遂行できるための新たな公務員制度に向けた改革が必要です。
■その観点から、2007年、2008年にそれぞれ成立した改正国家公務員法、国家公務員制度
改革基本法に基づき、天下りの根絶、能力・実績主義の徹底、官民の人材交流の推進、縦
割り行政の弊害排除、政治主導の強化などを目的とする公務員制度改革について、今後、
着実に推進する必要があります。
■特に、天下り問題については、各省による再就職あっせんを禁止し、退職管理を「官民
人材交流センター」に一元化する改革を早期に実施し、“わたり”あっせんの年内廃止を実
現します。また、定年まで勤務できる環境を整備するための任用・給与制度の見直しや、
再任用の原則化に向けた取り組み、定年延長に関する検討を進め、３年以内に「天下り」
を根絶します。
■また、「ヤミ専従」や、不正経理問題など公務員による不正に対しては、厳しく処罰し不
正の根絶を目指すとともに、職業倫理の確立及び信賞必罰を徹底します。
■2009年、国会に提出された国家公務員法等一部改正案については、縦割り行政の弊害の
排除や政治主導の強化の観点から、公務員制度改革を一歩前進させるものであり、成立に
向け取り組みます。
議員定数削減問題
■国会の議員定数削減は、選挙制度の改革と併せて進めていくべき課題です。現行の選挙
制度は、得票率と議席比率が必ずしも比例しない問題や、大量の「死票」の発生など、多
様な国民の意見を反映させることが難しいという課題を抱えています。
■また、1999年に与党合意された衆議院の定数50削減のうち、小選挙区の30削減は未だ
に実施されず、比例区のみ20削減されています。
■選挙制度は民主主義の基礎であり、現行制度を見直し、民意を適正に反映することがで
きる選挙制度へ改めることが必要です。
■こうした観点から公明党は、衆議院の選挙制度については新しい中選挙区制を導入し、
定数を大幅削減します。
■参議院の選挙制度については、大選挙区制を導入し、定数を大幅削減します。
直轄事業負担金制度の廃止
■道路建設や河川改修など国が事業主体となって行う公共事業（直轄事業）の実施によっ
て利益を受ける自治体が、その事業費の一部を負担する直轄事業負担金制度については、
これまで受益者負担の観点から合理的なものであるとして行われてきました。
■一方、負担割合についての事前協議や決定した事業計画をもとにした地方の負担や維持
管理費のあり方について、地方の意見が十分に反映されていないとの指摘が出されていま
す。また、直轄事業負担金の内訳などの情報開示に関して、透明性や適正性を確保すべき
との議論もなされています。
■そこで公明党は当面、維持管理にかかる直轄事業負担金を廃止します。その上で国と地
方の役割分担を明確化し、最終的に廃止します。
■ムダな公共事業は即時廃止し、地域のニーズとコスト削減意識を持ちつつ、真に必要な
社会資本整備を着実に実行するとともに、策定から一定期間を経過した大型公共事業につ
いては大胆に見直します。
■公明党は地方分権を視野に、画一的な国土政策から地域の特性やニーズを反映する広域
ブロックでの基盤整備による地域活性化を支援します。
北朝鮮問題
■北朝鮮は累次の国連安保理決議を無視し続け、４月５日にミサイルを発射、５月25日に
は核実験を強行しました。こうした行動は北東アジア地域の平和と安定を損なう重大な挑
発行為であり、断じて容認できません。国際社会は一致して実効性ある制裁措置を講じる
必要があります。
■核実験に対する制裁措置として、武器禁輸の強化や輸出入禁止品目の疑いある貨物の検
査の強化、金融面の措置などを盛り込んだ国連安保理決議第1874号が採択され、日本政府
および与党は間髪入れず「貨物検査特措法」を取りまとめました。
■北朝鮮が挑発的な行動をエスカレートさせている今、一方で重要なことは、北朝鮮が「緊
張」を高める行為を取ることは結局、自らに不利益をもたらすだけであり、国際社会の一
員として対話のテーブルに一日も早く復帰することが北朝鮮の利益となることを理解させ
ることです。そのために対話の扉を閉ざしてはなりません。
■日朝平壌宣言にのっとり、拉致問題をはじめ核やミサイルといった諸懸案を包括的に解
決し、不幸な過去を清算して国交正常化を実現するとのわが国の基本的立場を堅持し、北
朝鮮に対して解決に向けた行動を求めていくためには、６カ国協議を再開することが最重
要です。
■拉致問題は長くこう着状態が続いていますが、拉致被害者の生存を前提に、すべての被
害者の即時帰国、拉致実行犯の引き渡し、特定失踪者の捜査などの全面解決と真相を究明
するため、わが国は実効性ある制裁措置を講じる必要があります。当面、2008年８月の日
朝実務者協議の合意事項である「北朝鮮が実施する拉致問題に関する調査」が誠実に履行
されるようわが国として全力を注ぐ必要があります。
加憲に向けて現行憲法の点検を提案
■公明党は現行憲法を高く評価し、①国民主権主義②基本的人権の保障③恒久平和主義の
三原則を堅持します。その上で時代の進展とともに提起されている環境権やプライバシー
権などを新たに憲法に加える「加憲」の立場をとっています。憲法第９条についても、第
１項、第２項を堅持した上で、自衛隊の存在や国際貢献等について、「加憲」の論議の対象
として慎重に検討していきます。
■憲法をめぐる議論については、まず、現行憲法と現実とのかい離をめぐって徹底的な検
証が必要です。どの条文を変える必要があるか、あるいは条文を変えるまでもなく新たな
立法や行政の強化などで要請に応えることが可能であるかどうかなど、幅広い視点で見直
す必要があると考えます。
■そうした作業をする場として、衆参両院の憲法審査会が活用されるべきと考えます。憲
法審査会の設置が盛り込まれた「憲法改正のための国民投票法」が２年前に成立していな
がら、民主党など野党の反対で、現在まで機能していないのは大変に残念なことです。一
日も早く議論の場を設け、まずは現行憲法をあらゆる角度から点検する国民的作業を行う
ことを提案します。",,
71530_201212,"mmaanniiffeessttoo22001122
公明党
衆 院 選 重 点 政 策
３年間の内政・外交の失政や、
政局優先の振る舞いに
国民の政治不信は高まっています。
公明党は、
責任ある政治で、
国民不在の政治から脱却し、
新しい日本へ再建します。
日本
再建
政
治 空疎な景気対策、迷走する外交、遅れる復興、見通せない
空 社会保障─。
白 民主党の内政・外交の失政は、国民生活と国益を傷つけて
か きました。
ら 今回の衆議院総選挙は、日本の再建とその行方を決める
の 大切な選挙です。日本再建へ、公明党は豊富な経験と人
脱 材の力を全開にします。
却 民意を見、聴き、国政に反映させる公明党ならではのチー
─ ムワークが、日本経済を再建、国民生活を再建します。
日
政策は生活現場の中にある。
国民の生活を守るために政治を前に進める。そのために、
公明党は民主党や自民党に、ある時は自制を求め、また決
本
断を促してきました。政局ではなく政策に真(cid:20264)に向き
合ってきたのです。だからこそ、消費増税についても持
続可能な社会保障制度を実現させるために安易な反対の
再
道は選びませんでした。
「大衆とともに語り、大衆とともに戦い、大衆の中に死ん
CONTENTS
でいく」この立党精神を貫く公明党は、全国市町村での議
建
政治空白からの脱却─日本再建へ。 1
員活動を展開し、地域の目となり、耳となり、声となって
国政に日々反映しています。生活の現場から生まれた政
公明党がめざす
策を実現する。公明党は、今日も明日も全力で働き続け
へ ７つの日本再建 3
ます。
1. 復興日本、安心の日本へ。 5
。 国益を守る。国民生活を守る。政策を貫く。 2. 新しい、住民本位の「国のカタチ」へ。 7
決められない政治。既成政党への批判。その裏返しとし 3. 新しいエネルギー社会の創造へ。 9
て、いわゆる“第３極”の動向が注目されています。しか 4. 力強く伸びる日本経済へ。 11
し、急ごしらえの政策や、一時のブーム、大義なき連合に 5. 一人ひとりを大切にする社会へ。 15
惑わされることなく、真に国民生活と国益を守る政治家 6. 子どもの幸福を実現する明日へ。 19
と政党を見極める。それが今回の選挙です。 7. 日本外交の再建へ。 21
公明党は、 公明党は軽減税率の
23
東日本大震災からの復興、 実現をめざします。
防災・減災ニューディールによる安心と経済の再建、
大胆なムダ削減へ国のカタチを再建、 当面する
原発ゼロの日本をつくるエネルギー社会の再建、 重要政治課題 25
など日本再建に向けたビジョンを具体的に示しています。
manifesto2012
当面の経済財政運営と財政健全化 25
衆院選重点政策 今こそ３年間の政治空白から脱却し、日本再建へ。 ＴＰＰ問題 26
公明党は 竹島・尖閣諸島・北方領土問題 26
国民の皆さまにその実行と実現をお約束します。
1 2
公明党がめざす
つの 力強く伸びる
７
4
日本経済へ。
日本再建 新しい成長戦略で、持続可能な発展を
長期にわたるデフレと歴史的な円高により、深刻な状況にある日本経済を再建
するため、金融政策と需要創出策を車の両輪として取り組みます。そして日本
の強みを活かした成長戦略の実行により、持続的な経済成長を実現します。
復興日本、 一人ひとりを
1 5
安心の日本へ。 大切にする社会へ。
東日本大震災からの復興と、防災・減災ニューディールの推進 「新しい福祉」で実現、「支え合い」の社会
東日本大震災からの復興と福島の再生に全力を注ぎます。さらに、想定される 社会的な孤立、いじめや虐待、自殺や心身の病などが急増している現在。公明党
首都直下地震や南海トラフ巨大地震などに備え、国民の命を守る緊急の課題、 は、生活基盤を支える雇用の安定を柱に、これまで以上に年金・医療・介護等の
防災・減災対策に取り組みます。 充実に取り組みます。また、未来を担う若者の雇用対策、生活保護にいたる前に
生活の維持・再挑戦ができるセーフティネットの再構築に取り組みます。
新しい、住民本位の 子どもの幸福を
2 6
「国のカタチ」へ。 実現する明日へ。
道州制・政治改革・行政改革で日本を新しく 安心、そして質の高い教育に改革
これまでの中央集権的な日本の統治機構のあり方を改め、住民本位の行政サー 教育の原点は子どもたちの幸福です。この原点に立ち返って、教育機能を再生
ビス提供に寄与する「地域主権型道州制」の導入と、国民目線の政治・行政改革 し、向上させることが早急に求められています。公明党は、子どもたち一人ひと
を実現します。 りの幸福を実現するために、「社会のための教育」ではなく、「教育のための社会」
の構築を目指します。
新しいエネルギー 日本外交の
3
社会の創造へ。 7 再建へ。
1年でも早く、原発ゼロの成長日本を 「行動する国際平和主義」と経済連携で再構築
東京電力福島第１原子力発電所の事故により、私たちは原発・エネルギー問題 日本外交の再建に向け、公明党は「行動する国際平和主義」の理念を掲げ、核軍
に真正面から向き合うことを迫られています。公明党は、“持続可能”をキーワー 縮の推進、人間の安全保障分野で貢献する平和外交を推し進めます。同時に、国
ドに、日本の新しいエネルギー社会を創造します。 際的な経済連携を展開します。
3 4
命を守る公共投資で
経済を再建
1
復興日本、
安心の日本へ。
命を守る
5
インフラの強化・構築
“命の道”となる緊急輸送路確保のため、老朽化した
東日本大震災からの復興と、防災・減災ニューディールの推進
橋梁や道路等の再構築を促進します。同時に、高速
道路のミッシングリンク解消や内陸部と沿岸部を結
東日本大震災からの復興と福島の再生に全力を注ぎます。さらに、想定される首都直下地震や
ぶアクセス道路(くしの歯ルート)構築など、幹線道
南海トラフ巨大地震などに備え、国民の命を守る緊急の課題、防災・減災対策に取り組みます。 路網の整備に取り組みます。
さらに、大規模堤防や津波避難ビルを整備します。
そのために、全国各地で「防災・減災総点検」を実施。災害に強い街づくりを進め、老朽化した
また、避難路の設定･見直しなどによる津波対策や
社会インフラの再構築などハードの対策と、防災教育・防災訓練の推進などソフトの対策を組
河川施設等の再構築を進めます。木造住宅密集地域
み合わせた「防災・減災ニューディール」を推進します。
の道路拡幅や空き家除却などによる防火対策、学校
や病院等の公共施設や民間建築物の耐震化や老朽化
対策を強化します。
10年間で100兆円の
3
地域で命を守る ｢共助｣の
防災・減災ニューディール 6
震災からの復興を加速、福島の 防災・減災ニューディール
1 2 仕組みづくり
再生に全力 基本法を制定 多角的な事業の実施によって、年間で10兆円、10年
間で100兆円規模の事業を想定しています。事業の 災害時に「共助」の機能を果たす「防災隣組」や「防
被災地の復興を加速させます。がれき処理や高台移 大規模な自然災害に備え、国の責任で防災・減災対 実施で防災力の強化にとどまらず、低迷する景気･ 災見守り隊」など、自主防災組織の結成と育成支援
転を進めるとともに、農林水産業などを本格的に復 策を強化します。そのため「防災・減災体制再構築 経済を回復させる原動力につなげます。 を進めます。さらに、地域独自で防災訓練が実施で
興させ、地域に雇用をつくり出すことに全力をあげ 推進基本法」(通称：防災･減災ニューディール基本 財源は建設国債や地方債、新たに償還財源を確保し きるような支援策を講じます。
ます。福島の一日も早い再生に向け、原発事故の収 法)を制定します。 た上で発行する「防災・減災ニューディール債」の また、地域ごとに防災計画を策定し、家庭や学校、地
束、除染、廃炉を着実に実行し、再生可能エネルギー 政府に防災・減災対策を指揮する推進本部を設置。 ほか、民間の資金と知恵も活用しながら計画的に調 域で「自助・共助・公助」を連携させた視点での防災
の世界的な先進地の実現を目指します。低線量・内 国と地方自治体や、電気・ガス・医療などの公益事 達します。また、社会インフラの構築にあたっては 教育や対策を推進します。
部被ばくの防止対策に万全を期しながら継続的な健 業者が「防災・減災総点検」を実施します。点検結果 予防保全型の維持管理方式(アセット・マネジメン
康調査を実施するとともに、帰還支援策、生活再建 を踏まえ、政府が防災・減災体制再構築推進基本計 ト)を取り入れ、費用を縮減させます。
女性の視点、災害弱者の視点を
策などを国の責任で成し遂げます。 画を策定します。これを受け、地方自治体は、防災・ 7
減災対策を具体化する推進計画を決定します。計画 防災対策に反映
全国各地で、防災･減災総点検
の実施期間は10年とし、必要性の高い施策から優先 4
的に取り組み、地域の防災力を強化します。 を実施 国や地方自治体が策定し実施する防災計画では、女
また、災害発生時に応急対応を一元的に担う「危機 性の積極的な参画を目指すとともに、妊婦や子ども、
管理庁」(仮称)を設置します。いざという時に備え 巨大地震の発生が指摘されている地域では、耐震診 高齢者、障がい者など災害時の要援護者支援体制に
た警察や消防、自衛隊などとの日常的な連携強化や 断を重視。水害が発生する危険性の高い地域では、 ついても抜本的に見直しを進めます。福祉避難所の
広域的な避難訓練を実施します。 防波堤や堤防の機能性を検証します。各地域で対策 増設や拡充も含めた避難支援体制を強化します。
を急ぐべき自然災害に応じた総点検を実施します。
5 6
自分たちのことは
自分たちで決める。
日本を新しい道州に
分け直します。
2 新しい、住民本位の
「国のカタチ」へ。
道州制・政治改革・行政改革で日本を新しく
これまでの中央集権的な日本の統治機構のあり方を改め、住民本位の行政サービス提供に寄与
する「地域主権型道州制」の導入と、国民目線の政治・行政改革を実現します。
国民目線の ムダの削減、
2 3
政治改革を断行！ 行政改革を断行！
１.広く民意を反映した選挙制度へ、 １.国家公務員宿舎を統廃合し、
政治改革を断行 家賃を適正化
国会議員の定数削減を実現。より民意が反映される 国家公務員宿舎の統廃合および家賃の適正化につい
地域に活力。
1 選挙制度へ、衆議院・参議院の選挙制度改革を実現 て、第三者機関を設置し、抜本的な見直しを検討し
「地域主権型道州制」を導入。 します。 ます。
国会議員の歳費を恒久的に２割削減します。
18歳選挙権を実現します。
１「. 道州制基本法」を制定 ２「. 道州制国民会議」で、幅広い意見を集約 ２.複式簿記・発生主義会計の導入で
インターネットを使った選挙運動の解禁を実現し
財政の「見える化」を推進
地域の活性化、より充実した行政サービスを実現 国民的議論を経た道州制移行を推進するため、道州 ます。
します。そのために、これまでの中央集権的な日本 制推進本部長（内閣総理大臣）の諮問機関となる「道 税金のムダ遣いをカットします。複式簿記・発生主
の統治機構のあり方を一新。「国―道州―基礎自治 州制国民会議」を設置します。約３年かけて幅広い 義会計の導入で徹底した財政の「見える化」を推進
２.さらなる政治資金改革を断行
体」の三層構造へと改革する道州制の導入を推進 議論を集約した上で、その後２年をめどに移行に向 します。“ガラス張り”の財政の実現に取り組み、予
します。 けた必要な法的措置を講じます。 企業団体からの政党・政治資金団体への献金を禁止 算のムダを削り、真に必要な政策のために税金を使
国の権限を広く移譲する分権改革によって、効率的 します。 えるようにします。
で国際社会の変化に戦略的に対応できる行政を推進 政治家の秘書などへの監督責任を強化します。（虚
します。さらに、国家公務員および国会議員の大幅 偽記載などの違法行為で、議員が相当の注意を怠っ
３.不正経理防止法の制定
削減など大胆な行政改革・国会改革につなげます。 た場合、公民権を停止し失職させます）
その第一歩として、早期に「道州制基本法」（仮称） 国会議員関係政治団体の収支報告書について、電子 国・地方の公務員や、税金が投入されている独立行
を制定。内閣に道州制推進本部を設置します。 申請を義務付け、全面公開します。 政法人、特殊法人、公益法人を対象に、すべての組織
的な“裏金づくり”に対する規制を強化するため、不
正経理防止法を制定します。
7 8
原発ゼロの道へ = +
省エネ
3新しい
エネルギー社会の創造へ。
１. 制度改革、 ３.新技術で火力発電を高効率化
1 年でも早く、原発ゼロの成長日本を 技術革新で高度な省エネ社会へ
化石燃料を投入して発電する火力発電では、現在、
排出量取引制度や税制の整備を進め、経済成長しつ 発生する熱の60％が捨てられています。高効率な
東京電力福島第１原子力発電所の事故により、私たちは原発・エネルギー問題に真正面から向
つエネルギー消費を削減する社会をつくり出しま 石炭火力発電の技術開発を進めるとともに、廃熱を
き合うことを迫られています。公明党は、“持続可能”をキーワードに、日本の新しいエネルギ す。2030年にエネルギー利用（一次エネルギー供 最大限に活用するため、天然ガス・コンバインドサ
給）の25％削減（10年比）※１を目指します。 イクル発電の導入や、コージェネレーション(熱電併
ー社会を創造します。
省エネをすべての部門で推進します。特に家庭、中 給)の普及などで、発電の効率化を推進します。イン
小企業の省エネを支援します。国・自治体による支 フラとして、国際接続も視野に入れ、広域天然ガス・
援事務所・窓口の設置、省エネの投資回収年より少 パイプライン・ネットワークの整備を促進します。
し長い期間の融資制度の導入、家庭の初期投資負担
を軽減する仕組みの導入を進めます。
４.電力自由化などで電気料金を抑制
熱の繰り返しての利用・再エネ熱（太陽熱など）・
ヒートポンプ※２利用などの熱対策や、電気使用量の 日本の電気料金は税金等を除くと世界で最も高い水
原発の新規着工を認めず、 エネルギー、環境。脱・原発依
1 2 「見える化」（スマートメーター普及など）、LEDや 準にあります。今後、燃料価格は上昇する見込みで
原発ゼロの日本へ 存で成長する日本へ 高性能インバーターの普及・開発を進めます。 あり、さらに固定価格買取制度による再エネ賦課金※
※１慎重シナリオを前提とした場合の値。成長シナリ も加算されることから、料金上昇の圧力は強まると
原発の新規着工を認めず、原発の40年運転制限制を 21世紀は、エネルギー需給ひっ迫、地球温暖化が進 オの場合は20％。 思われます。
厳格に適用します。生活や産業、立地地域の経済・ 行し、世界における省エネ・再エネ※に対する需要が ※２低温側から高温側に熱を移動させる仕組み 発電・小売の自由化（地域独占・総括原価方式の解
雇用※、技術者の確保に万全を期しながら、１年でも 高まっていきます。公明党は、省エネ・再エネを中 消など）、シェールガス※権益の確保等による燃料価
５年でも10年でも早く、可能な限り速やかに原発ゼ 心に、災害にも強い「小規模分散型エネルギーシス 格引き下げといった取り組みにより、料金上昇を抑
ロを目指します。 テム」の構築を進めながら、エネルギー・環境分野 えます。
２.再エネを拡大。2030年に電力の30％
原発の再稼働は、40年運転制限制、バックフィット を日本最大の成長分野に育てあげます。 家庭の省エネを支援し、光熱費等を引き下げます。
（最新知見を適用）、活断層等の徹底調査をはじめと そのために2030年までに120兆円規模（正味）の 再エネは、化石燃料輸入とCO2排出を削減するだけ ※環境省試算によると、標準世帯でピーク時最大553
する厳しい規制の下で、原子力規制委員会が新たに 追加投資（民間・公共）を促します。これは150兆 でなく、経済を活性化します。そのために、固定価格 円/月（高位ケース）
策定する厳格な安全基準を満たすことを大前提に、 円近い省エネメリットを生み出し、温室効果ガス 買取制度の適用、屋根貸し制度の普及、電力系統へ ※シェールガス…けつ岩（シェール）層から採取され
国民、住民の理解を得て判断します。国会に原子力 （CO2など）を90年比で25～30％程度削減し、エ の優先接続・優先給電、規制緩和、送電網の整備・広 る新たな天然ガス
行政監視委員会（仮称）を設置します。 ネルギー自給率を20％程度（10年は７％） に高め 域化・中立化を進めます。さらに、エネルギーの地
使用済み核燃料の再処理は、直接処分への転換を含 ます（推計※）。 産地消、再エネ100％地域の拡大、太陽電池・洋上
め、立地地域に配慮しつつ、見直しを検討します。高 ※再エネ…再生可能エネルギー 風力・地熱・小水力・木質バイオマスなどの技術開
速増殖炉もんじゅは廃止します。 発により再エネの導入を拡大し、2030年を目標に
※慎重シナリオ（平均実質成長率が2011～20年度
※短期的には雇用調整助成金を積極的に活用し、あわ 1.1％、2021～30年度 0.8％）での推計。成長シ 総発電量における再エネの発電割合の30％への向
せて廃炉等に伴う地域活性化を支援する制度を検討 ナリオ（同1.8％、同1.2％）では温室効果ガス削 上を目指します（大規模水力等を含め35％）。この
する。 減は20～25％程度。
ため2030年までに再エネに40兆円程度の投資を促
し、これにより45万人規模の雇用を創出します。
9 10
デフレ脱却
4
力強く伸びる
日本経済へ。
デフレ・円高から脱却。金融政 ４. 日本の強みを活かした成長戦略の推進
1
策と需要創出策を両輪に 環境や健康・医療、農林水産業、教育、文化などの新
たな成長分野に対して重点的な投資を行います。ま
新しい成長戦略で、持続可能な発展を
た、女性が働きやすい環境づくり、産業集積の強い
１. 実質２％程度、
製造業の再生に取り組みます。
名目３～４％程度の経済成長を達成
日本経済は、長期にわたるデフレと歴史的な円高によって、先行きは極めて不透明です。また、
人口減少や高齢化等の構造的な理由から経済そのものが縮小する不安も拭えません。 ２年以内にデフレを脱却するとともに、実質２％程
５. 国際的な経済連携の強化
度、名目３～４％程度の持続的な成長の実現を目指
こうした状況から脱却し持続的な経済成長を目指すために、金融政策と需要創出策を車の両輪
し、あらゆる対策を断行します。 アジアをはじめ世界各国との幅広い経済関係の強化
として取り組みます。同時に、日本の強みを活かした成長戦略の着実な実行や持続可能な発展 を目指します。そのため、経済連携協定の締結等を
のためのグリーン経済への移行が必要です。 積極的に推進し、グローバル市場における競争力の
２.日銀による金融政策の抜本的強化
優位性を獲得すべく国内産業の強化を図ります。
さらに、新たな需要創出策として、災害に強い国づくりやわが国全体の防災力向上を目指す デフレ脱却や超円高の是正に向け、政府と日本銀行
「防災・減災ニューディール」を推進します。また、エネルギー・環境政策の拡充、健康・医療産業 との一体的な政策の遂行とともに、一定の目標年次
を定めて１～２％程度の物価水準を達成することを
の革新、「攻め」の農林水産業の構築、競争力ある中小企業の育成や、文化・観光産業の振興によ 防災・減災ニューディール
求めます。 2
り、持続的な経済成長を実現します。 〈別掲〉P5～６
３.新たな需要の喚起・創出
エネルギー・環境を最大の成長
短期的には、省エネ家電へのエコポイントや、エコ 3
カー補助金の復活など景気刺激策を実行します。 分野に〈別掲〉P9～10
東日本大震災の教訓を踏まえた全国的な防災・減災
対策の強化（防災・減災ニューディール）等の予見
性ある需要創出策に加え、住宅エコポイントの拡充
などにより新たな需要を生み出します。
11 12
力強く伸びる日本経済へ。
健康・医療産業の革新で 「攻め」の農林水産業に 競争力ある中小企業の 文化･芸術、スポーツ、
4 5 6 7
経済成長を 挑戦 育成 観光の振興を
１.世界に先んじた研究開発の促進 １.新規就業者の育成・定着支援 １.中小企業への投資の促進 １.新成長分野の育成
日本発の革新的な医薬品、医療･介護技術を活かし 農林水産業の活性化のため、新規就業者の就業前研 海外市場の情報提供や販路開拓支援などの海外展 新たな成長産業として、アニメやファッション、食、
た機器の発明・開発を推進。創薬ベンチャーの育成 修の充実や農地確保支援、ビジネス展開支援などを 開支援、産学連携強化や研究開発促進、人材育成支 地域文化など、日本文化の海外展開支援や産業化を
や医療･介護ロボット等の研究開発･実用化、治験環 積極的に推進します。切れ目のない対策により新規 援など中小企業政策の充実を図り、イノベーション 強化するために、文化関連予算の倍増を目指します。
境の整備、承認審査の迅速化を進めます。 就業者の定着を促し、安心して始められる就業環境 を担う主体である中小企業に対する投資を促進し
を整備します。 ます。
２.訪日外国人観光客を
２.医療技術等の海外展開促進 年間2,500 万人に拡大
２.農業の経営安定対策 ２.企業の再チャレンジを支援
医薬品等の海外販売や「医療ツーリズム」を促進す 2020年までに訪日外国人観光客を年間2,500万人
るとともに、アジア市場を取り込むための共同臨床 農家の所得補償制度は、固定部分を維持しながら、 再生を検討する中小企業へのきめ細かな相談対応や まで拡大することを目指し、地域文化の振興、海外
研究、治験拠点の構築等を推進します。 変動部分について農家からの拠出を伴う経営所得安 再生計画の策定支援を強化。また、友好的な企業合 への情報発信、入国審査手続きの簡素化など観光政
定対策へと見直し、法制化を目指します。 併を推進するため、必要な資金調達の円滑化や資産 策を強化します。
査定費用・清算手続き等に対する補助など、企業の
３.ICTを活用した診療システムの高度化
再チャレンジを支援します。
３.日本の農林水産物を世界に ３.芸術家の育成
医療サービス向上に向け、医療情報のデータベース
化などICT（情報通信技術）の活用を促進します。 日本産農林水産物の世界での市場規模をさらに拡大 文化・芸術を担う人材を育成するための助成制度
３.中小企業の人材力を強化
また、身近な医療機関で専門医の指示が受けられる するため、海外市場から求められる品質・安全管理 を創設するなど、文化・芸術の活動の基盤を強化し
遠隔診療を推進します。 認証等の取得を支援する体制を構築します。 中小企業の経営者や職業人を高校、大学など教育機 ます。
関等に積極的に派遣し、中小企業の魅力を実感して
もらう中小企業魅力PR支援制度を創設します。
４.新たな治療法の開発 ４.農業生産システムの輸出へ ４.スポーツの振興
豊かな健康長寿社会を築きあげます。疾患を未然に 化学肥料や農薬の使用を抑えたクリーン農業や植 生涯スポーツ社会の構築や、国際競技力の向上に向
防ぐための日常的な指標であるバイオマーカー※等 物工場などの生産システムの輸出産業化を目指し けた環境整備のため、「スポーツ庁」の設置を目指し
を用いた予防医療や、幹細胞を用いた再生医療など ます。 ます。また、障がい者スポーツの一層の振興に取り
の新たな治療法の開発と臨床応用を推進。また、先 組みます。
端医療の研究や承認、実用化を迅速に進めるため、
必要な法整備を行います。
※バイオマーカー…人間の健康状態を検査データで把
握するための指標のこと。血糖値やコレステロール
値などが代表的。
13 14
包容力ある
「共助社会」の構築を
5
一人ひとりを
大切にする社会へ。
「 新しい福祉」で実現、「支え合い」の社会 包み支え合う、 子育てに安心を。
2 3
「社会的包容力※」の構築 人口減少社会の反転へ
職場や地域の中で人間関係の希薄化が社会的な孤立を招き、いじめや虐待、自殺や心身の病な ※(ソーシャル・インクルージョン)
どが急増しています。
１. 18歳まで医療費負担を１割に
公明党は、生活基盤を支える雇用の安定を柱に、これまで以上に年金・医療・介護等の充実に取 １.孤立死ゼロへ！命を守るネットワークを
現在就学前まで２割となっている医療費の窓口負担
り組み続けるとともに、一人ひとりを社会の構成員として大切にする、包容力ある共助社会を 孤立死ゼロを目指し、民生委員や地域包括支援セン について、18歳まで１割への軽減を目指します。
築きあげます。 ターなど既存の地域見守り体制を充実・強化します。
さらに、電気、ガス、水道などの民間事業者からの情
２.幼児教育の無償化〈別掲〉P20
また、貧困の拡大や格差の固定化を防ぐため、若者雇用対策に重点的に取り組むとともに、生活保 報提供等を含め、総合的な「命を守るネットワーク」
護にいたる前に生活の維持・再挑戦ができるよう、セーフティネットの再構築に取り組みます。 を構築します。
３.出産費用の負担軽減
出産育児一時金を現在の42万円から50万円に引き
２.うつ対策の強化・拡充
上げます。また、妊婦健診14回分の公費助成を恒久
職場や地域でうつを早期に発見し、早期に治療する 化します。
ための体制を整備するとともに、認知行動療法や適
切な薬物療法の普及を推進します。また、アウトリー
若者雇用対策を抜本的に ２.雇用ミスマッチと ４.不妊治療や不育症への支援の充実
1 チ（訪問）や居場所づくりなどの支援体制を拡充し
正規・非正規格差の解消
強化 ます。 不妊治療への公的支援を拡充します。流産や死産を
産学官の連携を強化して、中小企業等とのマッチン 繰り返す不育症の方を支援するために、適切な治療
グ支援や、ハローワーク等で早期から若者の就職を 体制の整備や経済的負担の軽減を図ります。
１. 500万人の雇用を創出
支援する体制を強化するなど、雇用のミスマッチの
環境、医療・介護、農業、観光などの新成長産業分野 解消を図ります。また、社会保険の適用拡大をはじ
老後に大きな安心を。
を中心に、500万人の雇用を創出します。 め、賃金・待遇等における正規・非正規の格差解消 4
「若者雇用担当大臣」を設置して、若者雇用の国家戦 を目指します。 年金の最低保障機能の強化
略を強力に推進します。
３.「中間的就労」の推進 １.低所得者等への年金加算の拡充
一般就労が難しく、従来の福祉政策の対象とならな 新たな福祉的給付として実施される、実質的な年金
い「長期の引きこもり」、「不登校」等の若者のため 加算や免除期間加算の効果を検証するとともに、さ
に、「一般就労」でも「福祉的就労」でもない、中間 らなる拡充による最低保障機能の強化に取り組み
的な就労の場をつくります。 ます。
15 16
一人ひとりを大切にする社会へ。
負担軽減で安心を。 5.再生医療の推進 10.医療・福祉分野におけるICTの利活用 所得保障で安心を。
5 7
充実の医療制度 世界に先駆けて「iPS細胞」等による再生医療を国 地域における医師不足等の課題解決や、災害時の継 障がい者福祉の拡充
民が迅速かつ安全に受けられるようにするため、そ 続的な医療サービスの確保を図ります。また、地域
の実用化と新産業の創成や、予算の拡充等を推進す の医療機関・薬局・介護施設が、情報通信ネットワー
１.高額療養費制度の見直し １.所得保障の充実
る法整備も含め、強固な支援体制を構築します。 クを通じて患者情報を安全に共有するための情報連
70歳未満の年間所得300万円以下世帯（住民税非課 加えて、先端研究分野における研究を支える専門的 携基盤の整備や遠隔医療の普及を推進します。 新たな福祉的給付の創設に伴う障害基礎年金の加算
税世帯は除く）の医療費の負担上限額を、現在の月 知識を有するスタッフの継続雇用を可能とする環境 措置を着実に実施。所得保障をより充実させ、障害
額約８万円から約４万円に引き下げます。また、年 の整備や人件費等にかかる研究資金の使途の柔軟化 年金の支給要件の緩和にも取り組みます。
介護に安心を。
間上限額の新設や世帯合算における70歳未満につ など必要な対策を講じ、世界トップレベルの研究開 6
いての医療費２万１千円超の条件など現行制度の課 発環境を確立します。 介護サービスのさらなる整備
２.障がい者が地域で暮らせる体制整備
題を改善します。
障がい者が地域で安心して暮らせるよう、高齢化の
６.救急医療基本法の制定 １.安心のサポート体制と介護従事者の
対応を含めた福祉基盤の整備を図るとともに、ハー
２.ワクチン助成の充実 処遇改善
ドクターヘリの全国配備やドクターカーの普及、ER ド・ソフト両面にわたるバリアフリーの推進、「障が
ヒブ、小児用肺炎球菌、子宮頸がんワクチンの定期 （救急治療室）の整備・拡充をはじめ、必要な医師等 訪問介護・看護サービス等の大幅拡充や、ICTの活用 い者差別禁止法」の制定を目指します。
接種化を進め公費助成を恒久化します。また、高齢 の確保や災害時の対応など、救急医療の基盤強化を も含め24時間365日いつでも利用可能な在宅支援
者用の肺炎球菌、水痘、おたふくかぜなど必要なワ 盛り込んだ「救急医療基本法」の制定を急ぎます。 サービスを強化します。また、こうしたサービス基
生活支援セーフティネットの
クチンも公費で助成します。 盤を整備し、必要な介護・看護人材の確保や処遇改 8
善を行うため、新たな基金の創設等を行います。 再構築
７.医師不足の解消
３.がん対策の強化・推進
医師等をより多く養成する体制の充実を図り、研修
２.お元気ポイントの導入 １.求職者支援制度の充実
がん対策をさらに強化するため、放射線療法・化学 体制の見直しや医師派遣システムの強化などによ
療法の普及や専門医の育成、がん登録の義務化、新 り、医師不足地域の解消に取り組みます。また、産科・ 介護保険を利用せずに元気に暮らしている６５歳以 雇用保険を受給できない方に対して職業訓練の提供
たな医薬品などの承認審査の迅速化等に取り組み 小児科・麻酔科など医師が不足している問題を解消 上の高齢者に対し、介護予防などの取り組みを評価 や生活費の支給を行う「 求職者支援制度」をさらに
ます。 するため、診療報酬の充実等を行います。 し、介護保険料を軽減する仕組みをつくります。 充実させます。加えて最低賃金の引き上げや雇用保
また、胃がん検診にヘリコバクターピロリ菌検査を 険制度の拡充に取り組みます。
追加するとともに、ピロリ菌の除菌を早期段階から
８.医療保険制度の財政強化 ３.住宅セーフティネットの強化
保険適用とし早期治療を図ります。
２.公的賃貸住宅の倍増
国民皆保険制度を支える国民健康保険と協会けんぽ バリアフリーの構造を持ち、医療と介護が連携して
(セーフティネット住宅の拡充)
への公費投入拡大により、財政強化を図ります。 高齢者を支援するサービスを提供する「サービス付
４.難病対策の抜本的拡充
き高齢者向け住宅」の整備・拡充を進めます。 子育て世帯や高齢者世帯、低所得者世帯などの住宅
難病の原因究明や治療法の研究開発、医療費負担の 困窮者に、低家賃で住宅を提供する公的賃貸住宅を
９.地域の知恵を活かした健康づくりの推進
軽減など、総合的な難病対策を推進する「難病対策 倍増するため、民間賃貸住宅を活用したセーフティ
基本法」を制定します。また「特定疾患治療研究事 支え合いの地域力を活かした健康生活サポーター ネット住宅の整備を促進します。
業」および「難治性疾患治療研究事業」の拡充・強化 や健康推進委員の活動の推進、健康ポイント制度や
を図ります。さらに、小児難病患者の医療費負担の 介護ボランティアポイント制度の導入など、地域の
３.給付付き税額控除制度の導入
軽減を図る「小児慢性特定疾患治療研究事業」の対 創意工夫を活かした健康づくり、介護予防を推進し
象年齢を必要に応じて30歳未満まで延長します。 ます。 生活支援、子育て・教育支援等のため、減税と低所
得者への給付を組み合わせた「 給付付き税額控除制
度」を導入します。
17 18
教育の原点は
子どもたちの幸福
6 子どもの幸福を
教育費の
2 発達障がいなどで“読み”が困難な児童・生徒のため
実現する明日へ。
負担を軽減 の「デイジー教科書※」を教科用特定図書とし、無償
供与します。
※デイジー教科書…マルチメディアデイジー版教科
１.幼児教育の無償化を推進
書。通常の教科書と同様のテキストと画像をデジタ
安心、そして質の高い教育に改革 ル化し、テキスト文字に音声をシンクロ（同期）さ
就学前３年間の幼稚園・保育所・認定こども園等の
せて読むことを可能にした教科書
幼児教育の無償化を進めます。
教育の原点は子どもたちの幸福です。特に昨今のいじめや暴力などの問題が深刻化する中、こ
３.大学入学制度等を改善・改革
の原点に立ち返って、教育機能を再生し、向上させることが早急に求められています。公明党
２.奨学金制度をさらに拡充
秋入学導入を含め、大学入学制度を抜本的に見直し
は、子どもたち一人ひとりの幸福を実現するために、「社会のための教育」ではなく、「教育のた
大学生、高校生のための給付型奨学金制度を創設し ます。また、学習障がい等の障がいのある生徒が受
めの社会」の構築を目指します。
ます。また、無利子奨学金や返還免除制度など奨学 験しやすいよう、読み上げや時間延長等の合理的な
金制度の拡充を図ります。 配慮ができる体制を整備するなど大学入試制度を改
善します。
３.全中学校に給食を導入
安心・安全が基本の ４.大学教育の質の向上
1 全公立中学校への給食導入を目指します。（公立中
学校教育へ 学校における完全給食導入率：82.4％（2010年５ 学生による授業評価等を通じて大学授業の質を向上
月１日現在）） させます。障がい者が学びやすい環境を整備します。
大学教員等に若手・女性研究者の積極的な採用を図
１.いじめ対策、不登校対策 ３.学校施設の耐震化と長寿命化対策
ります。
質の高い
各小中学校にスクールカウンセラーや、児童支援専 学校施設の耐震化（非構造部材を含む）100％を達 3
任教諭等を常時配置し、いじめなどで悩む子どもた 成します。予防保全という考え方で、劣化状況調査 教育の推進
５.海外留学を大きく促進。支援制度も拡充
ちが相談しやすい環境づくりを推進します。地域全 を実施し、学校施設の長寿命化を図り、維持費を圧
体で学校教育を支援する体制づくりを進める「学校 縮します。 高校生、大学生の海外留学を大きく促進します。高
１.教育行政の抜本的見直し
支援地域本部」の設置や、不登校児童生徒を受け入 校生留学支援金や給付型の留学奨学金の対象枠を大
れ、学校復帰等を支援する「教育支援センター（適応 いじめや不登校問題など学校現場には様々な問題が 幅に拡大するなど、公的留学支援制度を抜本的に拡
４.防災・防犯などの安全教育を教科に
指導教室）」の全市区町村への設置を進めます。 起こっています。これらの問題に迅速かつ的確に対 充します。また、外国人学生のために、卒業後の就労
災害や犯罪等から自分の身を守る力を養うため、防 応するため、委員選定や委員会の権限をはじめとす 支援を含む生活支援を充実させます。
災教育や防犯教育を含めた安全教育の教科化を進め る教育委員会のあり方を抜本的に見直し、その機能
２.通学路にもっと安全対策を
ます。 強化を図ります。また、学校ごとの裁量の幅を広げ、
６.多様な教育機会の充実
学校、PTA、警察、道路管理者等が一堂に集まり、通 教員の創意工夫を奨励する制度を推進します。
学路を点検する体制を確立し、計画的に通学路の安 「公立夜間中学校」を全都道府県に１校以上設置す
全確保を図ります。 るなど、学齢期（満６歳～15歳）に就学できなかっ
２.障がいのある子どものための
た義務教育未修了者や在日外国人などの学習支援の
特別支援教育を手厚く充実
充実を図ります。さらに、定時制・通信制・単位制高
特別支援教育を拡充するため、小学校・中学校・高 校や、通信教育課程を導入する大学等の増設・拡充
等学校等に特別支援教室の設置を推進します。また、 など教育機会の一層の多様化に取り組みます。
19 20
公明党の外交
「行動する国際平和主義」
7
日本外交の
再建へ。 核ゼロの世界へ、 ２.海外で活動するNGO 支援
2
核軍縮を推進 ODA予算の５％を海外で活動する日本の非政府組
織（NGO）へ還元します。
「 行動する国際平和主義」と経済連携で再構築 １「. 核兵器禁止条約」の提案
３. 国連「平和構築委員会」活動への
核不拡散条約（NPT）体制強化の推進、「核兵器禁
積極的参加
日本外交の再建に向け、公明党は「行動する国際平和主義」の理念を掲げ、核軍縮の推進、人間
止条約」を提案します。
の安全保障分野で貢献する平和外交を推し進めます。同時に、国際的な経済連携を展開します。 「人間の安全保障」「平和の定着構想※」の推進のた
め、国連「平和構築委員会」活動への日本の積極的
２.非核三原則の堅持と核兵器非保有宣言
参加を促します。
非核三原則を堅持し、政府が「永遠に核兵器を保有 ※平和の定着構想…紛争後の国に対して、紛争状態に
しない」との方針を宣言するよう主張します。 後戻りしないような支援・取り組みを実施し、平和
と安定の国づくりを目指すこと。
混迷する ３「. 核廃絶サミット」の開催 ４.対人地雷被害国支援
1
日本外交の立て直し 2015年に「核廃絶サミット」を広島と長崎で行う 対人地雷の探知・除去をさらに進めます。機材開発、
ことを提案します。 人材育成、財政支援を実施するとともに、犠牲者支
援や開発援助を行います。
１.日米関係の再構築 ３.領土をめぐる問題
４.６カ国協議参加国による
民主党の無責任きわまる政策展開により弱体化した 領土と主権をめぐる問題については、日本の毅然た
「核不使用宣言地域」設置 国際的な
日米関係について、日本の平和と安全をより確かな る対応による戦略的な外交を進めます。国際社会に 4
ものとするために、日米安全保障条約を堅持し、日 日本の立場と主張を明らかにし、各国との冷静な対 「北東アジア非核地帯」を目指し、６カ国協議参加国 経済連携を強化
米関係を深化・発展させる中で両国関係を再構築し 話を通じた平和的解決を目指します。 による「核不使用宣言地域」設置を提案します。
ます。
１.経済連携の推進と自由貿易圏の構築
「人間の安全保障」分野で
3 アジア太平洋地域内の経済連携協定（EPA）や自由
２.アジア外交の積極的展開
世界に貢献 貿易協定（FTA）などに主導的に取り組み、アジア
隣接する中国、韓国、ロシアに加え、発展著しい東南 太平洋自由貿易圏（FTAAP）の構築を目指します。
アジア諸国連合（ASEAN）やインドなどアジア各国
１「. 人間の安全保障」分野へ
との定期的な首脳間対話を実施するとともに、経済
予算を重点配分 ２.資源外交の推進
連携を一層加速させることや、人や情報、文化などに
おける多重的な交流を促進することで、アジア全体 経済的貧困、飢餓、麻薬、感染症から人間を守ること 安価な天然ガスの調達をはじめ、資源市場（価格）
の安定と発展を目指す積極的外交を展開します。 や、地球の環境保全、女性の地位向上、人身取引根絶、 の安定化へ向けた資源外交を推進します。
安全な水の供給、防災など「人間の安全保障」分野
に政府開発援助（ODA）の20％を優先配分します。
21 22
「国民会議」で、 中小企業等への
社会保障制度改革を具体化 転嫁対策等
社会保障制度改革の具体化（特に、医療・ 中小企業など下請企業と元請企業の関係
介護）を推進します。社会保障制度改革 では、取引上の優越的な地位利用が見られ
推進法に基づき設置される「国民会議」に ます。こうした不公正な取引が横行しな
おいて、消費税率引き上げ前の2013 年 いよう、公正取引委員会の取り締まり・監
８月までに結論を出し、速やかに実行に 視体制を強化します。その際、単なる指標
移します。 であるガイドラインではなく、法律による
規制措置を講じます。
また、中小企業の消費税の転嫁が容易にな
デフレからの脱却、
るよう、業界ごとに消費税を含めた価格の
表示方法を統一する措置や、中小企業を中
確実な経済成長の実現
心に消費税の転嫁方法を決定するなどの
消費税率引き上げは、経済状況の好転が 措置が、独占禁止法の適用除外とするよう
前提条件です。そのために、防災・減災 対策を講じます。
ニューディール政策などにより新たな需 消費税の税率引き上げが二段階で実施さ
要を創出。また、成長戦略の着実な推進、 れることなどに配慮して、特に中小・零細
金融緩和政策の継続・強化などを実行し、 事業者の事務負担を軽減するための財政
確実な経済成長を実現します。 上・税制上の措置を講じます。
軽減税率の導入など 所得税・相続税等の
低所得者対策の確実な実行 税制改革の着実な推進
消費税率８％引き上げ段階から、確実に低 所得税は、再分配機能を強化する観点か
公明党は軽減税率の 所得者対策を実行します。法律上は、食 ら、最高税率の引き上げなど、累進性を強
料品など生活必需品等への「軽減税率」や 化します。
「簡素な給付措置」を検討することになっ 相続税は、格差の是正や世代間の所得移転
実現をめざします。
ており、公明党は軽減税率の導入を目指し の観点から、基礎控除の引き下げや最高税
ます。 率の引き上げなど税率構造を見直します。
あわせて高齢者等が持つ資産を子や孫世
「社会保障と税の一体改革」を完結させます。 代へ早期移転を促すため、税制措置を講じ
住宅取得に対する対策
ます。
2012 年８月、「社会保障と税の一体改革」関連 自動車に関する税制は、取得時（自動車取
住宅を取得する時の消費税負担が過重に 得税や消費税）、保有時（重量税や自動車
法が成立しました。公明党は、2014 年４月か
なることから、負担軽減のための財政上、 税）、走行時（ガソリン税など）と複雑に
ら実施される消費税率引き上げまでに、右記の 税制上の措置を講じます。 なっているため、抜本的に見直して簡素化
します。特に、消費税との二重課税である
課題について、成立した法律の各事項、および
自動車取得税は廃止を目指します。
東日本大震災
民主・自民・公明による３党合意に基づき、確実
被災地への特例
に対応し、「一体改革」を完結させます。
東日本大震災の被災地の方々に、消費税率
引き上げが集団移転や住宅再建などの妨
げとならないよう、特例措置を講じるなど
万全を期します。
23 24
当面する
重要政治課題
ＴＰＰ問題
太平洋自由貿易圏いわゆるＦＴＡＡＰ構想の実現に向けて、日本が推進してき
当面の経済財政運営と財政健全化 アジア
た日中韓、ＡＳＥＡＮ＋３、ＡＳＥＡＮ＋６といった広域的経済連携とＴＰＰ
（環太平洋戦略的経済連携協定）との関係・整合性を含め、わが国のＦＴＡ戦略の全体像を描くこ
【緊急経済対策】 とが重要です。民主党政権はＦＴＡＡＰの構築へ、ＴＰＰが「一里塚」になると位置付けていま
すが、そのプロセスが曖昧です。
後退局面 に入った可能性が高い景気を回復させるために、今年度（2012年度）中 また野田総理自ら、ＴＰＰに関して「きちっと情報提供を行って、十分な国民的な議論を行った
に補正予算を編成し大胆な景気対策を盛り込みます。 上で、あくまで国益の視点に立って結論を得る」（2011年12月13日）と発言しています。しか
補正予算を含む緊急経済対策では、景気下支え対策として、エコカー補助金の復活、政策金融等を し、事前の協議内容が公開されず、十分な国民的な議論ができていません。さらに国益に関する
活用した資金繰り支援策、「国内立地補助金」拡充などによる産業空洞化の防止、雇用対策などの コンセンサスもできていません。ＴＰＰは包括的な経済連携協定であり、貿易や農業のみなら
施策を講じます。あわせて、東日本大震災、原発事故からの復興の加速、防災・減災対策の前倒し、 ず、医療、保険、食品安全など広く国民生活に影響を及ぼすため、国会に調査会もしくは特別委員
再エネ・省エネの促進等についても着実に実施します。 会を設置し十分審議できる環境をつくるべきです。
【日本再生戦略】 竹島・尖閣諸島・北方領土問題
中長期的な日本再生を図るため、２年以内のデフレ脱却と実質２％程 がわが国の主権を脅かす行為が続いています。民主党政権下の日本外交
その上で、 近隣諸国
度、名目３～４％程度の経済成長の実現を目指します。そのため、防 の劣化、日米同盟の軋みが最大の原因です。領土と主権を巡っては毅然
災・減災ニューディールの推進などで「新たな需要の創出」、日本の潜在的な力を引き出す「成長 とした対応による戦略的外交とともに、冷静な対話を通じた平和的解決を目指します。
戦略の推進」、政府・日銀の連携と「金融政策の強化」で、内需・外需ともに拡大する戦略的な経済 竹島は歴史的にも国際法上もわが国の固有の領土です。国際司法裁判所への単独提訴をはじめ、
財政運営を行います。 あらゆる手段を講じて国際世論に訴えていくべきです。そして国際法に則り冷静に、平和的な解
政府内に官民一体となった戦略的な経済運営を可能とする「経済戦略会議」（仮称）を設置し 決を目指すべきです。
ます。 尖閣諸島は、日本が今日まで有効に支配を続けており、日中間に領土問題は存在しません。同海
財政健全化へ中長期的には国・地方の債務残高GDP比を安定化させ、長期的には引き下げること 域保全のための海上保安庁の人員増や、装備の強化・充実など、尖閣諸島に対する有効な支配をさ
を目標とします。歳出の見直しにあたっては、成長分野等への重点化を図る一方で、「国会版事業 らに強めるとともに、一元的に対応する政府機関を設置すべきです。
仕分け」の強化など政策評価のあり方を含め、既存予算を抜本的に組み直す仕組みを徹底・強化 ロシアによる不法占拠が続く北方領土問題は、東京宣言（1993年）に基づき、四島帰属の問題を
します。 解決し早期に平和条約を締結するよう絶え間ない交渉を続けるべきです。
25 26
manifesto2012
衆
院
選
重
点
政
策
manifesto
2012
日本再建シナリオ
公明党の政策について、詳しくは
www.komei.or.jp
※本重点政策では、障がいを持つ方の人権を尊重し、現行法令や現行施設・制度等以外のすべての表記を「障がい」としました。",,
71620_200509,"自民党からの120の約束
郵政民営化からすべての改革を進め、この国が抱えているさまざまな問題を
解決していくために、私たち自民党は数多くの政策を立案・実行していきます。
テーマ1：【日本の改革】
改革の流れに、勢いを。
テーマ2：【国際競争力・成長分野】
日本の産業に、たくましさと活力を。
テーマ3：【安心・安全】
誰もが不安なく暮らせる日本へ。
テーマ4：【われわれの子どもたち】
子どもたちに、確かな未来を。
テーマ5：【世界の中の日本】
世界に胸を張れる日本へ。
1
テーマ 1：【日本の改革】改革の流れに、勢いを。
政治、経済、社会のあらゆる場面で、日本は今、さまざまな「改革」の実現を迫られて
います。それは日本が、さらなる飛躍を遂げていくために、避けては通れない道筋なの
です。自民党は、「郵政民営化」をその突破口として、「日本の改革」をさらに加速させ
ていきます。
「郵政民営化」をかならず実現する。
001. 郵政民営化に再挑戦
日本の行政を変える。
「行政改革」を進め、スリムで効率的な政府にします。
002. 規制改革の強力な推進
003. 行政スリム化プログラムの推進
004. 簡素で効率的な電子政府の実現
005. 国家公務員に関する改革を実施
006. 国会・裁判所などの組織改革を推進
007. 政府関係法人の合理化および効率化を実施
008. 省庁再編レビューの実施
「財政構造改革」で国の財政を黒字に転換します。
009. 歳出・歳入一体の財政構造改革を実現
「社会保障制度改革」で命と健康の安全保障を確立します。
010. 持続可能な社会保障制度の構築
011. 健康フロンティア戦略のさらなる推進（健康寿命の伸長）
012. 医療制度改革の断行（安心で質の高い医療提供体制、持続可能な医療保険制
度の確立）
013. 介護保険制度改革の着実な実施（介護予防、地域介護の推進）
014. 年金制度を引き続き見直し信頼と安心を強化
015. 社会保険庁改革の断行（社会保険制度への信頼を回復）
016. 障害者の自立した地域生活を支援するための施策を推進
「地方分権」とあわせて「地方行政改革」を断行します。
017. 三位一体改革の推進
018. 市町村合併をさらに促進
2
019. 道州制導入の検討を促進
020. 地方の行政改革を徹底して実施
日本の社会を変える。
「新しい日本社会」の担い手を応援します。
021. 男女の雇用機会均等などをさらに進め男女共同参画社会を実現
022. 公益法人制度改革の促進
023. NPOなど社会活動・ボランティア組織の育成と支援
日本の基本を変える。
「新憲法制定」に向けて具体的に動きます。
024. 新憲法制定への取り組みを本格化
「教育基本法の改正」を推進します。
025. 子どもたちの未来のために教育基本法を改正
「政治改革」に不断の努力を傾けます。
026. 国会改革を推進
027. 政治資金規正法を改正
3
「郵政民営化」をかならず実現する。
001.郵政民営化に再挑戦
参議院において否決された民営化関連6法案を次期国会で成立させる。
日本の行政を変える。
「行政改革」を進め、スリムで効率的な政府にします。
002.規制改革の強力な推進
官製市場や国民生活、産業活動に対する国の関与について徹底した規制改革を進め
る。
規制の新設については、その影響分析に基づき厳格な審査を行う。規制の見直し基
準を策定する。
003.行政スリム化プログラムの推進
① 公共サービス効率化制度（市場化テスト）
公共サービスの質の維持向上・経費の削減等に資するよう、「公共サービス効率化
法（市場化テスト法）案（仮称）」を17年度中に国会に提出するため、準備に着手
する。
② 官業の民間開放の推進
国、独立行政法人、行政代行法人などが行う官業について、民間開放を強力に推し
進める。
③ 法令の整理
すべての振興法、助成法などをゼロベースから見直し、法令の改廃、補助金等の財
政支出の削減や担当部局のスリム化を大胆に行う。
④地方支分部局の見直し
地方支分部局の組織・業務を抜本的に見直し、廃止、独立行政法人化、地方移譲等
を集中的に進める。
⑤ 情報通信技術の活用
ＩＴの活用により抜本的な業務改革を行い、内部管理要員の3割以上の削減につな
げる。
004. 簡素で効率的な電子政府の実現
18年度までに登記や国税、社会保険など年間申請の多い手続きの見直しを実施した
うえ、 適切なインセンティブ措置を講じ、電子申請の実利用率の向上を図る。
005. 国家公務員に関する改革を実施
①公務員制度改革
4
能力、実績主義の人事、再就職の適正化等を推進するため、公務員制度改革関連法
案の早期国会提出を期する。
②総人件費削減
・民間賃金の動向や地域による賃金格差の状況を踏まえ、国家公務員の給与・退
職手当体系の見直しを行う。また、定員についても思い切った純減を実現し、
総人件費を大幅に削減する。
・特殊法人、独立行政法人、公益法人その他の公的部門の人件費については、原
則として、国家公務員の総人件費に準じて厳しく削減する。
③法令遵守（コンプライアンス）の徹底（官製談合、公金管理）
各府省にコンプライアンス室を設ける等により、公的部門の法令遵守を監視する機
能を強化し、官製談合や不適切な公金管理等の不祥事に厳正に対処する。
006. 国会・裁判所などの組織改革を推進
国会、裁判所、会計検査院及び人事院の機構、定員、職員給与・手当について、思
い切った改革方策を本年度中に取りまとめ、18年の通常国会で法令改正を含む所要
の措置を講じる。
007. 政府関係法人の合理化および効率化を実施
①政策金融機関の改革
本年秋に向けて議論を行い、政策金融のあるべき姿の実現に関する基本方針を取り
まとめ、20年度に新体制に移行する。
②独立行政法人の改革
独立行政法人について、3〜5 年ごとの「中期目標期間終了時の見直し」のもとで、
廃止・統合や民営化を含め、組織・業務全般を極力整理縮小するとともに、原則と
して非公務員化する。特殊法人等から移行した独立行政法人については、事業の廃
止・縮小・重点化などを通じて財政支出を削減する。
③行政代行法人等の改革
行政代行法人等については、国の関与等の透明化・合理化及び財政支出の抑制等の
観点から、厳格な見直しを行う。
008. 省庁再編レビューの実施
省庁再編から5年経過を機に、問題点の洗出しと必要な見直しを実施する。
「財政構造改革」で国の財政を黒字に転換します。
009. 歳出・歳入一体の財政構造改革を実現
①2010年代初頭の基礎的財政収支（プライマリーバランス）の回復
5
小泉内閣の 5 年間で既に 10 兆円の歳出改革を断行した。今後さらに歳出・歳入一
体の改革により2010年代初頭に基礎的財政収支の黒字化を実現する。
②公共事業のコスト改革
「公共事業コスト構造改革プログラム」に基づき、19 年度までに 15％の総合コス
ト削減を達成する。
③特別会計・特定財源制度の見直し
非効率な特別会計や特定財源制度について、事業のあり方や経営形態の観点も踏ま
え、聖域なく抜本的に見直すこととし、早期に「特別会計整理合理化計画」を策定
する。
④政策評価等の予算反映
政策評価と予算の連携強化を含め、見直し後の政策評価制度の実効性を高める。
各府省の具体的施策の評価結果を予算編成において活用する。
⑤予算・決算の関係の重視
決算審査の早期実施を進めるとともに、審査結果を後年度の予算に的確に反映する。
このため、20年度予算編成を目途に予算書・決算書の項目・区分の統一を行う。
⑥公会計・「国家財政ナビゲーション」の整備
各省庁の財務状況に関する説明責任の明確化等を目的とした省庁別財務書類調製
の取組みを進めるとともに、国の財務状況を開示する財務書類を作成・公表する。
⑦税制の抜本的改革
引き続き聖域なき歳出改革に果断に取り組みながら、国民の合意を得つつ、新しい
時代にふさわしい税体系を構築する。その中で所得税については、所得が捕捉しや
すい「サラリーマン増税」を行うとの政府税調の考え方はとらない。なお、
・18年度において、三位一体改革の一環として、所得税から個人住民税への制度的
な税源移譲を実現する。
・19年度を目途に、社会保障給付全般に要する費用の見通し等を踏まえつつ、あら
ゆる世代が広く公平に負担を分かち合う観点から、消費税を含む税体系の抜本的
改革を実現する。
「社会保障制度改革」で命と健康の安全保障を確立します。
010. 持続可能な社会保障制度の構築
将来にわたり持続可能で安定的な制度を構築するため、給付と負担のバランスのと
れた改革を実施し、社会保障制度の各般を通じ、過大な伸びを抑制し、国民負担の
大幅な増大を避ける。税と社会保険料負担等をあわせた国民負担率を50％以内に維
6
持するとの目標を掲げて歯止めとする。
011. 健康フロンティア戦略のさらなる推進（健康寿命の伸長）
健康で自立して暮らすことのできる「健康寿命」を伸ばすことを目指し、国民各層
を対象とした生活習慣病（糖尿病、がん等）対策、介護予防施策の推進及び「健康
寿命を伸ばす科学技術の振興」を柱とした「健康フロンティア戦略」の本格化を図
る。また、歯科保健活動として「8020運動」を推進する。
012. 医療制度改革の断行（安心で質の高い医療提供体制、持続可能な医療保険制
度の確立）
国民皆保険制度を堅持しつつ、効率が良く、質の高い適切な医療の提供を確保する
ため、医療制度の改革を断行する。新たな高齢者医療制度の創設、地域の医療機能
の適切な分化・連携を進めるための医療計画制度の見直し、小児救急をはじめとす
る救急医療体制の確保等について、年内に改革案をまとめ、次期通常国会に法案を
提出する。
013. 介護保険制度改革の着実な実施（介護予防、地域介護の推進）
将来にわたり持続可能な制度とするための、介護予防の推進、在宅と施設の利用者
負担の公平性の確保（ホテルコスト・食費等の見直し）、認知症や一人暮らしの高
齢者を地域で支える新サービス体系づくり等、本年改正された制度全般を着実に実
施するとともに、末期がん患者へも介護保険を適用する。
014.年金制度を引き続き見直し信頼と安心を強化
給付と負担の両面から 16 年に改革を行い、将来にわたって国民の信頼に応えられ
る持続可能で安心な年金制度を構築した。また、わが党が主導して設置した衆参両
院合同会議において、さらなる年金改革について国民の立場に立った真摯な議論を
進めてきた。引き続き、国民皆年金を堅持するため、基礎年金国庫負担割合の2分
の1への引上げを実現する。さらに、公務員を含めたサラリーマンの年金制度の一
元化を推進し、いわゆる官民格差の是正を推進する。あわせて非正規労働者も厚生
年金に加入できる改正を目指すことにより、年金への信頼と安心を一層強化する。
015. 社会保険庁改革の断行（社会保険制度への信頼を回復）
現行の社会保険庁は事実上廃止し、公的年金については、新たな政府組織に運営を
担わせる。政管健保については、医療保険制度改革の一環として、その運営を国か
ら切り離し、全国単位の公法人を設立する。このため、次期通常国会に関連法案を
提出する。
016. 障害者の自立した地域生活を支援するための施策を推進
すべての障害者が必要なサービスを受けられるよう、サービスの地域偏在の解消を
7
図りつつ、遅れている精神障害者の保健福祉施策を含めハード・ソフトの基盤を抜
本的に充実強化する障害者自立支援法案の早期の成立を期する。雇用と福祉の連携
による福祉的就労から雇用への移行等を目指した改正障害者雇用促進法の着実な
実施を進める。
「地方分権」とあわせて「地方行政改革」を断行します。
017. 三位一体改革の推進
19年度以降も地方の意見を尊重しつつ、一般財源を確保のうえ、地方分権をさらに
推進するとの展望のもと、当面18年度までの三位一体改革の全体像（補助金廃止4
兆円、税源移譲3兆円規模、地方交付税見直し） を確実に実現する。
018. 市町村合併をさらに促進
市町村合併の結果、17 年度末までに、1822 自治体となるが、合併の進んでいない
地域を中心に、さらなる合併を推進する。
019. 道州制導入の検討を促進
地方自治および国の統治のシステムを効率的でスリムなものに再構築するため、道
州制導入を検討する。また、その先行的試みとしての北海道道州制特区を推進する。
020. 地方の行政改革を徹底して実施
①「集中改革プラン」
事務･事業の再編･整理、民間委託等の推進、定員管理の適正化、給与･手当等の適
正化、第三セクターの見直し等の改革について、17年度中に地方公共団体が作成・
公表する「集中改革プラン」により、地方公共団体間の給与・財政状況等を比較可
能とし、これを推進力として地方行革を強力に促進する。
②公務員改革
・地方公務員の総定員について過去5年間の実績を大きく上回る純減を実現し、総
人件費を大幅に削減する。
③法令遵守（コンプライアンス）
・物品調達、公共工事の入札をめぐる不正防止の徹底のため、入札談合等関与行為
防止法の運用を厳格化する。
・地方公務員による公金管理等の不祥事に対処するため、地方公共団体にコンプラ
イアンス体制の再構築を求める。
・地方公務員の政治的中立性を確保するため、服務規律を厳格化する。
④電子自治体
電子自治体の先進成功事例を整理のうえ、地方公共団体に情報提供し、それぞれ
に適合したシステムの構築を促す。
8
日本の社会を変える。
「新しい日本社会」の担い手を応援します。
021.男女の雇用機会均等などをさらに進め男女共同参画社会を実現
女性の能力を十分発揮できる雇用環境を整備するため、妊娠や出産を理由とする不
利益取扱いの禁止や、
女性の坑内労働に対する規制の緩和などについて、改正法案を次期通常国会に提出
する。子育て等で仕事を中断した女性の再就職や起業を支援する新政策を 17 年中
に策定し、着実に実施する。
022. 公益法人制度改革の促進
民間の寄附文化の育成等を通じ、民間非営利部門の活動を促進するため、公益法人
制度を明治以来百年ぶりに抜本的に改革することとし、現行の主務官庁による公益
法人の設立許可制度の廃止、新たな非営利法人制度の創設などを内容とする法案を
次期通常国会に提出する。
023. NPOなど社会活動・ボランティア組織の育成と支援
福祉、教育、文化、環境、国際協力など、さまざまな分野のＮＰＯの健全な育成の
ため、制度の改正、税制優遇策の抜本的検討を行う。
日本の基本を変える。
「新憲法制定」に向けて具体的に動きます。
024.新憲法制定への取り組みを本格化
17年11月15日までに自民党憲法草案を策定し、公表する。新憲法制定のための「日
本国憲法改正国民投票法案」及び「国会法の一部改正案」の早期制定を目指す。
「教育基本法の改正」を推進します。
025.子どもたちの未来のために教育基本法を改正
教育基本法を改正し、豊かな情操と道徳心にあふれ、正義と責任を重んじ、伝統文
化を尊重し、郷土や国を愛する心や公共の精神が身に付く教育を実現するとともに、
家庭や地域の教育力の回復を期する。教育振興基本計画を策定し、わが国の目指す
べき教育を進める。
「政治改革」に不断の努力を傾けます。
026. 国会改革を推進
9
民意を正確に反映するため、有権者の一票の格差を不断に是正することを目指し、
また議員年金についても改革する。
027. 政治資金規正法を改正
様々な国民の声に応え、政治資金規正法を改正し、社会情勢の推移に適合した見直
しを行う。
・政党および政治資金団体以外の政治団体間の寄附について年間の個別制限を、こ
れまでの無制限から上限5000万円とする。
・政治資金団体が受ける寄附及び政治資金団体がする寄附は、預金等の口座への振
込み又は振替によるものとする。
10
テーマ 2：【国際競争力・成長分野】日本の産業に、たくま
しさと活力を。
さらなる発展が期待できる成長分野はもとより、農林水産業などの多様な産業、国の基
盤を支える中小企業に向けて、国際競争力を高めるための積極的な経済政策を実施。
2006年度の名目GDPにおいて2%以上の経済成長達成を目指します。
日本の技術力を向上させる。
「IT推進」で世界をリードする日本をつくります。
028. 生活に密着したＩＴ社会の構築（ｕ−Ｊａｐａｎ政策の推進）
029. 医療・教育へのＩＴの活用
030. 情報格差の是正などＩＴによる安全・安心な社会の実現
「科学技術創造立国」で強い日本をつくります。
031. 人類と国の未来を拓く「科学技術創造立国」の実現
032. 沖縄科学技術大学院大学構想の実現
日本の底力を引き出す。
「エネルギー対策」を推進し安全・安定供給を確保します。
033. 資源燃料確保戦略を強化して安定供給を確保
034. 安全確保を大前提とした原子力の推進
「雇用対策」を進め各世代の問題を解決します。
035. 各世代に応じた職業能力開発基盤の整備
036. 団塊の世代の高齢化（2007年問題）に伴う技能継承の支援
037. 非正規労働者対策の充実
038. 雇用ミスマッチ解消に向けた雇用対策の推進
「農林水産振興」に攻めの姿勢で取り組みます。
039. 担い手育成による農業構造改革の推進
040. 食料自給率45％の達成のための攻めの農政を実施
041. 農山村地域の活性化を推進
042. 森林の環境資源政策・林業対策を積極的に推進
043. グローバル化に挑むわが国水産業・漁村の再生
11
産業の成長力を強化する。
「競争力の強い産業」を着実に育成します。
044. 民間経済活動を活性化する税制改革を実施
045. 新しい金融システムの構築
046. 経済法制の整備
047. 競争政策の充実
048. 知的財産戦略の継続強化
049. イノベーションを通じた競争力ある産業群の創出
050. 中小企業支援を強化
051. 小規模・零細企業対策を推進
052. 国家基盤としての衛星測位の確立と骨格的空間情報の整備
053. 登記所備付地図の整備事業を強力に推進
054. 建設業の再生と入札・契約の適正化
055. 環境を軸とした豊かな経済社会の創出
「社会資本の整備」をより効果的に達成します。
056. 社会資本整備の重点的な推進
057. PFIの積極的活用
058. 住宅政策の新しい枠組みづくりを推進
059. 国際・国内物流政策の推進
060. バリアフリーの推進
「地方の活性化」を多角的に実施します。
061. 構造改革特区の推進
062. 観光立国の実現
063. 地域公共交通の再生
064. 不動産流通を円滑にするための条件整備
065. 都市再生の推進
066. 「まちづくり三法」の見直しと中心市街地の再活性化
067. ひとづくりを重視した地域再生の推進
068. 農山漁村、過疎地域の活性化
12
日本の技術力を向上させる。
「IT推進」で世界をリードする日本をつくります。
028. 生活に密着したＩＴ社会の構築（ｕ−Ｊａｐａｎ政策の推進）
情報家電などを情報通信ネットワークで接続することにより、ＩＴを生活面に活用
するユビキタスネット社会を2010年までに実現する。
029. 医療・教育へのＩＴの活用
医療のＩＴについては、18 年度までに電子カルテ 60％以上、電子レセプト 70％以
上の普及を実現し、教育では 17 年度中にすべての公立学校の校内ＬＡＮを整備す
る。
030. 情報格差の是正などＩＴによる安全・安心な社会の実現
情報格差（デジタル・ディバイド）解消を目指し、2010年までにブロードバンド基
盤を全国整備し、災害対策等にＩＴを活用して安全・安心社会を実現する。
「科学技術創造立国」で強い日本をつくります。
031. 人類と国の未来を拓く「科学技術創造立国」の実現
第3期科学技術基本計画において研究開発投資の対ＧＤＰ比ベースでの確保を目指
す。重点四分野に加え、国際競争力の急速な回復を要する分野として、スーパーコ
ンピュータ、宇宙輸送システムなどを「国家基幹技術プロジェクト」として推進す
る。
032. 沖縄科学技術大学院大学構想の実現
17年度に設立される「独立行政法人沖縄科学技術研究基盤整備機構」の目的を確実
に完遂し、24年度を目途に世界最高水準の沖縄科学技術大学院大学の実現を期する。
日本の底力を引き出す。
「エネルギー対策」を推進し安全・安定供給を確保します。
033. 資源燃料確保戦略を強化して安定供給を確保
脆弱なエネルギー供給構造を是正するため、石油・天然ガスの自主開発、風力・太
陽光等の再生可能エネルギーの普及拡大、省エネルギーの徹底を総合的、戦略的に
進める。
034. 安全確保を大前提とした原子力の推進
資源・環境制約の強まる中、電力の安定供給体制を確立するため、安全確保を大前
提に原子力を基軸電源に位置づけるとともに、安全レベルを維持向上しつつ設備利
用率の向上を図る。また立地地域との共生政策の充実、原子力エネルギー教育の拡
13
充を推進する。高速増殖炉の開発、核燃料サイクルシステムの確立、ＩＴＥＲ等核
融合研究開発事業を着実に推進する。
「雇用対策」を進め各世代の問題を解決します。
035. 各世代に応じた職業能力開発基盤の整備
若者の教育訓練に取り組む企業への支援、職業能力開発休暇の普及、労働者のキャ
リア形成促進などの施策を法的整備も含め講ずることにより、各世代に必要とされ
る職業能力の開発・向上を促進する。
036. 団塊の世代の高齢化（2007年問題）に伴う技能継承の支援
技能継承の問題（2007年問題）に対応するため、熟練技能を多く保有している中小
企業の技能継承を確実にするための助成措置を拡充する。
037.非正規労働者対策の充実
短時間正社員制度の導入促進、パートタイム労働者の処遇の改善、正社員への転換
制度の普及・定着等、パートタイム労働対策を充実・強化する。
038. 雇用ミスマッチ解消に向けた雇用対策の推進
ハローワークにおける個々の求職者への総合的な支援の充実、雇用情勢が厳しい地
域に重点化した雇用対策の充実、シルバー人材センター事業の拡充等により、雇用
のミスマッチを解消する。
「農林水産振興」に攻めの姿勢で取り組みます。
039. 担い手育成による農業構造改革の推進
集落営農の組織化・法人化や新規就農の促進等により、意欲と能力のある担い手を
育成・確保するとともに、地域農業を支える経営に対する品目横断的な経営所得安
定対策等を実施する。
040. 食料自給率45％の達成のための攻めの農政を実施
新基本計画に基づき、食料供給力を確保し、生産性の向上、食育や地産地消、食品
産業との連携を推進する。農林水産物の輸出を21年に倍増（6,000億円）させる。
041. 農山村地域の活性化を推進
環境や農地・農業用水等を保全するための施策の具体化、バイオマスの利活用、地
域ブランドの確立、都市と農山漁村の共生・対流、農村女性の参画の促進等により、
農山村地域を活性化する。
042. 森林の環境資源政策・林業対策を積極的に推進
京都議定書目標達成計画の着実な推進を図るため、森林の環境資源面を重視した政
14
策の推進及び、森林の整備・保全、「緑の雇用」、木材利用の拡大等を推進。合法に
伐採された木材の利用を推進する枠組みづくりへの積極的な対応。
043. グローバル化に挑むわが国水産業・漁村の再生
燃油高騰対策資金をはじめとする漁業金融の円滑化、漁船検査の規制緩和等の推進、
水産資源の持続的利用の確保等を図りつつ、水産業・漁村を再生し、その多面的機
能の発揮に積極的に取り組む。
産業の成長力を強化する。
「競争力の強い産業」を着実に育成します。
044. 民間経済活動を活性化する税制改革を実施
税体系の抜本的改革等の税制改正に当たっては、経済活力の維持・向上と国際競争
力強化の観点を重視。
045. 新しい金融システムの構築
金融行政を金融システムの「安定」から「活力」へと目標を転換。金融機関の競争
力強化と金融市場インフラの整備を行いつつ、利用者のニーズ重視と保護ルールを
徹底し「貯蓄から投資へ」の流れを加速。国際的に開かれ魅力ある金融市場及びリ
スクが分散され、リスクに柔軟に対応できる金融システムを構築し、民の力による
金融サービス立国の実現を目指す。
046. 経済法制の整備
国際的に見ても公正なＭ＆Ａに関するルールを早急に整備。企業経営の効率化、資
金調達の円滑化に資する「投資サービス法（仮称）」など、法制度の整備を推進す
る。
047. 競争政策の充実
改正独禁法の見直し規定に従い、課徴金のあり方、公正取引委員会における審査･
審判手続きのあり方等について抜本的な見直しを行い、2年以内に結論を出す。
048. 知的財産戦略の継続強化
知財立国を確立するため、創設された知財高裁の活用、世界最高水準の迅速・的確
性をもつ特許審査の実現、模倣品・海賊版拡散防止条約の締結などにより、知的財
産の保護・活用の環境整備をさらに推進するとともに、コンテンツを生かした文化
創造立国への取り組みを強化する。
049. イノベーションを通じた競争力ある産業群の創出
新産業創造戦略に基づく、重点7分野（燃料電池等）について異業種交流支援、試
作品の政府購入等による集中的施策と日本ブランドの育成・発信の施策を推進する。
15
050. 中小企業支援を強化
地域における中小企業金融を円滑化するため、事業再生及び創業・新事業進出・経
営相談の支援機能を強化しつつ、担保・保証に過度に依存しない融資を進めるなど、
地域密着型金融（リレーションシップ・バンキング）の一層の推進を図る。
051. 小規模・零細企業対策を推進
個人事業主を中心とした小規模企業対策の観点から、市町村合併に伴う商工会議所、
商工会のあり方について、19年度までに組織機能の強化のため、抜本的な見直しを
行う。
052. 国家基盤としての衛星測位の確立と骨格的空間情報の整備
衛星測位の精度と信頼性を国家が保証できる体制を構築し、骨格的空間情報の標準
化と整備促進のための「測位・空間情報基本法」を次期通常国会に提出する。
053. 登記所備付地図の整備事業を強力に推進
都市部の地図混乱地域の地図作成を重点として、登記所備付地図の整備事業を強力
に推進する。
054. 建設業の再生と入札・契約の適正化
・過剰供給構造を是正する観点から、新分野進出等の経営革新の取組みを促進し、
経営体質の強化を図ることにより、地域の中小・中堅建設業の再生を目指す。こ
のため、17年度に都道府県ごとに中小・中堅建設業者の「建設業総合相談受付窓
口」を設置。
・入札契約制度の改革や公共工事品質確保法の徹底等により、談合等不正行為を防
止する一方、不良・不適格業者を排除しダンピング受注を防止する。
055. 環境を軸とした豊かな経済社会の創出
環境研究・環境技術開発の戦略的推進や環境ビジネスの振興を促進し、環境産業先
進国を堅持するとともに、環境保護と経済成長が両立した活力ある経済社会の構築
に資する。
「社会資本の整備」をより効果的に達成します。
056. 社会資本整備の重点的な推進
社会資本整備については、防災、地域再生、国際競争力強化などに厳しく重点化、
効率化を進めるとともに、政府・与党申合せに基づき、整備新幹線の着実な整備を
推進する。
057. PFIの積極的活用
前国会での法改正を踏まえ、国公有財産の貸付の拡充等を推進するとともに、PFI
16
の理解と普及により、幅広い分野への導入を推進する。
058. 住宅政策の新しい枠組みづくりを推進
次期通常国会への「住宅基本法（仮称）」の提出を目指し、住宅政策の基本理念・
目標や、施策の枠組みについて検討する。
059. 国際・国内物流政策の推進
国際・国内物流の競争力の強化、経済的コスト及び環境負荷の削減を図るため、ス
ーパー中枢港湾・大都市圏拠点空港等の機能強化、国際海運・航空と国内物流ネッ
トワークの連携、スマートＩＣ・グリーン物流の導入・普及を推進する。
060. バリアフリーの推進
「どこでも、だれでも、自由に、使いやすく」というユニバーサルデザインの考え
方を踏まえ、交通及びビルに関するバリアフリー法の一体化を図り、バリアフリー
化を一層推進する。
「地方の活性化」を多角的に実施します。
061. 構造改革特区の推進
経済の活性化を図るため、今後も定期的に提案募集を行い、一つでも多くの地方団
体や民間の提案を実現するとともに、成果のあがった特区を全国展開する。
062. 観光立国の実現
ビジット・ジャパン・キャンペーン、観光ルネサンス事業、姉妹都市提携、国際修
学旅行交流等の推進により、2010年までに訪日外国人旅行者数1,000万人を目指す。
また、「観光基本法」改正案を早期に国会に提出する。
063. 地域公共交通の再生
地域の活性化と環境対策のため、国、地方公共団体、住民、事業者が一体となった
地域公共交通への総合的な支援策を検討する。
064. 不動産流通を円滑にするための条件整備
資産デフレからの脱却を確実なものとし、新たな産業構造に対応した土地利用を実
現するため、不動産の流動化を促進するための条件整備を積極的に推進する。
065. 都市再生の推進
ゴミゼロ型都市、密集市街地緊急整備、防犯都市など時代と地域の新しいニーズに
応じた都市再生プロジェクトを引き続き推進する。
066. 「まちづくり三法」の見直しと中心市街地の再活性化
「まちづくり三法」を見直し、都市機能の市街地集約とにぎわい回復を理念とする
基本法的な法律を次期通常国会に提出する。
17
067. ひとづくりを重視した地域再生の推進
地域の人々のつながり（ソーシャルキャピタル）の復権、地方大学等の地域の知の
拠点再生、地域のアイデア競争を促進する支援措置を強化する。
068. 農山漁村、過疎地域の活性化
都市と農山漁村の共生・対流、人材育成等の地域活性化の支援、過疎・山村・離島・
半島・豪雪地帯等における産業基盤や生活環境の整備推進を行う。
18
テーマ 3：【安心・安全】誰もが不安なく暮らせる日本へ。
かつて世界一安全な国と讃えられた日本を、再び取り戻すために。自民党は長期的な視
野に立ち、万全の危機管理体制を整備してきました。今後も、万一の場合への備えをさ
らに強化して、安心・安全な社会の構築に全力で取り組んでいきます。
あなたを災害や事故から守るために。
「自然災害への対応力」を全面的に強化します。
069. 災害に強い国づくりの推進
「緊急事態への対応」をさらに迅速化します。
070. 緊急事態発生時の国民保護の体制を強化
071. 緊急消防援助隊を増強
「交通の安全確保」を総合的に実施します。
072. 公共交通の安全対策を強化
あなたを犯罪から守るために。
「犯罪・治安対策」を幅広く実施します。
073. 犯罪のない世界一安全な国づくり
074. テロの未然防止と対処能力の強化
075. 出入国管理の厳格化
076. 不法滞在者の半減
077.「犯罪被害者等基本計画」の策定と実施体制の整備
078. 簡易・迅速・柔軟な救済を行う人権救済制度の確立
「消費者被害の防止」に積極的に取り組みます。
079. 消費者行政の推進
「個人情報保護」の徹底を進めます。
080. 情報セキュリティの確保
081. 高度情報化の進展に伴うプライバシー保護の充実
あなたの健康を守るために。
「食の安全・安心の確保」「食育の普及」を推進します。
082. がん対策・自殺予防対策の推進
083. 食育の推進
19
084. 食品安全対策（残留農薬、輸入食品、生産履歴）
085. 安全な水の確保
「医療の安全・安心対策」を強化します。
086. 感染症・疾病対策の推進（新興・再興感染症、難病対策）
087. 医療安全対策の強化
088. 医薬品・医療機器の安全対策
「アスベスト・生活環境対策」を早急に実施します。
089. アスベスト問題対策の迅速な実施
090. 産業廃棄物対策、環境基準の徹底
「生物の多様性保全」などの諸施策を進めます。
091. 動物愛護管理行政の推進
092. 外来生物対策の推進
20
あなたを災害や事故から守るために。
「自然災害への対応力」を全面的に強化します。
069. 災害に強い国づくりの推進
地震や台風などに対応するため、監視・観測・情報伝達体制の強化、堤防等公共施
設の整備を格段に推進する。また、住宅等建造物の耐震化などの諸施策を推進する。
「緊急事態への対応」をさらに迅速化します。
070. 緊急事態発生時の国民保護の体制を強化
16年の国民保護法などの制定を受け、危機への備えをさらに徹底するために、新た
に「緊急事態基本法（仮称）」を早期に成立させ、国民の安全確保を図る。
071. 緊急消防援助隊を増強
消防団の充実強化等地域防災力を強化するとともに、緊急消防援助隊を増強する。
災害情報の迅速な伝達体制を構築する。
「交通の安全確保」を総合的に実施します。
072.公共交通の安全対策を強化
ヒューマンエラーによる公共交通の事故・トラブルの頻発する事態に対処し、陸・
海・空の公共交通の安全性を総点検し、所要の対策を強力かつ総合的に推進する。
あなたを犯罪から守るために。
「犯罪・治安対策」を幅広く実施します。
073. 犯罪のない世界一安全な国づくり
20年までに治安の危機的状況から脱却するため、政府をあげて総合的な治安対策を
集中的に実施する。
・新宿歌舞伎町刷新プランをモデルに安全な街づくりを推進する。
・１９年までに「空き交番」をゼロに。
・新たな手口による詐欺など、身近な犯罪への迅速・適切な対応を行う。
・再犯防止のための保護観察機能について、その強化のための関連法を整備する。
・覚せい剤など薬物取締りの強化と、薬物乱用防止の普及啓発の推進を行う。
・組織犯罪、サイバー犯罪、少年犯罪に対処する関連法整備を推進する。
・ 治安回復の基盤となる治安関係職員の増員、矯正施設の過剰収容の解消など体
制の強化を行う。
074. テロの未然防止と対処能力の強化
21
国際テロから国民を守るため、出入国管理や爆弾テロ対策を強化するとともに、空
港や鉄道等の警戒警備を徹底する。また、テロの未然防止のための法整備を進める。
075. 出入国管理の厳格化
テロリストや不法外国人を水際で阻止するため、ビザ発給時のオンラインシステム
「査証ＷＡＮ」を拡充しＩＣ旅券（顔情報）を導入。さらにバイオメトリクス（指
紋情報）の開発・導入を行う。
076. 不法滞在者の半減
厳正な出入国管理等により、外国人犯罪の温床となっている不法滞在者を 20 年ま
でに半減させる。
077.「犯罪被害者等基本計画」の策定と実施体制の整備
本年中に、犯罪被害者等基本計画を策定し、犯罪被害者やその遺族の損害回復の援
助と経済的支援、精神的・身体的被害の回復・防止、刑事手続への参加の機会の拡
充などを行うこととし、これらの施策の実施に必要な人的・物的体制を整備する。
078. 簡易・迅速・柔軟な救済を行う人権救済制度の確立
差別や虐待の被害者等人権を自ら守ることが困難な状況にある人々を、簡易・迅速
な手続で、積極的かつ柔軟に救済する人権救済制度の導入を目指す。
「消費者被害の防止」に積極的に取り組みます。
079. 消費者行政の推進
消費者被害の未然防止・拡大防止のため、一定の消費者団体が事業者の不当な行為
を差し止める消費者団体訴訟制度を整備する法案を次期通常国会に提出する。
「個人情報保護」の徹底を進めます。
080. 情報セキュリティの確保
巧妙化するコンピュータウイルスや不正アクセスの被害を最小限化するため、セキ
ュリティ基盤技術の推進、専門家の育成、情報セキュリティ文化の普及を推進。サ
イバー犯罪条約の発効を受け、国内法の整備を推進する。
081. 高度情報化の進展に伴うプライバシー保護の充実
複数の法律の狭間で処罰の対象となっていない民間企業の従業者個人による情報
漏洩に関する罰則を整備し、また、住民基本台帳等の閲覧を原則的に公益目的のみ
に限定するため、個人情報保護法等関連法の改正を早期に国会に提出する。
22
あなたの健康を守るために。
「食の安全・安心の確保」「食育の普及」を推進します。
082. がん対策・自殺予防対策の推進
がんの罹患率と死亡率の速やかな減少を目指し、がん予防の推進、がん治療の水準
の向上のため、がん情報の提供体制の整備など患者本位のがん対策を総合的に推進
する。
「自殺予防総合対策センター（仮称）」の設置や、産業保健と地域保健の連携によ
る心の健康づくり、職場におけるメンタルヘルス対策、など自殺予防対策を推進す
る。
083. 食育の推進
17年に制定された食育基本法に基づき、食育推進基本計画を作成するとともに、食
育を国民運動として総合的かつ計画的に推進する。
084. 食品安全対策（残留農薬、輸入食品、生産履歴）
残留農薬等の規制及び輸入食品の監視指導を強化することにより、食品の安全と国
民の信頼確保を図る。ＢＳＥ（牛海綿状脳症）や鳥インフルエンザなどへ適切に対
応し、トレーサビリティ・システムの導入促進、食品の産地表示の充実・適正化等
を推進する。
085. 安全な水の確保
水質管理の強化により、安全で良質な水道水の供給を確保するとともに、水道施設
における地震・渇水対策を推進する。
「医療の安全・安心対策」を強化します。
086. 感染症・疾病対策の推進（新興・再興感染症、難病対策）
ＳＡＲＳ等の発生及びまん延を防止するため、病原性微生物等に関する管理体制の
確立、最新の知見に基づいた医療提供体制の整備など感染症対策の充実・強化を図
る。また、難病の原因の究明や治療法の確立を推進するとともに、難病相談・支援
センターの充実を図る。
087. 医療安全対策の強化
医療事故の事例等の収集・分析による再発防止対策の周知徹底や医療事故に関する
相談機能の強化等医療安全対策を充実させる。
088. 医薬品・医療機器の安全対策
医薬品・医療機器の安全対策を充実。治験環境の充実等について総合的な施策を推
進。患者負担の軽減等のため、ジェネリック医薬品の使用促進を図る。
23
「アスベスト・生活環境対策」を早急に実施します。
089. アスベスト問題対策の迅速な実施
アスベスト使用建築物・学校施設等への対策を徹底する。アスベスト製品製造等の
早期全面禁止を行う。労災補償を受けずに死亡した労働者、家族、周辺住民の被害
へ的確に対応するための新規立法を行う。
090. 産業廃棄物対策、環境基準の徹底
産廃特措法を活用し、法律の期限内に不法投棄を一掃する。大気・水環境について
環境基準の達成率を向上させるとともに、基準について必要な見直しを行う。
「生物の多様性保全」などの諸施策を進めます。
091. 動物愛護管理行政の推進
改正動物愛護管理法（わが党主導の議員立法で改正）に基づき、動物愛護に関する
基本指針の策定、マイクロチップ等による個体識別措置の推進等を充実・強化する。
092. 外来生物対策の推進
生物の多様性を保全すべく、特定外来生物法に基づき指定された特定外来生物につ
いて、国による防除事業等を進める。また、輸入規制のための水際措置を確立する。
24
テーマ 4：【われわれの子どもたち】子どもたちに、確かな
未来を。
子どもは国の宝であり、国の未来そのものです。少子化に歯止めをかけること。のびの
び育っていける環境を整えること。それらは政治の重要な使命でもあります。自民党は、
さまざまな子育て支援策のほか、青少年犯罪の防止策など、社会全体で子どもたちを育
てていく安心の制度づくりを実行します。
日本の「これから」をつくる。
「教育改革」で日本の明るい未来を育みます。
093. 幼児教育を国家戦略として展開
094. 義務教育の質的向上のための教育改革
095. 「確かな学力」と「豊かな心」の育成
096. 学校の安全確保
097. 個性輝く大学づくりの推進
098. 奨学制度の拡充による学生支援
099. 私学教育の振興
子どもは社会で育てる。
「少子化対策」として子育て支援策などを積極的に実施します。
100. 少子化社会対策の推進
「青少年の健全育成」を幅広く推進します。
101. 青少年健全育成の推進
「体験学習」を普及させ豊かな人間性を養います。
102. 農山漁村における体験学習などの推進
「若者の自立支援策」を効果的に推進します。
103. フリーター・ニート対策の強化
日本の新しい文化をつくる。
「文化・芸術・スポーツの振興」を通じて心豊かな社会をつくります。
104. 「文化力」の向上と豊かなスポーツ環境の推進
25
日本の「これから」をつくる。
「教育改革」で日本の明るい未来を育みます。
093. 幼児教育を国家戦略として展開
全ての子どもが力強く生きる力を幼児期から育成するために「幼児教育重視の国家
戦略」を展開。保育園・幼稚園の幼児教育機能の充実を図るとともに、幼児教育の
無償化を目指す。子どもの人間力向上のため児童福祉政策、教育政策、労働政策の
間の連携を一層進める。
094. 義務教育の質的向上のための教育改革
教員免許更新制の導入、専門職大学院制度の創設、新たな教員評価制度の確立など
により優れた教員を確保する。義務教育の質的向上のため、国による学校評価ガイ
ドラインの策定、外部評価システムの導入を進める。
また、義務教育の充実を国家戦略として位置づけ、必要な財源を確保する。
095. 「確かな学力」と「豊かな心」の育成
「確かな学力」を育成するため、学習指導要領全体を見直し、家庭・学校・地域社
会が一丸となった「豊かな心」の育成を推進する。高等学校教科書の検定について
必要性の有無を検討する。
096. 学校の安全確保
子どもたちが安心して教育を受けることができるよう、学校、家庭、関係機関等の
連携の下で、学校の安全管理の徹底を図る。学校施設の耐震化、防犯設備の拡充を
推進する。
097. 個性輝く大学づくりの推進
「知の創造と承継の拠点」である大学・大学院の教育研究機能の格段の向上を図る
ことにより、国際競争力を強化し、わが国の知的基盤を充実させる。
098. 奨学制度の拡充による学生支援
学生の自立を促し、意欲と能力ある者が経済的理由によって勉学の機会を失わない
よう、18歳以上の奨学金希望者全員への貸与を引き続き実施する。
099. 私学教育の振興
建学の精神に基づき特色ある教育研究を展開している私立学校の振興、生徒や保護
者の負担軽減に向けた私学助成の充実を推進する。
子どもは社会で育てる。
「少子化対策」として子育て支援策などを積極的に実施します。
100. 少子化社会対策の推進
26
「少子化社会対策大綱」及び「子ども・子育て応援プラン」に基づき、少子化の流
れを変えるための施策を強力に推進。また、地域･企業における子育て支援の推進
に向けて国民的な運動を進める。
・児童手当制度や子育て支援税制について合わせて検討を行い、欧州で出生率が回
復・安定している国における社会全体で負担を分かち合うとの考え方を念頭に、
子育て期の経済的負担を軽減させる。
・すべての子どもとすべての家庭へ支援が行き届くよう、地域の総合的なネットワ
ークを構築するなど、子どもを育む家族や地域のつながりを強め、子育てを支え
あう体制を確立する。
・「待機児童ゼロ作戦」の継続と一時預かりなどだれもが利用できる保育サービス
を充実させる。
・男女ともに子育てしながら安心して働き続けることができるよう、育児休業取得
や育児期の短時間勤務制度の導入を推進し、特に希望者すべてが育児休業を取得
できるよう、中小企業に対して重点的に負担軽減のための支援を行う。
・児童虐待を防止するための地域ネットワークの全国整備や児童相談体制を充実さ
せるとともに小規模ケアや里親制度などにより虐待を受けた子どもへの支援を強
化する。
・輪番制や小児救急電話相談（ダイヤル「＃8000」番）の実施など小児医療救急体
制の整備と医師の確保対策、出産・小児医療に関する負担の軽減を推進する。
「青少年の健全育成」を幅広く推進します。
101. 青少年健全育成の推進
青少年の非行や犯罪被害等の深刻化の状況に対し、問題の掘り下げた分析と検討の
うえに、所要の総合的かつ効果的な青少年対策を推進。わが党は、「青少年健全育成
基本法案」の早期成立を目指す。
「体験学習」を普及させ豊かな人間性を養います。
102. 農山漁村における体験学習などの推進
子どもたちの豊かな人間性を育み、食や自然、地域社会についての理解を深めるた
め、学校現場等への情報提供を図りつつ、子どもたちの農山漁村地域での体験学習
等を推進する。
「若者の自立支援策」を効果的に推進します。
27
103. フリーター・ニート対策の強化
フリーター・ニート等の増加傾向を反転させるため、フリーター25万人常用雇用化
プラン、16年策定の「若者の自立・挑戦のためのアクションプラン」を強化・推進
する。
日本の新しい文化をつくる。
「文化・芸術・スポーツの振興」を通じて心豊かな社会をつくります。
104. 「文化力」の向上と豊かなスポーツ環境の推進
伝統文化の活性化や地域の文化芸術活動の振興、新進芸術家の育成や日本映画等日
本の強みを生かしうる分野の振興を図る。総合スポーツクラブの育成など「生涯ス
ポーツ社会」 実現のための環境の整備を進め、ナショナルトレーニングセンター
中核拠点の整備などにより、世界で活躍する選手を育成する。
28
テーマ 5：【世界の中の日本】世界に胸を張れる日本へ。
国際社会の一員として、世界から信頼される国であり続けるために。日本には、今後も
果たしていかなければならない重大な役割と責任があります。自民党は日本の外交能力
をさらに高めながら、積極的な国際貢献を引き続き展開していきます。
凛とした日本外交の推進。
日米同盟と国際協調こそ日本外交の基本です。
105. ゆるぎない日米同盟を基軸とした国際協調による平和外交の推進
106. 「人間の安全保障」を念頭にODAの積極的な活用
「アジア外交」で確かなリーダーシップを発揮します。
107. 中国・韓国など近隣諸国との関係の改善強化とアジア「共同体」構想の推進
「領土問題の解決」に向け粘り強い努力を続けます。
108. 領土問題の解決への努力と海洋権益の確保
「拉致問題の解決」に党をあげて取り組みます。
109. 拉致問題の解決に向けさらに努力
「ＷＴＯ」「FTA」「ＥＰＡ」の速やかな交渉合意を目指します。
110. ＷＴＯ交渉に努力しＦＴＡ（自由貿易協定）・ＥＰＡ（経済連携協定）の推進
守りを固め、国民の安全を確保。
「防衛体制」の整備や「日米安保」の強化などを推進します。
111. 防衛庁を「省」に、自衛官に一層の名誉と誇りを
112. 国の防衛体制の整備と日米安保体制の強化
113. 新たな脅威や多様な緊急事態への対処能力の強化
114. 国際化などに対応した防衛庁・自衛隊の組織改編
「国際的な情報収集力」を強化して外交政策に役立てます。
115. 国家の情報収集能力の向上
世界と共に歩む、日本の国際貢献。
「自衛隊の国際協力活動」を適切に推進していきます。
116. 自衛隊の海外での国際協力活動の推進
117. 国際平和協力に関する一般法の検討
「地球環境問題」への積極的な取り組みを行います。
29
118. 京都議定書の温室効果ガス6％削減約束の達成
119. 地球規模での温室効果ガスの長期的排出削減に向けたリーダーシップの発揮
120. 「3Ｒ」の推進と国際的な展開
30
凛とした日本外交の推進。
日米同盟と国際協調こそ日本外交の基本です。
105. ゆるぎない日米同盟を基軸とした国際協調による平和外交の推進
世界の平和と繁栄のために、日米関係をさらに強化するとともに、国連を中心とす
る国際協調により、平和外交を積極的に展開する。
106. 「人間の安全保障」を念頭にODAの積極的な活用
ＯＤＡを積極的に活用することによって、環境・貧困・感染症など地球規模の課題
に取り組む。
「アジア外交」で確かなリーダーシップを発揮します。
107. 中国・韓国など近隣諸国との関係の改善強化とアジア「共同体」構想の推進
北朝鮮問題の解決。中国・韓国等との未来志向型の連携を強化し、アジアにおける
「共同体」の構築を推進する。
「領土問題の解決」に向け粘り強い努力を続けます。
108. 領土問題の解決への努力と海洋権益の確保
北方四島と竹島問題については、粘り強くその解決を目指す。また、東シナ海での
海洋資源開発および大陸棚調査の推進など、わが国の海洋権益を確保する。
「拉致問題の解決」に党をあげて取り組みます。
109. 拉致問題の解決に向けさらに努力
「拉致問題の解決なくして国交正常化はない」との基本を確認する。経済制裁の発
動を含め拉致問題の解決に全力を傾注する。
「ＷＴＯ」「FTA」「ＥＰＡ」の速やかな交渉合意を目指します。
110. ＷＴＯ交渉に努力しＦＴＡ（自由貿易協定）・ＥＰＡ（経済連携協定）の推進
ＷＴＯ農業交渉等については、多様な農業の共存や水・林産物の有限天然資源の持
続的利用が可能となるようなルールの樹立を目指し、交渉の合意に向け主導的役割
を果たす。また、貿易の拡大を目指し、ＥＰＡ等の交渉を積極的に推進する。
守りを固め、国民の安全を確保。
「防衛体制」の整備や「日米安保」の強化などを推進します。
111. 防衛庁を「省」に、自衛官に一層の名誉と誇りを
31
わが党で作成した「防衛省設置法案」を国会で成立させ、国の独立と平和のために
働く自衛官に国民が敬意と感謝の念を持つよう努める。
112. 国の防衛体制の整備と日米安保体制の強化
新防衛計画の大綱に基づき、防衛力の整備・強化を推進し、自衛隊の統合運用を進
める。
米軍再編を通じ、日米防衛協力を強化するとともに、沖縄をはじめとする基地の地
元負担を軽減する。
113. 新たな脅威や多様な緊急事態への対処能力の強化
弾道ミサイル防衛システムの配備を行うとともに、大規模なテロ・ゲリラへの対策、
ＮＢＣ（核、生物・化学）兵器及びサイバー攻撃対策を強化し、国民の安全を守る。
114. 国際化などに対応した防衛庁・自衛隊の組織改編
国際化への対応や地方との連携強化のため、防衛庁の組織改編を行う。ＰＫＯなど
国際協力を遂行する組織は別に樹立せず、自衛隊の本来任務と位置づけるため、自
衛隊法を改正する。
「国際的な情報収集力」を強化して外交政策に役立てます。
115. 国家の情報収集能力の向上
国家の情報収集・分析能力の強化を図り、的確な情報を活用して国民の安全を守る。
また、安全保障にかかわる秘密保全の強化策に取り組む。
世界と共に歩む、日本の国際貢献。
「自衛隊の国際協力活動」を適切に推進していきます。
116. 自衛隊の海外での国際協力活動の推進
自衛隊の海外派遣は、今後とも、国際協調と国益を考えて推進する。
117. 国際平和協力に関する一般法の検討
国際平和協力については、テロ特別措置法やイラク人道復興支援法といった特措法
でなく、今後は国際協力に関する一般法（国際協力基本法）を制定するなど、迅速
な対応が可能となるよう検討する。
「地球環境問題」への積極的な取り組みを行います。
118. 京都議定書の温室効果ガス6％削減約束の達成
京都議定書目標達成計画に盛り込まれた対策・施策を強力に推進するとともに、そ
の評価・検証を行い、必要な追加的施策等について検討する。脱温暖化に向け、ラ
32
イフスタイルを転換するための国民運動を展開する。
119. 地球規模での温室効果ガスの長期的排出削減に向けたリーダーシップの発揮
京都議定書の約束期間後（2013年以降）の次期枠組みについて、イニシアチブをも
って米国や中国をはじめとするアジア地域の主要排出国等と国際交渉をまとめる。
120. 「3Ｒ」の推進と国際的な展開
各種リサイクル法の強化等、廃棄物の発生抑制（リデュース）、再使用（リユース）、
リサイクルの「3R」を推進し、ゴミゼロ社会の実現を目指す。アジア各国との政策
対話や途上国への技術移転を通じ、3Rを国際的に展開する。
33",,
71620_201212,"J-ファイル 2012
総合 政 策 集
3 年前、国民の皆さまより厳しい審判をいただきました。 まず、復興。ふるさとを、取り戻す。 ・・・・・・・・・・・・ 4
Action 1 経済再生・・・・・・・・・・・・・・・・・・・・・・・・・・・・ 6
私たちは、深い反省のもと、自民党のあり方を立党の理念から見つめ直し、新綱領を制定しました。
Action 2 教育再生・・・・・・・・・・・・・・・・・・・・・・・・・・・・10
そして自らを鍛え上げ、誠実で、謙虚で、正直な Action 3 外交再生・・・・・・・・・・・・・・・・・・・・・・・・・・・・12
Action 4 暮らしの再生・・・・・・・・・・・・・・・・・・・・・・・・14
自民党という原点に立ち戻って努力を重ねて参りました。
みんなで、新しい日本をつくろう。・・・・・・・・・・・・・・・・・・16
この3年余、民主党は、国民との約束を実行できないだけでなく、数々の
J - フ ァ イ ル 目 次
内政・外交での迷走により、現在の危機的状況を招きました。
遅れる復興、長引くデフレ、わが国固有の領土・主権に対する外国の挑発。 Ⅰ .復興と防災・・・・・・・・・・・・・・・・・・・・・・・・・・・・・・・・18
1.復興加速・・・・・・・・・・・・・・・・・・・・・・・・・・・・・・18
これ以上、政権担当能力無き政党に日本を任せられません。ましてや唐突な離合集散で
2.国土強靭化・・・・・・・・・・・・・・・・・・・・・・・・・・・・20
出来上がった急ごしらえの政党では、何も決められない政治を繰り返すだけです。
Ⅱ.経 済 成 長・・・・・・・・・・・・・・・・・・・・・・・・・・・・・・・22
「責任ある政治」「、信頼できる政治」「、安定した政治」を、早急に取り戻さなければなりません。 Ⅲ.教育・人材育成、科学技術、文化・スポーツ・・・・・29
Ⅳ. 外 交・安 全 保 障・・・・・・・・・・・・・・・・・・・・・・・・・ 37
今、国民の皆さまに真剣に考えていただく時です。
1.外交 ・・・・・・・・・・・・・・・・・・・・・・・・・・・・・・・・ 37
自民党には、責任政党として日本を立て直していく覚悟があります。 2.安全保障・・・・・・・・・・・・・・・・・・・・・・・・・・・・39
3.領土・主権・・・・・・・・・・・・・・・・・・・・・・・・・・・・・41
政策を確実に実行していく多彩な人材がいます。経済を、教育を、
Ⅴ.社会保障・財政・税制・・・・・・・・・・・・・・・・・・・・・・・・42
外交を再生し、安心して暮らせる日々を必ず取り戻します。
1.社会保障制度・・・・・・・・・・・・・・・・・・・・・・・・・・42
パフォーマンス政治をするつもりはありませんし、
2.財政・税制・・・・・・・・・・・・・・・・・・・・・・・・・・・49
Ⅵ .消費者、生活安全、法務・・・・・・・・・・・・・・・・・・・52
私たちの政策は耳あたりの良いことばかりではないと思います。
Ⅶ.エネルギー ・・・・・・・・・・・・・・・・・・・・・・・・・・・・・54
しかし、今は国難の時。
Ⅷ .環 境・・・・・・・・・・・・・・・・・・・・・・・・・・・・・・・・・・・57
期待に応えられるのは自民党だと自負しております。 Ⅸ.地方の重視・地域の再生・・・・・・・・・・・・・・・・・・61
1.地方行財政・地方分権・・・・・・・・・・・・・・・・・・61
私たちは、国民の皆さまと一緒に、たくましく、やさしく、
2.中小企業対策・地域活性化・・・・・・・・・・・・・61
誇りある日本を取り戻します。ともに「新しい朝」を迎えるために。 Ⅹ.農林水産業・・・・・・・・・・・・・・・・・・・・・・・・・・・・・・・66
Ⅺ.政治・行政・党改革・・・・・・・・・・・・・・・・・・・・・・・・・71
Ⅻ.憲法・国のかたち・・・・・・・・・・・・・・・・・・・・・・・・・・・・74
索引・・・・・・・・・・・・・・・・・・・・・・・・・・・・・・・・・・・・・・・76
2 3
私たちは、これまで被災地に何度も足を運び、
本当に苦しんでいる被災者の視点に立った
復旧・復興に全力で取り組んできました。
政府の取り組みは遅すぎます。
今後数年以内に、極めて高い確率で首都直下型や
南海トラフの巨大地震が発生すると予想されています。
東日本大震災を大幅に上回る被害があると指摘される中、
民主党政権ではいっこうに対策が進んでいません。
国民の生命と財産を守ることが政治の使命です。
私たちは、何よりも早期の復興と
国民の「命を守り抜く」防災対策を徹底します。
4 5
6 7
8 9
10 11
12 13
14 15
16 17
Ⅰ. 復興と防災 6 事業再建への徹底支援 11 健康被害への万全な支援
土地利用計画やインフラ整備の遅れ等から中小・小規模事 放射能による健康への不安を多くの住民が抱いています。
業者や農林・水産業者の事業再建の歩みは遅々としており、 国が責任を持って健康不安にしっかりと対処するため、健康調
東日本大震災の被災地の復興の加速を最
地域の復興を担う人々が故郷を離れざるを得ない状況に陥っ 査事業の強化と併せ、放射性物質による環境汚染の状況に
優先します。
ています。こうした産業復興の阻害要因を早期に解消し、仕 ついての監視・測定の実施、食品安全のための放射性物質の
そして、事前防災の考え方に基づいて、近 事や雇用の場を確保し、人々が故郷で安心して暮らせる環境 基準値の設定や医療費に係る負担の軽減策、特に子供の健
を整えます。 康を守るためには万全を期します。
い将来起こることが十分に予想される巨大
特に、二重ローン※対策や資金繰り対策を強化するとともに、
地震・津波などの大規模災害の被害を想定
農地・漁港の復旧や陥没地帯の嵩上げを急ぎ、要望が多い 12 原子力災害への対応と原子力専門人材の充実
企業グループ補助金などの予算の拡充を図ります。また、再
の半分以下に抑え、復旧・復興に要する経 放射性物質による汚染対策として、詳細な汚染マップの作
生可能エネルギーや医療関係分野などの新産業事業の育成を
成や有効適切な除染の実施、放射性廃棄物の適正な処分を
費を最小化するために、民間投資も最大限
強力に進めます。
国の責任で行うこととします。
活用しつつ、ハード・ソフト両面にわたる「国
また『、原子力規制委員会設置法』の成立に伴い、IAEA（国
7 被災地の生活インフラ整備の迅速化
土強靭化」に積極的に取り組みます。 際原子力機関）の国際基準に則った原子力規制を実現すると
被災者の生活再建や就労に役立つ被災地の産業再生には、 ともに、原子力・放射能に関する高度の知見を有する人材の
社会資本の整備・活用が不可欠にもかかわらず、一向に進ん 採用、養成を図ります。
1. 復興加速 3 迅速な復興を担う機能する復興庁※へ向けた
でいません。寸断された道路、鉄道、防潮堤、河川堤防、さ さらに、東京電力福島第一原子力発電所事故の教訓をもと
再検討
1 復興事業の適正な執行及び必要な予算の確保 らには医療関係施設及び社会福祉施設、農地、漁港などの に、平時から避難等の事故対応に関する訓練を充実させるな
わが党の主張により設置された復興庁が、残念ながら能力
生活インフラ等の整備、下水汚泥処理の体制の構築等を迅 どにより、世界最高の危機管理体制を確立します。
政府は、阪神・淡路大震災の例を参考にして、集中復興期
に欠ける民主党政権の下、機能していません。強力な政治の
速に行います。
間（5年間）の事業費を19兆円と想定していましたが、平成
リーダーシップの下、被災自治体からの要望に迅速に一元的
なお、東日本大震災の経験を踏まえ、大規模災害時に 13 原子力に関する知見の国際的な共有化
25年度概算要求ベースで既に2兆円以上想定を上回っている
に対応できるよう、復興庁の機能を強化するとともに、迅速な
おける生活インフラの機能維持に向けた取り組みを最大限
のが現実です。さらに、今後予定されている復旧・復興事業、 他国の安全性確保に資するため、東京電力福島第一原子力
復興の推進に資するように復興局※や支所の役割を一層明確
支援します。
集団移転とそれに伴うまちづくり、復興住宅の整備などを考え 発電所事故の経験から得た知見の国際的な共有化を進めます。
化しつつ、被災地に寄り添うかたちに復興庁の体制を抜本的
ると、復旧・復興事業費の大幅な増加が見込まれています。 また、原発事故による放射性物質の拡散が人体や生態系に
に強化し、迅速な復興の推進に努めます。
8 環境モニタリング・放射線モニタリングの実施
そのため、わが党はいわゆる「基本方針」及びそれに基づく 及ぼす影響を長期的に調査・公表することによって、安全な
復興計画を総点検した上で、必要な事業費を財源の制約の名 国民の健康不安の一刻も早い解消のため、被災地における 国民生活に寄与するとともに、世界と将来の人類への責任を
4 復興交付金※の充実
のもとに抑制することなく国が責任を持って確保します。 アスベスト※・モニタリング、大気、水域・海洋、土壌等の有害 果たします。
復興交付金の運用が硬直的で、特に効果促進事業におい
また、復興予算の使途については被災地の復興に資するも 物質の環境モニタリングを実施するとともに、放射性物質による
て当初期待されたような「使い勝手の良い交付金」となってい
のを優先することは当然のことであり、復興予算の適正かつ 汚染が懸念されていることから放射線モニタリングを実施します。 14 原発事故への対応と、安全を最優先とした
ません。事業のスピーディーな進行を図るため復興交付金の柔
迅速な執行に努めます。 原子力研究開発の再検証
軟な運用を図るとともに、必要な復興交付金を確保します。
9 除染の加速化
東京電力福島第一原子力発電所の事故対策において、環
また、埋蔵文化財調査等の規制緩和をはじめとして復興交
2 被災地における人的対応力の強化
被災者の故郷への一刻も早い帰還を実現するためにも除染 境モニタリングや地元住民の支援などで現行施策を拡充すると
付金の対象となる集団移転事業の円滑な推進のための環境を
被災地での復興に向けた取り組み（特に、高台移転や土地 を加速させます。そのため、除染の目標値を明らかにし、1兆 ともに、新たに研究開発が必要となった原発事故の後処理や
整備するとともに、事業が遅れた場合にも財政支援が行われ
区画整理など）が進展・本格化するのに伴い、土木関係の 円近い予算を計上した除染が着実に実施され得る体制を講じ 廃棄物の処理・処分、効果的な除染の方法などを早急に確立
るように基金の設置も検討します。
技術職や用地交渉を担う行政職等の公的部門の人員不足が ます。あわせて、海底土の除染にも万全を期します。 します。
深刻化するとともに、被災者の心身の健康を守る医療、保健、 また、福島第一原発の廃炉に向けた取り組みは、単に事業
5 ガレキ処理の早期完了
福祉活動等を担うマンパワーの確保が不可欠となっています。 10 原発事故被害に対する万全な対応 者任せにするのではなく、国が主導的な役割を果たすことに
ガレキ処理の遅れは、まちづくりの遅れに繋がることから、
行政経験者を積極的に採用できる仕組みや支援要員等を よって、より早く、安全・着実に進めます。
原発事故被害の範囲は文字通り未曽有のものとなっていま
わが党も全国の党組織を通じ、各自治体に対して広域処理の
受け入れる環境の整備、人的支援全体をコーディネートするセ 核燃料サイクルや高速増殖炉などについては、エネルギー
すが、原発事故による災害という特殊な事情及びこれまでの
協力を呼び掛けました。国が実効ある調整を行うとともに、こ
クションの設置等について、国が責任を持って各自治体の対 政策の基本的な方向性の議論を踏まえ、今後のあり方につい
国によるエネルギー政策に対する責任を踏まえ、福島県内外
れまでの経緯や処理遅滞の要因を検証し、被災自治体におけ
応力を強化するとともに、広域連携の機能的な枠組み作りを て、慎重に見極めます。
への避難者が、将来への展望を持って生活再建できるよう、
る処理施設増設や広域処理のあり方の見直しをはじめ、ガレ
進めます。 なお、研究開発政策について、基盤・基礎研究や量子・放
賠償や就労、自治体機能のあり方といった諸問題について確
キ処理の方策を抜本的に強化し、その早期完了を目指します。
また、災害時に活動する民間の医療関係者の研修・訓練、 射線利用研究、重粒子線がん治療などの医学的研究などは、
実に対処します。
装置整備を支援し、大災害に対処できる体制づくりを進めます。 その必要性を踏まえつつ、安全性を最優先にして進めます。
また、農林水産業・商工業・観光業等への風評被害対策
と国の食品新基準値への対応などにも万全を期します。
18 ※復興庁 東日本大震災の復旧復興の企画から実施まで一貫して実施する内閣に設置された組織。 ※復興局 宮城・福島・岩手県に設置された復興に関する一元的な窓口・支援等を担う現地組織。 ※二重ローン 東日本大震災で家や工場などを失った被災者が、返済中のローンに加えて、再建の過程で新たな債務を抱える問題。 19
※復興交付金 被災地方公共団体が自らの復興プランの下に進める地域づくりを支援し、必要となる事業に対しての交付金。 ※アスベスト 石綿。様々な工業製品に使用されたが発がん性が問題となり、現在では原則として製造・使用等が禁止。
15 被災地での国家プロジェクトの推進 梁等の道路施設、港湾、河川管理施設、下水道等を計画的 帰宅困難者対策、木造住宅密集地域における不燃化・耐震化、 も、最も身近な社会インフラとなった携帯電話網の障害を最
に更新し、安全と安心の確保を促進して国民の生命と財産を コンビナート対策、液状化対策、老朽化した上下水道対策を 小化すると同時に、大容量の基幹通信網が必要となるデータ
わが党が主導して作成した『東日本大震災復興基本法』の
守ります。 進めるとともに、ゲリラ豪雨に備えて河川を改修し、地下調節 センターなどの分散化・地域産業化をはかり、全国的に通信
理念に基づき、東北全体の復興を目指し、広域防災拠点や
民主党が進める国の出先機関の特定広域連合への移管に 池を整備するとともに、排水施設の効果的な整備を進めます。 網を強化します。また、首都圏に集中している政府情報システ
先端医療拠点の整備、世界のフロントランナーとなる防災研
は反対し、地方出先機関の広域災害対応力の一層の強化を図 また、八ッ場ダム※を完成させ、沿川地域の洪水被害を防ぐ ムを分散配置するとともに冗長性※のある超高速ネットワーク
究、エネルギー研究などを国家プロジェクトとして推進します。
るとともに、国と地方のあり方と道州制※の議論を整理します。 とともに、首都圏の水需要に対応します。 で接続する等、バックアップ体制を緊急に整備します。東日本
大震災では房総半島に集中している海底ケーブルの多くが被
16 G 空間※による東日本大震災復旧・
18 災害に強く国民に優しいまちづくり 20 国民に約束した国の基幹ネットワークを 害を受けました。現状のままでは海外との通信網に支障が生
復興への支援
含む道路網の整備 じる恐れがあるので、他地域への増設を早急に手当てします。
東日本大震災の教訓を踏まえ、大規模地震災害に備える
G空間プロジェクトの活動成果として、正確で効率的な測
また、離島も含め全国では、災害時における住民への情報
ため、公共交通インフラ等をはじめ住宅・建築物の耐震化や 高速道路のミッシングリンク※の解消や4車線化など、国民
量や地図作成技術、地震予知技術、早期津波検知技術、衛
伝達手段等において都市部との格差が生じており、早急な地
密集市街地の解消、広域的な基幹ネットワークの整備・複線 に約束した国の基幹ネットワークを含む全国の道路網の整備
星利用による避難誘導技術、さらにはG空間情報を一括管
方の情報インフラ整備が不可欠です。そのため超高速ブロード
化、津波・高潮対策のための避難路・津波避難施設の整備 を促進します。高速道路料金については、受益者負担の原則
理運用することで災害予知、災害対応、復旧・復興に貢献す
バンド整備の促進や自治体システムのバックアップ体制をクラ
を進めます。 を堅持し、国民の利便性や高速道路の有効活用に資する割
るG空間情報センターと防災センターの設置等があげられま
ウド技術※により充実させ、地方のハンデキャップを逆手に取
近年頻発するゲリラ豪雨等の集中豪雨に対応するため、河 引制度を維持・拡充し、分かりやすいものに見直すとともに、
す。東日本大震災からの復旧・復興に当たってはこれら先進
り、分散型の情報企業・産業シフトを敷き、新規事業者が参
川堤防の整備やダムを活用した治水機能の強化、下水道によ 道路公団民営化法見直し規定に基づいて民営化された高速
的技術の活用で将来を見据えた安全・安心なG空間社会の
入する際の初期投資や運用コストに対する財政支援が充分に
る都市の浸水対策を緊急的に推進し、特に事業中のダムや 道路会社のあり方を見直します。また、その整備手法について
実現を目指して推進します。また、この成果は今後予想される
行われるよう所要予算を確保します。
スーパー堤防※は地元の意見を踏まえながら建設の促進を図り も日本のグランドデザインに鑑み国民に分かりやすく明示します。
震災対応のため、全国展開、さらには海外展開等も図ってい
ます。平年を大きく超える豪雪に対しては市町村に除雪費を 巨大津波時に防潮機能を発揮するとともに緊急避難路や避
きます。
23 ICT※による復興と経済成長の両立
臨時に補助する制度を活用するとともに、地域の孤立化を防 難所となり、復旧・復興支援物資などを輸送する代替路にな
ぐ緊急防災公共事業を推進します。 る道路など「命の道」や生活道路・通学路の安全対策など、 今やICTは社会インフラに不可欠な存在となっており、被
2. 国土強靭化
また、基幹的広域防災拠点の整備及び運用体制の構築や 地域生活に不可欠な道路等については、B/C※（費用便益比） 災地の復旧・復興と被災者への支援にICTの活用は欠かせ
17 国民の生命と財産を守る 地震監視機能の強化、緊急地震速報や土砂災害警戒情報の にとらわれることなく、積極的に整備を進めます。道路は、国 ません。震災や原発事故を教訓とした超広域災害への備えを
「国土強靭化」の推進 提供など、災害に強いまちづくりを推進するため総合的な対策 民の貴重な資産であり、的確に維持更新します。 固め、ICTによる新たな復興・防災の仕組みを経済成長への
を推進します。さらに、自転車専用道を整備するなど自転車 出発点とします。特に津波で役場が流された自治体や医療機
今後予想される首都直下地震※や東海地震と連動性が指摘
利用者や歩行者の安全な環境を確保し、環境と健康に配慮 21 重要インフラの防御 関等の被災状況を見れば、広域の自治体クラウドや医療情報
されている東南海・南海地震※などに備えるため、事前防災、
した、すべての国民に優しいまちづくり、歩いて暮らせるコン 連携システム等各分野にわたる体系的な被災者支援システム
減災の考え方に基づく『国土強靭化基本法案』『南海トラフ※ 行政インフラや通信インフラに加えて、医療、道路、航空、
パクトシティー※づくりを進めます。 の構築は急務です。被災時の住民サービスや医療サービスの
巨大地震対策特別措置法案』『首都直下地震対策特別措置 港湾、電力、ガス、水道等の社会の重要インフラを防御する
事前防災制度の考え方を確立し、地震、津波が来る前にま 継続はもとより、広域の統合防災システムや自治体の事業継
法案』を速やかに成立させ、早急に（今後10年間）避難路・ ことの重要性も東日本大震災や原発事故から得られた教訓で
ちぐるみで高台移転等の必要がある地域に対して、移転補償 続計画を早急に整備します。
津波避難施設や救援体制の整備等の減災対策を強力に推進 す。しかし現在は、各々のインフラが別々の事業者によって運
費を含み、段階的なまちづくりが可能となる支援制度、税制 また、原発事故や被災地での高台移転等を契機としたス
します。特に、今後3年間は集中的な取り組みを展開します。 営されており、災害時の対策もバラバラなのが現実です。例
を創設します。 マートシティ※の実現は、環境やエネルギー問題の解決にも資
加えて、首都機能等の維持・強化及び分散を図るとともに、 えば、被災地における拠点病院では、電力だけが復旧しても
するものです。このような復興のためのICT活用施策は、復
日本海国土軸など多軸型国土の形成と物流ネットワークの複 機能が完全回復するわけではなく、通信網、上下水道や交通
19 都市防災の推進 興後の成長や社会問題の解決に大きく貢献するのみならず、
線化を進め、国土全体の強靭化を図ります。さらに、国土強 網、さらには緊急医療の仕組みが復旧しなければなりません。
従来からの課題である社会問題解決による国民生活の向上、
靭化の取り組みを地域経済の中長期的発展の呼び水とすると 特に人口が密集している三大都市圏をはじめとする大都市 そのためには、日常的に災害時復旧の優先順位や各インフラ
経済成長と雇用創出、官の国民サービスの向上も促進するた
ともに、雇用を創出します。また、今後急速に老朽化する橋 の機能（政府機能含む）を守るため、通信ネットワークの確保、 の相互依存性の分析等の情報を共有しておく必要があります。
め、最大限活用します。
これは医療機関だけでなく、政府・自治体等の行政機関や金
融機関についても同様で、特に首都直下地震の脅威がせまる
24 消防団の充実・強化
現状では、積極的に予算投入をして社会の重要インフラ防御
体制を整備します。 首都直下地震、東海・東南海・南海地震などの大地震へ
の対応が緊急の課題となっています。東日本大震災の苦い教
22 情報インフラ整備の強化と 訓を活かし、消防団員の増員確保、消防団の装備の充実、
災害時即応能力の促進 消防団員の待遇の改善、防災拠点となる施設の耐震化などを
促進し、消防団を中心とする地域の総合防災力を高めます。
携帯電話や無線アクセスなどの新規電波利用ニーズの増大
に伴い電波の逼迫は日々深刻化しています。防災の観点から
今回においても、10年から20年以内に首都直下・南海トラフ地震が連動する恐れがある。
1濃尾地震は南海トラフ地震とは異なる内陸型地震。ただし、観測史上「最大」の内陸型地震である。「出典:京都大学 藤井聡教授作成」
※八ッ場ダム 民主党政権で建設中止・継続と迷走し注目を集めた群馬県吾妻郡長野原町で建設が進められている多目的ダム。 ※ミッシングリンク 未整備区間で途切れている高速道路。 ※B/C 道路事
※G空間 Gとは「Geospatial」の略で「地理」、「地理空間」のこと。『地理空間情報活用推進基本法』も制定されている。 ※首都直下地震 政治・経済の機能が集中する首都圏のほぼ真下を震源とする地震。 業で得られる効果のうち、走行時間短縮、走行経費減少、交通事故減少の3便益（B）を合計して数値化し、維持管理費や事業に要する工事費など全体事業費（C）で割った値。 ※冗長性 システムを構成す
※東南海・南海地震 南海トラフ沿いの遠州灘西部から紀伊半島南端までの地域で発生する地震を東南海地震、紀伊半島から四国沖で起こる地震を南海地震という。 ※南海トラフ 静岡県の駿河湾から九州 る要素・部品に予備や回避手段を付加し、故障などがあっても全体としては停止することなく所定の要求機能を果たし続ける性質のこと。 ※クラウド技術 インターネットをベースとしたコンピュータの利用形態。ユー
東方沖まで約700キロにわたって続く深さ4000メートルの海底のくぼみ（トラフ）。 ※道州制 現行の都道府県制度を廃止して、複数の都道府県を統合した広域行政体をつくり、自立のための権限・財源を与え ザーはコンピュータ処理をネットワーク経由で、サービスとして利用する。 ※ICT 情報・通信に関連する技術一般の総称であり、従来用いられてきた「IT」とほぼ同様の意味。 ※スマートシティ 電力の有効
20 る制度。※スーパー堤防 高規格堤防。万一の越水でも急速な崩壊を招かぬよう、裏法面を3%以内の緩やかな勾配とした堤防。 ※コンパクトシティー 生活に必要な諸機能が近接した効率的で持続可能な都市、 利用に加え、熱や未利用エネルギーも含めたエネルギーの「面的利用」や、地域の交通システム、市民のライフスタイルの変革などを複合的に組み合わせた、エリア単位での次世代エネルギー・社会システムの概念。 21
もしくはそれを目指した都市政策。
Ⅱ . 経済成長
「日本経済再生本部」を新たな司令塔に
「失われた国民所得 50兆円奪還プロジェク
ト」を展開し「、縮小均衡の分配政策」から「成
長による富の創出」への転換を図ります。
デフレ・円高からの脱却を最優先に、名
目3% 以上の経済成長を達成します。
25 日本経済の再生—新たな国家経済モデル
と位置づけられ、本社、研究開発部門、マザー工場の立地
『ハイブリッド経済立国』の構築
が促進される環境を整備します。
デフレ・円高からの脱却を最優先の政策課題と位置づけ、
経済の司令塔機能として内閣に「日本経済再生本部」を創設 26 大胆な金融緩和でデフレ・円高から脱却
し、「失われた国民所得50兆円奪還プロジェクト」を展開す
デフレ・円高からの脱却に向けて欧米先進国並みの物価目
ることで「縮小均衡の分配政策」から「成長による富の創出」
標（2%）を政府・日銀のアコード（協定）で定めるとともに、 人の新陳代謝を政策による誘導で行い、国内の知恵を創造し 30 「国富」を生み出す知財戦略
への転換を図ります。今後5年間を集中改革期間とする「日
日銀の国債管理政策への協調などにより大胆な金融緩和策を ます。そして、グローバル人材の育成、世界の頭脳を日本に集
資源に乏しいわが国にとって「知的財産」はまさに、「国富」
本経済再生・産業競争力強化法」（仮称）を制定し、「世界
断行します。金融緩和の実効性を高めるため、日銀法の改正 めるための教育環境・研究環境・生活環境の整備や、国際
を生み出す一つの手段であり、確固たる知財戦略を構築する
で一番企業が活動しやすい国」「個人の可能性が最大限発揮
も視野に、政府・日銀の連携強化の仕組みを整えます。財務 競争力を持ち海外展開する企業が世界中で大きく稼ぎ、その
必要があります。巨額な費用と時間をかけて生み出された「財
され、雇用と所得が拡大する国」を目指します。大胆な金融
省と日銀、さらに民間が参加する「官民協調外債ファンド」を 富を国内に還元し、新たな事業と雇用を生み出す「資本の好
産」を保護し、それを利用してさらなる「国富」を生み出すこ
緩和策、税・財政政策、成長戦略など、あらゆる政策を総動
創設し、基金が外債を購入するなど様々な方策を検討します。 循環」を作り出すための環境を整えます。
とは持続発展可能な経済にとっては不可欠なことです。知財
員し、名目3%以上の経済成長を達成します。
また、日米欧中を中心とした国際マクロ政策協調（平成の これらの政策を強力に実施するための拠点として日本経済
の取得・活用を国家戦略としてサポートするため、まずは、研
繁栄への道を切り拓くため、海外の経済成長を国内雇用の
ルーブル合意）の合意形成に向けた積極的な通貨・経済外交 再生本部に「国際経済戦略会議」を設置し、成長するアジア
究開発の成果物が迅速に知的財産として保護されるよう「審
維持・発展に資し、かつ国内外の金融・経済の環境変動に
を強力に推進し、安定化を図るとともに、危機防止に向けた 経済圏の取り込み、戦略的な海外投資と経済連携協定、国
査の迅速化」を進めます。特に、別の国においても早期に審
強い新たな国家経済モデルを創ります。すなわち「貿易立国」
国際交渉に果敢に取り組みます。 際資源戦略を展開します。
査が受けられる体制もあわせて進めます。
単発ではなく、国内の新たな付加価値創造につなげる「産業
また、大学等の研究機関が専門的知識と経験を有する知
投資立国」でもある、双発型のエンジンが互いに相乗効果を
27 弾力的な経済財政運営 29 戦略的国際標準の獲得
財人材を十分に確保できる支援体制の整備に努めます。
発揮する強い産業国家『ハイブリッド経済立国』を目指します。
今後2〜3年は国内景気の落ち込みと国際リスク（欧州危機、 わが国産業が国際市場で有利に戦うためには、工業製品 一方、わが国で確立された最先端の技術が知的財産として
世界市場から日本を見た時に「世界のヘッドクォーター機能※」
新興国の景気減退）等に対応できる、より弾力的な経済財政 等における「国際標準」の獲得が重要であり、「どの分野の工 保護されることなく流出することは、国益を大きく損ねることに
運営を推進します。まず、新政権発足後、速やかに「第1弾 業製品」が「どのような標準」を求めているのか的確な情報 なるため、技術流出を防止する制度をさらに強化していきます。
緊急経済対策」を断行し、本格的大型補正予算と平成25年 収集を行わなくてはなりません。そして、新たな付加価値をど
度予算とを合わせ、切れ目ない経済対策を実行します。 こよりも早く生み出し、その標準化を図り、市場に一番近いと 31 わが国発国家プロジェクトの世界的躍進
ころで大量生産を開始する必要があります。
再生可能エネルギー等の先端的環境エネルギー技術や新
28 経 済規模の拡大・雇用の創出へ向けた そのため、政府が率先して、こうした情報収集に努めると
幹線・リニア等の鉄道技術、上下水道で用いられている膜技
戦略的な国際展開—新たなGNI※大国の実現 同時に、その情報を企業にも伝え、政府と産業がタッグを組
術、漏水対策や再生水利用技術、電気・ガスなどのライフラ
んで国際標準の獲得、特に、再生可能エネルギーやスマート
現状維持に汲々とすることなく、経済全体のパイの拡大・雇 イン・システム等、わが国の優れたインフラ関連産業やサービ
グリッド※の技術、高度なものづくりの部品・材料等、「日本の
用の創出を図るため、GDP（国内総生産）に代わって日本人・ ス産業、コンテンツ産業の国際展開を強力に支援し、受注競
強み」を最大限に発揮するために積極的に取り組む体制を整
日本企業が世界全体で行う経済活動、すなわちGNI（国民総 争での“競り負け”を防ぎます。先進国・途上国を問わず技術・
備します。特に、成長著しいアジアをターゲットとした技術支
所得）※を最大化することを目指します。日本企業が積極的に ノウハウ・製品が統合されるパッケージとしての国際展開を積
援を通じ、例えば、アジア標準を国際標準とするような「戦略
外へ打って出て、内外一体で活動を広げることにより海外に新 極的に支援します。
的標準獲得」にも果敢に取り組みます。また、そのためのエ
たな拠点を生み出しつつ、トータルでより多くの国富を獲得で あわせて、近年役割が増しているプロジェクトマネジメント・
キスパート育成を強化します。
きるような戦略を取ります。 プロフェッショナル（PMP）※の資格保持者の養成を積極的に
そのため、日本経済のグローバル化、地域の産業集積、企業・ 進めます。
22 ※ヘッドクォーター機能 本社機能、研究開発部門、マザー工場、量産工場を束ねる司令塔。 ※GNI（国民総所得） 実質GDP＋交易利得＋海外からの所得の純受取（実質）で表される、各経済主体が（海 ※スマートグリッド ITを利用した計測機器等を設置して電力需給を自動的に調整することにより、電力供給を最適化する電力網。 23
外からも含めた）受け取った所得の総計。 ※プロジェクトマネジメント・プロフェッショナル（PMP） 米国の非営利団体PMI（Project Management Institute）が認定しているプロジェクトマネジメントに関する国際資格。
32 科学技術政策の強力な推進力となる 34 不断の規制改革 充実させます。国際共同による治験を推進し、医薬品の治験・ 場の活性化や資産運用マーケットの強化を行います。その際、
真の「司令塔」機能の再構築 承認を国際標準とするために、日本版FDA（米国食品医薬 国民にとって健全な経済と成長に結びつく企業法制と資本市
消費者行政とのバランスをとりつつ、各種規制のあり方を行
品局）※構想を推進します。 場法制を統合したガバナンス構築を目指します。
資源の少ないわが国にとって、今後の社会・経済をさらに発 き過ぎたものを含め不断に見直し、潜在需要を顕在化させて発
展させるため、企業の研究開発投資が激減する中、新たな成 展的経済活動を支援します。戦略分野ごとに企業の活動のしや
38 ビジネスクラスの介護の促進 41 新しい「モノづくり」につながる
長に向けて国主導で科学技術イノベーションをリードするのが すさを世界最先端の制度にするため、諸外国との違いを合理的
「コト」づくりの推進
喫緊の課題です。 に説明できない制度的障害は3年以内に撤廃するといった「国 利用者の様々なニーズに応える質の高い介護サービスの提
しかし、年間約3.6兆円にも及ぶ科学技術関係予算につい 際先端テスト」を導入し、各種規制・運用を見直します。 供を新たな成長分野と捉え、公的仕組みでは十分に対応でき わが国経済が成長していくには、従来の「モノづくり」の強
ては、文部科学省を中心に、経済産業省や厚生労働省等、 また、新たな立法時における規制の新設についても、国民 ないニーズ等に応える多様な民間サービスを民間保険の活用 みを活かすだけではなく、時代や人のニーズを先取りした、新
関係省庁に予算が配分され、各省内で同様な研究が行われて の安全安心を確保するとともに、自由で活力ある経済活動を を含め支援します。 しい「モノづくり」を行い世界市場に打って出ることで、国内
いる事例も見受けられ、縦割りの弊害が顕著です。また、限 阻害しないようにする観点から、引き続き十分な事前審査を行 だけではなく「海外で儲ける」ことが、我々の目指す新しい国
られた予算にも関わらず、効果的な配分が行われていないの います。各種事業の規制については、事業仕分けの手法を用 39 世界へ向けた情報発信力の強化、 家経済モデルの一翼を担うと考えています。
が現状です。 いた“政策棚卸し”を実施し、見直しを鋭意進め、産業の新 デジタルコンテンツ市場の拡大 そこで、新しい「モノづくり」を生み出すには、より多くの
そこで、産業の生命線である科学技術を国家戦略として推 陳代謝を阻害する規制は直ちに撤廃します。あわせて、競争 アイデアや技術が組み合わさることが重要であり、多くのヒト
「クール・ジャパン戦略※」を推進し、日本のものづくり技術
進し「、価値の創造拠点」とするべく、総合科学技術会議の「権 力の強化に向け、各省が持っている権限を再編・整理します。 やモノがボーダレスにつながる手段として現在、Facebookや
と世界に誇る日本のアニメを掛け合わせた他の追随を許さない
限」「体制」「予算システム」を抜本的に強化し、真の「司令塔」 Googleなど、「コト」が注目されています。わが国においても、
真のJAPANオリジナルコンテンツの創造や東京国際映画祭
機能へと再構築します。 35 「ニッポン産業再興プラン」の実行 世界に類を見ない「コト」が生まれるよう「コト」づくりを強力
のグリーンカーペットをアジアのステイタスとするための環境整
具体的には、各省庁の縦割りを排し、強力な予算配分権 に推進するため、「コト」をつくり出す新しい価値創造産業の
「ニッポン産業再興プラン」として、世界で勝ち抜く製造業 備（大規模展示会場の建設等）、世界のコンテンツの中心とし
限を集中させ、適正な評価を行うことができる人材育成とシス 基盤を醸成します。
の復活に向け、先端設備投資の促進、革新的研究開発への て秋葉原を街ごとバージョンアップさせる等、観光資源として
テムの構築を行います。例えば、素粒子物理分野の大規模プ
集中投入、長期資金に対する政策金融の強化（「融資」から「出 だけでなく世界的イベントのホスト国となる機会を増やすため
ロジェクトであるILC（国際リニアコライダー※研究所建設）計 42 社会全体のICT化
資」へ）を図ります。 の取り組みを進めます。
画等を含む国際科学イノベーション拠点作りに日本が主導的な
また、日本の立地競争力の復活（海外流出防止）に向け、 文化・伝統（衣食住）などわが国の持つ魅力（ソフトパワー） ICT化により、様々な分野において事業の効率化、サービ
役割を果たせるなど、再生医療※や創エネ・省エネ・蓄エネ等
円高・デフレ対策とあわせて電力・エネルギー制約の克服や を積極的に海外に発信します。特に、世界に広がりをみせる スの向上など、国民生活の利便性が飛躍的に向上しました。
の重点分野を産学の知を結集した国家戦略として強力に推進
イノベーション基盤の強化、雇用の拡大につながる企業環境 放送コンテンツの海外展開や電子書籍・電子雑誌の流通促進、 今後、産業がグローバル化する中、産業界においても、さら
します。
の整備等を行います。 電子看板（デジタルサイネージ）の推進などにより、デジタル なるICT化を進めると同時に、国、地方、企業、個人それぞ
コンテンツ市場の拡大を支援し、地域を含めたわが国社会経 れがICTの恩恵を受けられるよう「社会全体のICT化」を
33 新ターゲティングポリシーの
36 法人税の大胆な引き下げによる 済の活力を増大させます。 進めます。例えば、電力供給効率化につながるスマートグリッ
大胆な遂行と産業化に向けた支援強化
雇用の拡大につながる企業環境の整備 「JAPANブランド委員会」を設立し、国をあげて、日本の ドの導入・スマートシティの形成、ITS※による交通の円滑化、
日本経済再生本部の「産業競争力会議」の下、将来の市 伝統工芸品を新しいかたちで世界へ向けて飛躍させるととも 電子政府の実現など、国民生活の利便性向上と環境への負荷
日本企業が世界で勝負するためには、税制を含めた競争条
場拡大が期待される分野を特定し、産学官の協調体制を築 に、アニメ・マンガ・ゲームなどのコンテンツ作成だけではなく、 低減に向けたICT利活用を力強く推進します。
件のイコールフッティング※が必要であり、日本を拠点に海外
いた上で、投資ニーズに沿った規制改革や減税・資金調達環 「イベント創造」「営業方法」など、利益を生むトータルでのシ 情報サービス、コンテンツ産業としてデータセンター等の設
で活動できるだけでなく、海外の企業が日本に進出する環境
境を整えるといった税・財政等の支援等を集中投入する新ター ステム構築を支援します。あわせて、文化・感性商品としての 備投資は生産波及効果が2倍と大きく、雇用誘発力も高いこ
を整える必要があります。そのため、法人税については、国
ゲティングポリシーを大胆に遂行します。まずは「国民的課題 特性を有する日本の生活支援ロボットなどロボット製造技術の とから、これらの分野への投資機会を積極的に増やします。
際的整合性及び国際競争力の強化の観点から、社会保険料
を解決し世界に展開可能な戦略目標の設定」（健康寿命世界 活用・育成に繋げていきます。
を含む企業の実質的な負担に留意し、法人税を国際標準に合
一、クリーンかつ経済的なエネルギー需給等）を行い、これ また、海賊版・模造品対策を一層強化します。
わせて思い切って減税します。
に基づき戦略産業の育成、コア技術への集中投資、制度改
革など、一気通貫の政策を進めます。 40 アジアNo.1の金融・資本市場の構築
37 医薬品・医療機器の審査体制の充実・強化
例えば、iPS細胞※を中心としたバイオテクノロジー研究の
日本をアジアの金融・運用の中心地にするべく、企業の活
再生医療、医療・介護ロボットなど、日本発の革新的医薬品・
中心とするべく、その技術を活かした再生医療や創薬の分野
力ある経済行動と国民資産を適切に運用できる公正な競争条
医療機器の研究・開発を促進するために、医療の安心・安全
をわが国のリーディング産業に育成するべく、その産業化拠
件の確保かつ十分競争できる活発な金融資本市場を構築しま
に十分配慮しつつ、医薬品・医療機器の審査体制の充実・強化、
点として京阪神地域を「バイオ・ベイ（BB）※」として発展さ
す。まずは金融セクターの対GDP比を英国並みの10%台に
各種規制の改革、早期臨床試験（POC）※実施体制の整備な
せる等、特に、各ターゲティング分野の集積地を集中的に
押し上げ、「業」としての金融を育成します。
どによって、薬事承認の迅速化、ドラッグ・ラグ※やデバイス・
支援します。
そのために、「貯蓄から投資へ」の流れを促進する簡素で
ラグ※を解消します。
分かりやすい証券税制への見直しや東証「グローバル30社」
また、医薬品・医療機器等の革新性に対する適切な医療
インデックス※の創設、「日本総合取引所」の創設、外資誘致
保険での評価、医薬品開発に関わる人材育成体制の整備を
のための新たな金融特区の創設など、民間金融機関・証券市
※国際リニアコライダー 全長約30kmの直線状の加速器をつくり、現在達成しうる最高エネルギーで電子と陽電子の衝突実験を行う計画。 ※再生医療 損傷を受けた生体機能を幹細胞などを用いて復元させ
る医療。 ※iPS細胞 万能細胞の一つで、ES細胞（胚性幹細胞・Embryonic stem cells）と同じように、さまざまな細胞への分化が可能で、再生医療・創薬への応用が期待されている。 ※バイオ・ベイ（BB）
バイオ・テクノロジー研究拠点を臨海部に集積させ、バイオの湾（ベイ）を作り上げようというもの。 ※イコールフッティング 同等の条件。商品・サービスの販売で、双方が対等の立場で競争が行えるように、基盤・ ※FDA（米国食品医薬品局） 食品や医薬品など消費者の身近な製品について、その許可や違反品の取り締まりなどを専門的に行う米国の政府機関。 ※クール・ジャパン戦略 経済産業省を事務局とする省庁
24 条件を同一にすること。 ※早期臨床試験（POC） 少数の患者などヒトに薬物を投与して、その安全性や有効性を確認する試験。 ※ドラッグ・ラグ 新開発の薬を患者に投与できるまで、あるいは海外での新 横断・官民連携の取り組みで、日本文化を世界に発信しビジネス化するプロジェクト。 ※「グローバル30社」インデックス 経営者、ガバナンス、開示、パフォーマンスでわが国のトップ30企業を選定し、その 25
薬を国内承認できるまでの時間差。 ※デバイス・ラグ ドラッグ・ラグと同様に医療機器の最新機種が日本市場でなかなか導入されないこと。 時価総額上昇を狙う。 ※ITS ITを利用して道路交通・鉄道・海運・航空等の輸送効率や快適性の向上に寄与する一連のシステム群を指す総称。
43 政府CIO※制度の確立 46 G 空間プロジェクトによる資源確保と 向けて取り組む企業等も対象に加える等の検討を行い、使い
海の防災システム高度化の促進 勝手の良いものとします。
政府のICT政策を一元的に把握し、政府のICT投資計
画を策定する政府CIOを法的根拠に基づいて設置します。 わが国は世界第6位と言われる排他的経済水域を持つ国土
49 ソーシャルビジネス及び
政府CIOは、政府業務を徹底的に見直すとともに、電子行 大国です。「海洋基本法」、「宇宙基本法」と「地理空間情報
コミュニティービジネスの進化による
政の推進に向けた予算を確保し、統一した設計思想の下で電 活用推進基本法」を連携推進することで、わが国近海の地形
新たな雇用の創出
子政府を再構築することにより、政府によるオープンでデジタ をメートル単位で正しく把握し、正確な位置情報の下で大陸
ルな国民サービスの向上を実現します。 棚や深海に眠るエネルギーやレアメタル資源等の発掘、水産 東日本大震災によって改めて日本人の「絆」が復旧・復興に
資源の確保等に努めます。 大きな力を発揮し、人々及び地域の連携の重要性を再認識し
44 サイバーセキュリティの対策強化 また、海底プレートの移動や遠海の津波の高さをセンチメー ました。一方、まちづくり・地域づくりに際し、環境問題や少
トル単位で常時監視するシステムを開発することで、地震予知 子高齢化の問題等、多くの地域が多種多様、かつ固有の課
頻発するサイバー犯罪から国民を守るため、さらに各省の
や津波検知技術の高度化等も図り、防災・減災に資します。 題を抱え、その解決に苦慮している現実もあります。
連携を強化し、総合力を発揮できる体制を整備するとともに、
争力のある企業がグローバル化することで、さらに生産性は高
そこで、地域の「絆力（きずなりょく）」を利用し、地域住
官への投資と民間転用を呼び水に経済成長へ貢献します。
まり、ひいては日本の経済成長を促進させ、国内の雇用も増
47 わが国競争力の維持・強化につながる 民をはじめとして地域に根付いているNPOや地元企業などが
特に、警察庁や防衛省、海上保安庁において、米国並み
加させます。
企業環境の整備 協力し合い、地域に応じたサービスを行えるビジネスとしてソー
の動的防御システムやバックアップシステムを早急に構築しま
こうした在野に埋もれた有力な企業を国内から海外へと飛
シャルビジネスやコミュニティービジネスを進化させ、地域住民
す。また、政府機関のすべての情報機器や複合機を厳密なセ 世界経済が米国一極集中から多極化へ向かっている中、日
躍させるため、ワンストップサービスで対応する「海外展開戦
へのサービス向上と雇用の創出を目指します。
キュリティ監視下におくための措置を早急に整備します。 本は依然として、多数のプレイヤーが国内で消耗戦を繰り広げ
略室」を政府に設置する等、マーケティングや資本調達、人
これらの施策とともに、最高度のセキュリティ技術を製品/ る構図です。そのため、企業規模の拡大など企業を強化する
材育成、現地事業環境といったあらゆる面をオールジャパン
50 中小企業の事業再編・転換への支援、
サービス化し政府機関に納入するとともに、民間へ転用するた 過程において、現行の企業結合審査を迅速化し、あわせて
で支援する体制を強化します。また、中小企業に輸出や海外
既存基幹・在来産業の底上げ
めの拠点を構築することを呼び水として、わが国の高度情報セ その透明性・予見可能性を確保します。各種業界の統廃合を
進出のチャンスを提供する啓蒙活動についてもJETRO（日本
キュリティ産業を創出し、10万人規模の新規雇用を創出して 妨げないような環境を整え、わが国がグローバルな競争に勝ち 国内の生産拠点の減少や国全体の購買力の減退による産
貿易振興機構）による助言や中小企業診断士の活用に加えて、
経済成長へ貢献します。 残っていくために必要な産業競争力の基盤を強化します。 業の空洞化、相次ぐ大企業の経営不振は、内需に依存してい
商社など大企業のOBを活用したマーケティング支援などを積
さらに、わが国産業の空洞化を阻止し、海外企業等を呼び る中小企業にとって死活問題です。また、大震災によってダメー
極的に行います。
45 G空間（地理空間情報）プロジェクトの推進 込むことによりわが国経済の相対的な地位を維持・向上させる ジを受けたサプライチェーンを修復するとともに、足腰の強い
ことを目指し、医療研究、サステナブル都市※、国際コンテン 経営体を作るには、企業内のムダを取り除き、新規事業を開
わが国独自の衛星測位システム（準天頂衛星「みちびき」日 52 EPA・FTAの促進
ツ拠点、自治体による国内外の企業や研究施設の誘致促進 拓する必要があります。そのため、企業内の不採算部門を除
本版GPS）の実用化と全国一律の基盤地図整備を「地理空
日本経済は外需依存体質と言われつつも、実際の輸出に占
を可能とするため、税・財政上の措置も含めた「グローバルトッ 去し、新部門を創設するための専門家との相談体制の強化、
間情報活用推進基本法」に基づいて促進することで、世界最
める対GDP比は1割強に過ぎません。内需・外需にけん引さ
プ特別区」の創設等、特区制度を深掘りします。 資金上の支援等を可能とする体制を整備します。オンリーワン
先端の地理空間情報を高度に活用できるG空間社会を実現
れた力強い経済成長を達成するためにも、国益を最上位とし
また、地域活性化の観点もさることながら、大震災による な中小企業もさることながら、企業群を連携・組織化すること
し、「国民の安全と安心を守る社会」「新たな産業・新サービ
た多角的自由貿易体制を確立し、諸外国の活力をわが国の成
サプライチェーン※の寸断という教訓を踏まえ、経営効率や国 で経営資源を補い、企業の経営基盤を強化します。製造業や
スの創出と地域の活性化」「行政の効率化と高度化」等を促
長に取り込む必要があります。そのために、わが国が国際的な
際競争力の低下につながらないよう配慮しつつ、危機管理上 流通業といった在来産業の底上げもあわせて行います。
進します。
リーダーシップを発揮して、WTOドーハ・ラウンド交渉の早期
の点からも基幹部品工場の立地分散を促進する支援策を緊急 さらに、全く新しい分野へ事業転換をする場合においても、
また、このようなG空間社会をパッケージとして海外展開す
妥結に取り組みます。
かつ集中的に行います。 短期的ではなく、中長期の展望が切り拓けるよう、事業転換
ることで、途上国支援等の国際貢献やわが国経済の活性化 また、重点国を戦略的に選定し、経済連携協定（EPA）※
から経営の安定（経営ノウハウ、商品開発、IT化等）までトー
も図ります。 や自由貿易協定（FTA）※交渉を積極的に行います。世界的に
48 ベンチャー事業等の創造・活路支援 タルな視点で支援できる体制を整備します。
貿易競争が激化する中で、わが国の貿易が安定的に行われる
加えて、中小企業の経営基盤の強化を図るため、創業企業
ベンチャーを既存企業とともに経済成長の両輪ととらえ、日
ために、先進国・新興国を含めた諸外国のニーズを踏まえた
への税制上の支援措置や事業承継税制の適用要件の緩和、
本の強みをさらに活かした挑戦に対してエンジェル税制※など
相互協力関係を構築します。
事業主報酬制度など中小企業関係税制の充実・強化を図り、
を含めて積極的に支援し、新規開業を促進します。技術力・
中小企業の創業や個人事業主の活性化、事業承継を応援す ※TPPについては、P.39 109を参照
経営力の基盤が強固な大学発のベンチャーを継続的に創出す
るといった「創業・第二創業」を徹底して促進・支援すること
るための体制整備などを支援します。その際、研究成果を目
により雇用増加に結び付けます。 53 投資協定・租税協定締結の促進
利きによって厳格に選定します。
また、この過程において、優良・有望な開発シーズを選別し、 海外市場で得た利益を国内の新たな付加価値創造へと向か
51 「 日本から世界へ」中小企業の
ベンチャー企業の事業を再編するための「目利き人材」の確 わせることを可能とするために、二国間の投資協定や租税協
グローバル化・海外展開の支援
保も同時に行います。 定等により資本移動の自由化を推進します。海外子会社の配
エンジェル税制（ベンチャー企業投資促進税制）については、 日本では生産性が高いのにグローバル化していない企業が 当、ロイヤリティ等の還流資金の二重課税は完全撤廃を目指し
その普及が進んでいない現状を踏まえ、町おこし・村おこしに 多数あり、特に中小企業において顕著です。生産性が高く競 ます。そのため、現在28ヶ国（平成24年4月現在）と他の
※政府CIO 政府情報化統括責任者（Chief Information Officer） ※サステナブル都市 環境の良さと経済の活力を両立させながら、生活面でも快適に過ごせる持続可能な都市。 ※サプライチェーン 原
26 材料の調達から生産・販売・物流を経て最終需要者に至る、製品・サービス提供のために行われるビジネス諸活動の一連の流れ。 ※エンジェル税制 ベンチャー企業へ投資を行った個人投資家に対して税制上 ※経済連携協定（EPA） FTAに加え、投資・人の移動・知的財産の保護や競争政策におけるルール作り、様々な分野での協力の要素等を含む幅広い経済関係の強化を目的とする協定。 27
の優遇措置を行う投資促進税制。 ※自由貿易協定（FTA） 特定の国や地域の間で、物品の関税やサービス貿易の障壁等を削減・撤廃することを目的とする協定。
先進国に比べて大きく後れを取っている日本の投資協定につい まずは、女性力の発揮による社会経済の発展を加速させる Ⅲ . 教 育・人 材 育 成、
て、経済界の実需にあわせて、アフリカをも視野に入れ、戦 ため、社会のあらゆる分野で2020年までに指導的地位に女
略的に展開するとともに、協定の質の向上にも努めます。 性が占める割合を30%以上とする目標（“2020年30%”〈にぃ 科学技術、
まる・さんまる〉）の達成に向け努力します。
54 本社機能、拠点機能の戦略的な地方展開 文化・スポーツ
58 女性の就業環境の整備
産業空洞化に歯止めをかけ、産業活動の地方展開を促進
「人づくりは国づくり」。日本の将来を担う
すると同時に危機管理と一極集中の是正の観点から、戦略的 女性への就労支援、特に子育て中の母親への支援として、
に選定した地域における産業等の新規立地に対して、大幅な 再就職に積極的に取り組む企業に対する支援制度の創設、マ 子供たちは、国の一番の宝です。わが党は、
税制上の優遇措置を講じます。また、首都圏に集中する本社 ザーズハローワーク事業の拡充等を実施するとともに、資格取
世界トップレベルの学力と規範意識を備え、
機能、研究開発拠点、データセンターの移転に関しては、さ 得についても支援し、就業と出産・育児の両立、つまりは継
歴史や文化を尊重する態度を育むために「教
らに一段の支援措置を行います。 続して働くことが可能な環境を整えます。新しい家族像、家族
ビジョンを踏まえ、夫婦が共に働き、共に家事を負担（協働・ 育再生」を実行します。日教組の影響を受
55 企業のBCP（事業継続計画）※の策定支援 分担）できるワークライフバランス※を推進します。
けている民主党には、真の教育再生はでき
大都市部を中心に保育所の拡充を図るとともに、放課後児
東日本大震災によるサプライチェーンの寸断を教訓とし、企
ません。
童クラブ※のより一層の量的・質的向上だけでなく、待機児童
業が緊急事態に備えたBCP（事業継続計画）を策定し、継
が多い地域における自治体の取り組みについても支援します。
続的な改善を行うことに対する支援制度を強化します。
また、従来のBCPは自社が被災した時の対応を中心に定 60 世界トップの人間力と学力を実現するための 62 公教育における国の責任体制の確立
59 高齢者の社会参画、生涯現役社会実現 教育投資の充実
められてきましたが、東日本大震災を教訓として、全国的なサ 義務教育については国が責任を果たすとの理念に立ち、教
プライチェーンの維持のため、被害を受けなかった場合の被災 人生100年時代を見据え、働く意欲のある高齢者の方々が 『教育基本法』の理念に基づき、「自助自立する国民」「家 育の正常化を図ったうえで、教育の地域間格差が生じないよう、
地に対する支援のための緊急的な生産体制の変更についても、 個人の能力・経験を活かし、生涯現役として働きやすい環境 族、地域社会、国への帰属意識を持つ国民」「良き歴史、伝統、 義務教育費国庫負担金については、国が全額負担することを
BCPに盛り込むよう働きかけていきます。「企業単独型のBCP」 を整え、「生涯現役社会」の実現に向け、65歳までの雇用の 文化を大切にする国民」「自ら考え、判断し、意欲にあふれ 含め検討します。
から「企業連携型のBCP」の策定に向け、支援を行っていきます。 着実な実現や定年延長等に加え、「70歳はつらつ現役プラン」 る国民」を育成します。そのための「教育振興基本計画」「新 さらに、地方自治の精神を尊重しつつ、いじめの隠ぺいなど、
なお、策定されたBCPのうち、緊急事態において、被災 として50歳代からの定年後のキャリア形成についてカウンセリ 学習指導要領」を確実に実施するため、恒久的な財源を確 地方教育行政において、法令に違反している、あるいは児童
地に対する自社の緊急支援内容については、日頃から可能な範 ング等の支援と職業教育訓練を行います。 保し、OECD※諸国並みの公財政教育支出を目指します。第 生徒の「教育を受ける権利」を著しく侵害するおそれのある場
囲で公開するシステムを構築し、いざという時のために備えます。 シルバー人材センターの活用に加え、高齢者の方々の起業 1期「教育振興基本計画」の成果を検証のうえ、教育基本法 合、公教育の最終責任者たる国（文部科学大臣）が責任を
や就職についても後押しします。さらに、職域の拡大や処遇 に則った第2期基本計画を策定し、実行します。 果たせるよう、『地方教育行政の組織及び運営に関する法律』
56 若者の就職応援 の改善に取り組む事業者に対する支援とともに、65歳以上の 全国学力・学習状況調査を全国一斉の学力テスト（悉皆 を改正します。
方を継続して雇い入れる事業者に対する助成も行います。 〈しっかい〉調査※）に戻し、すべての子どもの課題把握、学
学生を取り巻く就職環境が最悪期は脱したものの依然として
厳しい状況であることに鑑み、就職活動を頑張っている若者が 校・教職員の指導改善に活かします。さらに土曜授業を実現 63 激動の時代に対応する、
前向きになれるよう、将来を見通せる雇用制度に再整備します。 します。 新たな教育改革（平成の学制大改革）
特に、公的機関と大学が連携し、新規学卒就職できなかっ
世界トップの教育立国とするため、幼児教育の無償化、小
61 わが国を愛する心と規範意識を
た人を孤立化させない取り組みを行います。技能・技術、実
学校5・6年生への教科担当制の導入、飛び級制度、中学・
兼ね備えた教育
践的知識を身につける職業教育・キャリア教育の強化、インター
高校において未達成科目の再チャレンジ、義務教育化を含め
ンシップ※の拡充、年長フリーター等（25歳〜39歳）を重点と
国旗・国歌を尊重し、わが国の将来を担う主権者を育成する た高等学校の理念・あり方等、現行の6・3・3・4制の是非
した正規雇用化の支援や産学官が連携しての人材育成等を活 教育を推進します。不適切な性教育やジェンダーフリー教育※、 について検討し、子どもの成長に応じた柔軟な教育システムと
用します。それにより、後継者不足の業種等、人を必要として 自虐史観※偏向教育等は行わせません。規範意識や社会の するため、新時代に対応した「平成の学制大改革」を行います。
いる産業への雇用システム・求職マッチングを円滑かつ強力に ルール、マナーなどを学ぶ道徳教育や消費者教育等の推進を あわせて、改正教育基本法に対応した関係法令の見直し・改
支援し、労働力の流動化など健全な競争を通じて人材が適切 図るため、高校において新科目「公共」を設置します。 正を行います。
に配置される「適材適所社会」を目指します。10%前後の若 中学・高校でボランティア活動やインターンシップを必修化 小・中学校卒業時における学力評価や高校での達成度試
年層の失業率を4年で半減させることを目指します。 し、公共心や社会性を涵養します。職業教育やキャリア教育、 験の実施を図り、確実に学力を身につけさせます。あわせて、
農山漁村地域での体験学習等を推進します。あわせて「村祭 高校在学中に何度でも挑戦できる達成度テスト（日本版バカロ
57 女性力の発揮によるいい国づくり り」など地域に根差した伝統・文化や、スポーツクラブ、サー レア※）の創設や、それを前提とした論文、面接、多様な経
女性の潜在的な力を活用することは成長戦略の原動力で クル活動などの地域の絆を守り、コミュニティを支える取り組 験重視で潜在力を評価する入試改革など、大学全入時代の
す。そのために、日本社会の基盤である伝統的な家族や地域 みを支援（「伝統文化親子教室」の創設など）します。 大学入試のあり方そのものを検討します。
の絆を大切にしつつ、社会全般の多様性の実現を目指します。 高校授業料無償化については、所得制限を設け、低所得者
※BCP（事業継続計画） 予期せぬ災害や事故などに備え、事業活動を継続するために事前に策定しておく計画。 ※インターンシップ 学生が在学中に自らの専攻や将来のキャリアに関連した就業体験を行うこと。 ※OECD（経済協力開発機構） ヨーロッパ、北米等の先進国によって、国際経済全般について協議することを目的とした国際機関。 ※悉皆〈しっかい〉調査 すべての人を調査対象とする調査。 ※ジェンダーフリー
28 ※ワークライフバランス 「仕事と生活の調和」の意味で、働きながら私生活も充実させられるように職場や社会環境を整えること。 ※放課後児童クラブ 昼間保護者が家庭にいない児童に対し、放課後や長期 教育 男らしさや女らしさなどの性差を否定したり、伝統文化を否定する教育。 ※自虐史観 自国の歴史の負の部分を強調し、正の部分を過小評価する歴史観。 ※バカロレア フランスにおける大学入学資格 29
休暇中、保護者に代わって行う保育。学童保育とも呼ばれる。 を得るための国家試験。
のための給付型奨学金の創設や公私間格差・自治体間格差 び教職員定数の標準に関する法律』に基づき、教職員定数 徹底など、今すぐできる対策を断行します。
の解消のための財源とするなど、真に公助が必要な方々のた のあり方全般について検討を行います。さらに東日本大震災の 『いじめ防止対策基本法』を制定し、全都道府県や全市区
めの制度になるように見直します。 被災地に対する教職員の加配やスクールカウンセラーの充実 町村において『いじめ防止条例』を制定する、いじめ対策アド
大学の9月入学を促進し、高校卒業から入学までのギャッ 等を引き続き措置し、あわせて被災地の教職員の心のケアも バイザーを設置するなど、統合的ないじめ対策を行うとともに、
プターム（半年間）などを活用した大学生の体験活動（国とふ 図ります。 いじめ対策に取り組む自治体を、国が財政面などで強力に支
るさと、環境を守る仕事、例えば、海外NGO、農業・福祉 いじめや不登校の解決のため、スクールカウンセラーの充実 援します。
体験、自衛隊・消防団体験等）の必修化や、学生の体験活 等、問題を早期に発見し、適切に対応できる体制をつくります。
動の評価・単位化を行い、企業の採用プロセスに活用します。 小・中・高で17万5千人を超える不登校者、5万5千人を超 68 公私間格差の是正・私学助成の拡充
一度社会に出てからも、学び直しができるよう、社会人が える高校中退者（平成22年度）を減少させるための教育を実
公教育において私学が果たしてきた重要性に鑑み、私学の
再び大学で学べるシステムを導入し、キャリアアップの機会保 現します。
建学の精神を尊重しつつ、『私立学校振興助成法』の目的の
障と再チャレンジを促進します。
完全実現（教育条件の維持・向上、修学上の経済的負担の
軽減、経営の健全性向上）のため、公私間格差の解消を図
64 教育委員会※の責任体制の確立と
るとともに、2分の1を目標に私学助成の拡充を目指します。
教育行政の権限のあり方の検討
地方分権を受けて、自治体の教育政策決定や教育行政運営 69 教育の政治的中立を確保するための
において、首長や地方議会の役割が高まっています。いじめ 「新教育三法」
断し、インターンシップ修了後、認定の上、本免許を付与して
問題でも明らかになった、形骸化・名誉職化しているなどの批
教育公務員を「教育専門職」と明確に位置づけ、「教育公務 正式採用する、「教師インターンシップ制度」を導入するなど、
判がある教育委員会の責任体制を再確立し、本来の職責を果
員倫理規程」（仮称）を制定して、職務規律を確立します。 教師力向上のための改革を行います。
たせるよう、教育の政治的中立を確保しつつ、自治体の教育
『教育公務員特例法』違反者に対する罰則規定を設け、教 メリハリある給与形態の確立や優秀教員認定及び教員が子
行政に民意を反映させ、効率的・迅速に運営する必要があり
職員組合（日教組等）の政治的中立確保及び、選挙活動・ どもたちに没頭できる教育システムを構築し、真に頑張ってい
ます。
強制カンパ等の違法活動を防止します。教職員組合の収支報 る教師を徹底的に応援します。教員の勤務評価及び、それに
例えば、首長が議会の同意を得て任命する常勤の「教育長」
告を義務づけ、公金を原資とした資金の透明化を図るととも 基づく処遇が適切に行われるよう、教育長及び校長の責務を
を教育委員会の責任者とするなど、国と地方の間や、地方教
に、違法活動団体は、 『地方公務員法』に定める人事委員会 設けます。
育行政における権限と責任のあり方について、抜本的な改革
の登録団体から除外します。『義務教育諸学校における教育の 教育長、指導主事、校長、主幹、教諭等の役割と責務を
を行います。
政治的中立の確保に関する臨時措置法』の徹底を図り、教育 法律上明記し、責任体制を確立します。教員人事への教職員
委員会等に必要な調査を義務づけるための法改正を行います。 組合等の介入を排し、教育委員会の責任のもと、バランスの
真に公助が必要な児童・生徒が安心して学校に通えるよう、
65 真に教育基本法・学習指導要領に適った
北海道教職員組合による民主党議員への違法献金事件で とれた教員配置を実現します。任意設置となっている主幹教
就学援助制度の拡充（援助の対象や国庫補助など）や、給
教科書の作成・採択
は、教育委員会が行った勤務実態調査により、勤務時間中の 諭を「必置」とし、一部の地域で教職員組合に流用されてい
食費の無償化、給付型奨学金の創設、特に私学における低
教育基本法が改正され、新しい学習指導要領が定められて 組合活動など数多くの違法行為の実態が明らかになりました。 る主任手当、及び主任制度を廃止します。
所得者の授業料無償化等を行い、家庭の経済状況に関わら
から、初めての教科書の採択が、小学校と中学校で行われ、 わが党はこれを厳しく追及し、給与（義務教育費国庫負担金） 教職員の資質向上と教育水準の維持・向上のため、教員
ず、志ある子どもたちの夢を徹底支援します。
本年は高校の教科書採択が行われましたが、多くの教科書に、 の不正受給にあたるとして、会計検査院による調査を実施さ 免許更新制度の運用面での課題を是正し、実効ある制度設
いまだに自虐史観に立つなど、偏向した記述が存在します。 せました。これを受けて、北海道・札幌市の教育委員会が、 計を行います。一方、指導力不足教員は教壇に立たせません。
67 いじめを無くし、一人ひとりを大切に
真に教育基本法・学習指導要領に適った、「伝統と文化を すべての教職員を対象とした再調査を行いました。１１月２６ さらに、わが党政権時代の「教員の長期社会体験研修事業」
（『いじめ防止対策基本法』の制定）
尊重し、それらをはぐくんできたわが国と郷土を愛する」ため 日に、北海道教育委員会が調査結果を公表しましたが、４千 のように、現職の教員を民間企業や、社会福祉施設などに派
文部科学省が１１月２２日に公表した「いじめの緊急調査」
の教科書で、子どもたちが学ぶことができるよう、教科書検 人以上の不適切・不自然な勤務実態が判明し、１千３百万円 遣して交流を図ることなどにより、教員の視野の拡大を図ると
の結果は、驚愕すべきものでした。本年４月からの半年間で、
定制度や、副読本なども含めた教科書採択の構造について、 あまり（うち国庫負担金約４百万円）の給与が返還対象となる ともに、社会人教員の採用や特別免許状の発行の拡大などを
いじめの認知件数が、昨年度の２倍を超える１４．４万件であっ
文部科学大臣が各教科書共通で記載すべき事項を具体的に という、極めて問題のある結果でした。 行い、多様な人材を確保します。
たことに加えて、「児童生徒の生命又は身体の安全がおびやか
定める、複数の説がある際は、多数説・少数説を明記し、数 わが党は、引き続き、教育現場の正常化に徹底的に取り組
されるような重大な事態に至るおそれがある事案」（これは「い
値については根拠を示す等、抜本的に改革し、いわゆる「近 みます。さらに、わが党の指摘により発覚したPTA会費の不正 71 安全・安心な学校環境の構築
じめ」ではなく「犯罪」に他なりません）の件数が、２７８件
隣諸国条項」に関しては、見直します。 使用について、徹底的に全国調査を行わせ、再発を防止します。
災害からの子どもたちの生命・身体の安全の確保に加え、
にものぼりました。学校現場は、極めて深刻な状況にあります。
津波からの避難ビルとなるなど地域の避難所として重要な役
「いじめは絶対に許されない」との意識を日本全体で共有し、
66 安心して、夢の持てる教育を受けられる 70 教師力を向上し、適切な教育内容を確保
割を果たしている学校施設について、天井材などの非構造部
加害者にも、被害者にも、傍観者にもしない教育を実現します。
社会の実現
世界のリーダーとなる日本人を育成できる力ある教師を養成 材を含め耐震化・老朽化対策を加速させます。あわせて、災
第一に守るべきは、いじめの被害者です。いじめを繰り返す
質の高い教育ときめ細かい指導を行うために、わが党の考え するため、大学・大学院卒業後、准免許を付与し、インター 害時においては学校施設が避難所となることから、独立して
児童生徒への出席停止処分や、行為が犯罪に該当する場合
を受け入れて改正された『公立義務教育諸学校の学級編制及 ンシップ（1〜2年間）を経て、採用側と本人が自ら適性を判 域外と連絡可能な通信設備の設置や、自家発電装置の設置、
は警察に通報する（いじめと犯罪の明確な区別）、道徳教育の
30 31
※教育委員会 都道府県や市町村等に置かれる、学校教育・文化・スポーツ等の幅広い施策を展開する合議制の教育行政機関。
プロパンガス設備、井戸の設置、汚水対策として浄化槽の設 る「英語」のコミュニケーション能力を身に付けることは、子ど 境の整備、ICT等の技術を活用した教材等の研究、指導内 81 国立大学法人運営費交付金等の
置等、学校施設の防災拠点としての整備を進めます。さらに、 も達の将来のためにも、わが国の一層の発展のためにも、非 容・方法の工夫改善、障害のある生徒に配慮した高校入試の 安定的な確保
各自治体が財政上、困窮していることに鑑み、国からの補助 常に重要な課題であり、今後とも外国語教育の充実を図ります。 実施、中・高連携による進路指導の充実、特別支援学校等
わが国の基礎科学の中核を担っているのは、多様な人材が
率のかさ上げを含め、追加的な支援のあり方について、早急 と産業界との連携による実践的指導の実施、障害者就労支
集い、教育活動や研究活動を行っている大学ですが、近年、
に検討します。 援コーディネーターの配置、国立大学法人附属学校における
その安定的な教育研究活動を支える基盤的経費（国立大学
東日本大震災の教訓を活かし、保護者が帰宅困難になった 特別支援教育の推進・充実等に重点的に取り組みます。
法人運営費交付金及び施設整備費補助金、私学助成）が大
際などに、子どもたちを学校に留め置いて安全を確保するなど、 すべての小中高教員が特別支援教育の基礎を身につけられ
幅な減少傾向にあります。
保護者や子どもの立場に立った災害対応体制を整備します。 るようにし、発達障害を含む障害のある子ども一人ひとりの教
これにより、教員数の維持や施設・設備の管理・運用等で、
地震・台風・火災などの災害を身近な危険として認識し、 育的ニーズに応じた適切な教育を推進します。
多大な困難が生じていると指摘されていることから、わが国の
日頃から備え、災害の被害を防ぐため、地域の実情に合った「防
基礎科学を強化する観点からも、これらの基盤的経費を安定
災教育」を充実します。 79 受験一辺倒でない多様な選択肢を持つ教育
的に確保します。
あわせて、通学路の安全を確保するなど、子どもたちが安心
人材育成に関する社会の要請に応えるため、普通高校以外 東日本大震災の被災地にある大学が、被災地復興の拠点と
して通学できる学校環境を整備します。
に、最先端の職業教育を行う専門高校を整備する等、多様性・ して研究やプロジェクト実践を進められるよう、重点化して支
専門性のある選択ができるようにします。 援を行います。
72 幼児教育の充実・強化と幼児教育の無償化
高等教育における産学連携を強化するとともに、専門学校
『教育基本法』の定めの通り、幼児期の教育は、生涯にわ の果たしてきた実績に基づき、職業教育に特化した新しい高 82 大学院教育の抜本改革
76 理数教育及び才能教育の大幅な充実・強化
たる人格形成の基礎を培う重要なものです。すべての子どもに 等教育機関を創設し、『学校教育法』上の地位についても検
大学院について、研究活動のみならず教育活動を一層重視
質の高い幼児教育を保障するとともに、国公私立の幼稚園・ 次世代を担う理数好きな子どもを増やすため、体験活動や 討します。現状の専修学校・各種学校の存在意義を十分認識
し、文系・理系それぞれの設置目的に応じた多様性を確保して、
保育所・認定こども園を通じ、すべての3歳から小学校就学 実験教室の充実、理工学部の学生や企業関係者等の外部人 して、他の学校群との制度的格差の解消を目指し、財政的支
体系的かつ集中的な人材育成の取り組みを強化します。社会
までの幼児教育の無償化に取り組みます。 材の活用、さらには理数教育に携わる教員の指導力向上等、 援や教育内容の充実に向けての公的支援等を図ります。
の多様な場で活躍する人材を育成・確保するため、産業界や
就学前の多様化する教育・保育ニーズに柔軟に対応するた 初等中等教育段階での理数教育を大幅に充実します。 大学等と産業界・地域社会とのより幅広い連携協力の下で、
優れた人材育成の取り組みを行っている公的研究機関等との
め、幼稚園・保育所・認定こども園の教育機能の充実・強化 将来、世界のリーダーとなるような明確な目的意識を持つ子 インターンシップを充実させます。地域密着型のコミュニティカ
密接な連携・協力を推進し、社会人が学べる環境を整備する
を図ります。 どもの育成に向けて、優れた資質を伸ばし、育てる才能教育 レッジ化により、技能習得と就労を支援します。
など、大学院における教育活動を強化します。
を強化します。「スーパーサイエンスハイスクール※」を一層拡
世界をリードする大学院の形成を促進するとともに、世界水
73 家庭教育の支援体制強化 充するとともに、国際科学オリンピックに参加する児童生徒数 80 高等教育政策・大学政策の
準にある大学院の層に厚みを持たせるため、世界最先端の優
の大幅な増加を促進し、国際的な交流機会を拡大します。 積極的な推進（大学ビッグバン）
すべての教育の出発は家庭教育であり、『教育基本法』で れた教育研究活動を行う大学や、特定分野で質の高い教育
は、保護者が子どもの教育について第一義的責任を有するこ 「大学力」は国力そのものであり、質・量両面の充実・強化 研究活動を行う大学等に対する重点的支援を強化します。教
77 真に外国人との友好を築く日本語教育
と、国や地方公共団体が家庭教育支援に努めるべきことを定 が必要です。経営が悪化したり、質が著しく低下した大学の 育研究活動の閉鎖性・排他性を排除するため、学問分野別に
めています。幼児教育の前提として、安定した家庭の存在が 外国人の子どもが公立学校に通っても、日本語が分からな 改善を促し、成果が認められない時は退場を促す仕組みの確 細分化されて設けられている学協会※の改革を促進します。
不可欠であり、孤立しがちな若い親に対し、家庭教育を支援 い等の理由により授業についていけず、不就学になる者が多 立や、社会や学生ニーズの観点からの新規参入認可プロセスの
する施設をきめ細かく設置する等の支援体制を強化します。 いとの指摘があり、日本語指導員の配置等、学習者の日本語 明確化など、大学強化のための設置基準の見直しを行います。 83 博士課程学生に対する支援強化及び
能力に応じたきめ細かな受入体制を構築します。 世界トップレベルの大学は特区化し、諸規制を撤廃します。 若手研究者の活躍促進
74 読解力を高める国語教育 外国人の大人に対する日本語教育は、体制が十分に整備さ オープンラボ、研究サポートスタッフの設置を義務化します。
入学金や授業料免除の対象拡大、給付型奨学金の創設、
国語科は各教科等の学習の基盤であり、小・中・高等学 れているとは言えません。外国人に対する日本語教育の質と量 世界トップレベルの大学の博士号を持つ若手研究者の大量ス ティーチング・アシスタント※及びリサーチ・アシスタント※の充
を十分に確保するためには、日本語を学習する機会の拡充が カウト、資金支援などを行います。
校を通じて国語教育の一層の充実を図ること、特に、読解 実など博士課程学生への経済支援を抜本的に拡充し、学生
必要であり、『日本語教育推進法』を制定し、「生活者として 大学教育の質の保証徹底を義務化し、評価に基づく資金の
力、知識・技能の活用等、思考力・判断力・表現力の育成を 全員が安心して学べる環境を整備します。
の外国人のための日本語教育事業」等を継続的に実施・充実 重点配分（授業評価、教員の業績評価の厳格化等）を行います。
重視することが必要です。そのため、国語科の授業について、 単なる任期付きではない若手研究者のポストを大幅に増や
「子どもの言語能力を育てる授業」へと改善し、具体的には、 させるなど、真に外国人との友好を育むための環境整備を行 開かれた教育と研究体制をつくり、学長のリーダーシップを すとともに、キャリアパス※を多様化するため、産業界の研究
OECD/PISA※調査の読解力の育成のため、子どもが「聴いて います。 強化するため、学長と教授会の役割の明確化や、学長を支え 職や知的財産管理等の研究支援に携わる専門職等での活躍
るスタッフ（理事、副学長、財務等の専門スタッフ）の抜本的
→考えて→つなぐ」学習を展開します。 を促進します。公的研究機関等における、ポスドク※などを対
78 一人ひとりを大切にし、 強化、学長裁量経費の充実などを行います。
象とした専門人材育成の取り組みを支援し、活躍機会を拡大
充分に力を伸ばす特別支援教育 私立大学の収入の約8割は学生納付金であり受益者負担が
75 英語（外国語）教育の充実 します。若手研究者が自立して研究に専念できるようにするた
重く、国公私立大学の設置形態論・経費の受益者負担論の見
養護教諭の複数化の充実、特別支援教育コーディネーター めの新たな研究資金制度として、当該研究者の名前を冠した
「教育振興基本計画」には「小学校段階における外国語活
直し等を行い、財政支出の仕組みを再構築します。地域共創（大
の機能強化、高等学校への支援員の配置、発達障害のある 「冠プロジェクト」を創設します。
動を含めた外国語教育の充実」を目指す「新学習指導要領」
学と地方・地域社会、産業の連携）運動を積極的に推進します。
児童生徒の実態調査を検討した個々の生徒に必要な教育環
の着実な実施が盛り込まれています。国際的共通語となってい
※学協会 大学などの研究者を中心に自主的に組織された団体。研究評価や情報交換、人的交流等の役割を果たしている。 ※ティーチング・アシスタント 大学院生に対し、学部学生等への助言や実験、演
習等の教育補助業務を行わせ、大学教育の充実と大学院生のトレーニングの機会提供を図るもの。給与が支給されるため、経済的支援にもなる。 ※リサーチ・アシスタント 大学教員の研究補助者として大学
32 ※PISA 経済協力開発機構（ OECD） による国際的な生徒の学習到達度調査。 院生が雇用されるもの。給与が支給されるため、経済的支援にもなる。 ※キャリアパス 自分の仕事において、過去の職歴から現在の職務を通して今後の希望や予想による職歴まで一貫して俯瞰するためのキャ 33
※スーパーサイエンスハイスクール 文部科学省が科学技術や理科・数学教育を重点的に行う高校を指定する制度。 リアプラン。 ※ポスドク Post-Doctoral Fellow の略。Ph.Dを取得したが常勤の研究職、教育職についていない大学等研究機関の研究員のこと。一般的には、短期契約である。
84 「 留学生 30万人計画」と学生・研究者の 性を象徴する「無形文化遺産」では、能楽や人形浄瑠璃文楽、
国際交流の積極的推進 歌舞伎など20件が登録されています。また、国連食糧農業
機関の「世界農業遺産」には、新潟県佐渡市と石川県能登
「留学生30万人計画」の実現を目指し（当面20万人目標）、
半島が登録されています。
国・地域・分野等に留意しつつ、優秀な留学生を戦略的に獲
これらの世界遺産・無形文化遺産などの保存・活用を図るこ
得します。東日本大震災の影響により、日本で学ぶ留学生や
とによって、海外への日本文化の発信及び諸外国との相互理
研究者が減少しないよう、日本の学校や研究機関の教育研究
解の増進や、わが国の文化を再認識し、歴史と文化を尊ぶ心
活動に関する情報発信の強化、生活支援など在学時の受け入
の育成、文化財の次世代への継承などを積極的に推進します。
れ環境づくり、卒業・修了後の就職支援など社会の受け入れ
の推進を図ります。
90 「科学技術・イノベーション推進」の国づくり
わが国の学生や若手の研究者が内向き志向にあると指摘さ
れており、世界で活躍する優れた人材の育成を強化するため、 震災復興の原動力として「科学技術・イノベーション推進」
高校生を含む学生の留学機会を拡大するとともに、若手をは の国づくりを目指すため、人材・予算・制度や研究体制の改
じめとする研究者の海外研鑽の義務づけや機会の大幅拡大を 興を示す象徴として、2020年東京オリンピック・パラリンピック 革など、科学技術基盤を根本から徹底強化します。安保・外交、
推進します。 を招致するため、国立霞ヶ丘競技場を全面改修し、被災地で 経済・財政、規制改革等の総合戦略として科学技術イノベーショ
世界水準の教育研究活動を展開するためには、海外から優 の競技開催とキャンプ地の全国展開を実現します。あわせて、 ン政策を位置づけ、官邸のリーダーシップを発揮するための司
れた研究者を受け入れ、協働で研究活動に取り組むことが不 2019年ラグビーワールドカップの成功に全力を尽くします。さら 容の重点化、優れた芸術の国際交流の推進、海外の日本語 令塔を整備します。特に、福島第一原子力発電所事故対応の
可欠であり、奨学金の充実や受け入れ機関の体制整備、周辺 に、各競技の国際大会の誘致に取り組みます。 教育拠点の拡充等を行います。 教訓を踏まえ、政治決定と科学的助言の機能強化を図ります。
の生活環境の整備等を推進し、優秀な留学生や海外からの 学校における体育や運動部活動の充実、全国体力・運動能 文化芸術の創造性が産業や地域の活性化に結びつく取り 第4期科学技術基本計画で掲げている25兆円を上回る政府
研究者の受け入れを大幅に拡充します。 力等調査の結果の活用による子どもの体力向上の取り組みを 組みを行う「文化芸術創造都市」が全国各地に形成されるよ 研究開発投資総額を目指し、必要な経費の確保を図ります。
推進します。国民体育大会、総合型地域スポーツクラブ、指 う支援します。また、義務教育期間中に、すべての子どもが、 「事業仕分け」により停滞してしまった地域発のイノベーショ
85 『 スポーツ基本法』に基づく 導者養成事業など各種スポーツ振興事業の充実を図り、国民 質の高い文化芸術を最低2回（伝統文化と現代文化を各1回） ン創出を改めて強力に推進し、地域の元気を科学技術により
「スポーツ立国」の実現 各層のスポーツの生活化を促進します。 は鑑賞・体験することができるようにするとともに、地域に伝 取り戻します。
わる伝統芸能などを、親や子ども達にしっかりと伝えるための 世界をリードする新たな知の資産を絶え間なく創出し続けて
スポーツを国家戦略として推進するため、わが党主導により
86 スポーツ振興体制の充実・強化 「伝統文化親子教室」を創設します。 いくためには、研究者の自発性や独創性に基づいて行われる
議員立法で制定した『スポーツ基本法』に基づき、「スポー
わが国の文化関係予算は高い水準にあると言えず、「文化芸 研究の一層強力な推進が不可欠であり、これを支える科学研
ツ立国」を実現するための諸施策を強力に推進するとともに、 スポーツ振興に対する一層の財源を確保するため、独立行
術立国」の創出に向けて、予算の増額を目指します。 究費補助金をはじめとする競争的資金について、その多様性
スポーツ庁、スポーツ担当大臣を新設します。 政法人日本スポーツ振興センターの実施する「スポーツ振興く
や連続性を確保しつつ、大幅に拡充します。同時に、すべて
スポーツを人間の調和のとれた発育に役立てるため、文化 じ※」の拡充を行い、助成対象団体等が申請しやすいシステム
88 文化芸術活動の支援、 の競争的資金について、間接経費30%を確保します。
や教育と一体として捉え、競技的価値のみならず、教育・健康・ 整備を検討します。また、寄付金の全額が法人税の損金算入
文化財の後世への継承
国際交流促進などを拡充することにより、スポーツを国民に浸 の対象となるよう、指定寄付金のあり方について検討します。
91 イノベーションの実現に向けた制度改革
透させ、その文化的・教育的価値や社会的責任を高めます。 生涯スポーツの振興並びに競技力の向上を実現していくた 文化芸術団体の円滑な活動のため、専門的人材の育成や意
め、スポーツ関係団体・組織の一層の充実・活性化を目指し、 欲的・先進的な活動に対して、手厚い支援を行います。寄付 新たな産業や雇用を創出するため、企業だけでは実現でき
プロ、アマチュアを問わないアスリートの雇用促進や引退後の 文化の醸成を図るための税制上の優遇措置を検討します。東 ない革新的なイノベーションを産学連携で実現するとともに、
選手の生活の保障も合わせたセカンドキャリアの活用をはじ 京には伝統寄席演芸の鑑賞の場（国立演芸場）がありますが、 イノベーションを妨げる各種規制を官邸＝司令塔主導で抜本
め、優れた人材並びに財源の確保を図り、地域スポーツ社会 関西にはないため、関西（大阪）における「国立伝統芸能演 改革します。
における人材の好循環と社会貢献を目指します。そのために、 技場」（仮称）の設立について検討します。 研究開発税制やエンジェル税制の対象拡充等の税制改革
スポーツ立国戦略にあるワンストップの「セカンドキャリアセ 東日本大震災で被災した文化財の復旧を進めるとともに、 や、ベンチャー支援の充実等の制度改革、特許等の知的財
ンター」の創設を検討します。 地震や火災等の災害から文化財建造物を護るための防災対策 産の迅速な保護及び円滑な利活用を促進するための知的財産
を推進します。貴重な民俗文化財について、後世に確実に引 制度の改革、イノベーションの隘路となっている規制や社会制
87 世界に誇るべき「文化芸術立国」の創出 き継いでいくため、映像記録（デジタルデータ）等の作成を推 度等の改革を強力に推進します。国際標準の獲得を目指す各
進します。 国の動きが一層活発化していることから、特に、アジア諸国
文化が新たな国富を生み出す観点からも、既存施設の改修
等との連携・協力の促進を念頭に置いて、官民協働による戦
や人材の積極的育成など、世界に誇るべき「文化芸術立国」
89 世界遺産・無形文化遺産などの保存・活用 略的な国際標準化活動を抜本的に強化します。
を目指します。日本文化を戦略的に海外発信するため、伝統
わが国が優れた先端技術を持つ基幹インフラについて、建
的な文化・芸術の継承・発展を引き続き推進するとともに、ア 昨年、小笠原諸島と平泉がユネスコの「世界遺産」に登録
オリンピック等国際大会で日本人選手が活躍できるよう、 設から運用、人材養成への寄与までを一体システムとしてとら
ニメなど新たな日本ブランドとしてのメディア芸術の振興や人材 されました。わが国には、12件の文化遺産、4件の自然遺産
ナショナルトレーニングセンター※の利用を無料化する等、国際 え、官民協働による海外輸出・展開活動を大幅に強化します。
育成、制作者の待遇改善を図ります。文化交流の相手先と内 があります。さらに、地域に根付く伝統・慣習など文化の多様
競技力向上に向けた諸施策を推進するとともに、わが国の復
34 ※ナショナルトレーニングセンター スポーツ振興基本計画を受けて設置されている、日本のトップレベル競技者用トレーニング施設。 35
※スポーツ振興くじ Jリーグの試合結果を予想して投票し、的中すると払戻金を受けられるくじ。売り上げはスポーツ振興にあてられる。
92 世界に冠たる研究開発拠点の形成 Ⅳ. 外交・安全保障
イノベーションを生み出していくためには、大学や公的研究
機関、産業界等が集い、協働で研究開発に取り組む「場」の
わが党は、国民の生命・領土・美しい海
構築が必要です。特に、わが国の強みを有する分野において、
を断固として守り抜きます。
地域資源等も柔軟に活用しつつ、オープン・イノベーションに
対応した「競争」と「協調」による世界最先端の研究開発拠 自由・公正・法の支配など世界の普遍的
点を形成します。
な価値に基づき、国益を守るため、戦略的
わが国が世界の頭脳の獲得における中核的な地位を占めてい
な外交をダイナミックに展開します。また、
くためには、国内のみならず海外の優れた研究者を惹きつける
国際的な研究ネットワークの拠点形成が不可欠であり「、世界トッ
自助自立の日本を基本としつつ、国家の独
プレベル研究拠点（WPI）」の大幅な拡充や、素粒子分野の大
立と平和を堅守する総合的な安全保障政策
規模プロジェクトであるILC（国際リニアコライダー研究所建設）
計画等を含む国際科学イノベーション拠点作りに日本が主導的 を推進し、危機的状況に陥った外交・安全
な役割を果たすなど、世界水準をしのぐ優れた研究活動を行う
保障を立て直します。
大学や公的研究機関などに対する支援を抜本的に強化します。
1. 外交 両輪です。わが国が実施した補給支援活動は、インド洋に
93 科学技術の国際活動の強化
おける国際的な海上阻止活動の重要な基盤であり、各国か
わが国の科学技術水準の一層の向上を図り、自然災害や感 94 戦略的宇宙政策の推進 95 強固な日米同盟の再構築
らも高い評価を受けてきました。また、この活動は国際協力
染症等、地球規模で発生する深刻な課題の解決に積極的に
国際的なプレゼンスの確保と日本の国益のために、必要な
わが国の外交の基軸は日米同盟であり、アジア太平洋地域 というだけではなく、日本と中東を結ぶ重要なシーレーンの
貢献するためには、諸外国との連携・協力を一層強化するこ
予算を確保し、宇宙科学の推進と不断の研究開発に加え、
の平和と安定の礎です。民主党政権による外交の迷走により、 安全確保にも資する、わが国の国益そのものにつながる活動
とが不可欠です。先端分野での科学技術協力やODAを活用
国民生活の質の向上のための利用の促進、安全保障対応、
日米の信頼関係が大きく損なわれています。これ以上の同盟 でもありました。
した科学技術協力等、科学技術外交を大幅に強化するとと
産業振興等を加速させます。
弱体化を防ぎ、わが国防衛力の実効性をさらに高める努力を わが党は、お金さえ出せば事足りるという、いわゆる「小
もに、新興国の科学技術力の急伸等に時機を逸せず対応し、
宇宙の開発利用体制は、『宇宙基本法』の理念と、宇宙基
不断に行い、抑止力の維持・強化を図るとともに、沖縄をは 切手外交」に反対します。国際社会の一員として、インド洋
国家存立のために必要な科学技術を強力に推進します。また、
本計画に明記された5年間2兆5千億円の事業試算に基づき、
じめとする地元の切実な声によく耳を傾けつつ、負担を軽減す 上での補給支援活動を早急に再開し、あわせて海賊対策の
優れた教育活動や研究活動を行う国内の大学と海外の大学と
ロケットなどの輸送系及び衛星システムの開発・整備・運用な
る在日米軍再編を着実に進めます。 艦船にも補給ができる『補給支援特措法』の成立を目指しま
の連携・協力を進め、外交面からも、これらの教育研究活動
ど宇宙の開発利用を強力に推進するための重要分野・重点プ
その上で、安全保障、政治、経済はもちろん、防災、医療・保健、 す。
の積極的な活用を促進します。
ロジェクトへの資源配分を行う等、戦略的な宇宙政策を実施
教育、環境問題等、地球規模の諸課題などの幅広い分野に
さらに、海外動向の収集・分析体制を確立するとともに、
していきます。そのために、予算編成に権限を有する内閣府
おいて、協調と協力を進め、日米同盟の一層の深化を図ります。 98 海賊対策の強化
安全保障に関わる技術等の管理を強化します。一方で、国際
の宇宙政策委員会及び、執行機関である独立行政法人宇宙
わが国にとって、航行の安全や海上の安全確保は国家の存
的な核不拡散体制の強化に向けて、わが国の技術を積極的に
航空研究開発機構（JAXA）の理事長及び理事に国家観をもっ
96 自由で豊かで安定したアジアの実現
立と繁栄に直結します。日本国民の生命及び財産の保護の観
活用し、これに貢献していきます。
た人員を配置し、内閣総理大臣の重要な政策の一つとして、
自由で豊かで安定したアジアの実現に向けて、近隣諸国と 点から、海賊対策は重要な課題です。これまでも、沿岸国の
宇宙科学の振興、宇宙産業基盤の振興、わが国の安全保障、
の友好協力関係の増進に努めます。中国・韓国・ロシアとの 海上取り締まり能力の強化と人材育成への協力を通じ、海賊
シーレーン確保、戦略的ODA、資源外交、海洋政策等と宇
関係を改善するとともに、ASEAN諸国・インド・オーストラリ 対策に取り組んできましたが、引き続き、国際社会と連携しつ
宙政策等と密接に連携させます。
アとの安全保障やエネルギー政策での協力を推進します。ま つ、ソマリア沖・アデン湾での海賊対策に積極的に取り組ん
た、これらの国々とはそれぞれ二国間にとどまらず、アジアと でいきます。このために、前述の『補給支援特措法』を成立させ、
世界の平和、安定、発展にともに貢献する幅広い協力関係を 海賊対処のための艦船にも補給支援を行うことを可能としま
築いていきます。 す。さらに、日本籍船へ武装警備員が乗船可能となる法整備
アジアの経済力を中長期的視点から強化し、その潜在力を を推進します。
引き出すため、広域開発の推進（ヒト、モノ、カネの流れをス
ムースにする）やアジア市場の内需化に向けた施策・貢献策を、 99 海洋資源の開発、海洋権益の確保
着実に実施していきます。
わが党が策定した『海洋基本法』に基づき、エネルギー資
源等の海洋資源の開発・利用促進及び排他的経済水域の開
97 テロとの闘いの継続
発や大陸棚の延長など、国の海洋権益を確保します。また、
インド洋における補給支援活動は、アフガン復興支援とと 環境保全と調和を図りつつ、積極的な開発・利用を進め、真
もに、国際社会が一致して取り組む「テロとの闘い」の車の の海洋立国を目指し海洋産業を振興させます。
36 37
100 災害時における国際協力の強化 取り組みを強化します。 アの軍事的復調など、わが国を取り巻く安全保障環境は大き
く変化しています。このような環境に適応するため、防衛力を
東日本大震災に際して、国際社会から受けた支援に感謝し、
109 自由貿易への取り組み 「質」「量」ともに見直し、予備自衛官※を含む人員と予算の
災害時における国際的な支援活動に、今後も積極的に協力し
強化を図るべく、民主党政権で策定された防衛計画の大綱、
ます。その際、必要となる装備についても整備を進め病院船 自由貿易の推進は、わが国の対外通商政策の柱です。
中期防衛計画を見直します。特に総人件費改革等により、充
等の保有も検討します。また、防災・減災・避難救援体制等、 WTOドーハ・ラウンド交渉の早期妥結に向け、引き続き取り
足率が約90%前後に抑制され、部隊での「実員」不足が常
わが国が震災対応によって得た教訓・知見をソフトパワーとし 組んでいきます。その際、農業交渉等については、各国の持
態化していることを踏まえて、行政改革推進法の自衛官への
て世界に紹介し、その活用を図ります。 つ多様な農業の共存や林・水産資源の持続的利用が可能とな
適用を見直します。
るルールの確立を目指します。
また、退職自衛官の転職支援を充実強化し、自衛官の年
101 北朝鮮の核開発の阻止 105 ODAの充実と、開発途上国の支援 また、EPA/FTA・地域協定等の経済連携に関しては、国
齢構成の適正化を図ります。自衛官の処遇等を改善し、震災
益に即して、メリットの大きなものについては積極的に推進する
拉致・核・ミサイル問題の包括的解決が基本です。北朝鮮 政府開発援助（ODA）は、外交施策を実現していく上での必
対応などにおける献身的な働きに報います。
とともに、これによって打撃を受ける分野については必要な国
による核実験、ミサイル発射はわが国の安全保障に対する重 要不可欠な手段です。中長期的な戦略に基づき、重点化・効率
境措置※を維持し、かつ万全な国内経済・地域対策を講じます。
大な脅威であり、対北朝鮮措置の継続とともに、国連安保理 化を進めつつ、「人間の安全保障」の考え方のもと、ミレニアム
113 米 国の新国防戦略と連動した自衛隊の
TPPに関しては、政府が国民の知らないところで、交渉参
決議に基づく行動に関係諸国と一致して取り組みます。 開発目標※の達成に向けて課せられた責任も踏まえて「、質」と「量」
役割強化
加の条件に関する安易な妥協を繰り返さぬよう、わが党として
の双方でODAの拡充を目指します。そのためにODAの基本理
判断基準を政府に示しています。 米国の新国防戦略に対応し、抑止力を高めるため、日米防
102 拉致問題の解決 念を定め、運営の透明化を図る『ODA基本法』を制定します。
①政府が、「聖域なき関税撤廃」を前提にする限り、 衛協力ガイドライン※などを見直します。また、共同訓練を活
さらに、民間経済界やNGOとの連携強化に引き続き取り組み、
拉致は国家による重大犯罪です。昨年、金正日体制から金
交渉参加に反対する。 性化させ、物品・役務の融通や情報保全のための協定締結
JICA（国際協力機構）の投融資機能の本格再開や円借款※の
正恩体制に移行しましたが、拉致問題に対する姿勢の具体的
②自由貿易の理念に反する自動車等の工業製品の を進めるなど、同盟国・友好国との防衛協力を進め、アジア
迅速化を図ります。
変化がない以上、引き続き拉致被害者全員の帰国、真相究明、
数値目標は受け入れない。 太平洋地域全体の抑止力を高めます。
また、わが国企業の海外進出の後押しも行うなど、海外進出
実行犯引き渡しを基本方針とし、一切の経済支援を行いません。
③国民皆保険制度を守る。
する日本企業の支援を在外公館の本来業務として位置づけ、人
また、政府認定以外の特定失踪者の調査を徹底するととも
④食の安全安心の基準を守る。 114 国家安全保障基本法の制定
脈形成・情報提供など、最大限の支援を行います。
に、「対話と圧力」という一貫した考えのもと、国際世論をリー
⑤国の主権を損なうようなISD条項※は合意しない。
政府において、わが国の安全を守る必要最小限度の自衛権
ドして、必要に応じて「ヒト」「カネ」の移動をさらに制限して
⑥政府調達・金融サービス等は、わが国の特性を踏まえる。
106 資源外交の強化 行使（集団的自衛権を含む）を明確化し、その上で『国家安
いくなどの制裁強化を行い、北朝鮮に拉致問題の全面的な調
全保障基本法』を制定します。また、その法律において、内
査のやり直しを強く要求します。 ODAを含む外交ツールを活用し、主要な資源供給国との関
110 外交の体制強化
政上の施策に関する安全保障上の必要な配慮など国・地方公
さらに、北朝鮮による米国人拉致の疑いも濃厚であり、米 係強化に努め、供給源の多様化を図るなどの「資源外交」に
刻々と変化する国際社会において、わが国の国益を踏まえ 共団体・国民の責務をはじめ、自衛隊の保有と文民統制、国
国政府の認定への働きかけを強化して、日米連携して問題の 力を入れます。特にアフリカについては、対アフリカODAの
つつ、平和と繁栄を確保するためには、総合的な外交力を一 際社会の平和と安定のための施策、防衛産業の保持育成と武
解決を迫るとともに中国の協力を強く要請しつつ、国連に拉 倍増、民間投資の倍増支援という国際的な約束を着実に実行
層強化することが必要です。そのため、わが党で取りまとめた 器輸出などを規定して、安全保障政策を総合的に推進します。
致問題に関する調査委員会を設立する努力などを通じて国際 に移しつつ、この地域の経済成長「、人間の安全保障」の確立、
「総合的な外交力強化へのアクション・プラン10」（外交の礎
社会と連携しながら、国家の威信をかけて拉致被害者全員の 環境問題といった課題にリーダーシップを発揮します。
となる人材の育成、150大使館体制の実現等）、「5つの重点 115 国家安全保障会議の設置
帰国を実現します。
分野への具体的な取り組み」（中型の政府専用機導入の検討、
107 対外発信の強化 外交と安全保障に関する官邸の司令塔機能を強化するため、
在外公館の施設整備と現地職員の確保、在外公館と海外公
103 国際社会での貢献と国連安保理の改革 「国家安全保障会議」を内閣に設置します。国家の情報収集・
ODA卒業国との円滑な関係が維持される仕組みを構築しま
的拠点（JICA、JBIC、JETRO、国際交流基金等）の施設
分析能力の強化及び情報保全に関する法整備による体制の強
時代の変化とともに、国際社会の平和と安全の維持に主要 す。イスラム圏やアフリカ等との相互交流を深め、わが国の独
統廃合や調達共用化によるコスト削減等）を実施します。また、
化を図り、的確な情報を活用して国民の安全を守ります。
な役割を果たす意思と能力のある国が常に「安保理」の意思 自の役割を果たします。
引き続き邦人保護の強化を図ります。
決定に参加することは、「安保理」の代表性と実効性を向上 わが国の優れた法制度や保健医療システムなどの対外発信
116 防衛省改革の推進
させます。わが国の常任理事国入りを含む「安保理」改革の を高めるとともに、各国の法整備支援、戦略的な日本語普及、
111 議員外交の積極展開
早期実現に向けて引き続き取り組みます。また、各種国際機 知的交流、科学技術外交を推進し、日本のソフトパワーを強 民主党政権で停滞している防衛省改革を加速させます。特
議員外交を積極展開し、大臣経験者等も活用するなど、わ
関において制度構築などの主導的な役割を果たします。 化します。あわせて、外交政策の対外発信及び国民に対する に統合運用、内部部局と各幕僚幹部との関係の見直し、専
が国の国際関係に幅と厚みを持たせます。
情報発信を抜本的に強化し、シンクタンク等との人的ネットワー 門性に応じた自衛官と文官の適切配置（UC混合組織への改
104 核軍縮の推進 クの強化を行うなど、知的交流を強力に推進します。 編）、部隊運用組織の統合などを進め、より積極的・効率的
2. 安全保障
に機能する防衛省・自衛隊にします。
国際的な軍縮・不拡散体制の強化に向けて主導的に取り組
108 地球規模の課題への取り組み強化
みます。特に核軍縮分野での現実的かつ具体的な取り組みを 112 変 化する安全保障環境に適応する人員・
117 国際平和協力法の制定
進めます。また、安全保障に懸念を生じさせないため、わが 気候変動・地球温暖化や新型インフルエンザ対策・保健シ 予算の強化
国の「核抑止政策」について、根本的な議論を開始し、基本 ステム強化をはじめとする保健分野、水・衛生、国民の生活に 世界の平和構築に資する自衛隊の国際平和協力活動の推
北朝鮮の核実験・ミサイル発射、中国の軍事力増強、ロシ
方針を確立します。 も直結する資源・食料問題といった、地球規模の諸課題への 進のため『、補給支援特措法』や『イラク人道復興支援特措法』
※国境措置 輸出入の際に講じられる関税等の措置。 ※ISD条項 「投資家対国家間の紛争解決条項」（Investor State Dispute Settlement）の略語。主に自由貿易協定（FTA）を結んだ国同士において、
38 ※ミレニアム開発目標 2000年に開催された国連ミレニアム・サミットで採択された貧困や飢餓の撲滅など21世紀の国際社会の８つの目標。 多国間における企業と政府との賠償を求める紛争の方法を定めた条項。 ※予備自衛官 普段は社会人や学生として生活しながら、自衛官として必要とされる練度を維持するために訓練に応じる者。 ※日米防 39
※円借款 日本政府から発展途上国政府へ、インフラ整備を目的として行われる長期・低金利の資金貸付。 衛協力ガイドライン 日本とアメリカが防衛上の作戦協力をするときの基本的な枠組みを定めた文書。
といった、その都度定める特措法ではなく、自衛隊の海外派 121 原発等の重要施設の警備 3. 領土・主権
遣が迅速に対応可能となるような一般法としての『国際平和協
テロ等の不測の事態から、原子力発電所をはじめとした重
129 領土・主権問題を担当する政府組織の設置
力法』の制定を目指します。
要施設を守るため、警察・海上保安庁・自衛隊の連携を強化し、
また、災害時などの国際緊急援助隊の活動の経験と教訓 民主党政権発足後、わが国の領土・主権問題に関わる周
必要な人員・組織・装備を充実させます。その際、自衛隊が
を踏まえ、より迅速で実効性のある派遣が可能となるように、 辺国の挑発行動が相次いでいます。この流れに歯止めをかけ
原発施設等の重要施設を警護できるような法的措置を行いま
関係法を整理します。国連のPKO、ソマリア沖・アデン湾で るべく領土政策の立て直しが急務です。そのため、国家とし
す。特に福島第一原発の警備は喫緊の課題であり、作業員の
の海賊対策等、自衛隊の海外派遣は、今後とも国益と国際 て取り組みを強化するために、内閣府設置法を改正し「領土・
入退出の管理を厳格化するとともに、緊急措置として自衛隊
協調のために積極的に実施します。 主権問題対策本部（仮称）」を政府に設置します。不法占拠
を中心とした万全な警備体制を確立します。
の続く北方領土と竹島の問題については、交渉を再活性化し
126 サイバーセキュリティの対策強化
118 危機管理体制の強化 てわが国の強い意志を示します。
122 大規模災害時等に対する訓練の充実
わが国の情報セキュリティ技術は未だ世界最高峰にはほど遠く、
非常事態（武力攻撃事態も含む）に際して、国として迅速な
自らの危険を顧みず、東日本大震災の被災者の救援、復旧・
現行目標（2020年）では足下の有事に対処できません。国家安全 130 領 土・主権・歴史問題に関する
対応が可能となるよう、関係省庁の連携を強化し、憲法に緊
復興に全力を傾けた自衛隊・警察・消防・海上保安庁等の活動に
保障、外交、国民の安心・安全等の観点から、外国からの
研究機関の新設
急事態に関する規定を設けるなど、法制度や組織を整備します。
感謝しつつ、日頃から地方自治体等との合同訓練を充実させる サイバー攻撃※を有事と定義し、情報セキュリティの抜本的強化を
領土問題に関する歴史的・学術的な調査・研究を行う機関を
など、今後も大規模災害等に連携して対処できる体制を整えます。
図ります。具体的には、今後5年程度に目標を短縮し、官民の設
119 在外邦人の避難措置に関する 新設します。新機関は研究成果を活用し、国内及び国際社会に
備投資、情報システム担当者等の集中的な訓練や人材育成、啓
自衛隊法の改正 対し、法と歴史に基づく日本の主張について普及・啓発、広報
123 防衛を支える地域との連携 発活動、研究開発等の総合的な対策を推進するための基金の創
活動を行います。また、各種の戦後補償裁判やいわゆる慰安婦
外国における緊急事態に際して、在外邦人等の避難や輸送
設や予算措置を行うと同時に、有事関連法令や秘密保護関連法
防衛施設は、自衛隊及び在日米軍の各種活動の拠点であ 問題の言説などにおいて、歴史的事実に反する不当な主張が公
を迅速かつ効果的に行えるように、『自衛隊法』を改正します。
令の法的整備や情報セキュリティ関連組織の増強を行います。
り、自衛隊と日米安保体制を支える基盤として必要不可欠な 然となされ、わが国の名誉が著しく損なわれています。これらに
特に、警察庁や防衛省、海上保安庁においては、米国並
ものです。これらの施設がその機能を十分発揮するため、国 対しても新機関の研究を活用し、的確な反論・反証を行います。
120 新たな脅威からの日本防衛
みの動的防御システムやバックアップシステムを早急に構築しま
民の国を守る意識を涵養するとともに、基地周辺対策を推進
必要な水準の防衛力を基盤として、即応性や実効性の高い す。また、政府機関のすべての情報機器や複合機を厳密なセ
し、関係地方自治体や住民、支援組織との連携を重視します。 131 国境離島の保全・振興等に関連する法整備
弾道ミサイル防衛システムの配備を進め、大規模なテロ・ゲリ キュリティ監視下におくための措置を早急に整備します。
国境離島の適切な振興・管理に資する『特定国境離島保全・
ラへの対策、NBC（核、生物・化学）兵器などの対策を講じます。
特に安全保障に資する宇宙利用の推進とサイバー空間におけ 124 基地周辺住民への負担軽減の推進 127 G 空間（地理空間情報）プロジェクトによる 振興法』、『無人国境離島管理法』を制定し、『領海警備法』
る対応能力を早急に高めるため、国を挙げて取り組みます。 基地周辺住民の方々に様々な負担をかけていることを踏ま 社会基盤インフラの構築 の検討を進めます。
えつつ、沖縄における米軍基地の整理・統合・縮小をはじめ、 地理情報と衛星測位情報を電子国土基盤情報として統合活
132 尖閣諸島の実効支配強化と安定的な
基地周辺住民の方々の負担軽減や生活環境の整備、雇用の 用したG空間情報（地理空間情報）は領土、領海、領空統
維持管理
創出などの諸施策を推進します。特に普天間飛行場の固定化 治の基本情報となります。このような情報を国として担保し、
に対する沖縄の懸念を払しょくするとともに、新たな負担を被 発信するための社会基盤インフラを構築することでわが国の外 わが国の領土でありながら無人島政策を続ける尖閣諸島に
る関係自治体には特別な配慮・施策を講じます。 交、経済、防衛上の安全保障の確保、国土の強靭化に努めます。 ついて政策を見直し、実効支配を強化します。島を守るため
の公務員の常駐や周辺漁業環境の整備や支援策を検討し、
125 技術立国日本の未来のための防衛技術、 128 日本の外交、防衛の向上に直結する 島及び海域の安定的な維持管理に努めます。
生産基盤の維持・強化 宇宙システムの構築
133 領域警備の強化
国の防衛政策上の観点から国内の防衛産業の技術、生産 宇宙覇権各国の動向に注視しつつ、日本の国益に直結する
基盤を維持・強化するため、自主的な技術研究・開発や日米 グローバル・コモンズ※における宇宙空間を国家領域として捉 世界第6位の排他的経済水域と6,852もの島々の安全を確
共同開発・生産を推進します。わが国の卓越した技術・製品 え活用します。具体的には、わが国のミサイル防衛に必要な 保するため、海上保安庁等の人員・装備・予算を拡充し、領海・
の国際社会での活用、防衛省が開発した装備品等の民間・ 高分解能かつ高頻度の偵察衛星と早期警戒衛星に必要な開 領域を護る体制を整えます。特に南西諸島においては、警察、
他省庁への転用など、抜本的改革を進めます。 発を加速し、自衛隊が利用する通信、気象観測、偵察等、様々 海上保安庁、自衛隊を重点配備するとともに、海上輸送能力
その中で、武器及びその技術の輸出に関しては、わが国及び な用途の衛星システムを開発・構築します。これらの運用を の向上を図るなどの対応能力を高めます。
国際社会の平和と安全の確保の目的に資するため、テロ支援 支える輸送系、新射場の新設・整備を含む地上系、技術基
国、国連決議対象国、国際紛争当事国、輸出貿易管理の不 盤の維持・向上を図るため、デュアルユース※の観点からの宇
十分な国を輸出禁止対象国とし、それ以外の国・地域を対象と 宙システムの開発を推進し、その保全策を立案します。また、
する武器輸出について、許可に係る判断基準「武器及び武器関 準天頂衛星「きずな」を7基打ち上げ、アジア・オセアニア地
連技術に関する輸出管理の指針」を定めて、厳正に武器等の輸 域の情勢安定の観点からも、測位政策を推進させ日本の国際
出を管理し、個別に輸出の可否を決定する仕組みを構築します。 的プレゼンスを高めていきます。
40 ※サイバー攻撃 ネットワークを対象に行われるテロリズム。 ※グローバル・コモンズ 宇宙・海洋・サイバー空間等の国際的な公共財。 41
※デュアルユース 両用の。二通りの。特に、民生用と軍事用のどちらにも利用できること。
Ⅴ. 社会保障・財政・税制 「子ども手当」に関しては平成24年度より廃止し「、児童手当」 信頼を取り戻します。
を復活させ、その内容を拡充しました。 社会保障番号制度を早期に導入し、年金をはじめ社会保障
所得制限を設けることで、子育て支援がより必要な世帯へ サービスの信頼性と透明性、さらには効率性を向上させます。
社会保障は、経済を成長させ雇用を確保
重点配分されるとともに、「子どもは社会が育てる」との民主 今後の年金制度については、現行の年金制度を基本としつ
する中で、納税し、社会保険料を負担する 党の誤った政策を撤回させ、第一義的には子どもは家庭が育 つ、社会保障制度改革推進法に則り、社会保障制度改革国
て、足らざる部分を社会が支援するというわが党の主張が実現 民会議での審議結果を踏まえ、必要な見直しを行います。
者があってはじめて成り立つものです。
しました。社会の基本は「自助」にあり、家族の助け合いの
わが党は、「自助」、「自立」を第一に、「共
役割も正しく評価されなければならないとの観点から、児童手 138 国民が安心できる持続可能な医療の実現
助」、「公助」を組み合わせ、受益と負担の 当との関係を整理した上で年少扶養控除を復活します。
国民が必要な時に質の高い医療が受けられるように、次の
施策を実施し、地域において必要な医療を確保します。
均衡がとれた持続可能な社会保障制度を目
135 児童虐待の早期発見のため、
・医 師の科目別、地域別偏在を是正するとともに、必要な医
指します。 地域や社会による取り組みを加速化
学部定員の確保
消費税は、全額、社会保障に使います。 児童虐待専門のホットラインを設け、適切な担当者を確保す ・臨床研修医制度の見直し
ることを義務づけるとともに、要保護児童対策地域協議会が ・勤務医の処遇改善
有効に機能するよう、医療機関や警察が連携して取り組む仕 ・女性医師の働きやすい環境の整備
1. 社会保障制度 ・父 親の産休・育休取得のための環境整備（8819運動※）を
組みを作ります。また、子どもたちを取り巻く医療職を対象に、 ・有床診療所をはじめ診療所の機能の強化・充実
はじめ、父母ともに育休をとりやすい、育休をとることが不利
134 妊娠から子育てまで切れ目のない家族支援 早期発見のための研修を実施するほか、児童虐待の実態をよ ・地 域の医療の必要性の調査などに基づく、診療科目ごとの
にならない環境の整備などでゼロ歳児に親が寄り添って育て
り正確に把握し、解決に向けて必要な法整備を積極的に進め 診療所数や病床数、及び高度医療機器等の適正配置、医
・特定不妊治療に要する費用の助成の充実 ることができる社会の推進
ます。さらに子どもの虐待を防ぐための啓蒙活動を、積極的に 療機関の連携体制の充実
・妊婦健診費用の公費負担の継続、出産一時金の充実 ・母 子家庭及び父子家庭が子育てと就業の両立ができるよう
展開します。 ・総合診療医の育成とかかりつけ医の導入
・妊 娠中から出産・子育てを通して利用できる公的な相談窓 環境整備の充実
・救急医療機関の機能充実
口の整備 ・祖父母などの子育て経験者が子育て家族を支える制度の整備
136 虐待された子どもたちに笑顔を ・かかりつけ薬局の充実・強化
・居 住地域で出産できるよう産科医療機関の開業を支援し、 ・多世代同居の促進
・医療人材を活用したチーム医療の推進
周産期医療ネットワークを整備・充実するなど出産環境の整備 ・仕 事と生活の調和（ワークライフバランス）の推進 児童養護施設等で育った子どもたちの自立を可能にするた
・産 業医と精神科医等との連携を含め地域産業保健センター
・産 後ママ検診など産後の母親に対するケア体制の整備拡充や、 などにより子育て環境の整備を図ります。 めに、18歳以降の就業や生活支援の制度を充実させるととも
事業の充実・強化 など
新生児から3歳まで発達段階に応じた訪問育児支援の充実 また、保育に関しては、児童福祉としての現行保育制度の に、子どもたちが家庭的な雰囲気の中で生活し、多世代間の
人間としての尊厳が守られ、人生の最終段階を穏やかに過
・3 歳から小学校就学までの国公私立すべての保育料・幼稚 改善・拡充を思いきってすすめることにより、子どもの健やか 交流や地域交流ができるよう児童相談所や児童養護施設など
ごせるように、終末期医療※をはじめ医療のあり方を患者の意
園費の無償化に向けた施策の推進 な成長と安心・安全な保育を保障するとともに、子育て家庭 の機能を拡充し、必要な法整備を進めます。また、グループホー
思がより尊重され得る方向で見直すとともに、看取りのための
・病 児・病後児保育や一時預かり保育、地域子育て支援セン の支援を積極的かつ大胆に行います。 ムや里親制度を推進するなど、虐待した親や虐待された子ど
施設整備や在宅サービスの提供など、そのための環境を整備
ター・ファミリーサポートセンターなどの保育メニューが利用 さらに、保育を必要とするすべての子どもたちが質の高い保 もたちが再び笑顔を取り戻せるよう支援策を拡充します。
します。
したい時に利用できる体制整備への支援 育を受けられるよう、
予防医療総合プログラムの策定や、検診を定期的に受診し
・感 染症の拡大防止システム構築や小児医療の充実など乳幼 ・保 育所施設基準の維持・改善、保育士配置基準の改善、 137 若者も高齢者も安心できる年金制度の確立
た場合に医療費の自己負担を軽減するなどの誘導策の導入等
児の命を守る仕組みの構築 保育士等の処遇改善及び人員の確保や保育士等の研修時間
年金保険料率の上昇を抑制するため、消費税を中心に所要
により、健康の維持増進、疾病の予防及び早期発見等を積
・5 歳児検診の実施など、乳幼児健診を充実し、発達障害な を確保する仕組みとキャリアアップ制度の創設
の財源を確保した上で、基礎年金国庫負担割合を2分の1へ
極的に促進するとともに、後発医薬品の使用拡大、二重診療
どを早期に発見できる体制の整備 ・待機児童の解消と、質の高い保育施設整備の同時推進
恒久的に引き上げます。
（過剰投与）の抑制、さらには給食給付（医療上必要なもの
・子どもの医療費無料化を検討 ・地方における保育所の定員割れ対策
無年金者対策として、年金の受給資格要件の期間を25年
・小 学校給食の無償化など小・中学生の子どものいる家庭へ ・親 の働き方等の如何によらず、子どもの生活及び教育の観点
から10年に短縮するとともに、低年金者対策として、年金制
の支援への推進 からの適切な保育時間の確保
度とは別途に、福祉的給付などの対策を実施します。
・放課後子ども教室を活かした補習支援への推進など などの実現を図ります。
高齢者の方々の働く力や意欲を活かせるように、働き方等
上記の子育て支援サービスの一部については、自民党が修 また、民間保育所運営費については、児童福祉法第24条
人生設計に合わせて年金の受給時期や受給額を弾力的に選
正した『子ども・子育て支援法』をさらに一歩進め、各自治体 に基づき市町村の保育の実施義務を堅持するとともに、国庫
択できるように、給与に応じて年金受給額が減少する現行の
において、地域の実情に合わせ、親・保育関係者・地域住民・ 補助を守ります。
在職老齢年金制度をはじめ制度の見直しを行います。
行政の協議に基づき事業が実施できるようにします。そのため 放課後児童クラブについて、既設の小学校施設の活用など
パート等非正規雇用者への被用者保険（医療、介護を含む）
子育て交付金創設などを検討します。 によりすべての小学校区での設置と全学年での利用促進、そ
の対象拡大については、今次の法改正において実現しました
その他にも、 の規模の適正化や指導員の増員・処遇改善などによる質の確
が、今後とも雇用や経営に対する影響を踏まえつつ検討します。
・パ パママ教室を充実し、出産前に命の大切さや成長発達を 保、「公的責任」や「最低基準」などの法的根拠の明確化な
年金記録問題の早急な解明と迅速な救済により、年金への
学ぶ機会の提供 どにより、公的支援の充実を図ります。
42 43
※８８１９運動 父親の育児参加を積極的に進めていこうとする運動。 ※終末期医療 末期がん患者など延命を目的とするのではなく、身体的・精神的苦痛を軽減することで人生の質（QOL）を向上させることに主眼を置いた医療。ターミナルケア。
は除く）の原則自己負担化など保険給付の対象となる療養範 介護などのサービスを自らの状況に応じて適宜組み合わせ、 141 医療安全の確保に資する 職を志す人を支援します。
囲の適正化を図り、保険料負担をはじめ国民負担の増大を抑 総合的に利用できるように検討します。 死因究明制度の検討
制します。 医療に対する消費税の課税のあり方については、医療機関、 145 国民歯科医療の充実・発展
患者にとって安全・安心な医療の確保や不幸な事故の再発
国民健康保険の運営の安定化、保険者機能の強化を図る 薬局の税負担の検証を行い、引き続き検討を行います。
防止に資するために、医療事故による死亡を含む死因究明の 国民の生涯を通じた切れ目のない歯科口腔保健や歯科医
ため、徴収事務の執行体制などを整理したうえで、運営単位 地域医療の中核的な役割を担う公立病院は、全国に883
ための制度のあり方について検討を進めるとともに、死亡時画 療を推進し、生活の基盤となる「食」を支えます。
を市町村単位から都道府県単位に広域化します。また、官民 ありますが、約5割が赤字決算となるなど、極めて厳しい経
像診断システム整備事業の推進等、必要な財政支援について 特定健診（メタボリック・シンドローム対策）に歯科健診を
格差を是正する観点からも、共済健康保険と協会けんぽの統 営状況にあります。過疎地や産科、小児科、救急部門におけ
も検討します。 導入し、8020運動※を促進します。
合を進めるとともに、保険者機能を維持しつつ被用者保険の る医療などを中心に、地域の民間医療体制の状況も踏まえつ
労働者の一般健診に歯科健診を導入し、産業歯科医の役
料率の平準化を図ります。 つ、公立病院の経営効率化等を進めるとともに、地方交付税
142 精神保健医療福祉の推進 割を明確化することを目指します。
「現行の高額療養費の限度額は高い」との声に応え、誰で などによる適切な財政支援を行い、経営健全化と地域医療の
また、要支援・要介護者を含めた高齢者に対する在宅歯科
精神疾患が医療計画における5疾患の一つとして位置づけ
も安心して医療が受けられるように高額療養費の限度額を引 充実に努めます。
医療を充実させます。
られたことを踏まえ、国民の精神保健医療福祉に貢献するた
き下げるとともに、社会保障番号制度の導入に合わせて医療 全国どこでも救急患者が医療機関に確実に受け入れられる
めに、精神科医療の一層の推進と質の向上を推進します。
と介護の総合合算制度を創設します。さらに、被用者保険の 救急医療体制づくりや夜間も含めて全国でドクター・ヘリコプ
146 B 型・C 型肝炎※対策の推進
特に精神科救急医療、自殺、うつ病、身体合併症、児童
標準報酬月額の上限の引き上げ、市町村ごとにばらばらで、ま ターの運用が行えるよう、体制の整備を行い、救命率の向上
思春期、認知症など精神科医療に対する新たな社会的ニーズ B型・C型肝炎対策は各々の和解に則り、さらに完全解決
た、同じ市町村内の資産だけに着目した資産割のように負担 を目指します。
の広がりと深刻化に対応して、精神科医療への適切な評価、 に向け努力します。また、肝炎全体への一般対策の充実を
能力に応じているとは必ずしも言い難い国民健康保険の算定
精神科疾患に対する正しい知識の普及や早期発見・早期治療 図ります。
方式の見直しなどを目指します。 139 がん対策の充実
の促進を図るための啓発運動、児童や職場などにおけるメン
高齢者医療制度は現行制度を基本としつつ、消費税を中心
がんや心疾患など、専門医療に対する国民のニーズに応え
タルヘルス教育、診断法・治療法等に関する研究の推進を支 147 ヒトT 細胞白血病ウイルス※・難病・結核・
に所要の財源確保を前提に長寿医療制度に対する公費負担
るために、地域が求める医療機能や施設・病院の整備（ブロッ
援します。 腎疾患対策などの推進
の増加等、高齢者医療制度への支援の増大に伴う国民健康
クごとの地域がんセンター、リハビリセンターなど）を緊急か
また、地域社会において障害があっても安定した生活を営
保険、協会けんぽ、組合健保などの保険料率の上昇を抑制す ヒトT細胞白血病ウイルスについて、全国一律の妊婦健診
つ集中的に行います。
むことのできる共生社会の実現を目指し、障害者の自立及び
るなどにより、国民皆保険制度を守ります。 での抗体検査実施により母子感染を予防します。難病の診断・
「がんによる死亡者数の減少」、「すべてのがん患者及び家
社会参加の支援等を促進します。
患者の利益に適う最先端の医薬品、医療機器等が一日も早 治療方法の研究開発を進めるための難病研究拡充等、難病
族の苦痛の軽減並びに療養生活の質の向上」を目指し、が
さらに、長期在院者対策として、地域生活をサポートするサー
く使用できるように、現行の保険外併用療養費制度（評価療 対策を充実します。成人T細胞白血病、HAM※の感染者・
ん検診の充実、医療機関の整備によるがん医療の均てん化、
ビスの提供や受け皿の整備のため、地域での住居の確保や
養）を積極的に活用し、保険収載されていない医薬品等をよ 患者に対する診療体制の整備等とともに、難病の方々の医療
専門医の育成、粒子線治療への支援を含めた放射線療法及
介護精神型老人保健施設等により精神科病床の適切な機能
り使用され易くするとともに、審査手続きや体制の整備等を 費負担を軽減するため、助成の対象疾患を増やすよう努めま
び化学療法の推進、治療の早期段階からの緩和ケアの推進、
分化等による精神科医療福祉の効率化と質の向上を図るため
進め、海外で使用されている医薬品等が日本で使用できない す。難病患者の方々や家族の方々のご負担を軽減するために、
がんに関する相談支援及び情報提供体制の整備、がん登録
に努力します。
状態の解消、さらには日本人により適した医療機器等の開発 治療法の早期確立・普及を図るとともに、相談支援や療育環
の推進、がん研究、就労支援など患者・国民の立場に立って、
と迅速な導入を図ります。 境の整備、就労支援等に努めます。
がん対策を総合的かつ計画的に推進します。
143 認知症対策の推進
サービスを利用する高齢者の立場に立って、年金、医療、 結核は年間約2万3千人の新規患者が発生するなど、依然
女性特有のがん対策として、子宮頸がん、乳がんの早期検
認知症対策としては、認知症の早期診断、鑑別診断ととも としてわが国の主要な感染症であり、確実な治療の実施等、
診を促進するとともに、成年男子の前立腺がんの早期検診も
に、身体合併症、精神症状と問題行動、認知症終末期医療 総合的な結核対策を推進します。腎臓病、糖尿病性腎症の
促進します。
などあらゆる病態に機能分化して対応可能な適切な精神科医 予防対策と腎不全・透析治療に移行しないための啓発活動を
療を充実し、地域での生活を継続するための地域ケアと施設 促進し、腎臓病の原因究明の研究を推進します。また、透析
140 ワクチン施策の推進
ケアを統合した医療介護総合モデルの体制の確立を目指しま 患者が安心して治療を受け生活できる環境及び体制の整備に
わが国はワクチン後進国と言われており、ワクチンの一層の
す。また、かかりつけ医が中心となり、他職種と連携して高 努めます。
活用を図るため、ワクチンで防げる病気はワクチンで積極的に
齢者や家族の相談等に応じる体制の整備を検討します。 糖尿病等の生活習慣病対策、慢性閉塞性肺疾患（COPD）
対応するとの方針の下、健康安全保障の観点に立って、ワク
診療、リウマチ・アレルギー疾患対策及び慢性腎臓病（CKD）
チンの研究開発の促進と供給体制の整備、充実等を図ります。
144 看護職の処遇改善の推進 研究事業を推進します。
あわせて、現在、任意接種となっている子宮頸がん予防ワクチ
看護職の不足対策を推進し、看護職が働き続けられるよう
ン、肺炎球菌ワクチン、ヒブワクチン、おたふくかぜワクチン、
148 薬局・医療機関の薬剤師の機能、
労働環境を充実し、処遇を改善します。在宅医療・介護の充
水痘ワクチンの定期接種化も含め感染症予防を促進するなど、
役割の拡充と積極的活用
実の必要性を鑑み、介護保険施設や訪問看護に従事する看
新たなワクチン政策の確立と推進体制を構築します。
護職を確保し処遇を改善します。また、看護職（助産師・保 国民医療の向上とセルフメディケーション※（自己健康管理）
新たな脅威に備えて、新型インフルエンザ等対策特別措置
健師含む）のさらなる能力の向上、役割の拡大を支援するとと 普及のため、医薬分業の一層の推進と地域の薬局（全国に約
法に則り、新型インフルエンザ（高病原性鳥インフルエンザ等）
もに、その専門能力を保健医療現場でより活用できる環境を 54,000軒）・薬剤師の積極的活用を図ります。医薬安全対策
が発生した場合、すべての行政機関・地方自治体・各企業・
整備します。看護職の養成所等に対する支援を推進し、看護 強化の一環としてチーム医療における薬剤師の業務の拡充と
全国民が一体となった国民保護のための体制を整備します。
※８０２０運動 満80歳で20本以上の歯を残そうとする運動。 ※B型・C型肝炎 B型肝炎とは、B型肝炎ウイルス（ HBV） に感染することで発症するウイルス性肝炎の一つ。C型肝炎とは、C型肝炎ウイ
ルス（ HCV） に感染することで発症するウイルス性肝炎の一つ。 ※ヒトT細胞白血病ウイルス 成人T細胞白血病（ATL）の原因ウイルス。 ※HAM HTLV-Iというウイルスが引き起こす脊髄の病気。 ※セル
44 フメディケーション 自分自身で健康を管理し、あるいは疾病を治療すること。 45
医療機関における薬剤師配置を推進します。 対策の推進をするとともに、災害時のガソリン・電力確保等の 157 財政の安定化を図り、介護保険サービスの 158 介護支援専門員の積極的活用
薬剤師の卒後研修の制度化を検討します。さらに安全優先 危機管理体制を充実させます。また、医療保険制度の円滑な 充実と保険料の抑制
医療・介護・福祉サービスを必要とする人が過不足のないサー
の観点から医薬品のネット販売の安易な規制緩和は行わず、 運営を図るため、医薬品流通のあり方を改善します。
高齢化の進展により、増大が予想される介護保険料の上昇 ビスを受けて、住み慣れた地域で自立した生活を営むために
スイッチOTC※の推進など、一般用医薬品の拡充を図ります。
を抑制します。そのために、介護保険の保険給付の対象とな は、介護支援専門員（ケアマネジャー）による適正なケアマネ
152 リハビリテーションの提供体制強化
る介護サービスの範囲の適正化等による介護サービスの効率 ジメントが必要です。そのため、居宅介護支援事業所の経営
149 薬物の乱用防止の総合的推進
誰もが安心し生き生きと生活できる社会を実現するため、リ 化、重点化を図るとともに、公費負担の増加などを行い、持 の独立性・中立性の推進を図るとともに、特養・老健などの「介
薬物乱用防止については、薬物の種類ごとの取り締まり法 ハビリテーション提供体制を強化し、医療と介護で切れ目の 続可能な介護保険制度を堅持します。あわせて必要な介護報 護保険施設」において介護支援専門員の専従化を進め、自
規や複数の規制当局による対応がなされていますが、啓発、 ない相互連携のあるチーム医療を推進します。老人保健施設 酬の確保等により介護従事者の一層の処遇改善等を図り、質 立支援や在宅復帰に向けた施設機能の強化と活性化を図り、
取り締まり、薬物依存者の治療・社会復帰の支援など薬物乱 の在宅復帰機能の強化・在宅支援の強化を図ります。 が高く、必要な介護が行われ得る体制を整備します。 高品質な介護サービスを提供できるシステムをつくります。ま
用防止対策を総合的かつ有機的に推進し、乱用防止対策を た、それらを促進するため、社会保障制度において重責を担
一層効果的に実施できるよう、総合法規としての基本法の策 153 漢方医学の推進 う介護支援専門員の国家資格化を目指します。居宅介護支援
定を図ります。また、いわゆる脱法ハーブの使用による健康被 費に関しては、誰でも公平にケアマネジメントが受けられるよ
日本の伝統医学である漢方医学について、指導者・臨床医
害が増加していることに鑑み、指定薬物の包括的指定、麻薬 うに、介護保険制度で全額を賄う現行制度を堅持します。
の教育・研修、科学的根拠確立のための研究を推進します。
取締官（員）への取り締まり権限の付与などを検討し、所要
漢方医学を支える漢方製剤の安定供給が可能となる環境を整
の制度改正を行うことにより、薬物乱用のない健全な社会を 159 在宅介護の支援
備します。
構築します。
地域で多様な質の高い在宅介護サービスが提供できるよう、
154 再生医療を国民が迅速かつ 事業者の創造性と自律性が発揮できる環境を整えるための法
150 製薬産業に係る成長戦略推進と国民医療、
安全に受けるための総合的施策の推進 令基準等を見直します。
健康への貢献施策の展開
再生医療の研究開発から実用化までの施策を世界に先駆
製薬産業がイノベーションを通じて付加価値のある薬剤の 160 運動器※リハビリテーションの充実と
けて総合的に推進し、国民が受ける医療の質及び保健衛生
創造力を強化し、国民医療へさらに貢献していくため、研究 ロコモティブシンドローム（運動器症候群）の
の向上を図ります。すでに党の部会で了承された議員立法の『再
開発減税の拡充、新薬創出・適応外薬解消等促進加算制度 早期発見
生医療を国民が迅速かつ安全に受けられるようにするための
の恒久化を図るとともに、基礎的医薬品の安定供給に資する
施策の総合的な推進に関する法律案』を通常国会に提出し 運動器の衰えにより、要支援・要介護となることを予防す
措置を行います。
成立を目指します。 るため、医療における運動器リハビリテーションの充実を図り
また、先発品と後発品の役割が適正に反映された市場実
ます。また、転倒・骨折・寝たきりのリスクが高くなるロコモティ
勢価格主義に基づく透明性の高い薬価制度を堅持します。さ
155 生活の質（QOL）を高める統合医療の推進 ブシンドローム（ロコモ：運動器症候群）該当者（予備軍を含
らに、医療の効率化や国民の健康維持の観点から、後発品
め全国で推定4700万人）を早期に発見し、リハビリテーショ
統合医療は、現代西洋医学に伝統医療や各種健康法を組 また、特養の待機者をはじめ、要介護者が安心して介護を
の普及を図るとともにセルフメディケーションを推進します。
ンを指導することができるよう、運動器健診事業の導入を推
み合わせることで、より効果的で安全性が高く、心のケアにも 受けられる居場所の整備を行うために、特養・老健をはじめ、
進します。
重点を置いた患者中心の医療を目指しています。 特定施設やグループホーム、サービス付き高齢者住宅などの
151 医薬品の流通体制の充実
厚生労働省に統合医療の研究機関を設置し、各種健康法の 整備を進めます。
安全・安心・信頼の医薬品流通を確立するため、医薬品の 161 障害者の方への施策の推進
安全性と有効性の調査・研究を推進し、その情報を公開します。 住民や自治体のニーズに応え、間仕切り等の工夫によって
トレーサビリティ※の確立、新型インフルエンザ・パンデミック※
また、統合医療のための教育、人材育成、実践のための環 プライバシーの保護に配慮した上で、高齢者が適正な負担で 障害者自立支援法については、応益負担から応能負担に改
境整備や心身医学的なアプローチの普及などに取り組みます。 必要な介護を受けられるよう「、多床室特養」の整備を進めます。 めるとともに、知的障害、発達障害、精神障害のある人に対
同時に、地域の高齢者が満足できる介護サービスを受け、 して、自民党が障害程度区分から障害支援区分に修正した上
156 健康で質の高い生活をめざす 安心して暮らせるよう、特養・老健などの介護施設の活用など で、障害の多様な特性その他の心身の状態に応じて必要とさ
まちづくりの推進 による在宅サービスの強化、24時間型の訪問介護や訪問看 れる標準的な支援の度合いがわかるような形に法改正を行い
護、訪問診療の整備等により地域の高齢者が満足でき、安心 ました。
地域住民が直面する健康課題には、一人ひとりの「心や身
して暮らせる介護サービス体系を推進します。あわせて、家族 今後は、障害者総合支援法を着実に推進し、国と地方の
体の健康」のみならず、社会や文化、都市整備など住民を取
介護者の精神的負担等の軽減のための施策を進めます。 適切な役割分担の下、地域の実情を踏まえながら、計画的な
り巻く多岐にわたる要因があります。その有効な包括的まちづ
介護保険法改正により平成30年まで延長となった介護型 サービスの基盤整備を図ります。また、障害者に対する福祉
くりとして、WHOが提唱する「健康都市プロジェクト」に参加
療養施設のあり方に関しては、同施設の必要性を重視し、見 的な給付を着実に実行するとともに、自民党が主導した障害
する自治体を支援するなど、個人から家庭、そして地域へと
直しを行います。 者優先調達推進法（ハート購入法）を着実に実施する等雇用
拡がる健康づくりを積極的に推進します。
大災害時において、被災した介護や支援が必要な方々を支 の促進に努めます。
えるため、支援チームの創設、他の施設等での受入れ等の仕 また、精神障害のある人が地域で安心して暮らすことがで
組みづくりを推進します。 きるよう、精神保健医療福祉施策の改革に取り組むとともに、
46 ※スイッチOTC 医師の判断でしか使用できなかった医薬品を、薬局で買えるようにした薬。 ※トレーサビリティ 物品の流通経路を生産段階から最終消費段階あるいは廃棄段階まで追跡を可能とすること。 47
※パンデミック 感染症の世界的な大流行。爆発感染。 ※運動器 身体運動に関わる骨、筋肉、 関節、神経などの総称。
障害福祉サービスの利用の観点から、成年後見制度※の活用 164 原爆被害者への支援 172 一人ひとりの状況に応じた就労支援と労働 のご家族の生活を支えるための恩給は、国家補償として適正
をさらに進めます。 環境の整備 な水準を確保します。
人類唯一の被爆国であることを踏まえ、被爆者の方々への
さらに、障害の有無にかかわらず、国民の誰もが相互に人 あわせて、戦没者遺骨収集と慰霊巡拝を推進します。
支援策を推進します。 ハローワークの機能強化等により、若者、女性、高齢者な
格と個性を尊重し支えあう「共生社会」を実現するため、幅広
ど一人ひとりの状況に応じた就労支援を積極的に進めます。
い国民の共感と理解を得ながら、「障害者虐待防止法」を着実 2. 財政･ 税制
165 中国残留邦人への支援 また、産・育休の取得範囲の拡大などによる子育てと仕事
に実施するとともに、障害のある人の自立と社会参加のための
の両立など頑張る個人を支援し、経済のグローバル化や活力
中国残留邦人の方々のための生活支援をはじめとした抜本 177 次代を見据えた財政構造改革
施策を着実に推進します。
ある社会に対応した労働環境の整備を進めます。
的な支援策を講じましたが、今後さらに帰ってきて良かったと
民主党政権のバラマキ施策で水膨れした歳出について徹底
思えるような、きめ細かい対策を推進します。
162 生活に困窮している世帯の生活支援の拡充 した削減を行うとともに、国・地方の公務員人件費の削減、
173 就職、転職をしやすい環境の整備
生活保護の見直し等、さらなる削減を断行します。
若年者を中心に就労可能な者については、仕事へ就くよう
166 さ らなる国民の負託に応えられる 職能別検定制度の充実とジョブカード※の円滑な活用を通
また、財政による機動的対応が可能となる中で、成長戦略
促すため、求職者支援制度の活用等により就労を促進します。
「社会保険労務士法改正」の推進 じ、職業訓練や職業能力開発などを活かし、就業につながる
や事前防災等の分野に資金を重点的に配分することなど、わ
生活に困窮している低所得高齢者等に対して、その実態に即
マッチングシステムを確立します。
社会保険労務士が、国民の利便性の向上とさらなる負託に が国経済の成長に向けた施策を実施することで税収増を目指
した生活支援を的確に行うため、生活に困窮している方々の支
また、労働者派遣制度の活用によるスキルアップやキャリア
応えられるよう、個別の労働紛争について未然防止から解決 します。
援に精通したNPO等の活用を図るとともに、福祉的給付など
形成を行うなど再就職、転職支援の制度や仕組みを設けるこ
まで一貫して関与できるようにすることや一人法人制度の導入 こうした施策の実行により、まずは平成27年度（2015年度）
の低所得者対策を実施します。また、単身高齢者や老々介護
とにより、再チャレンジや成長産業への円滑な人材シフトを促
等が可能となるよう、社会保険労務士法の改正を推進します。 には国・地方のプライマリー・バランス※赤字の対GDP比の
の増大などに対応するため、高齢者の生活の場となる養護老人
進し、正規雇用の維持、拡大を図ります。
半減（平成22年度の水準比）を実現し、平成32年度（2020
ホーム、グループホームや特定施設などの整備を進めます。
同一価値労働・同一賃金を前提に均衡待遇を目指し、非
167 生活衛生サービスの安全・安心の推進 年度）までを目途に国・地方のプライマリー・バランスを黒字
契約を前提とする社会において、判断能力が不十分なこと
正規労働者の処遇を改善します。
化するとの目標を堅持します。そして、国・地方の債務残高対
によって不利益を被ったり、人間としての尊厳が損なわれるこ 生活衛生サービスが、安全・安心に提供されるよう、生活
GDP比を2020年代初めには安定的に引き下げます。
とがないように、成年後見制度を充実させます。 衛生営業指導センター、生活衛生同業組合の活性化を図りま
174 新卒者就職対策の実施など若者の
す。また、建築物の衛生環境・日本政策金融公庫の融資等
雇用対策の推進
163 生活保護制度について の充実を図ります。
新卒者の就職状況の厳しさが続く中、100%就職を目指して、
生活保護制度については、真に必要な人に生活保護が行き
トライアル雇用※する企業へ3年間補助金を支給する制度など
168 柔道整復師の活動の支援
わたるとともに、納税者の理解の得られる公正な制度に改善
新卒者の雇用の受け皿の整備を促進し、若者の雇用対策を
し、国民の信頼と安心感を取り戻します。 柔道整復療養費の適正な見直しと卒後臨床研修の制度化
強力に進めます。
そのため、自助努力による生計の維持ができない者に対す を目指します。柔道整復師の業務に関して算定基準の明確化
る措置ということを原点に、不正受給への厳格な対処とともに、 と法整備等に努めます。
生活保護水準や医療費扶助の適正化、自治体における現金
給付と現物給付の選択的実施、自立や就労の促進など必要 169 鍼、灸、あん摩・マッサージ・指圧治療の充実
な見直しを早急に実施します。生活保護水準については、勤
国民が鍼、灸、あん摩・マッサージ・指圧治療を身近な治
労者の所得水準、物価、年金とのバランスを踏まえ、生活保
療法として、介護分野を含めさらに利用できるように、制度の
護の給付水準を10%引き下げます。ジェネリック薬の使用義
整備に努めます。また、専門性とさらなる技術の向上を積極
務化やレセプト※の電子化によるチェック機能の強化等により
的に支援します。
医療費扶助の抑制・適正化を推進します。
また、不安定な家庭環境等にいる子供たちへのセーフティー
170 管理栄養士の積極的活用
ネットの確立、教育の提供体制の整備などにより世代間の貧
困連鎖を防止するとともに、高齢者、障害者等の就労不可能 今後、増加が想定される在宅療養者や高齢者に対して適切
者と就労可能者とに制度を二分し、就労可能者を対象に、就 な栄養管理を提供できる体制を構築し、安心した生活を過ご
175 アスベスト対策
職斡旋を断った場合の給付の減額・停止の仕組みや有期制の せるよう、管理栄養士の積極的活用を進めます。
導入などを検討します。 総合的なアスベスト対策を早急に図ります。すでに、わが党
ケースワーカー※の民間委託の推進や成功報酬制の導入等 171 心理職の国家資格化を目指します 主導で被害者救済のための法律改正を行いましたが、今後も
により、ケースワーカーのマンパワーを拡充します。稼働層の 引き続き、国と企業の責任で、すべての被害者救済のための
複雑化する現代の日本社会において、国民のこころの問題
自立を促進するため生活保護終了時の自立資金に充てる「凍 基金のあり方を検討します。
や、発達・健康上の問題は、ますます増大し､これらに対す
結貯蓄」を制度化します。
る心理的な対応のための専門的人材育成は急務となっていま
176 恩給の適正な水準を確保
す。こうした国民的ニーズの高まりに対応するために、先進諸
国と同様に、心理職の国家資格化の実現を目指します。 国家・国民のために身命を賭して忠誠を尽くされた方及びそ
※成年後見制度 判断能力（事理弁識能力）の不十分な者を保護するため、一定の場合に本人の行為能力を制限するとともに本人のために法律行為を行い、または本人による法律行為を助ける者を選任する制度。
48 ※レセプト 患者が受けた診療について、医療機関が保険者（市町村や健康保険組合等）に請求する医療費の明細書。 ※ケースワーカー 社会福祉学を基に社会福祉援助技術を用いて社会的に支援を必要と ※ジョブカード 正社員経験の少ない方などを対象に、正社員となることを目指す制度。 ※トライアル雇用 ハローワークの紹介によって、特定の求職者を短期間の試用期間を設けて雇用し、企業側と求職者側が相 49
する人とその環境に働きかける専門職。 互に適性を判断した後、両者が合意すれば本採用が決まるという制度。 ※プライマリー・バランス 国債の利払いと償還費を除いた歳出（一般歳出）と、国債発行収入を除いた歳入（ 税収など） についての財政収支。
そのため、財政健全化に向けた中長期的な方針の下、5年 がとれた持続可能な社会保障制度の成案が消費税率引き上げ 実現までの間の暫定的及び臨時的な措置として実施します。
を一期とする財政健全化中期計画を策定します。また、目標 までに国民にお示しできることとなりました。 独占禁止法等の必要な法制上の措置を徹底的に講ずること
の実現と新たな施策実施の両立を図るため、新たな施策には、 また、消費税の引き上げにより、財政による機動的対応が 等により中小・小規模事業者の消費税の円滑かつ適正な転嫁
将来の成長に与える影響を考慮しつつそのための恒久的な 可能となる中で、成長戦略や事前防災等の分野に資金を重点 に万全を期します。
財源を確保する原則を確立します。 的に配分することなどにより、わが国経済の成長等に向けた
上記の方針を明記した「財政健全化責任法」と「財政再建 施策が実施できることとなります。 （国民生活全般への配慮）
のための公務員人件費等の歳出の削減等に係る緊急措置に 医療については、医療提供者の高額の投資に係る消費税
関する法律案」（仮称）をともに早期に成立させます。 （税率及び引き上げ時期、使途） 負担について、医療保険制度において他の診療行為と区分して
なお、欧州債務危機問題等、国際経済情勢の動向によっ 消費税については、今回成立した「社会保障の安定財源の 適切な手当を行う具体的な手法について消費税率の8%への引
ては、国民生活等に重大な影響が及ばないよう、弾力的に対 確保等を図る税制の抜本的な改革を行うための消費税法の一 き上げ時までに検討し、結論を出します。また、医療行為全般
応します。 部を改正する等の法律」により、2014年4月に5%から8%、 についての税制上の配慮等についても幅広く検討を行います。
2015年10月に8%から10%へと2回に分けて引き上げること 住宅の取得については、取引価額が高額であること等から、
178 国・地方の公務員総人件費を2兆円削減 が決まっています。 消費税率の引き上げの前後における駆け込み需要及びその反動
引き上げに当たっては実施時期の半年前に、社会保障制度 等による影響が大きいので、平成25年度以降の税制改正及び
わが国の厳しい財政状況に鑑み、5年間の「集中財政再建 酒税のあり方については、税制の中立性・公平性・国際性
改革国民会議の結論を踏まえつつ、経済状況を確認の上、予 予算編成の過程で総合的に検討し、消費税率8%への引き上
期間」において、将来の国家像を見据え、計画性を持ちつつ、 の観点や財政状況等を踏まえ、酒類間の税率格差を縮小する
定通り実施するかの判断を内閣が行うことになりますので、こ げ時及び10%への引き上げ時にそれぞれ十分な対策を実施しま
国・地方を含め幅広に公務員等の給与を削減すること等によ 方向で検討します。
の総選挙は「約束は守る」わが党内閣を立ち上げるための大 す。
り、公務員総人件費を国・地方合わせて年間2兆円削減します。 低炭素化を促進する観点から、税制全体のグリーン化※を
切な民意表現の場となります。 個人所得課税については、各種控除や税率構造を一体とし
推進します。
特に、2014年以降に財政の機動的対応が可能となる中で、 て見直すことが必要です。所得税については、今回成立した
179 国債市場の安定を確保 平成24年度税制改正で導入された地球温暖化対策のため
成長戦略や事前防災等の分野に資金を重点的に配分すること 税法に従い、具体的な措置について検討を加え、その結果に
の税については、その使途について森林吸収源対策を含めた
国債に対する信認を確保していくことは極めて重要であり、
などにより、わが国経済の成長を実現します。 基づき、平成24年度中に必要な法制上の措置を講じます。さ
地球温暖化対策のための諸施策の推進に配慮します。
財政健全化に向けて節度ある国債発行に努めます。また、適
なお、消費税の使途については、基礎年金の国庫負担割 らに、社会の基本は「自助」にありますから、家族の助け合
また、環境税については、税制全体のグリーン化を図る観
切な国債管理政策を実行するとともに、あらゆるリスクを想定
合の2分の1への引き上げに要する費用を賄うとともに、これ いの役割も正しく評価されなければなりません。その観点から、
点から、様々な政策的手法全体の中での位置づけ、課税の
し、国債価格が暴落する「X-day※」を防止するための処方箋
からも増加が見込まれる年金、医療及び介護の社会保障給付 配偶者控除は維持し、児童手当との関係を整理した上で年少
効果、国民経済や産業の国際競争力に与える影響、既存の
を用意します。
と少子化対策の費用に全額を充当することは当然のことです。 扶養控除を復活します。
税制との関係等に考慮しながら、納税者の理解と協力を得つ
資源・エネルギーの制約、急速な少子高齢化の進展、激
つ、総合的に検討します。
180 安心社会実現に向けた税制抜本改革
（低所得者、中小・小規模事業者への配慮） 動する国際経済・金融環境の下、特に、長引くデフレと急激
納税環境の整備を図るため、国民の理解を得ながら、個人
わが党は、消費税の引き上げを含む税制抜本改革について 消費税引き上げが低所得者に与える影響を緩和するため、 な円高の中で、日本経済の成長を促進するため、研究開発税
番号法案に基づき、個人番号制度の早期導入を進めます。行
の考え方を既に前回の総選挙における政権公約、一昨年7月 今後、食料品等に対する複数税率の導入を検討し、関係者 制及び投資促進税制を大幅に拡充します。
政サービスの信頼性、透明性、効率性を高めるとともに、国
の参議院選挙公約、累次の「税制改正についての基本的考え の理解を得た上で実施します。簡素な給付措置については、 資産課税については、今回成立した税法に従い、相続税、
民の利便、特に年金をはじめとする社会保障サービスの向上
方」において、明らかにしてきました。 低所得者に配慮した所得の再分配に関する総合的な施策の 贈与税の見直しについて検討を加え、平成24年度中に必要
や所得課税のさらなる適正化を図ります。プライバシーに配慮
財政状況の危機的な悪化により、近年、財政はその対応力 な法制上の措置を講じます。
したセキュリティ対策は当然のことですが、費用対効果を十分
を著しく欠いており、社会保障、安全保障への対応、国際競 自動車関係諸税については、国及び地方を通じた関連税制
に検討した上で、徹底した国民視点に立って、国民にとって
争力強化、人材育成、地域格差是正など、必要な分野への のあり方を総合的に見直します。安定的な財源の確保、地方
利便性の高い個人番号制度を構築します。
資源配分が進まず、日本の現在と将来に支障をきたしています。 財政への配慮の上に、簡素化、負担の軽減及びグリーン化の
番号制度に関する情報システムについては、新設する政府
一方、急速に進む少子高齢化の中で、持続可能な社会保 観点から、税制のあり方及び暫定税率を含む税率のあり方を
CIO（政府情報化統括責任者）など責任の所在を明確にする
障制度を確立するには、税金や社会保険料を納付する者の 総合的に見直し、自動車取得税及び自動車重量税について廃
と同時に、適切な推進体制を整備し、審査のための第三者
立場に立って、負担を抑制しつつ必要な社会保障が行える制 止を含め、負担軽減の方向で検討し、消費税率の8%への引
機関は天下りのない公平な機関とします。また、スマートフォ
度を構築しなければなりません。 き上げ時までに結論を出します。
ンの利用や生体認証※の技術を取り入れるなど、民間事業者
こうした点を踏まえ、日本の将来、次の世代、現在の国民 地方税制については、地方分権を推進するためにも、税収
にも活用可能な将来性・拡張性に富んだ制度とします。
生活を第一に考え、責任政党としてわが党が主導して、前回 が景気変動による影響を受けにくく安定的で、かつ、税源の
民間人となった日本年金機構の職員が行っている年金保険
総選挙のマニフェストで国民に約束をしていなかった民主党を 偏在性が小さい仕組みとします。具体的には、消費税を含む
料の徴収業務を公務員である国税庁の職員が行う、いわゆる
巻き込みながら、公明党とともに社会保障と税一体改革に関 税制抜本改革の一環として、地方消費税の充実を検討すると
歳入庁構想は反対です。
する三党合意を結びました。 ともに、地方法人2税のあり方を見直します。
その結果、社会保障制度改革国民会議における今後の議 たばこ税については、たばこと健康に関するあらゆる総合的
論を踏まえ、安定した財源を前提とした、受益と負担の均衡 な検討を行うとともに、葉たばこ農家、たばこ小売店等への
影響について検討します。
50 ※税制全体のグリーン化 CO2排出削減に努力する者の負担が軽くなり、しない者の負担が重くなる環境負荷に応じた税の差別化のこと。 51
※X–day いつ起こるか予測できない重大事件が起きる日を指す俗称。（ここでは国債が暴落する日を指す。） ※生体認証 人間の身体的特徴（生体器官）や行動的特徴（癖）の情報を用いて行う個人認証技術。バイオメトリクス認証。
Ⅵ . 消費者、生活安全、 駅のホームドアの設置を義務づけるなど、目に見える対策を推 191 電子記録債権法施行に伴う民法改正
進します。
現行民法上、根抵当権者が債務者との間の取引によらない
法務
で取得した手形上若しくは小切手上の債権については、これ
188 家族の絆を深め、家庭基盤を充実させ、
が根抵当権※の被担保債権となることにつき明文上規定され
日々の暮らしを守るため、自民党は生活 全員参加型社会の実現へ
ていますが（民法398条の2第3項）、電子記録債権につい
者・消費者の視点に立った施策を実行する 社会の基礎単位である家族を大切にするという視点に立ち、 ては規定されていません。こうした現状を改め、法的安定性
家族の絆を深め、家庭基盤の充実を図ります。また、家庭や の付与を通じた電子記録債権に係る業務の普及さらには金融
とともに、治安対策を充実させ、家族の絆
地域社会の機能を引き出し、老若男女が生きがいを持って働 の円滑化を図る観点から、同条同項に、「手形上若しくは小切
を深める取り組みを行います。法令を遵守し
き続けられる社会整備を進めます。特に、家庭資産の形成が 手上の請求権」に加えて「電子記録債権※」（電子記録保証に
た企業統治改革を推進し、公平・公正・透 はかれるような税制の改正、三世代同居・近居の優遇、質の 係る請求権を含む。）を追加します。
高い持家・借家制度等を進めます。
明な市場を形成します。
地域、職場、家庭などあらゆる場面で、年齢や性別、障 192 企業統治改革の推進
害の有無に関わらず活躍できる社会環境づくりを推進します。
社外取締役の要件厳格化、上場会社における複数独立取
181 消費者保護・育成施策の充実 の収集方法の整備、さらに死因究明体制の強化等を一層推 そして、配偶者からの暴力の根絶に向けた取り組みを図るた
締役選任義務の明確化、会計監査人選任における監査役・
消費者庁創設時の理念に立ち返り、真に消費者目線に立っ
進します。 め、DV※被害者に対する相談体制の強化や、婦人相談所等
独立取締役のあり方の見直し、公益通報制度※の実効化、親
た行政機能の強化を図ります。 そして、国際的なテロなどに対処するために必要な資機材を での夜間・土日対応の強化について推進します。
子会社等に関する規律の法制化、監査法人・公認会計士制
司令塔としての消費者庁、監視機能としての消費者委員会、 整備し、情報収集・分析のための体制を強化・拡充します。 また、青少年の健全な成長に資する「青少年健全育成基本
度の見直し、違法行為についての刑罰厳格化と「過去は問わ
センターオブセンターとしての国民生活センターの、それぞれの 法案」の法整備など総合的な施策を推進します。
ない」一定期の自首による免責などを検討し、企業統治改革
184 「 第2次犯罪被害者等基本計画」の
機能を充実させます。
を推進します。
着実な推進と新たな犯罪被害者
食の安全・安心を図るための「食品表示の一元化」や少額
補償制度の確立
多数被害者の救済策として「集団的被害者救済制度」を整備 193 公平・公正・透明な金融市場への適正化
します。 平成23年度から計画期間5カ年の「第2次犯罪被害者等
昨今、AIJ事件や増資インサイダー問題といった金融商品
「消費者教育」を推進することで、だまされない消費者のみ 基本計画」の着実な推進を図りつつ、犯罪被害者が、被害
取引をめぐる事案が多発し、信頼回復は至上命題です。公平・
ならず、社会的な役割を負っている主体的に自立した消費者を を受ける前の平穏な生活を取り戻すことができるよう、新たな
公正・透明な金融市場への適正化を図るべく、インサイダー
育成し、公正で持続可能な社会環境をつくります。 犯罪被害者補償制度の確立を目指します。
規制の強化、金融検査官の任期付き外部登用（金融業経験
者等）の増強や海外当局との捜査共助の強化等、金融検査・
182 適正な規模の小口金融市場の実現と真の 185 矯正教育の充実
監督体制を強化します。
返済困難者の救済
刑務所等での矯正教育の充実を図る観点から、介助犬や
2006年12月の改正貸金業法の成立、2010年6月の同法 盲導犬育成プログラムを導入し、再犯防止を図るとともに、刑
の完全施行という一連の流れの中で、市場の収縮・マクロ経 務所等出所者の社会復帰を支援します。
189 保護司公務災害補償制度の導入
済への悪影響、新種のヤミ金の暗躍、返済困難者の放置といっ
た様々な影響が顕在化しています。そのため、上限金利規制、 186 交通事故死者数を半減 無償で犯罪者の改善・更生を助ける保護司が保護観察対
総量規制といった小口金融市場に対する過剰な規制を見直す 象者から被害を受けた場合、人的被害しか補償されません。
現在、年間5千人弱の交通事故死者数を半減させるよう飲
ことによって利用者の利便性を確保します。同時に、多重債 保護司が安心、安全に業務遂行できるよう人的被害だけでな
酒運転の根絶、高齢者の交通事故対策、高度道路交通シス
務者に対する支援体制を強化するとともに、ヤミ金融業者の く、物的被害及び保護司の家族に対する被害についても対象
テム（ITS）の推進により安全性を高めるための安全運転支
摘発強化、適正業者の育成を図り、健全な借り手と健全な貸 となる保護司公務災害補償制度導入のための保護司法の改
援システムの実現など、総合的な交通安全対策を推進します。
し手による適正な規模の小口金融市場の実現と真の返済困難 正を行います。
者の救済を目指します。
187 自殺対策の強化
190 成年後見制度の改正
183 総合的な治安対策の強化 わが国における自殺死亡者数は、平成10年以降3万人を
遺体の引き取りや葬儀、永代供養、遺品処分等の死後事
超える高い水準で推移しています。自殺者の減少を図るため
平成20年に策定した「世界一安全な国をつくる8つの宣言」 務委任契約は、現行法では本人に判断能力があることが要
産業医・専門医、心理職への紹介や、健康診断で精神患者
により、犯罪に強いまちづくりの推進、振り込め詐欺の撲滅、 件のため、任意後見人のみが締結することができ、法定後見
チェックを盛り込む等、うつ病等の早期発見に向けた社会とし
犯罪被害者の支援、生活の安全・安心を脅かす事案への対処、 人はできません。しかし、独居老人の問題が社会現象化する
ての対策を図ります。うつ病対応力を持つ精神科医師、精神
凶悪犯罪への対処、インターネット利用を含めたサイバー空間 中で、法定後見人が増加傾向にあるため、後見制度のさらな
保健福祉士等の活用を検討します。
の安全確保、組織犯罪対策、銃器・薬物対策、客観的証拠 る拡充のための成年後見制度の改正を行います。
さらに、一人でも多くの命を救うため、まず都市部における
※DV 同居関係にある配偶者、内縁関係や、両親・子・兄弟・親戚などの家族から受ける家庭内暴力。 ※根抵当権 一定の範囲内の不特定の債権を極度額の範囲内において担保するために不動産上に設定
52 された担保物件 ※電子記録債権 電子債権記録機関の記録原簿への電子記録をその発生・譲渡等の要件とする、既存の指名債権・手形債権などとは異なる新たな金銭債権。 53
※公益通報制度 公益のために通報した労働者（公務員を含む）を保護し、事業者のコンプライアンス経営強化を目的とする制度。
Ⅶ . エネルギー が国の卓越した先端的環境エネルギー技術を発揮して産業部 入を促進し、競争的環境の中で消費者が電気料金を選択で
門や運輸部門、民生部門等でのエネルギー需給の効率化と きるようにします。
燃料転換を図ります。天然ガスとともにCO2排出量の少ない なお、現行の総括原価方式※についてはその問題点を明ら
いかなる事態においても国民生活や経済
ガス体エネルギーとして低炭素社会の実現に貢献できるLP かにしながら、料金体系のあり方とあわせて、その見直しも含
活動に支障がないよう、エネルギー需給の ガスについては、その普及・促進を図るため、高効率ガス機 めて検討します。
器やLPG車の導入・普及の後押しと燃料転換を進めます。
安定に万全を期します。
200 節電・省エネの徹底
当面は、再生可能エネルギーの最大限の
198 再生可能エネルギー供給の引き上げ
国民全体で「節電・省エネ」意識を向上させるとともに、「技
導入と省エネの最大限の推進を図り、原発 風力、水力、太陽光、地熱（ヒートポンプ※など）、バイオ 術による省エネルギー」の目標を設定していくこととし、省エ
マス※などの再生可能エネルギーの供給を引き上げます。 ネ商品（特に、まずは白熱灯の全LED化に向けた導入支援
については、福島第一原発事故の反省を踏
このため、①再生可能エネルギーの固定価格買取制度拡充、 策）、石油の高効率利用機器の導入支援制度の創設、スマー
まえ、「安全第一主義」をもって対処し、3年以
②様々なタイプの風力発電や小水力発電の開発・普及、③世 トグリッドの導入、火力発電所の高効率化等の政策を強力に
内に再稼働の結論を出すことを目指します。 界一の太陽光発電技術の蓄積を活かした、公共施設や住宅 推進します。
への太陽光パネルの設置促進及びメガソーラーの設置拡大、
中長期的には、10 年以内に新たなエネル
④電力系統の安定化の促進、⑤電気事業者による再生可能 201 国家プロジェクトによる独自資源の開発協力の
ギーの安定供給構造を確立します。
エネルギーの利用促進等に取り組みます。 推進と産業化に向けた取り組み促進
さらに廃棄物等を有効活用するようなバイオマスエネルギー
石油・天然ガス等のエネルギー資源が乏しいわが国にとっ
の拡大を図り、地熱発電所建設促進のために、自然環境・景
て、国民生活の安定や経済成長のため、その持続的な確保
194 エネルギー政策の“安全第一主義”の徹底 て当面必要なエネルギーを確保します。 観に十分に配慮しつつ国立公園内等に地熱発電所を設置可能
は不可欠であり、国家の安全保障にもつながる重要な課題で
とする等の規制緩和に取り組みます。
東日本大震災による東京電力福島第一原子力発電所の事故 す。そのため、今後、早急に産官学による協力体制を構築し、
196 現在及び将来に責任の持てるエネルギー このような再生可能エネルギー産業は雇用創出力が高く、
は、その甚大な被害によってわが国だけではなく、全世界に 海洋探査・採掘技術の向上など、国内のエネルギー・鉱物資
戦略の確立 わが国の機械組立産業等の裾野の広さを活かした、国際競
放射能の脅威を示すこととなりました。これまで原子力政策を 源の自主開発促進を着実に進めます。
争力が期待できます。エネルギー安全保障の確保の観点を踏
推進してきたわが党は、このような事故を引き起こしたことに 中長期的エネルギー政策として、将来の国民生活に責任の 特に、わが国がものづくり、特に、国際競争力を持ったハ
まえ、再生可能エネルギー産業を、新しい文明社会である低
対してお詫びするとともに、今なお被災されている方々に対し 持てるエネルギー戦略の確立に向け、判断の先送りは避けつ イテク製品を開発する上でレアアース・レアメタルは不可欠であ
炭素社会のリーディング産業に育てます。
て心よりお見舞いを申し上げます。 つ、遅くとも10年以内には将来にわたって持続可能な「電源 り、わが党は、一部の国による独占を防ぐ観点からも、産出
今後のエネルギー政策の根本に「安全第一主義」（テロ対 構成のベストミックス」を確立します。その判断に当たっては、 国との連携等によって、その着実な確保を国家戦略として官
策を含む）を据え、特に原子力政策に関しては、権限、人事、 規制委員会が安全だと判断する新たな技術的対応が可能か否 民一体で強力に進め、世界的な争奪戦を勝ち抜きます。同時
予算面で独立した規制委員会による専門的判断をいかなる事 かを見極めることを基本にします。 に、国内に廃棄された精密機械等に眠っているレアメタル（い
情よりも優先します。 いかなる事態・状況においても社会・経済活動を維持する わゆる都市鉱山※）を効率的かつ低費用で回収できる「レサイ
ための電力が不足することのないよう、多少の時間は要しても クル事業（レアメタルのリサイクル）」を行い、わが国の独自資
195 当面のエネルギー政策 将来の技術動向等を見極めた「責任ある戦略」を立案します。 源として位置づけます。
さらに、小笠原や南鳥島等、わが国周辺にも多くのレアアー
すべてのエネルギーの可能性を徹底的に掘り起こし、社会・
197 エネルギー供給の確保 ス、レアメタルの存在が確認されており、その開発を強力に
経済活動を維持するための電力を確実に確保するとともに、
支援します。
原子力に依存しなくてもよい経済・社会構造の確立を目指します。 わが国で消費されるエネルギーは、ほとんどが輸入に依存
一方、福島第一原発の事故によって火力発電の比率が増し、
そのため、当面の最優先課題として、3年間、再生可能エ しており、わが国経済は、原油価格等、世界のエネルギー動
国民生活や経済活動に原油や天然ガスへの依存が高まる中、
ネルギーの最大限の導入、省エネの最大限の推進を図ります。 向に大きな影響を受けます。先の世界的な原油価格の高騰は
「化石燃料の持続的な確保」はこれまでにも増して重要な国
原子力発電所の再稼働の可否については、順次判断し、す わが国経済に暗い影を落としたことも記憶に新しいところです。
家的課題です。まずは、これまで以上に「産出国との外交展
べての原発について3年以内の結論を目指します。安全性に 資源小国の日本にとって、エネルギーセキュリティ（安全保障）
開（共同資源探査・技術的支援等）」を行います。
ついては、原子力規制委員会の専門的判断に委ねます。 は大きな課題の一つであり、資源外交や代替エネルギーの推
また、わが国周辺の海洋にも天然ガスやメタンハイドレート※
なお、規制委員会により安全でないと判断された原発分に 進等によりエネルギーの確保に努めます。
199 適正な電気料金体系の構築
（シェールオイル）が埋蔵されているとの報告があり、コスト高
ついては、太陽光や風力等の再生可能エネルギーの徹底的導 特に、石油をはじめとした石炭、天然ガス等基幹的な化石
電気料金のあり方については、事業者が発電施設の安全 の問題などを克服し、その開発を加速します。特に、将来の「資
入、省エネルギーの徹底的推進、環境負荷の少ないLNG※ 燃料を安定的に確保するため、わが国の先端技術を通じた支
確保と安定した電力供給を行うための費用を確保する一方、 源大国・日本」を目指し、メタンハイドレートへの開発に期待
火力発電所の立地推進、高効率石炭火力発電所の活用推進、 援等により戦略的な資源外交を展開するとともに、資源価格
国民生活や中小・零細企業等の経営に影響を与えない配慮が が高まっていますが、太平洋側においては「砂層型」、日本海
産出国との交渉方法見直し等による化石燃料の調達コスト低 の乱高下に対応できる体制を早期に整備します。
両立可能となるような適正な料金体系を構築し、国民の誰も 側においては「表層型」と埋蔵形態が異なっているとの学術
減、電力会社間の電力融通、既存石油火力の活用などによっ また、化石燃料の確保に戦略的に取り組むだけでなく、わ
が納得できるものとします。電力卸市場への事業者の新規参 的な意見も出されています。そこで、実用化に向けた定量的な
※ヒートポンプ 少ない投入エネルギーで、空気中などから熱をかき集めて、大きな熱エネルギーとして利用する技術。 ※バイオマス 枯渇性資源ではない、現生生物体構成物質起源の産業資源。
54 ※総括原価方式 公共料金の設定において、サービスの提供に必要な費用と適正利潤をちょうど賄えるように設定する方式。 ※都市鉱山 都市でゴミとして大量に廃棄される家電製品などをレアメタルなどの貴 55
※LNG 液化天然ガスの略で、メタンを主成分とした天然ガスを冷却し液化した無色透明の液体。 重な資源の鉱山に見立てた名称。 ※メタンハイドレート メタンなどの天然ガスが水と結合して水和物となってできた固体の結晶。
分析を行うべく、その調査・研究を加速化し、ポテンシャルを Ⅷ . 環境
徹底追求します。加えて、調査・開発時に用いる機材や部材・
工具等、わが国が持つ高度な技術を活かした裾野の広い分野 美しい地球を次世代の子供たちに残すこと
を産業に結び付けていくことを国家的なプロジェクトとして取り
は、今を生きる私たちの責任です。日本の優
組みます。
れた環境技術を活かして、地球環境保全に
202 原子力立地地域における地域振興に関す 貢献しつつ、新産業として経済成長の原動
る研究体制の整備
力とします。低炭素社会づくり・生物多様性
原子力立地地域の経済が原子力発電所等に雇用の面を含
の保全などにわが国が主導力を発揮し、緑
め経済的に大きく依存している状況に鑑み、今後のわが国の
エネルギー政策における原子力の位置づけが同地域の将来に の地球と豊かな自然を守ります。
大きな影響を与えることは間違いありません。地域の「あり方」
を早期に模索し、あらゆるエネルギー政策にも対応できるよう
203 環境分野における新ターゲティング・ポリ 206 環境ビジネスの推進
地域振興のあり方を検討する必要があります。
シーの展開
優れた環境技術・ビジネスを、地球環境保全に貢献しつつ、
そこで、今後の「あるべき原発立地」や「地域振興のあり方」
蓄電池・燃料電池、次世代自動車、スマートグリッドなど、 わが国の経済成長の原動力とするため、新技術の開発支援と
等を模索するため、産学官の連携の下、研究体制を整備する
開発が先行した場合に莫大な需要が見込まれる技術開発分野 海外も視野に入れた普及、環境ビジネスへの投融資等を通じ
一環として、「原発立地地域振興研究センター」（仮称）を設
をナショナルプロジェクトとして選定します。 た「環境金融」の普及を積極的に推進します。特に温室効果
立します。
また、日本の強みである省エネルギー技術等をより普及させ ガス排出量削減等に役立つ新事業の創出を促進します。
ます。例えば、鉄鋼をはじめとするわが国製造業の卓越した さらに、マーケットにおいて環境性能に高い価値が与えら
エネルギー効率、最高の水準を示す石炭火力発電の熱効率、 れるよう、エコポイントの一層の普及や製品・サービスごとの
ヒートポンプ、電気自動車、蓄電池などの先進技術の普及を 環境情報の「見える化」を進めます。
図るとともに、CCS（二酸化炭素回収・貯留）※やスマートグリッ また、新しい環境ビジネスモデルとして、国民や事業者が自
ド等の新技術を開発して、世界の二酸化炭素削減に貢献します。 らのCO2排出をクレジットの購入により相殺する「カーボン・
オフセット」制度の普及を図ります。
204 エコカー世界最速普及とモーダルシフト
207 低炭素社会づくり推進基本法の成立
環境にやさしいエコカーについて、補助制度により買い換え
を進めます。自動車グリーン税制とあわせ、2020年までに新 すべての主要排出国の参加による衡平で実効的なポスト京
車販売のうち2台に1台の割合で普及を図ります。 都議定書の国際枠組みづくりを主導し、主要経済国の参加
さらに、開発競争をリードし、電気自動車の量販・量産を の下に2050年までの長期目標として温室効果ガス排出量を
開始するなど、地球温暖化対策に貢献するとともに、わが国 2005年比80%削減することは堅持します。
経済の発展につなげることを目指し、電気自動車やハイブリッ しかしながら、民主党政権が約束した1990年比25%削
ドカーなどのエコカーの世界最速普及を進めます。 減はもちろん、2020年までの中期目標としてわが党が掲げた
また、鉄道、船舶等による物資の流通の促進、公共交通 2005年比15%削減も、原発事故を踏まえ見直さざるを得ませ
機関の利用者の利便性の増進、歩道及び自転車道の整備等 ん。このため自民党は、広く開かれた議論を行い、国民が納
により、モーダルシフト※（自動車から温室効果ガス排出量が 得でき、かつ頑張れば実行可能な目標を設定し、現実的で
より少ない交通手段への転換）を促進します。 実効性のある政策を実施します。
その上で、わが国として地球温暖化対策に真摯に取り組み、
205 エコハウス化の加速 環境と経済が互いに刺激し合いながら成長していける社会を
実現します。また、低炭素化を促進する観点から、国民経済
2030年までに新築公共建築物でのエコハウス化を大きく進
及び産業の国際競争力に与える影響等を踏まえつつ、経済社
め、建築物のゼロ・エミッション化を加速するとともに、断熱
会及び国民の生活行動の変化を促し、あらゆる部門の排出削
住宅を新築住宅の80%にするなど住宅等の省エネ化（エコハ
減を進めるため、経済的支援や規制的措置を講じるほか、よ
ウス化）を加速させます。
り包括的な環境税の検討を含め税制全般を横断的に見直し、
税制全体の一層のグリーン化を推進します。
56 ※CCS（二酸化炭素回収・貯留） 気体として大気中に放出された、あるいは放出される直前の二酸化炭素を人為的に集め、地中・水中などに封じ込めること。また、その技術。 57
※モーダルシフト 貨物輸送を、環境負荷の小さい鉄道・海運利用へと転換すること。
208 温室効果ガス削減のための全く新しい国 の他の事業活動に伴って排出する温室効果ガスの情報開示を 地域づくりを進めます。これらにより、都市機能と豊かな自然
際的枠組みを提唱 促進します。 環境が共存する21世紀型の持続可能な都市・生活空間をつ
くります。
気候変動枠組条約についての国際交渉のこう着状態を打開
211 グリーンICT※の利用促進
するため、日本発で新たな温室効果ガス削減の世界的な枠組
216 生物多様性の恵みを実感できる国立公園
みづくりを提唱します。 情報通信システムの利用により、温室効果ガスの排出量削
等の実現
開発途上の国や地域にまで最先端の温室効果ガス削減技 減を促進するとともに、エネルギーの使用、人の往来及び物
術を普及させるため、自然体で導入される技術が導入された 資の流通・生産及び消費の合理化等を促進します。 美しい国・日本を代表する自然を有する国立公園等をより魅
場合のコストと、最先端の技術を導入したコストの差額を、新 力あるものとするため、平成21年5月に成立した改正自然公
たに世界レベルで設置される地球救済基金（仮称）から補て 212 国民運動の推進 園法等を踏まえ、国立公園や離島等における生態系の維持
んします。 回復や海域保全等を推進します。
事業者、国民等の間で、低炭素社会づくりについての関心
基金の財源は、各国間の競争条件に大きな変化を与えない また、自然とのふれあいの場の整備、エコツーリズム※の推
と理解を深めます。さらに、国民一人ひとりの自主的な行動に
共通炭素税や国際連帯税といった、新たなグローバルな負担 進、温泉資源の保護等を通じ、自然環境を守りながらその活
よる低炭素社会の構築に向けた国民運動を盛り上げ、毎年7
システムを構築することで賄います。これにより、途上国等には、 用を図るとともに、レンジャー（自然保護官）の活動や自然を
月7日の「クールアース・デー」などを活用した様々な広報・
最先端技術を導入する強いインセンティブが働くと同時に、技 守るNPO活動を支援します。
イベント等により、ライフスタイル、ビジネススタイルの転換を
術を出す先進国側にも負担がありません。
訴えていきます。
217 地球温暖化等に伴う生物の
209 地球温暖化に対する適応策の推進 生息域の変化への対応
213 低炭素社会を進める人づくりと
地球温暖化に対する適応策を推進するため、生物の多様性 環境教育の推進 地球温暖化等の環境の変化による昆虫等の生息域の変化 気等の公共料金をポイント分減免するなどの「緑化版エコポイ
の保全、国民の生命及び健康の保持、生活環境の保全、農 等に伴い昆虫等の防除の機会が増大することにより、殺虫剤 ント制度」を創設します。
環境教育・環境保全活動の推進の基盤的制度である環境
林漁業の生産力の維持、社会資本の整備、災害による被害 等の使用による人の健康及び環境への影響が拡大するおそれ
教育・環境保全活動推進法をわが党主導で改正したことを踏
の防止、その他の必要な措置を総合的かつ計画的に講じます。 があります。 221 国立公園等の民有地売却において
まえ、環境教育を推進します。
特に、地球温暖化の影響に関する観測及び監視の体制を このため、『昆虫等の防除の適正化に関する法律案（仮称）』 公的機関が優先的に取得できる制度確立
持続可能な開発のための教育（ESD）※の10年の取り組み
強化するとともに、感染症等の予防、農作物の品種改良、洪 を制定し、昆虫等の適正な防除の推進に関し必要な事項を定
等を推進することで、低炭素社会を主役となって支える人づく 尾瀬国立公園※は、その敷地のうち4割強が企業の所有地
水、高潮、渇水、干ばつ、土砂災害等による被害防止等を め、人の健康の保護及び環境の保全を図ります。
りを進めます。また、アジアにおける人づくりにも貢献します。 です。その土地を資産売却の対象とすれば、尾瀬の貴重な自
積極的に推進します。
さらに、環境の保全に関する教育及び学習（環境教育）の 然が脅かされる事態にもなりかねません。
218 希少な動植物の保護と管理
振興、広報活動の充実等を図るとともに、草の根からの取り 同様に、地方自治体が管理する国定公園以下の公園につい
組みを支援します。特に、家庭、学校、職場、地域その他の 絶滅のおそれのある希少種動植物の保護・管理のため、生 てもその敷地を民間が所有しているケースは多く、自然公園法
あらゆる場における環境教育の充実を図るため、教材の開発、 息・生育環境の調査・改善や繁殖の促進を図るとともに、野 の目的の一つである「自然の風景地の保護」のためには、民
人材の育成、環境に配慮した学校施設及び学習環境の整備 生順化訓練を通じ、トキやツシマヤマネコなど希少動物の野 間所有者が敷地の売却をする場合に公的機関が優先的に取
等を促進します。 生復帰を促します。また、外来生物による生態系への被害の 得できる制度が必要です。
防止を図ります。 このため、国立公園・国定公園・都道府県立自然公園内の
214 COP10を踏まえた国際的 民有地売却の際に、公的機関が優先的に取得できる制度を
リーダーシップの発揮 219 愛護動物と共生する社会の実現 確立します。
2010年に愛知県名古屋市で開催されたCOP10（生物多様 改正した『動物愛護管理法』により、「犬猫の大量殺処分」
222 自然環境保全基礎調査の拡充
性条約第10回締約国会議）の結果を踏まえて、国際的なリー をなくすとともに、ドッグラン施設等の整備に力を入れ、愛護
ダーシップを発揮するとともに、生物多様性確保先進国を目指 動物と共生できる社会をつくります。 わが国の「自然環境保全基礎調査」と生態系マップは世界
します。 また、ペットの命を守るとの観点から、マイクロチップによ トップクラスの精度を誇ります。世界に誇る自然生態系・生物
る情報管理制度の導入について検討を進めます。 資源を有するわが国にとって、生態系の調査と適正管理は国
210 温室効果ガス排出量等の情報開示の促進
215 豊かな自然環境を取り戻す仕組みづくり 益に資するものであり、こうした事業の拡充を図ります。
温室効果ガスの排出及び吸収量の状況、低炭素社会づくり
220 民有地の緑化推進と
時代の流れを先取りし、戦後の開発推進の過程で失われ
のために必要な措置の進捗状況等に関する統計の整備充実、 「緑化版エコポイント制度」の創設 223 フロン類対策の推進
た鎮守の森や里山の復活、生物多様性の確保など、人口減
集計及びその結果の迅速な公表、その他の必要な措置を講じ
少の状況を踏まえつつ、豊かな自然環境を取り戻していく壮大 都市公園に加えて民有地等の緑化（民有地等における植栽、 地球温暖化の原因ともなるフロン類の適正かつ確実な回収・
ます。
な仕組みづくりに挑戦します。今後のわが国のまちづくり・イン 芝生化、屋上・壁面緑化等）を推進するため、植栽樹木の種類、 破壊、生産・使用の抑制に資する代替物質の開発並びに使用
また、低炭素社会づくりに配慮した事業活動が経済社会の
フラ整備・地域開発においては、より環境に配慮した取り組 樹齢、樹形等の条件に応じてエコポイントを付与するとともに、 可能な代替物質を用いた製品の普及により、その排出量削減
幅広い主体から評価されるよう、温室効果ガスの排出量、そ
みが求められます。コンパクトで人や環境に優しいまちづくり、 植栽後においても緑被率に応じて毎年ポイントを付与または電 を促進します。
58 ※グリーンICT ICTを従来よりも一層活用することにより、CO2の大幅な削減に貢献すること。 ※エコツーリズム 地域ぐるみで自然環境や歴史文化など、地域固有の魅力を観光客に伝えることにより、その価値や大切さが理解され、保全につながっていくことを目指していく仕組み。 59
※持続可能な開発のための教育（ESD） 持続可能な開発を実現するために発想し、行動できる人材を育成する教育。 ※尾瀬国立公園 群馬、福島、新潟、栃木の４県にまたがる山岳地帯に位置し、面積約37,200ヘクタールにおよぶ国立公園。
224 地域の特性を活かした循環型社会づくり 放射性物質を視野に入れた安全性評価・管理等を推進します。 Ⅸ . 地方の重視・地域の
わが国において先進的な循環型社会の構築を一層進めるた
228 大気・水・土壌等の安全・ 再生
め「、もったいない」の心を活かし、廃棄物の発生抑制（リデュー
安心な環境の保全
ス）・再使用（リユース）・再生利用（リサイクル）の「3R」の
取り組みを広げていくほか、国と市町村等が協力して、廃棄物 水や大気などの環境保全については、新たな課題である
地方・地域の元気なくして国の元気はあり
エネルギー利用やバイオマス利活用を進めるとともに、地域内 微小粒子状物質（PM2.5）※や漸増・広域化の傾向にある光化
ません。自民党は、自らの発想で特色を持っ
外のネットワークによる連携を後押しすることなどを通じ、地 学オキシダント、湖沼及び内湾の底層の貧酸素化※などへの対
域の特性に即した低炭素の循環型社会づくりを加速します。 応が求められており、これらの課題に取り組みます。特に自然 た地方・地域づくりができるよう地方分権を
の恵み豊かな沿岸域（いわゆる「里海」）の創生やそれぞれの
推進します。地域経済を支える中小企業・
225 廃棄物のリサイクル促進 湖沼の特色に応じた豊かな湖沼環境の再生を図ります。また、
地場産業を支援し、地域の経済・雇用・生
「海岸漂着物処理推進法」に基づく取り組みを推進するととも
衣料品、電子機器、書籍、リユースペットボトルなどを回
に、重点的な地区における対策を進め、海洋環境の保全を図 活を守ります。
収・再販業者に持ち込むことでエコポイントの付与を受けるこ
ります。さらに、工場跡地等の土壌汚染について、「改正土壌
とができるようにします。また、中古市場、再生化業の産業
汚染対策法」に基づき対策を着実に進めます。
醸成を奨励します。 1. 地方行財政・地方分権 域自主戦略交付金」（一括交付金）は廃止し、各府省に戻し
た上で大型の地域振興事業を継続できる交付金事業に充てま
229 公害健康被害対策等の着実な実施
230 地方分権の推進策
す。
水俣病問題の解決、アスベスト被害者の救済やアスベスト
地方分権改革の当面の推進策として、①地方分権改革推 また、地方自治体が特色ある政策を実施できるよう、経済
対策に取り組むなど、公害健康被害対策を着実に実施します。
進委員会※の第3次勧告を踏まえ、義務づけ・枠付けの見直 対策や雇用創出事業に活用できる交付金制度の創設を検討し
また、国内における毒ガス弾問題について、環境調査など
しを実施、②地方公共団体の安定的な財政運営に不可欠な ます。
必要な対策を引き続き推進します。
地方税、地方交付税等の一般財源を確保、③直轄事業を基
幹的・広域的な事業に限定するとともに自治体との事前協議・ 234 大都市制度の見直し
情報開示の徹底などを基本として、直轄事業負担金制度を抜
都道府県と政令市などの二重行政による無駄、行政の肥大
本的に見直します。
化による住民サービスの低下への懸念、基礎自治体のあり方
など、大都市行政のあり方について、地方からの問題提起に
231 分権の推進に伴う地方の機能強化
真摯に対応するため、道府県において特別区制度を導入する
国と地方の徹底的な議論が行えるよう、全国知事会など地 など、多様な新しい大都市制度を検討します。
方六団体※の法的位置づけの明確化を図ります。また、地方
分権の推進に伴い役割が拡大する地方議会の諸機能を充実・ 235 小規模町村のあり方の見直し
強化するとともに、政治活動との区別を踏まえたうえで、住民
人口の減少が続く中山間地の小規模基礎自治体において
意思の把握などを含めた地方議会議員の職責・職務の範囲を
は、過疎対策などを充実させ、でき得る限りの支援策を取る
法制化し、明確化することを目指します。
226 生活排水対策の推進と不法投棄の撲滅 とともに、支援のための新たな仕組みについて議論を進めます。
効率的な生活排水対策を進めるため、市町村等や国民の 232 地方税財政の充実
2.中小企業対策・地域活性化
理解を得つつ、合併浄化槽※の普及促進と管理の適正化に向
地方財政の厳しい状況に鑑み、地方一般財源の充実・強
けた体制整備を進めます。
236 中小企業基本法の改正と
化を図るため、税制の抜本改革に取り組む際には、地方消費
また、産業廃棄物の適正処理を確保するとともに、わが国
小規模企業基本法の制定
税の充実、地方交付税の法定率の見直し、地方法人課税に
の美しい国土を守るためにも、ごみ不法投棄撲滅に向けた未
よる地域間税源の偏在是正などを検討します。 現在、中小企業基本法の定める線引きにより、各種施策の
然防止・早期対応の取り組みを推進していきます。
これらにより、臨時財政対策債の増大を抑制し、財政の健 対象外となったり、逆に規模拡大の壁となる等、法制度が産
全化を目指します。 業構造の変化に対応できていません。そのため、中小企業基
227 子どもの健康と環境
本法を改正し、伸びる力のある企業が成長にメリットを感じ、
国民が安心して暮らせる安全で豊かな環境を保全すること 233 地方への交付金拡充 伸びようとするベンチャーを含めた中小・小規模企業や分野に
は、政府としての基本的な務めです。そのため、次世代を担
資金・人材が集まりやすくします。
「日本再生のカギは地方経済にあり」との観点に立って、十
う子どもたちが健やかに育つ環境の実現に向け、環境中の化
また、地域経済の担い手である小規模企業は、資金繰り、
分な資金を確保し、地方の活性化を大胆に推進します。
学物質や放射性物質が子どもの発育に与える影響の解明に取
海外展開、新規開業など様々な面で弱い立場に置かれている
まず、使い勝手が悪く、地方自治体からの評判も悪い｢地
り組みます。また、国際潮流を踏まえつつ、すべての化学物質・
ことから、小規模企業などに特化した支援が着実に実行され
60 ※合併浄化槽 し尿と炊事・洗たく・入浴などによる生活雑排水を、同時に処理する能力を持つ浄化槽。 ※微小粒子状物質（PM2.5） 環境基準に定められた浮遊粒子状物質のうち粒径2.5μm（1μm=0.001mm） ※地方分権改革推進委員会 地方分権改革の推進に関する基本的事項について調査審議するため、平成19年4月に内閣府に設置された委員会。 61
以下の極小さなもの。 ※貧酸素化 海底にたまる有機物や植物プランクトンの死骸の分解に酸素が消費されるために生じる現象。 ※地方六団体 全国知事会・全国市長会・全国町村会と全国都道府県議会議長会・全国市議会議長会・全国町村議会議長会を合わせた6つの団体の総称。
るよう『小規模企業基本法』を制定し、地域社会に活力を取 公正な取引環境を実現します。「下請け代金支払遅延等防止 我々は、こうした人材を育成する観点から、地域にある大 まちづくり（コンパクトシティ）と一体となった“身近で快適な”
り戻します。 法」・「適正取引推進のためのガイドライン」の運用強化、「下 学等の教育研究機関と中小企業との連携強化や中小企業が 商店まちづくりを進めます。
請け駆け込み寺」等の相談体制の強化を行います。 独自に人材の育成・確保を行える「人材育成研究会」（仮称）
237 新地方成長モデルの確立 一方、大型店による地元小売業への影響（不当廉売や優越 を設置し、人材育成の専門家が行政や教育機関と連携が取
的地位の濫用）に鑑み、適正なガイドラインの運用を行います。 れる体制を整備します。
地域がそれぞれの特色を持って経済成長を遂げることが日
本全体の経済底上げにつながります。そのため、都道府県レ
241 中小企業における技術開発及び 244 地方大学等と地域産業とのマッチング強化
ベルでそれぞれ成長戦略を打ち立て、それに基づいて地域で
「売れる商品」開発の支援
新たな産業を創出し、雇用の拡大につながる「地域」「中小 地方大学や地域の工業高校等で学んだ卒業生を地元発の
企業・農業」「事業革新」をキーワードにした新しい地方成長 技術の進歩なくして企業の発展はありません。一方、中小 オリジナル人材として地域でその能力を十二分に発揮できるよ
モデルを確立します。 企業単独での研究開発は、人材や資金面においても経営に大 う、商工会議所・商工会等の組織機能強化に向けた抜本的
そこで、時代のトレンド（グローバル、ICT、長寿、環境等） きな負担をかけてしまいます。そのため、ものづくりを支援す な対策を講じ、「地域のヒトは地域で育てる」体制を早急に整
を取り込むため、都道府県で産学官の協議会を立ち上げ、決 る補助金を復活させるとともに、県などが持っている研究所や 備します。これにより、学生・企業・地域の三者が共にWIN-
定された事業分野については当面5年間は人材招致等を含め 地域にある大学が中小企業と連携、研究・開発ができる体制 WINの関係となれるよう、産学官民が連携して中小企業向け
国が支援を行います。 整備を支援します。 新卒者支援制度の創設等の支援を行い、高度な専門人材と
中小企業が大きく羽ばたくには、「売れる商品」と「商品が 地域産業とのマッチングを強化します。同時に、地元からの
238 企業活動を支援し、地域に「雇用」を創出 売れる」ことが不可欠です。「売れる商品」を開発するには「、ア 投資を促進させることで地方の研究機関と地元企業による技
246 地域コミュニティの再生
イデア」とそれを生み出す「人材」は言うまでもなく「、売れる!」 術革新や研究開発等の支援を強化し、地域独自で培った技
地域の活力と独自性、そして「絆」を生む取り組みを進める
という「目利き」ができる人が必要です。したがって、「売れる 術やノウハウを地域に還元できるサイクルづくりを進めます。 地域の「きずな」を再生するため、町内会や自治会など地
べく、『地域（中小・小規模企業）購入&再投資法』（仮称）
商品」を発掘できる人材と「売りたい側」がマッチングできる 域に根ざした活動を行う団体等を支援します。各集落、小学
の制定を目指します。具体的には、地域の預金を地域に還元
環境を整備します。 245 商店街の活性化 校校区単位のコミュニティ活動や自治会またNPOなどの身近
するとの地域金融機関の基本的使命を踏まえ、地域への還元
な団体活動を支援する『コミュニティ活動基本法』を制定し、
について一定の指標を設定します。 「買い物難民」問題等を背景に、地域住民から商店街に寄
地域内の活性化を図ります。
また、国及び国の出先機関、地方公共団体が公共事業の 242 地域から「日本全国」、「世界」への せられる「地域コミュニティの担い手」としての期待はこれまで
また、地方における人口定住を図るために、地域の様々な
発注や物品及びサービスの調達等を行う際には、地元の中小 販促強化・支援 以上に高まっています。駅前や中心市街地等の賑わいを取り戻
政策課題について、｢集約とネットワーク」の考え方により、
企業の受注機会に最大限の配慮を求めるとともに、価格だけ すことによって、地域経済の再生だけでなく、高齢化社会が
「売れそうなモノ」から消費者が求める「売れるモノ」の発
中心市と周辺市町村の相互連携を強化し、圏域全体を活性
ではなく「品質」に重点を置く契約の適正化を図ります。さ 進展する中で高齢者の方々にとって安心して生活できる地域の
掘・開発にチャレンジする地元企業や生産者等を官民あげて
化します。
らに、近年進出が著しい大規模小売事業者についても、地域 つながりが実感できる商店街の活性化等を目指します。
後押しし、各々の地域で全国的、世界的にも通じる産品作り
さらに、個性豊かで誇りある地域づくりに向けて、民間アド
からの購入と地場産品の後押しを定着させます。 経営指導や商店街で起業・新業態開発への研修等とエン
に安心して専念できるよう応援します。
バイザー派遣等の人材支援を推進するとともに、地域の人材
ジェル税制を活用しての空き店舗の有効利用や公共交通機関
その際、地理的な側面を背景とした域外・海外からのビジ
力の向上を支援します。
239 資金繰りの確保・充実
ネス・チャレンジに柔軟に対応できるよう、規制等の壁を除去
東日本大震災の影響で景気の急速な落ち込みにより非常に していきます。それらに加え、地方から都会、地方から世界へ
厳しい状況にある中小・小規模企業に対して、その不況から と飛躍する販促強化のため、ワールドワイドなBtoC、BtoB※ 247 過疎地域対策の充実
脱出できる環境を整備し、さらに、将来展望につながる資金 マッチングサイトなどのICT技術の活用による実務のサポート わが党の主導により、『過疎地域自立促進特別措置法』が
を確保するため、「緊急保証」、「セーフティーネット貸付」など や金融支援、販路・拠点等の早期整備を行います。 大幅に拡充強化されました。改正法には、過疎地域の方々か
を大幅に充実・強化していきます。 地域資源の発掘から試作品開発、商品化、販売までの一 ら要望が大きかったソフト事業への過疎債の活用を盛り込み、
特に、中小企業金融円滑化法の施行期限が到来する来年 貫した支援体制により経済発展著しいアジアの需要を取り込 医師確保やコミュニティバスの活用など過疎地の実情に即した
度以降も金融支援と経営支援を一体的に実施するなど、セー むような、効率的かつ効果的な流通ルートを確立します。 対策ができるようにしています。
フティーネット機能を強力かつ実効的に果たす施策によって中 わが党は、過疎法を平成32年度末まで5年延長し、今後
小企業の資金繰りを徹底サポートします。 243 中小企業の活性化、地域経済の発展に
とも過疎対策に全力を尽くします。
また、金融機関による「貸し渋り」、「貸しはがし」の実態と つながる人材の育成・確保
あわせて中小企業金融の現状を把握し、求められる資金需要
地域経済の発展には、中小企業の発展は不可欠です。一 248 郵政事業の新たな展開とユニバーサル
に的確に応えていきます。
方、中小企業の発展には、新しい製品や商品を開発し、さら サービスの確保
に、その製品・商品を国内外に売り込んでいく環境を整備し
と連結したアーケードや駐車場・駐輪場の整備、省エネ型街
240 公平・公正な取引環境の実現 改正郵政民営化法に基づき、民営化の成果を国民が実感
なければなりません。特に、これらの研究開発や「セールス」
路灯の設置等、商店街の再生や中心市街地の活性化に向け
できる新たな事業の展開及び郵政三事業のユニバーサルサー
頑張る中小企業が、大企業との取引において、不当な発 を行う人材が重要であり、その育成・確保が企業経営の運命
た意欲的な取り組みに対するソフト・ハード両面での支援を行
ビス※の確保を図ります。
注・値引き、契約を余儀なくされることのないよう、公平・ を担っていると言っても過言でありません。
います。高齢化や安全安心、環境等の社会課題へ配慮した
62 63
※BtoC、BtoB 電子商取引（EC）の形態の一つで、企業と一般消費者の取り引きはBtoC、企業（business）間の取り引きはBtoBという。 ※郵政三事業のユニバーサルサービス 郵政事業について、①どこでも利用可能な地理的公平性、②誰でも利用可能な社会的公平性、③適正かつ均一な料金による公平性を保つこと。
249 IT遷都で地方経済活性化 もに、超電導リニア技術の輸出を支援します。フリーゲージト ます。わが国の優れた土木・建築技術と交通システムや水ビジ に、居住費、通学費に対する財政支援を実現します。さらに、
レイン※（軌間可変電車）についても、その実現を目指します。 ネス等を海外に輸出し、世界に貢献します。 妊産婦支援などの離島医療対策、漂流・漂着ゴミ対策を行う
中央官庁の人事、給与、会計など間接部門の業務システム
を統合・一元化した上で、ICTの利活用による地方移転や業
モーダルシフトの推進やCO2削減の観点から、交通体系 とともに、情報格差の是正に取り組みます。
全般を見直します。 254 公共工事現場における適正な賃金等を確保 奄美、小笠原や一般離島について、補助率のかさ上げや本
務自体の民間委託を進めます。業務システムの効率化と地方
土と離島間の石油輸送コストの支援措置を講じます。
移転によって、中央官庁の人件費を削減する一方、地域ICT 地域の発展と安全を支える良質な建設産業の健全な発展の
251 世界と競争できる航空・空港環境及び 国境離島は、外洋に面しわが国の領域、排他的経済水域
産業の振興を図ります。 ため、公共工事現場において適正な資材・賃金の確保を図り、
港湾機能の整備 等の保全、国防上重要な役割を果たしていることを踏まえ、『特
中央官庁が率先して地方移転に取り組むことで、東京に一 建設労働者、建築職人の生活を守ります。そのためにも、入
定国境離島保全・振興法』の制定により、港湾・空港の十
極集中している民間企業の業務システムが地方に移転されるこ 航空自由化（オープンスカイ）※を戦略的に進めるとともに、 札制度や最低制限価格の見直し・改善を図り、不当なダンピ
分な整備等による安全・治安の確保、定住促進のための産業
とを後押しします。 アジア諸国など世界と競争できる環境を整備するため、航燃 ングによる弊害、不良・不適格業者を排除できるよう公共調
振興などの支援を強化し国境離島地域の保全と活性化を図り
税のさらなる引き下げ、着陸料・航行援助施設利用料の低減、 達の抜本的な改善を図ります。災害対応や冬期の除雪作業な
ます。
250 総合的な交通体系の整備 規制改革等、諸外国とのイコールフッティングを目指します。さ ど、建設業が地域に果たしている公益的役割を正しく評価し、
らに、国民生活に必要な路線ネットワーク網を維持します。 地域建設産業の健全な発展を目指します。
「生活の足」となる地域公共交通の確保と利便性を向上す
257 新たな沖縄振興2法に基づく
地域の経済・産業を支える港湾において、世界標準の大型
るため、的確かつ計画的に推進する枠組みを作るとともに、
“強く自立した沖縄”の実現
船舶に対応した港湾機能の確保、アクセスの向上、港湾運営 255 住宅の資産価値を高め、ライフステージに
交通事業者や地方自治体など関係者の取り組みへの支援など
の効率化、サービス水準の向上、産業の立地環境の整備等 応じた住まい方を推進 『沖縄振興特別措置法』及び『沖縄県における駐留軍用地
財政上、法制上の措置等の施策を実施します。羽田—東京—
や国管理への移行などを図り、国際競争力の強化を目指すと の返還に伴う特別措置に関する法律』の沖縄振興2法の改
成田間を結ぶ環状リニア※等、横田の空域返還※等、空港・ あらゆる産業に経済波及効果のある住宅を重要な国富とし
ともに、わが国産業のライフラインとしての港湾の災害対応力 正法案が、一括交付金の拡充・使途弾力化・一部基金化、
港湾や高速道路等の基幹ネットワーク作りを着実に進め、国 て位置づけ、総合的な住宅税制・融資等支援制度、規制緩
の強化を目指します。 基地地主の土地譲渡所得の5,000万円控除等、わが党の主
際競争力に資する総合的な交通体系を整備します。 和等を通じ、住宅を資産として残せる「ストック社会」を実現
張を十分に反映するかたちで修正・成立しました。
整備新幹線は、既着工区間について早期完成に万全を期す します。負担力の低い若年者を含めたライフステージの各段階
252 観光産業の再建・強化 今後、2法に盛り込まれた、国際物流拠点産業集積策や
るとともに、工事実施計画の認可が行われた新函館—札幌間、 や多様な働き方・暮らし方に応じたゆとりある住環境を獲得で
観光産業・文化等の振興策等を十分に活用して、沖縄がわが
金沢—敦賀間、武雄温泉—長崎間については、工期の短縮 東日本大震災以後、風評被害や訪日外国人の激減等により きるよう、長期優良住宅（200年住宅等）の供給、既存ストッ
国21世紀の成長モデルとなるように“強く自立した沖縄”の実
化を図るとともに、並行在来線に関わる地方負担の軽減を図 大打撃を受けた被災地を中心とする日本全国の観光地やわが クの資産価値を維持増大させる耐震・省エネ・バリアフリー化
現に取り組みます。
ります。また、北陸新幹線については、大阪までの延伸を検 国の観光産業を再建・強化するために官民を挙げて国が主導 などのリフォーム、住宅団地へのエレベーターの設置の推進、
また、当初の“ベスト・イン・ザ・ワールド”との理念に沿っ
討します。 的に全力で取り組みます。官民協働して国内旅行の気運醸成 住み替え・中古流通のための市場環境整備を進めます。エネ
て開学した、沖縄科学技術大学院大学を国際水準の研究・
超電導リニア（超電導磁気浮上式鉄道）については、整 に取り組むとともに、ビジット・ジャパン・キャンペーン※の高 ルギーの効率化やCO2の削減を図るスマートハウスの普及に
教育拠点にします。さらに、那覇国際空港の第二滑走路建設
備計画の決定を受け、東京—名古屋間の着工に向けた環境 度化や査証（ビザ）発給手続きの円滑化・入国審査の迅速化、 努めます。
の重要性に鑑み、早期実現を目指します。
影響評価の手続きを早急に終え、平成26年からの着工を目 双方向の国際観光交流の促進、国際会議等の誘致・開催の 少子・高齢社会に対応し、子育て世帯や高齢者等が安心し
指します。建設にあたっては、「地産地消」の考え方の下、地 推進により「観光立国」を実現します。 て生活できるよう、都市再生を進めつつ、子育て施設やケア
元事業者が主体的に参画できるような環境を整備します。ま また、休暇を取得しやすくするとともに、無電柱化の集中実 施設と住宅の併設・近接を推進するとともに、安心して生活で
た、東京—大阪間の早期全線開通を目指して、あらゆる手段 施や景観に配慮したまちづくりなどによる魅力ある観光地の整備 きる賃貸住宅や2世帯・3世帯住宅の供給を推進します。
を講じ推進します。さらに、リニアを効果的に活用するための と観光産業の育成により、観光を通じた地域活性化を進めます。 国産材の活用を通して、地域の環境整備や経済の活性化
アクセス整備や企業誘致のための優遇制度等を創設するとと 高速ツアーバスに係る事故の再発防止・利用者の信頼回復 を図るとともに、中小工務店の技術力向上の支援や過度な負
に努めます。 担を軽減するため各種制度における書類・手続きの簡素化を
旅館・ホテル等のNHK受信料の大口契約について検討を 徹底します。
進めます。
256 抜本改正した離島振興法に基づく対策の
253 地方の良質な建設産業を守り 充実
「未来への投資」を実施
ソフト事業交付金の創設など、わが党の主張を十分に反映
地域の発展と安全を支える良質な建設産業を守り、将来の させた『改正離島振興法』に基づき、離島振興の取り組みの
ために必要な成長基盤や安全・安心基盤である社会資本の 充実・強化を図ります。
前倒し整備を進め、地域の特色を最大限に活かす国土の均 離島航路が本土における国道と同じ役割を果たしていること
衡ある発展を目指します。また、国土の管理上必要な土地は、 を踏まえ、『離島航路航空路整備法』の制定により離島住民
国有地や公共団体用地として取得できるようにするとともに、 の交通手段（航路・空路）を確保するための国の役割を明確
日本の水源林を守るための法整備を図ります。さらに、公共 にし、人流・物流面での格差是正を実現します。また、高校
分野における民間の力をさらに活用し、地域の活性化を図り のない島から本土や他の島の高校に進学せざるを得ない場合
※環状リニア 羽田—成田間のリニア（超電導磁気浮上式鉄道）。 ※横田の空域返還 横田基地の空域は１都８県にまたがる広大なエリアで、米軍が管理しているこの空域が返還されることで、航空路の過
密化の解消が図られる。 ※フリーゲージトレイン 線路の幅（軌間）に合わせて車輪の間隔を変えて走行できる電車。新幹線（幅1435ミリ）と在来線（幅1067ミリ）を同じ車両で直通運転することが可能となる。
64 65
※航空自由化（オープンスカイ） 航空の原則自由化。航空会社が空港の発着枠、路線、便数などを決められること。 ※ビジット・ジャパン・キャンペーン 国土交通省が中心となって行っている、外国人旅行
者の訪日を促進する活動。
Ⅹ . 農林水産業 た「産地づくり交付金」の復活強化など、畑作、水田転作の 269 畜産・酪農経営安定化対策の充実
両方で政策を総動員し、大豆等の増産に向けた取り組みを強
畜産・酪農の経営安定を図るため、畜種別・地域別・経営
力に推進します。また、需要が高まっている国産そばの生産振
体ごとの特性に対応した、畜産・酪農生産者補給金制度の充実、
農林水産業が果たしている役割は、食料
興に取り組みます。
国産食肉及び乳製品等の消費拡大等に取り組むとともに、経
生産のみならず国土保全や集落機能の維持
営安定資金の充実強化を進め、現場の声に即した畜産・酪
265 野菜の経営安定対策の充実・強化
など極めて多面的です。自民党は、地域社 農対策を確立します。
安全・安心で多様な国産野菜を消費者に届けるための生産・
会の核である農山漁村を守るために、構造
加工・流通・販売・消費のシステムをつくります。そのために、 270 飼料対策
改革を進めながら、農林水産業の高付加価
現行の価格安定制度の見直しを行い、需給と価格の安定を図
世界的な需給ひっ迫で高止まりしている飼料穀物について、
り、多様な野菜農家の経営を支える経営安定制度をつくりま
値化及び農商工連携を図り、競争力ある「攻 積極的な備蓄を行い配合飼料価格安定制度を抜本的に見直
す。さらに、規模拡大した産地や専業的な経営体については、
します。あわせて、飼料自給率の向上のため、飼料国産化の
めの農林水産業」を展開します。
それぞれの作物の特性を踏まえた所得安定対策を講じます。
ためのコントラクター※への助成、廃棄される食品の再利用に
よる「都市農場」の実現を図ります。
258 農林水産業の多面的機能を評価した を実現します。コメ、畜産、野菜・果樹等についての放射性 266 果樹の経営安定対策の充実・強化
「日本型直接支払い」の創設 物質の検査体制及び除染を徹底し、風評被害を防止し、消
高品質な果実の生産に向けた基盤整備や収入補てんを含 271 家畜防疫対策
費者へ安全な食料の提供に万全を期します。放射性物質の食
『多面的機能新法』の制定により、国土保全や集落機能の めた改植対策を強化するとともに、果汁等加工仕向けの制度
品安全基準値の見直しに伴う対策について万全を期します。 わが党が主導して改正した「家畜伝染病予防法」に基づき、
維持など農林水産業や農山漁村のコミュニティが果たしている を充実し、需給と価格の安定対策を強化します。また、加入
口蹄疫、鳥インフルエンザ、BSE、豚コレラなどの対策に全
多面的機能を正当に評価し、水田のみならず、畑地も含め、 率の低い共済制度を加入しやすく充実したものにし、多様な
261 「平成の農地改革」で攻めの農業を実現 力を尽くします。
農地を農地として維持することに対価を支払う日本型直接支 果樹農家の経営を支える経営安定対策をつくります。
払いの仕組みを法制化します。さらに、農業における中山間 利用重視へと抜本改正した農地法による「平成の農地改革」
地域直接支払いや農地・水管理支払い、林業における森林 を強力に実行し、担い手への農地集積を加速化させるため、 267 てん菜・サトウキビ等甘味資源対策の充実・
整備地域活動支援、水産業における離島漁業再生支援など 耕作放棄地の解消に努め、農地をフル活用するとともに、水 強化
の仕組みを抜本的に充実・強化します。 田汎用化※など土地改良事業費の復活等により生産効率を高
てん菜による輪作体系の推進や離島における基幹作物であ
め競争力ある“攻めの農業”を実現します。
るサトウキビの増産対策、でんぷん原料用かんしょ・ばれいしょ
259 『 担い手総合支援新法』の制定で
について、経営と所得を確保する甘味資源制度の充実・強化
夢と希望と誇りを持てる農業を実現 262 国産農林水産物の消費と輸出を倍増
を図ります。
農家が望んでいるのは「戸別所得補償」という名の一過性 食料安全保障や食の安全・安心、循環型社会実現のため、
のバラマキではなく、「再生産可能な適正価格」と「安定した 「売り手によし、買い手によし、世間によし」の地産地消、農 268 お茶・花き対策の充実・強化
所得」の両方です。米価を引き下げる戸別所得補償を全面的 林水産業の高付加価値化や農商工連携を強力に推進し、国
わが党が主導して成立させた『お茶の振興法』により、生
に見直し、全国一律ではなく、名称も変え、地域の自主的な 産の消費を拡大し、輸出を倍増させます。そのための予算を
産基盤の整備、需要に応じた生産の振興、加工流通販売体
努力を踏まえ、コメに加えて麦・大豆、畜産、野菜・果樹な 戦略的に拡充するとともに、コメ、肉、果実、水産物等を海
制の整備、消費の拡大、輸出の促進に取り組みます。また、
ど複合的に取り組む農家や法人、集落営農など地域の実情に 外へ積極的に売り込むため、全国的な品目別の輸出振興組織
放射性セシウムの除染、風評被害の一掃に万全を期します。
応じた多様な担い手の経営全体を支えます。このため、新規 を設立します。
需要の増加が見込まれる花きの新品種開発や生産・流通・消
就農支援、経営移譲の円滑化や流した汗が所得増大につな
費の振興を図ります。
がる新たな「経営所得安定制度」を中心とする「担い手総合 263 都市農業の保全と振興
支援」を構築します。
子どもからお年寄りまで、都市に住む人々に新鮮な食料と災 272 再生可能エネルギーの大々的な展開
害時の避難場所となる安全で快適な生活環境を提供している
原発依存を見直し、中山間地域における小水力発電や間伐
260 東日本大震災及び福島第一原発事故の
都市農業の継続と農地保全が図られるよう、今後の都市計画
材等を活用したバイオマス発電など再生可能エネルギーの取
農林業補償救済等に全力
制度見直しの中で法律、税制などの整備と振興施策を充実し
り組みのための固定価格買取制度も活用した発電施設整備等
東日本大震災及び福島第一原発事故の農林業補償救済等 ます。
を推進します。
に全力を挙げます。国の責任を前提として、除塩、ヘドロの除
去、農地の再生、施設園芸、合板工場等の復活に補正予算 264 大豆・麦対策の充実・強化 273 食の安全・安心、食育の推進、
を含め万全の体制を組みます。原発事故の東電による賠償に
みそ・しょうゆ・とうふの材料となる大豆、めん用小麦など 都市と農山漁村の共生・対流
ついては仮払い法に基づき速やかに国による仮払いを進めます。
は日本人の食生活に欠かせない食料でありながら、その大半
生産履歴の確認が可能なトレーサビリティの対象を拡大する
また、基金を設置して県・市町村の独自の支援上乗せ対策
を輸入に頼っています。使い勝手がよく地域の自主性を活かし
とともに、食品表示の義務づけの拡大と厳格化を進めます。
66 67
※水田汎用化 通常の肥培管理で麦・大豆等の畑作物を栽培できるよう、水田に排水路や暗きょを整備して水はけをよくすること。 ※コントラクター 飼料生産受託組織。
食に対する感謝の念を育み、自ら食を選択できる能力を身につ 的機能を評価した山村・環境・水資源保全のための直接支払 法伐採対策の取り組みを強力に推進します。また、国内林業 また、漁業経営の一層の健全化に向けて取り組む漁業者が、
けるための食育を国民運動として展開します。また、都市と農 い制度を創設します。 を圧迫する高水準の円高を是正し、木材・木製品関税率を現 必要とする資金を迅速かつ円滑に融通できるよう融資制度を
山漁村の住民が共に行き交う共生・対流を強力に推進します。 行堅持します。 改正するとともに、保証制度についても無担保・無保証人でも
279 木材価格安定対策の強化 活用できる制度を拡充し、漁業者のセーフティーネットを構築
274 鳥獣被害対策の強化 284 放射性物質に汚染された森林における林 します。
木材価格を安定させるための新たな制度や木材需要拡大の
業対策
全国で拡大している鳥獣被害に対し、わが党が主導して成立 ための新たな制度を総合的に検討します。また、条件不利地
287 漁師になろう!
させた『改正鳥獣被害防止特別措置法』により、鳥獣の種類 域での切捨間伐や路網整備の先行実施など雇用にも配慮し 放射性物質に汚染された森林の今後の経営・施業にしっか
漁業・水産業への新規就業者を支援
や地域の特性に応じて自治体が行う有効な駆除対策を強力に た供給調整を行います。 りとした支援・補償を進めます。
支援します。また、有害鳥獣に関する知識や捕獲方法などの 地方の基幹産業である漁業・水産業に新しい力を注入し、
普及に努め、猟友会を中心とする実施隊の設置を促進します。 280 国産木材の利用促進と木の文化の普及 285 東日本大震災及び福島第一原発事故 漁村を活性化します。このため、新規就業希望者への細やか
からの水産業再生の加速に全力 な情報発信を行える体制の構築を支援します。また、現場研
国産木材の自給率を大幅に向上させるため、『木材利用促
275 森林整備体制の抜本改正 修及び講習を行う漁業協同組合などや水産関係団体・企業な
進法』により公共建築物や公共土木分野において国産材の利 東日本大震災及び福島第一原発事故からの水産業再生の
ど受け入れ機関の体制強化に向け国による支援の拡充・強化
切捨間伐を一部しか認めない現行の森林経営計画による全 用を積極的に促進するとともに、木造建築基準の見直しを図 加速に向け、全力で取り組みます。漁船・漁港・養殖施設な
を図ります。具体的には、研修期間を実質2年間とし、希望
国画一的な森林管理方式を抜本的に見直し、造林・間伐や ります。また、震災復興住宅や災害公営住宅への国産材の積 ど漁業生産基盤はもとより、水産加工施設や冷蔵施設・製氷
者へはさらに1年間延ばし、その間、家族も安心して暮らせる
路網整備における森林所有者の負担を軽減します。緑の雇用 極的な利用を進めます。さらに現行の省エネ住宅エコポイント 施設等、関連産業施設の復旧・復興を、国がしっかりと支援
よう、住居・生活費に見合う給付を行います。
や森林組合の充実強化、外国資本等などによる森林買収を防 に加え、国産材利用エコポイントを創設します。 するための予算措置を講ずるとともに、地域の実態に応じた
止するための森林所有者の明確化を図ります。特に、木材需 わが国が誇る木の文化価値の幅広い発信や木育の推進、瓦 対策を講じられるよう基金を設置します。あわせて原発事故に
288 燃油等高騰対策の推進
要拡大のためにも森林整備加速化・林業再生基金を拡充しま やイ草などの国産材料を使った安らぎのある和風住宅の普及 よる出漁自粛などの直接被害や風評被害に対する賠償を速や
す。また、森林経営計画の申請事務手続きの簡素化を図ると 推進を図ります。 かに実施するとともに、二重ローン対策など水産業の経営再 価格変動する燃油、養殖餌料の価格高騰に脅かされること
ともに、路網整備は地域の実態に応じて対応するよう推し進 建を全力で支援します。 のない安定した漁業経営の確立をはかるため国による助成を
めます。 また、太平洋や海底土の放射線モニタリングを徹底します。 拡充し、異常高騰時にも速やかに漁業経営コストの上昇を抑
制できるよう、「漁業経営セーフティーネット制度」を柔軟に発
276 山村振興対策の抜本的強化 動できる仕組みに抜本的に見直します。また、漁業経営の安
定のための漁業用A重油・軽油の免税・還付措置は今後も
山村地帯は、人口減少と高齢化の進展に歯止めがかからず、
継続します。
耕作放棄地の増大、森林の荒廃、鳥獣被害の増加、集落と
しての機能低下に加えて、住む人々の医療、買い物などの生
289 漁船漁業の再編と規制の緩和
活環境も危機に瀕しています。そうした状況を十分踏まえ、山
村振興法を抜本的に改正し、「山村地域をとことん守る」方策 漁船漁業の生産構造を資源管理と経営が整合するよう再編
を強力に進めます。 を行い、老朽化した漁船には省力・省エネなどエコにも配慮
また、水源のかん養等森林の多面的機能の維持増進の観 した代船建造ができる新たな支援策を講じます。また、漁船
点から、森林経営意欲を失った森林所有者の森林を公的に の規格や従事者の資格などの規制については、安全な航行、
管理するための施策を進めます。 操業が可能となっている現状を踏まえた見直しを行い、現在
の技術水準に見合った規制緩和を積極的に進めます。
277 森林吸収源対策のための安定財源確保
281 木質バイオマスの利用促進
290 水産物の消費拡大と地産地消の推進
国土保全や地球温暖化防止に大きく貢献する森林・林業を
山村地域の雇用拡大、エネルギーの安定供給をはじめ、山
国家戦略として位置づけ、CO2吸収源対策として造林・間伐 学校給食などへの水産物の供給をはじめとした地産地消の
村地域の活性化を図るために、木質バイオマス利活用施設を
などの森林整備を推進するとともに、これに必要な国及び地 取り組みを一層充実強化するとともに、教育現場での体験漁
286 漁業者の所得を確保
整備し、木質バイオマスの利用を推進します。
方の財源を確保します。また、森林環境税の創設、地球温 業の導入など、子どもの頃から魚に親しむ食生活へ向けた取り
暖化対策税の森林吸収源対策への活用のため、全力で取り 漁業者の経営・所得安定をはかるため「漁業共済制度」、「積 組みを進めます。水産物供給の橋渡し役となるコーディネーター
組みます。 282 災害に強い森づくり 立ぷらす制度」をさらに拡充するとともに、意欲ある漁業者 制度の確立を目指します。あわせて、未利用魚の活用や水産
地滑り、山崩れなどの自然災害から国民の生命と暮らしを は誰でも加入できるよう加入要件を抜本的に見直します。あわ 物消費拡大に取り組む水産加工業者に対しても原料確保、加
278 森林・山村維持の直接支払い制度の創設 守るため、災害に強い森林づくりを目指します。 せて持続的発展のできる質の高い漁業となるよう日本版水産 工技術開発、販路の拡大・促進など意欲的な経営ができるよ
エコラベルの普及と水産物のブランド化を支援し、誇りと意欲 う支援します。
「森は国民全体で守る」ことを基本に、山村地域の活性化
をもって漁業経営を継続できる浜値となるよう、漁業者が魚
283 違法伐採対策の強力な取り組み
を図り、厳しい環境下におかれている森林の経営と維持を将
の値決めに関与できる仕組みを工夫します。
来にわたり持続可能なものとするために、森林・林業の多面 グリーン購入法による合法木材の使用を徹底するなど、違
68 69
291 水 産物流通の重要な拠点である WTO交渉やEPA・FTA交渉など貿易交渉においては、 Ⅺ . 政治・行政・党改革
卸売市場等の機能強化 国益を第一に先達が築き上げてきた実績と誇りを守る国際
ルールづくりに尽力し、地域において重要な基幹産業である
生産者と消費者を結ぶ重要な拠点である卸売市場の機能
自民党は、定数削減など国民の求める政
水産業の国際競争力強化に努めます。
強化を図り、消費者との直接対面による最前線での販売を営
治改革に前向きに取り組みます。
む水産物小売商等に今後も安定した経営環境の下で水産物
295 漁業者に責任のない経営難には国が責任
消費拡大に取り組んでいただくよう、一貫流通経路（サプライ 限られた人的・物的資源を有効に活用し、
チェーン） 構築にあたっては、物流、情報流に関わる施設整備、 国際条約等による規制に応じた資源管理のための漁獲制限
行政機能や政策効果を最大限向上させる真
高度衛生管理基盤の整備、安定経営対策などへの支援を強 等には、知事許可漁業等を問わず、可能な限り漁業経営への
に国民のためになる行政改革を進めます。
化します。 影響が最小となるような配慮を行い、漁業所得が減少する漁業
者へは経営安定支援を「国際減船」への支援並みに行います。
政官の役割分担を明確にし、相互の信頼
292 衛生管理の行き届いた水産業の構築で 食料自給率の向上と消費者へ良質な水産物を安定供給する
関係に基づく真の政治主導を実現します。
水産物輸出の促進 ことを求められている漁業・水産業の重要性を踏まえ、漁業
者の責任でない国際的な景気変動などに伴う漁業・水産業を 305 「真の行政改革」の推進
生産から加工・流通に至るまでEUなど輸入に高い安全性を
めぐる経営環境の悪化による過去の債務処理と健全な経営が 299 国会議員定数の削減
求めている国等への輸出にも応えるため、HACCPシステム※ これからの時代にふさわしい行政のあり方を希求し、その
行える財務体質へ改善する施策について、引き続き検討を進
の導入・普及や当該システムに応じた加工・流通施設整備を 衆議院議員の定数削減については、三党合意に基づき、選 実現に努めます。バラマキ政策の尻拭いのための財源の捻出
めます。
積極的に支援するとともに、輸出に伴う検査・手続きを簡素 挙制度の抜本的な見直しについて検討を行い、次期通常国会 や増税の言い訳の道具にしか過ぎない見せかけの「行政改革」
化し、地域と水産業の振興、魚価の安定にも資する水産物輸 終了までに結論を得た上で必要な法改正を行います。 は、むしろ行政をイビツにします。限られた人的・物的資源を
296 漁港などの強靭化、
出を促進します。 最も効率的、機動的に活用し、行政機能や政策効果を向上
安全で豊かな漁村づくりの促進
300 ネット選挙の解禁 させるという本来の目的に沿った行政改革を断行します。
293 広域的資源管理による安定した水産物の 漁港の衛生管理対策、エコ化を推進するとともに、地震、 また、政官の役割分担を明確にし、相互の信頼の上に立っ
Facebook、Twitter、ブログなどの普及に鑑み、有権者へ
供給体制の整備 津波、台風などの自然災害に強く、安全・安心に配慮した漁 た本当の意味での政治主導を目指します。行政が民間の感覚
の候補者情報の提供、国民の政治への参加意識向上等を図
港の整備や施設の老朽化対策を積極的に進めます。 や常識から遊離しないようにしっかり監督すると同時に、行政
漁場整備と栽培漁業を食料安定供給のための社会的インフ るため、インターネット等を利用した選挙運動を解禁します。
小規模漁港の切り捨ては許しません。 の能力を最大限に発揮させることも政治の責任です。
ラ事業として位置づけ、国直轄のフロンティア漁場整備事業と
あわせて整備の遅れている生活排水の処理など生活環境の
種苗放流事業などを地域の実情に応じて積極的に進め、広 301 二院制のあり方の検討
整った豊かで安全な漁村づくりを進めます。 306 中央省庁改革
域的に資源管理計画を着実に推進し低位水準の水産資源を
憲法改正を前提に、わが国の二院制のあり方について検討
回復させ、安心して漁業経営ができるよう支援します。 平成13年の省庁再編の主な目標は、官邸機能の強化と縦
を行います。
297 水産の有する多面的機能を増進する
加えて、きれいな海から水産資源も豊富な豊かな海への「里 割り行政の弊害除去でした。10年余りを経過した現在、この
「漁村地域直接支払制度」の創設
海」づくりも推進します。 目標が達成できているのかを検証します。さらに、この間の
302 国会における秘密会の設置
また、新しい技術の導入を含め、環境に配慮しつつ収益性 わが国の領土や国境の「防人（さきもり）」としての重要な役 行政需要の変化や今後の動向を踏まえながら、国家統治の
国会において、外交・安全保障など機密保持が必要な案
も重視した多様な養殖漁業経営の展開を支援し、わが国固有 割や水産物の安定供給ならびに環境生態系の保全など、漁業 観点から国と地方が果たすべき役割の見直し、効率的で機動
件の審議においては、国会議員に罰則付きの機密保持を義
の急峻な地形と豊かな河川・湖沼での漁場環境の改善や稚 や漁村のもつ多面的機能を増進するため、「離島漁業再生支 性、柔軟性ある行政機構を目指し、行政機能の地方移転を
務づけて議論を行えるよう制度を整えます。
魚放流を行うなど、内水面漁業振興対策を進めます。 援交付金」による支援が行われている離島なみの条件不利地 含む省庁再々編といった“これからの「この国のかたち」”をつ
域にある漁村へは、「漁村地域直接支払制度」を創設し、漁 くる中央省庁改革を政治主導で実行します。こうした行政を効
303 国会事務局の効率化・スリム化の実現
294 国 民の安全と国益を守る毅然とした 業集落の活性化を図ります。 率化・最適化するための改革の計画立案、実行、さらに改革
水産外交の実行 国会事務局の改革として、部局の再編などの組織改革や国 進行の監視と定期的な機構や制度の点検をするため、現在、
298 有害生物の駆除と被害対策の確立 会の施設・資産の売却を含む見直しを行い、無駄を徹底的に 政府内で多くの組織に分かれている行政改革機能を集約した
公海などでの過激な環境保護団体等の人命にも関わる不当
なくし、効率化・スリム化を実現します。 「行政改革推進会議」を重要政策会議として内閣府に設置し
な妨害活動、不当な圧力による漁獲制限に対して、独立国家 大型クラゲ、トド、アザラシ、ザラボヤ、グミ、カワウ※など、
ます。改革計画は、会議発足から1年以内に総合的、戦略
として断固とした対応を行います。カツオ・マグロ・鯨など回 想像を超える漁業被害を及ぼす有害生物や赤潮被害などにつ
304 政治資金の透明性の確保 的なものとして立案し、3年以内に立法措置を行います。
遊性水産資源の持続的利用を効果的に図れるよう、わが国が いて、各種研究機関、わが国周辺の関係国とも密接な連携を
リーダーシップをとって科学的調査に基づいた国際的な資源管 行い、有害生物の発生メカニズムの早期解明を行います。早 政治資金のより一層の透明性を確保します。労働組合等の
307 ムダ撲滅の推進
理や捕鯨問題にも取り組むなど、国民の安全と国益を守る毅 期の有害生物の撲滅など根本的な漁業被害発生の防止と軽 政治活動の収支の透明化を図ります。また、幅広く国民の支
然とした外交交渉を行うとともに、ODAなど国際協力を通じ 減対策、有害生物発生や駆除作業に係る情報の関係漁業者 援を求めるため、税制上の優遇措置を拡充するなど、個人献 政治や行政に対する国民の信頼を取り戻すため、政府の不要
た海外漁場開発も進めます。 への速やかな提供を行うなどの体制を整備します。 金等の促進を図ります。 不急の無駄遣いを一掃すべく、あらゆる角度から制度や事業の
特に調査捕鯨については国家事業として実施する体制を整 意義や効果を不断に総点検し、歳出改革をゆるぎなく進めます。
※TPPについては、P.39 109を参照
えます。
70 ※HACCPシステム 食品の原料の受け入れから製造・出荷までのすべての工程において、危害の発生を防止するための重要ポイントを継続的に監視・記録する衛生管理手法。 71
※ザラボヤ、グミ、カワウ それぞれ、食用の「マボヤ」の仲間、ナマコの仲間、ウ科に分類される鳥類の一種。
308 公務員制度改革 是正等の促進を図り、予算執行職員の責任のあり方を明確に から年金支給開始までの収入の空白期間を回避するため、再 317 政党基本法の制定
します。同時に裏金づくりを防止するための罰則を整備し、公 任用制度の原則化を進めます。そのうえで、現行の再就職規
国家公務員制度については、「国家公務員改革基本法」を 政党の定義、機能、綱領、資金等についての原則を定める
務員による不正な資金の保管を防止する『国家公務員等によ 制について、渡り・裏下りも含め厳格に運用し、再就職に関
踏まえて、国民の要請に応え得るという視点、優秀な人材が 政党基本法を制定し、透明性の高い政党運営を国民に約束
る不正資金保管を防止するための虚偽行為処罰法案』の成立 する国民の疑念を払拭します。
国民のために働くことに意義を感じられるという視点から、能 します。
を目指します。また、会計検査院が独立性を持ち、しっかりと さらに、「各府省による再就職あっせん禁止」と「元公務員
力・実績主義に基づいた評価による信賞必罰の処遇と人事を
チェックできるよう推進していきます。 による働きかけ禁止」の違反については、再就職先の団体や
厳格に実行し、真に頑張る者が報われる制度を確立します。 318 公募制度の充実、特別職員制度の
企業等も対象とする両罰規定※を新たに導入します。また、違
そのため、幹部職への抜擢など、能力・実績主義に基づいた 導入による最良の候補者の選定
311 独立行政法人改革 反者については、氏名、所属先、違反内容等を公表します。
評価を厳格に人事に反映させ、昇任・昇給、降任・降給を厳
候補者選定にあたり、常に最良の候補者が選定できる仕組
正に実施し、連続3年間「不良」の評価の場合には、分限 独立行政法人制度は、行政内の企画立案部門と執行部門
みを整えます。公募制を原則とするとともに、予備選（予備選
314 地方行革の推進
免職処分とするほか、人事評価の公平、公正性の担保のため を分離し、行政の中枢に企画立案部門を集中させることでそ
規定の検証・検討）の積極活用により、候補者選定に党員及
に評価者の責任・役割を明確化し、評価者訓練の実施など の能力を向上させ、執行部門を独立行政法人化することで業 地方公務員の地域における民間賃金と同水準となるような
び有権者の公平公正な意思を反映させます。
を進め、不公正評価の際の処分について明確にします。 務の効率性と質の向上を図るという目的で設計されたものであ 給与の適正化、市場化テストの積極的な活用による公共サー
また、幅広く将来性のある人材を求め、人材を公募するだ
また、年金の支給開始年齢の引き上げに伴い定年退職者が り、その本来の趣旨に則り、さらなる制度改革を行ったうえで ビス改革の推進及びそれに伴う組織改廃時の分限免職等によ
けでなく、候補者になり得る人材を育てる「特別職員制度」
無収入となることがないよう再任用制度の拡充を当面の対応 維持します。 る定員削減など、地方行革を推進し、総人件費を削減します。
を導入します。国及び地域の将来を担う人材を発掘・育成す
措置とし、将来的には65歳まで定年を延長します。 基本的には、国が独立行政法人に対して求める使命を明確 一方で、成長分野の産業への転職のための職業訓練・再
る中央政治大学院と地方政治学校が連携し、各級選挙候補
退職手当を含む給与体系については、全体を抜本的に見直 かつ具体的に示し、厳しい財政事情を踏まえた支出の最小限 就職支援を強化します。
者の発掘・育成を行います。
します。特に、幹部公務員の給与を本俸と役職手当に区分す 化の中で、法人の工夫と努力による業務の選択と集中、内部
選挙に立候補する場合の休暇、議員活動中の休職及び議
ることで、役職定年後の異動や降任・降給をスムースにさせま 組織や給与水準の見直しなどを進めるとともに、その効率化 315 地方公務員の政治的行為の規制
員任期終了後の復職を可能にする労働法制等を整備し、国民
す。 努力によってもたらされた資金を法人本来の使命のために活用
地方分権の推進にあたっては、行政の担い手である地方公 の積極的な政治参加を容易にします。
採用制度については、中途採用や官民交流の促進を含め、 することなどを確保します。
務員が住民全体の奉仕者であることを自覚し、政治的中立性
少子世代の中での人材確保難を踏まえた抜本的見直しを検討 独立行政法人は行政の執行部門といっても、多種多様な業
を保持していくことが不可欠です。そのため、地方公務員にも、 319 国民本位の政治を実現
します。 務が存在するため、業務の性格や性質に合わせた制度にする
国家公務員と同様に罰則を設け、一定の政治活動を規制する
前回の総選挙後、「ふるさと対話」や「青年・女性局全国
幹部候補を育成するシステム等の検討を進め、幹部人事制 必要があり、特に研究開発関係は、総合科学技術会議を活
地方公務員法の改正を行います。
キャラバン」、「ネットサポーターズクラブ」など国民の皆様と意
度を創設し、幹部人事を一元的に行う「内閣人事局」を設置 用して省庁の縦割りにとらわれない整理・統合を目指します。
見交換する機会を大幅に増やし、党運営や政策づくりに反映
します。地方公務員についても、再就職規制の強化、能力・ 評価については、評価項目の必要性を精査して「評価疲れ」
316 人事院勧告制度の尊重
してきました。
実績主義による人事評価の導入など、国家公務員の制度改革 を防止するとともに、業務の達成度合いと効率化度合いに分
人事院勧告は、国家公務員において憲法上の人権である労 また、中央政治大学院や地方政治学校の開催を通じ、幅
と同様の改革を実施します。とくに、給与については民間準 離します。さらに、それぞれの業務は、政策との関連が強い
働基本権が制約されていることの代償措置として、国家公務 広い分野の人々との交流にも努めています。
拠を徹底します。 ことから、総務省の「評価・監視」の対象とします。
員に対し、適正な給与を確保するという重要な機能を有するも さらに、全国でオピニオン・リーダーとして活躍する1万人
また、行政の企画立案機能を一層向上させるため、いまだ
のであり、政府として人事院勧告を尊重すべきことは当然のこ を超えるわが党系の各級議員との連携をさらに強化し、民意
309 国家公務員の年齢構成の是正 国に残存する執行部門の独立行政法人化をさらに進めます。
とです。 を尊重する国民本位の政治を実行します。
公務員の年齢構成は、「天下り」禁止による定年までの勤
しかし民主党内閣は、公務員の労働組合に団体交渉権、
312 公益法人の新制度への移行
務化や定員の純減、新規採用の抑制が続いたこと等によって、
団体協約の締結権を付与しようとして、人事院勧告を尊重して
高齢化が進み逆三角形化しています。今後、雇用と年金の接 平成20年12月よりスタートした新たな公益法人制度につい
いません。これはまさに民主党内閣の責務遂行の停滞及び労
続等による高齢層の増加が顕著になると、高齢化は益々進み ては、移行期間の5年間でスムースに移行できるよう引き続
働組合至上主義の一例といえます。
ます。したがって、組織の活力を維持・向上させるには、将 ききめ細かな対応を行います。また、公益法人への委託等は
平成23年度は、復興財源の確保として、人事院勧告分0.23%
来の国家像を見据えた計画性を持った施策が必要です。 廃止することとし、その中で必要不可欠な業務についてのみ、
を含む平均7.8%の引き下げを行いましたが、これはわが党の
そのためにポストごとの役職定年制や早期希望退職優遇制 低コスト、高水準を追求しつつ、国または独立行政法人にお
提案により実施したものです。
度等を導入します。 いて行うこととします。
平成24年度の人事院勧告についても、民主党内閣は再び
民主党政権の無定見な新規採用の大幅抑制は、到底容認
先送りを決めたため、わが党は、勧告を実施するための議員
できません。 313 「天下り」の根絶
立法をまとめ決定しました。
「天下り」を排するには、そもそも「天下り」の必要がない わが党は、国家公務員と民間企業の給与の格差解消を図り、
310 会計検査院改革
公務員制度を構築し、国家公務員が、国民全体の奉仕者とし 社会一般の情勢に適応した適正な給与を確保するとともに地
公金の不正使用や無駄遣いを防止し、公務員の責任を明ら て真に公務に気概を持つことができる仕組みが必要です。 方公務員にも関連する人事院勧告を尊重します。
かにします。このため、「会計検査院法等の一部改正法」を そのために、定年まで意欲的に勤務できる環境整備として、
成立させ、会計検査院の事務・権限を拡充し、不当事項の 役職定年制の導入や専門スタッフ職の拡充のほか、60歳定年
72 73
※両罰規定 従業者が業務に関して違法行為をした場合に、その従業者とともに事業主をも罰する旨の規定。
Ⅻ . 憲法・国のかたち 325 民主党の夫婦別姓法案に反対
【第8章 地方自治】
自民党は働く女性を応援
・地方自治の本旨を明らかにするとともに、国及び地方自
治体の協力関係を規定。 民主党の夫婦別姓が導入されれば、必ず子どもは両親のど
・地方選挙権について国籍要件を規定。
ちらかと違う「親子別姓」となります。わが党は、民主党の夫
日本人の手で、「日本の誇り、日本人らしさ」
【第9章 緊急事態】
婦別姓制度導入法案に反対し、日本の家族の絆を守ります。
を示す新しい憲法をつくります。民主党の進 ・外部からの武力攻撃、大規模な自然災害などの法律で
また、女性の社会進出については、旧姓の使用範囲を拡大す
定める緊急事態において、内閣総理大臣が緊急事態を
める「夫婦別姓」・「人権委員会設置法案」・ る法整備などで支援します。
宣言し、これに伴う措置を法律に基づいて行えることを
「外国人地方参政権」に反対し、地域社会
規定。
326 民主党の「人権委員会設置法案」に
【第10章 改正】
と家族の絆、わが国のかたちを守ります。
断固反対。自民党は個別法による
・憲法改正の提案要件を衆参それぞれの過半数に緩和。
きめ細やかな人権救済を推進
【第11章 最高法規】
320 憲法改正国民投票法の施行 改正の章では、憲法改正の発議要件について、これまで、
・国民の憲法尊重義務を規定。 民主党の「人権委員会設置法案」が定める「人権侵害行為」
両院で3分の2以上の賛成を必要とされていたものを、過半
わが党は、結党以来、自主憲法制定を党是としています。 は定義が曖昧で、このままでは人権委員会が新たな人権侵害
数と改め、緩和しています。
占領体制から脱却し、日本を主権国家にふさわしい国にする 行為を誘発し、言論統制社会を招来することになります。
ため、憲法改正に向けて多くの提言を行ってきました。 わが党は、人権侵害に対し「ストーカー規制法」（平成12
この間、わが党は、平成12年に衆参両院に憲法調査会の 年）「児童虐待防止法」（平成12年）「配偶者暴力防止法」（平
322 「憲法改正原案」の国会提出
設置、平成19年には憲法改正国民投票法を成立、あわせて 「日本国憲法改正草案」の主な内容 成13年）、「総合法律支援法」（平成16年）、「裁判外紛争解
衆参両院に憲法審査会を設置するなど、憲法改正のための法 【前文】 「国民投票法」の施行に伴い、「憲法改正原案」を衆参両 決法」（平成16年）、「高齢者虐待防止法」（平成17年）、「障
整備などを実現してきました。 ・主権在民、平和主義、基本的人権の尊重の三つの基 院に提出することが可能となりました。わが党は、「憲法改正 害者虐待防止法」（平成23年）などきめ細やかな個別法を制
平成22年5月18日には国民投票法が施行され、憲法改 本原理を継承しつつ、日本国の歴史や文化、国や郷土 原案」の国会提出と憲法改正を目指し、国民の理解を得つつ、 定し、人権擁護に積極的に取り組んできました。
正への道が大きく開かれました。 を自ら守る気概、和を尊び家族や社会が互いに助け合っ 積極的に取り組んでいきます。 また、人権委員会は強大な権限をもつ独立行政委員会です
て国家が成り立っていることなどを表明。 が、現行の人権擁護制度で99%以上の人権侵害事案が処理
321 憲法改正草案を提唱 【第1章 天皇】 323 道州制の推進 されており、また個別法も充実しているなかで新たに機関を設
・天皇は元首であり、日本国及び日本国民統合の象徴。 置することは行政改革の流れに逆行します。わが党は、民主
道州制は、まさに国のあり方を根底から見直し、統治構造
わが党は、サンフランシスコ平和条約発効（昭和27年4月
・国旗は日章旗、国歌は君が代とし、元号の規定も新設。
党の「人権委員会設置法案」に断固反対します。
を根本から改める改革です。中央集権体制を改め、地方分権
28日）から60周年となる平成24年4月28日、すなわち主
【第2章 安全保障】
今後も自民党は、差別や虐待の被害者等人権を自ら守るこ
型国家を構築し、地域経済社会の活性化、多極型国土の形
権を回復した日に合わせ、「日本国憲法改正草案」を発表しま
・平和主義を継承するとともに、自衛権を明記し、国防
とが困難な状況にある人々を個別法の充実により積極的かつ
成、中央・地方全体の行財政の効率化、二重・三重行政の
した。 軍の保持を規定。
きめ細やかに救済します。
解消によりムダをなくし、真の行政改革を進めます。
前文で、主権在民、平和主義、基本的人権の尊重の三つ ・領土の保全等の規定を新設。
国は、国家の存立の根幹に関わるもの、国家的危機管理そ
の基本原理を継承しつつ、日本国の歴史や文化、国や郷土を 【第3章 国民の権利及び義務】
327 国のかたちを壊す「外国人地方参政権」
の他国民の生命、身体及び財産の保護に国の関与が必要なも
自ら守る気概、和を尊び家族や社会が互いに助け合って国家 ・家族の尊重、家族は互いに助け合うことを規定。
導入に反対
の、国民経済の基盤整備に関するもの並びに真の全国的な視
を形成していることなどを表明しています。 ・環境保全の責務、在外国民の保護、犯罪被害者等へ
天皇の章では、元首の規定、国旗・国歌の規定、元号の規定、 の配慮を新たに規定。 点に立って行わなければならないものに国家機能を集約し、そ 永住外国人への地方参政権の付与は、国民主権・民主主
天皇の公的行為の規定などを加えています。 【第4章 国会】 の強化を図ります。道州は、従来の国家機能の一部を担い、 義の根幹に関わる重大な問題です。憲法上、地方選挙を含め
安全保障の章では、自衛権を明記し、国防軍の設置を規 ・選挙区は人口を基本とし、行政区画等を総合的に勘案 国際競争力を持つ地域経営の主体として構築するとともに、 て選挙権が保障されているのは「日本国民」であることから、
定し、あわせて、領土の保全等の規定を新設しました。 して定める。 基礎自治体は、住民に身近な地方公共団体として、住民に直 最高裁判所判例でも永住外国人に対して地方選挙の選挙権を
国民の権利及び義務の章では、国の環境保全、在外国民 ・政党に関する規定を新設。 接関わる事務について自ら考え、自ら実践できる地域完結性 付与する法案は憲法違反であるとされています。わが党は外国
の保護、犯罪被害者等への配慮、教育環境の整備の義務な 【第5章 内閣】 を有する主体として構築します。 人地方参政権導入に反対します。
・内閣総理大臣が欠けた場合の権限代行を規定。 このため、道州制基本法を早期に制定し、その後、5年以
どの規定を加えました。
地方自治の章では、地方自治体間の協力などを規定しました。 ・内閣総理大臣の権限として、衆議院の解散決定権（国 内に道州制の導入を目指します。 328 「 建国記念の日」、「主権回復の日」、
緊急事態の章を新設し、有事や大災害の時には、緊急事 会の章に規定）、行政各部の指揮監督権、国防軍の指 「竹島の日」を祝う式典の開催
揮権を規定。 324 日本国旗損壊を禁止する刑法改正
態の宣言を発することができることとし、その場合には、内閣
政府主催で、2月11日の建国記念の日、そして2月22日を
【第6章 司法】
総理大臣が法律に基づいて一定の権限を行使できるようにす 現行刑法に規定されている外国国旗損壊への罰則に加え、 「竹島の日」、4月28日を「主権回復の日」として祝う式典を
・裁判官の報酬を減額できる条項を規定。
るとともに、国等の指示に対する国民の遵守義務を規定しま わが国国旗損壊への罰則を規定し、日本国に対して侮辱を加 開催します。
【第7章 財政】
した。あわせて、国会議員の任期の特例などを定めることが える目的で、国旗を損壊し、除去し、又は汚損した者は、2
・財政の健全性の確保を規定。
できるよう規定しました。 年以下の懲役又は20万円以下の罰金に処するものとします。
74 75
索 引 （数字は項目番号）
あ 教科書検定制度 65 歯科医療 145 整備新幹線 250
赤潮 298 教職員組合 69,70 私学助成 68,81 生物多様性 214,215,216
天下り 180,309,313 漁業共済制度 286 事業承継税制 50 製薬産業 150
い 漁村地域直接支払制度 297 事業転換 50 尖閣諸島 132
いじめ 62,64,66,67 均衡待遇 173 事業主報酬制度 50 全国学力・学習状況調査 60
命の道 20 金融緩和 25,26 資金繰り 6,236,239 専門学校・専修学校・各種学校 79
イノベーション 32,35,90,91,92,150 近隣諸国条項 65 資源外交 94,106,197 そ
違法伐採対策 283 く 事前防災 17,18,177,180 ソーシャルビジネス・コミュニティービジネス 49
医薬品流通 151 クール・ジャパン戦略 39 下請け代金支払遅延等防止法 240 そばの生産振興 264
医療安全 141 ９月入学 63 自転車専用道 18 た
医療制度 138 グローバルトップ特別区 47 児童虐待 135,326 大学ビッグバン 80
う け 自動車取得税及び自動車重量税 180 待機児童 58,134
宇宙基本法 46,94 ケアマネージャー 158 児童養護 136 体験漁業の導入 290
宇宙利用 120 経営安定支援 295 社会保険労務士 166 耐震化 18,19,24,71
え 研究開発税制 91,180 社会保障制度改革国民会議 137,180 代船建造 289
液状化対策 19 健康都市 156 周産期医療 134 大都市 234
エコポイント 206,220,225,280 原子力規制委員会 12,194,195,196 集団移転 1,4 竹島 129,328
エネルギー政策 10,14,96,194,195,196,202 原爆被害者支援 164 集団的自衛権 114 多軸型国土の形成 17
エンジェル税制 48,91,245 原発警備 121 集団的被害者救済制度 181 ち
お 原発事故被害 10 柔道整復師 168 地域医療 138
お茶・花き対策 268 原発立地地域振興 202 自由貿易 52,109 地域公共交通 250
オリンピック 76,85 憲法改正草案 321 重要インフラ 21 地域購入＆再投資法 238
卸売市場の機能強化 291 こ 就労支援 58,78,139,147,172 畜産・酪農対策 269
恩給 176 広域的資源管理 293 出産 134 知財戦略 30
温室効果ガス 204,206,207,208,210,211 公害健康被害対策 229 首都機能等の維持・強化 17 地方行革 314
温暖化 108,180,204,207,209,217,223,277 航空自由化 251 首都直下地震 17 地方交付金 233
か 高校授業料無償化 63 循環型社会 224,262 地方財政 180,232
海外漁場開発 294 公私間格差 63,68 省エネ 32,195,200,203,205,245,255,280,289 地方分権 180,230,231,315,323
外国人地方参政権 327 高速道路 20,250 障害者施策 161 中国 96,102,112,165
介護保険 144,157,158 公募制度 318 小規模企業基本法 236 中国残留邦人支援 165
海上保安庁の強化 121,133 公務員 132,177,178,180,308,309,310,313,314,315,316 上下水道対策 19 中小企業基本法 236
海賊対策 97,98,117 高齢者 59,137,138,143,145,157,170,172,186,245 商店街 245 中小企業金融円滑化法 239
海洋 8,46,94,99,201,228 港湾 17,21,250,251,256 消費税 137,138,180,232 調査捕鯨 294
核軍縮 104 国債 26,179 消防 24,122 鳥獣被害対策 274
学習指導要領 60,65,75 国際経済戦略会議 28 情報インフラ 22 超電導リニア 250
学制 63 国際標準の獲得 29,91 食育 273 つ
核燃料サイクル 14 国際平和協力法 117 食の安全・安心 109,181,262,273 津波・高潮対策 18
果樹対策 259,266 国産木材利用促進 275,280 食品表示 181,273 積立ぷらす制度 286
過疎 138,235,247 国土強靭化 17 女性 57,58,172,325 て
家畜防疫対策 271 国民生活センター 181 除染 9,12,14,260,268 定数削減 299
学校耐震化・防災拠点化 71 国民投票法 320,322 ジョブカード 173 低炭素社会 197,198,207,210,212,213,224
ガレキ処理 5 国連安保理改革 103 飼料対策 270 デフレ・円高 25,26
環境教育 213 子育て 58,134,172,255 新規就業者 287 テロとの闘い 97
観光 10,39,252 国家安全保障会議 115 新規就農支援 259 電気料金 199
看護職 144 国境離島 114 人権委員会設置法案 326 電子記録債権 191
環状リニア 250 コミュニティ 49,61,245,246,258 人事院勧告 316 と
がん対策 139 コンパクトシティー 18,25 新ターゲティングポリシー 33,203 統合医療 155
間伐・路網整備 275,277 さ 心理職 171 投資協定 53
漢方医学 153 在外邦人の避難措置 119 森林・林業の直接支払い 278 道州制 323
甘味資源対策 267 再稼働 195 森林環境税 277 道徳教育 61,67
管理栄養士 170 再生医療 32,37,154 森林吸収源対策 180,277 動物保護 218,219
き 再生可能エネルギー 6,29,31,195,198,272 す 特定国境離島 131,256
危機管理体制 12,118,151 財政健全化（責任法） 177 スーパー堤防 18 独立行政法人 311
企業グループ補助金 6 財政構造改革 177 スポーツ立国 85,86 都市農業 263
企業結合審査 47 在宅介護 159 スマートグリッド 29,42,200,203 土曜授業 60
企業統治改革 192 在日米軍再編 95 スマートシティ 23,42 ドラッグラグ・デバイスラグ 37
規制改革（国際先端テスト） 33,34 サイバーセキュリティ 44,120,126 せ な
帰宅困難者対策 19 里海づくり 228,293 生活衛生 167 内水面漁業 293
北朝鮮 101,102,112 産休・育休 134 生活困窮者対策 162 那覇国際空港・第二滑走路 257
基地周辺対策 123,124 産業競争力会議 33 生活保護 163,177 南海トラフ地震 17
義務教育費国庫負担金 62,69 産業廃棄物 226 政治資金 304 難病等対策 147
給付型奨学金 63,66,83 三世代同居 188 精神保健医療 142,161 に
教育委員会 64,69,70 山村振興対策 276 税制抜本改革 180 二重ローン 6
教育基本法 60,63,65,72,73 し 政党基本法 317 日銀法改正 26
教員免許 70 自衛隊の人員・予算 112 成年後見制度 161,162,190 日米同盟 95
76 77
日米防衛協力ガイドライン 113 め
日教組 69 メタンハイドレート（シェールオイル） 201
日本経済再生・産業競争力強化法 25 も
妊娠 134 モーダルシフト 204,250
認知症対策 143 木材価格安定対策 279
ね 木質バイオマス 281
ネット選挙 300 木造密集地域の不燃化・耐震化 19
年金制度 137 や
燃油等高騰対策（漁業） 288 薬物乱用防止 149
の 野菜対策 265
農林水産業の多面的機能直接支払い 258 薬局・薬剤師 138,148
農林水産物の輸出倍増 262 八ッ場ダム 19
農商工連携 262 ゆ
農地政策 261 有害生物 298
は 郵政 248
バイオマス 198,224,272,281 よ
鍼・灸・あん摩・マッサージ・指圧治療 169 幼児教育の無償化 63,72,134
ハローワーク 172 養殖漁業 293
番号制度 137,180 ら
犯罪被害者補償制度 184 拉致問題 102
ひ り
非正規労働者 173 リサイクル 201,224,225
病児・病後児 134 リニアコライダー 32,92
ふ リハビリテーション 152,160
風評被害 10,252,260,268,285 留学生 84
夫婦別姓法案 325 領海警備法 131
婦人相談所 188 領土・主権 129,130
物価目標（２％） 26 領土・主権問題対策本部 129
復興交付金 4 領土・主権・歴史問題に関する研究機関 130
復興庁 3 れ
復興予算 1 レアメタル・レアアース 46,201
物流ネットワークの複線化 17 ろ
不妊 134 労働者派遣制度 173
不法投棄 226 ６・３・３・４制 63
プライマリー・バランス 177 ロコモティブシンドローム 160
フリーゲージトレイン 250 ロシア 96,112
振り込め詐欺 183 わ
文化芸術 87,88 若者雇用対策 56,172,174
へ ワクチン施策 140
ベンチャー 48,91,236 A
ほ ASEAN諸国 96
保育 134 B
防衛技術・生産基盤 125 B型・C型肝炎対策 146
防衛省改革 116 BCP（事業継続計画） 55
放課後児童クラブ 58,134 C
防災教育 71 CIO 43,180
放射線 8,14,285 D
法人税 36 DV 188
ホームドア 187 E
補給支援特措法 97,98,117 EPA・FTA 52,109
保護司 189 G
母子家庭・父子家庭 134 GNI 28
北方領土 129 G空間（地理空間情報） 16,45,46,127
ま I
まちづくり 18,49,156,183,215,252 ICT 23,42,43,78,211,237,242,249
み PS細胞 33
密集市街地の解消 18 IT 249
ミッシングリンク 20 J
未利用魚の活用 290 JICA 105,110
む N
無人国境離島 131 NGO 63,105
ムダ撲滅 307 O
無担保・無保証人（漁業） 286 ODA 93,94,105,106,107,294
無電柱化 252 T
TPP 109
78 このパンフレットは再生紙を使用しています。
",,
71624_200311,"
「民主党政権政策／マニフェスト」 目次
「脱官僚」宣言−5つの約束、2つの提言 2
菅直人から国民のみなさんへ 5
私たちがめざす信頼される政策 民主党ビジョン（D-Vision） 14
国民と共に行動する
「新しい政府」の確立に向けて 24
マニフェスト−私たちは国民のみなさんにお約束します。 30
1. 失業のない、つよい経済を再生します。
１ 景気を回復させ「、仕事」と「雇用」を生み出します。
２「 お金を貸せる銀行」をつくります。
３ 税金のつかい道を徹底的に見直し、財源を確保します｡
４「 経済再生５カ年プラン」と「財政再建プラン」を策定します。
2. 税金のムダづかいをやめ、公正で透明性のある政治を実現します。
１ 税金のつかい道を大胆に変えます｡
（ 1） 公共事業の無駄を止め、生活・環境重視に転換します。
（ 2） 道路公団を廃止し、高速道路を原則無料化します｡
２ 官僚の天下りを禁止し、公務員人件費を縮減します。
３ 政治家の不正を根絶し､議員定数を削減します｡
（ 1）企業・団体献金を全面公開します。
（ 2）一票の格差是正をめざすとともに、衆議院の議員定数を８０議席削減します。
3.「 自立力」をもった 活力に輝く地域を創造します｡
１「 分権革命」―地域の問題は自分たちで決める社会を築きます｡
（ 1） 国の１８兆円の補助金を廃止し、地方が責任と自覚をもって使えるお金に変えます。
（ 2） 中央省庁の権限限定と自治確立、住民の行政参加権限を明確にします。
２ 中小企業予算７倍増、政府系融資の個人保証撤廃を実現します。
３ １兆円の農業関連補助金を改革し、無駄のない直接支援・直接支払制度をつくります。
４ 郵政改革で国民サービスの向上と、地域・中小企業への資金供給をすすめます。
５ ６割のＮＰＯに税制でも支援します。
６「 緑あふれる地域」を次世代に引き継ぎます｡
（1） １０年間で１０００万haの森林を再生―「緑のダム」を育みます。
（2） 新エネルギー予算を倍増、低公害車普及･拡大をすすめます。
4. 子どもや高齢者、女性､誰もが安心して働き､暮らせる社会をつくります。
１ 誰もが安心して働ける社会をつくります。
（ 1） 誰もが仕事に就き、労働が正当に評価されるルールを確立します。
（ 2） パート均等待遇の実現、育児・介護休業制度の拡充をすすめます。
（ 3） 能力開発と月10万円の手当支給で、失業・廃業からの再出発と暮らしを応援します｡
２ 子どもたちを健やかに育成します｡
（ 1） 一人ひとりに目が行き届き、親の不安が解消される教育を実現します｡
（ 2） 幼保一元化やＮＰＯ支援で保育を拡充し、学童保育も２万カ所に増やします。
（ 3） 無利子奨学金の貸与額を５０%引き上げます｡
（ 4） 成人年齢を１８歳に引き下げ､選挙権も１８歳以上とします。
３ 「老後の安心生活」世界一をめざします。
（1） 若者からも信頼される安心の年金制度をつくります。
（2） 地域介護の拠点として、グループホームを1万カ所増設します｡
４ 一人ひとりの人権が尊重される社会を実現します。
（1） 差別の解消をめざす法律を制定します。
（2） 盗聴法、住基ネット法、個人情報保護法を見直します。
（3） テレビの字幕化を推進します｡
（4） 外国籍の人も希望により住民票に記載します｡
5. 国民の命と健康を守るつよい社会を実現します。
１ 健やかさを保つ生活へと改善します｡
（ 1） 早期発見･治療で安心の医療を実現します。診療報酬改定プロセスの透明化をすすめます。
（2） 3５０カ所の小児救急センターを整備し、小学校卒業までの医療負担を1割に軽減します。
（3） カルテ開示・医療費明細書発行の義務化を実現します。
（4）「食」の安全を一元的に厳しくチェックします。
（5） 安全を最優先し、原子力行政の監視を強めます。
２ 犯罪に厳しく対処し､安全な地域を取り戻します｡
（1） 警察官の3万人増員により、落ち込んだ検挙率を回復させます。
（2） 仮釈放のない「終身刑」を創設し、凶悪犯罪の罰則を強化します。
（3） ドメスティック・バイオレンス（DV）防止法を強化します｡
３ 国連中心主義で世界の平和を守ります。
（1） 自立的な外交と国連機能強化をすすめます。
（ 2） 拉致事件の解決など北朝鮮問題に正面から取り組みます。
（ 3） 改めてイラクへの復興支援のあり方を見直します。
（ 4） 犯罪対策の強化など「日米地位協定」の改定に着手します。
（5）大使等の民間登用率を２割に向上させます｡
（6）地球環境保全に向けた基本法を制定し、環境外交を展開します｡
（7）国民を守ることができる防衛力整備への転換を図ります。
1
「脱官僚」宣言
民主党 政権政策
5つの約束
霞が関からの「ひも付き補助金」を全廃します。（4年以内）
政治資金は全面的に公開します。
道路公団を廃止し、高速道路の料金を無料にします。（3年以内）
国会議員の定数と公務員の人件費を、それぞれ1割削減します。（4年以内）
無駄な公共事業を中止し、川辺川ダム、諫早湾干拓、吉野川可動堰を直ちに止めます。
2つ の提言
基礎年金の財源には消費税を充て、新しい年金制度を創設します。
小学校の30人学級を実現し、学校の週5日制を見直します。
菅 直 人
2
3
4
m
essage
菅直人から国民のみなさんへ
マニフェストの意義
知事選挙など大統領型の選挙では、これまでも有権者は直接「首長＝政権」を選ぶことが
できました。議院内閣制の国でも、小選挙区制で二大政党制の国では、有権者は各選挙
区でいずれかの党の候補者を選ぶことで事実上、総理大臣を選択することができます。
しかし、日本では野党第一党が選挙で勝って政権を獲得するという、多くの国で普通に
行われている政権交代の経験がありません。私がはじめて経験した１０年前の政権交
代でも、野党第一党の社会党は総選挙で惨敗しましたが、自民党が過半数を割ったこと
で非自民の７つの党が連立して細川政権が成立したのです。
細川政権で導入された小選挙区中心の制度の下で行われたその後の２度の総選挙でも、
政権交代は実現しませんでした。「仏作って魂入れず」の状態です。民主党が勝って
政権をとれば、野党第一党が選挙で勝って政権交代するという他の国では「当たり前
のこと」が、日本ではじめて実現することになります。小選挙区制という仏に政権交代と
いう魂を入れることになります。
「マニフェスト」は政権を争う二大政党が、それぞれ、政権を担当したときに実行する政
策を政権担当前に国民のみなさんに約束する「政権政策」です。二大政党が対抗する
場合、国民のみなさんは、いずれかの政党を選ぶことで、政権を構成する与党と首相と
マニフェスト（政権政策）、つまり「政権」それ自体を選択することと同じことになるのです。
議院内閣制を採用している日本の国政では、これまで、二大政党制になっていなかったた
めに、国民のみなさんは、「政権」それ自体を選択することはできなかったのです。民主
党と自由党は二大政党の一翼を担うため、「小異を残して大同につく」という覚悟で合
併し、新しい民主党を発足させました。この絶好の機会に、国民のみなさんに私たちの
マニフェストを選択していただくことを願ってやみません。
民主党のマニフェストはこのような考えにもとづいて立案し、最終的に党内の一任を受け
た代表である私の責任で決定したものです。そして、このマニフェストの実行を民主党の
全員が約束し、署名して国民に選択を求めます。自民党も、全員が合意したマニフェス
トをきちんと掲げて、正々堂々と戦って欲しいと思います。
政権交代が実現すれば、日本も本格的な二大政党時代に突入します。そして、自民党も
自己改革を迫られ、日本の政党政治も２１世紀にふさわしいものに本格的に脱皮して
いくでしょう。
5
m
essage
脱集権、脱官僚
民主党がめざす国のかたちは、身近な地域で物事が決められる分権型の国、そして
官僚が主人公ではなく、国民が主人公の国です。今日の日本は、地方を中央が過度に
コントロールする中央集権国家であり、政治と経済を一般国民でなく官僚が支配してい
る官僚主権国家です。発展途上の時代には、こうした集権・官僚国家の方が早い発展
をもたらす面もあります。しかし今や国民の活力をそぐ、大きな原因となっています。この
国のかたちを、地方主権、国民主権、そして市場やＮＰＯなど民間主導の国に根本から
変えなくては、日本の再生は不可能です。
最小不幸社会
私は、政治の目標は「最小不幸社会」の実現と考えています。国民の中には「不幸」に
遭遇している人たちがいます。そして、人々が「不幸」になる原因はさまざまです。その
原因を、政治の力、つまり「権力」で取り除けるものはできるだけ取り除き、「不幸」を最
小化すること、それが政治の目標だと思います。
なぜ「最大幸福」と言わないで「最小不幸」と言うかといえば、病気や貧困といった「不
幸」の原因は相当程度「権力」の力で取り除くことができますが、「幸福」のかなりの部
分は恋愛や美意識といった精神的なものに支えられており、「権力」が関与すべきでな
い分野の問題であると考えているからです。一部の人が無理に「幸福」を押しつけよう
として「権力」を行使すると、そこには一種の強制や独裁が生まれます。政治「権力」は
人の生死をも左右する強制力を伴うものだけに、その行使は人々の「不幸」の原因を
最小化することを目標とすべきであり、美意識のような個人的選好に属する「価値」の
実現を目標とすべきではないというのが、私の政治に対する基本的哲学です。
「最小不幸社会」というと何か弱々しいイメージを与えるかもしれません。しかし、私がみ
なさんにお伝えしたい考えはそういうものではありません。むしろ、多くの人々の「不幸」を
最小化するためには、政治「権力」をつかうことを辞さない決意です。治安と防衛もその
ひとつです。「最小不幸社会」の実現のためには、国民のみなさんを犯罪、侵略、テロ
から守ることは当然のことです。最低限の政府の責務と言えます。国民の生命と財産
を守るためには、国家にとって適切な警察力と防衛力は欠かせません。
6
7
8
m
essage
また「最小不幸社会」というと、福祉国家的な大きな政府を連想する人もいるかもしれ
ません。しかしそれも正確ではありません。自立した個人には、規制が緩和された自由
な経済市場や社会の中でその力を存分に発揮して頂きたいと思います。しかし、個人
の責任ではない原因によって困難な状況に陥った人には、政治の力で手をさしのべる
べきだと考えます。そうした観点から、たとえば、天災や犯罪に巻き込まれた被害者の
救済などには積極的に取り組むべきだと思います。
失業問題は、単に経済問題であるだけでなく、人間の尊厳を失わせかねない大きな問
題です。今日の中小企業・零細事業者のみなさんの困難な状態や失業者の困窮は、
これまでの経済政策の失敗が大きな原因です。したがって、仕事の創造、雇用の維持、
さらには困難と立ち向かい、新たな出発をめざして努力しているみなさんへの支援は、
これからの政権の大きな責任だと考えています。
これらの課題に対処するために、政治家自らが責任をもって政策を企画・実行・検証
（Plan-Do-Check）していくことが必要です。官僚組織に政策を丸投げすることなく、
官僚組織と適切な関係を構築し、「政権」が責任をもって主体的に国を運営していく
べきだと考えます。
菅マニフェスト
こうした考え方にもとづいて、政策を官僚に丸投げする官僚主導の政治を根本から変え、
「脱官僚」政権を作り上げ、「最小不幸社会」の実現をめざし、次の「５つの約束」と
「２つの提言」を必ず実行します。
9
「脱官僚」宣言
民 主 党 政 権 政 策
つの約束
10
m
essage
1
霞が関からの「ひも付き補助金」を
全廃します。（4年以内）
国から自治体への１８兆円のひも付き補助金を４年以内に全廃し、
地域が自主的に使える財源を飛躍的に増やします。
2
政治資金は全面的に
公開します。
企業・団体献金をガラス張りにすることで、
口利き政治、利権政治の根絶をめざします。
3
道路公団を廃止し、
高速道路の料金を無料にします。（3年以内）
地域経済活性化と流通コストの削減をはかるため、
大都市以外の高速道路は３年以内に無料とし、道路公団は廃止します。
4
国会議員の定数と公務員の人件費を、
それぞれ1割削減します。（4年以内）
国会議員数及び公務員人件費を削減するとともに、高級官僚の天下り禁止、
勾留中の議員報酬の凍結を実現します。
5
無駄な公共事業を中止し、川辺川ダム、
諫早湾干拓、吉野川可動堰を直ちに止めます。
これまで税金を無駄に使っていた、自然破壊型の公共事業を改め、
自然回復型の新しい公共事業への転換をすすめます。
11
「脱官僚」宣言
民 主 党 政 権 政 策
つの提言
12
m
essage
1
基礎年金の財源には消費税を充て、
新しい年金制度を創設します。
基礎年金と所得比例部分からなる二階建て年金制度を４年以内に確立します。
消費税を財源とすることで、負担を公平化し、持続可能な社会保障をつくりあげます。
年金将来像 民主党案のイメージ図
所得比例年金（仮称）
＝納付した保険料に応じて受給額決定
最
低
保
証 国民基礎年金（仮称）＝財源は全額税
額
2
小学校の30人学級を実現し、
学校の週5日制を見直します。
子ども一人ひとりに行き届いた教育ができるよう少人数教育の確立、
特に、４年以内に小学校低学年30人学級の実現や、
学校５日制の見直しで学力回復をめざします。
13
民 主 党 ビ ジ ョ ン
《つよい日本》をつくる。それが私たちのビジョンです。
「失業と犯罪のない、安心・安全のつよい社会」、「公正で透明な、つよい政治」、
「国民の生命と財産を守る、つよい政府」、それが私たちの目標です。
私たちは、日本の自信と誇りを回復させるために、信頼される政策をめざします。
14
私たちがめざす
信頼される政策
15
憲法 （注）文中の太字部分の右肩の数字は、32ページ
以降のマニフェスト各論の記載個所を示します。
「国民主権」「基本的人権の尊重」「平和主義」という憲法
の３つの基本理念を踏まえつつ、基本的人権の多様化、
国際協調の必要性といった時代の要請にも即した憲法論議
地方分権
を積極的にすすめます。
憲法を「不磨の大典」とすることなく、またその時々に都合 税金のつかい道を大胆に変えるための手段のひとつが、
のよい憲法解釈を編み出すのではなく、憲法が国民と国の 地方分権をすすめることです。地域の問題は自分たちで決
基本的規範であることをしっかりと踏まえ、国民的な憲法論 められる社会をきずく、この「当たり前のこと」を私たちは実現
議を起こし、国民合意のもとで「論憲」から「創憲」へと発 します。
展させます。 でも、この「当たり前のこと」を行うことが日本では相当むず
かしいことなのです。だから私たちはこれを「分権革命」3-1
経済政策
と呼びます。
私たちは、景気を回復させ、「仕事」と「雇用」1-1を生み出す 「当たり前のこと」ができない原因は、中央が地方を支配する
ような経済政策に転換します。そのためにも、税金のつかい 構造です。中央では背徳的な利権政治家、悪徳官僚、結託
道を徹底的に見直し、正しい経済政策を行うための財源確 業者がウヨウヨしています。その象徴が補助金制度です。
保が必要です。 もともとは国民のみなさんからお預かりした税金を、まるで自
勇気をもってムダな公共事業をやめることで、財源確保は 分たちのお金のような顔をして官僚が地方に分配する補助
可能1-3です。 金制度、これが諸悪の根元です。
そのうえで、国民のみなさんからお預かりしている税金のつ 私たちは１８兆円の補助金を廃止3-（11）し、地方が責任と自覚
かい道を、生活・環境重視2-（11）に転換するのです。その象徴 をもってつかえるお金に変えます。また、中央省庁の権限を
的な目標が、道路公団を廃止し、高速道路を原則無料化2-（12） 限定し、自治の確立と住民の行政参加3-（1２）をすすめます。
することです。欧米では高速道路は無料です。それが普通
政界、官界の大改革
です。日本という国は、どうしてよその国でできることができな
いのでしょうか。「当たり前のこと」ができない国、「当たり前 補助金を含む予算の権限をつかって、背徳的な利権政治家
のこと」が起きない国、日本。その原因が税金のムダづかい や悪徳官僚は自分たちの利益を追求しています。真面目で
の構造です。私たちはその構造を改革し、税金のつかい道 正義感に富んだ官僚もたくさんいますが、残念ながらそうで
を大胆に変えます｡ ない官僚もたくさんいます。
それこそが構造改革です。 私たちは、私利私欲を生み出すきっかけになっている官僚の
そして、かけ声だけではない「経済再生５カ年プラン」と「財 天下りを禁止2-2し、ムダの少ない政府をつくるために、公務員
政再建プラン」1-4を策定し、日本経済を復活させます。 の総人件費も縮減2-2します。
背徳的な利権政治家と悪徳官僚は、不正に利得を得ようと
している不公正な業者と結託しています。こうした関係を明
らかにし、政治家の不正を根絶するために、企業・団体献金
を全面公開2-3（1）します。
官僚制度のムダを見直すとともに、当然、私たちも議員定数
を削減2-3します。当面は衆議院の比例議員定数を８０議席
減らすことが目標です。
また、政権交代というよその国では「当たり前のこと」が起き
ない原因である一票の格差是正2-3（2）をめざします。一票の
格差がなければ、日本でもとっくの昔に政権交代は起きてい
るのです。
16
17
18
農業
農業は国の基本です。「食料安全保障」という言葉があるよ
ＮＰＯ
うに、国民の生活と生命を守るためにも食料政策はたいへん
政界、官界の大改革をすすめる一環として、私たちは多く 重要な分野です。
の国民が公共的な政策や自治体の運営に参画できるような この分野には、これまでも毎年１兆円以上の財源が投入され
対応をすすめます。 ています。しかし、農家や農業関係の仕事をしているみなさ
政策課題がどんどん複雑かつ高度になり、変化のスピードも んからは、日本の食料政策がうまくいっているという声は聞こ
速くなっています。行政組織の中にずっといる官僚や役人だ えてきません。なぜでしょうか。
けでは、世の中の実情やニーズについていけなくなっています。 それは、食料政策という名目でつかわれている予算の大半が、
そのことが、国民のみなさんのニーズに対応できない、場合に 実は、農産物を生産し易くする、あるいは農家のみなさんの
よってはニーズとかけ離れた行政を行うことにつながっています。 生産意欲を高めるようなことにつかわれるのではなく、「農業
これからの日本は、民間企業や行政組織の中で専門知識 土木予算」などとしてムダづかいされているのです。
を身につけた人たちに加え、ＮＰＯで非営利活動に従事して 必要のない農道空港をつくったり、減反を強制する一方で新た
いるみなさんの力もお借りして、多くの国民の知識と技術を な農地造成をすすめたり、つまり、建設土木事業のための予算
国や地域の運営に活かすべきです。 になっているのです。これでは農業政策、食料政策が不十分に
そのためにも、私たちはＮＰＯがより大きく育つように、ＮＰＯの なるのは当然です。私たちは、食料の安定供給確保に資する
６割に税制優遇が可能となるようなＮＰＯ税制の仕組み3-5を ような予算のつかい方に努め、食料自給率の向上をめざします。
つくります。 私たちは「農業土木予算」として支出されている農業関連補助
金を削減し、ムダのない直接支援、直接支払制度3-3をつくり
中小企業・金融
ます。農家のみなさんの切実なご要望に真面目にお応えします。
国の基本は民間経済です。そして、民間経済のいのち綱は また、食料政策は最終的には消費者のみなさんに安全な食
金融です。 料を提供することが目的です。私たちは、「食」の安全5-1（4）を
金融は人間のからだにたとえると血液です。血液が流れな きびしくチェックする政策をすすめます。
ければ健康を害します。血管の役割を果たすのが銀行です
環境
が、今その血管が本来の働きをしていないことが日本経済の
大きな問題になっています。 日本の人口はまもなくピークを迎え、いよいよ本格的な少子高
金融機能が衰えているために、日本経済の屋台骨である中 齢時代にはいります。人口が減るのですから、人間が住み、
小企業のみなさんがたいへん苦しんでいます。私たちは血 利用する土地や空間は今までほど必要はなくなるはずです。
液をからだ中に十分に循環させることのできる「お金を貸せ にもかかわらず、上述のように「農業土木予算」をつかって山
る銀行」1-2をつくります。 や森が切り開かれ、美しい川が破壊され続けています。もう
また、かけ声だけの中小企業対策を見直し、中小企業・商 そんなことは終わりにしたいと思います。
店街予算の７倍増、政府系融資の個人保証撤廃3-2を実現 私たちは「緑あふれる地域」3-6を次世代に引き継ぐために、
します。現在のように、国の予算の０．１％程度の対策でどうし １０年間で１０００万haの森林を再生3-6（１）します。森林は高い
て中小企業対策に力を入れていると言えるのでしょうか。 保水能力をもっていますので、利水・治水対策と称してコンク
さらに、見せかけの郵政改革ではなく、国民生活の向上、 リートのダムを造る代わりになります。つまり、「緑のダム」3-6（１）
地域経済の活性化に資する本物の郵政改革3-4に取り組み となって、自然と私たち人間を育むのです。
ます。郵政改革のポイントは、郵貯・簡保資金がムダづかいに 「緑のダム」以外でも、私たちは、環境に優しく、自然を復元さ
回されている構造を改めることです。私たちは、郵貯・簡保資 せる政策をすすめます。風力、太陽、波力などのクリーンな
金を地域経済や中小企業の役に立つような新しいシステム 新エネルギー3-6（2）のための予算を倍増させ、低公害車の
を構築することを検討していきます。 普及、拡大3-6（2）に努めます。
また、過渡的エネルギーとしての原子力については、安全を
最優先し原子力行政の厳格な監視5-1（5）をすすめます。
19
働く人たちを守る
経済、産業、環境などに関係するさまざまな政策は、いずれも
国民のみなさんが豊かで安全な生活を送れるようにするため
のものです。そして、生活の基盤は国民のみなさんが働くこ
とによって支えられています。
誰もが安心して働ける社会の実現、それが私たちの目標です。
お年寄りを守る
私たちは、誰もが仕事につき、労働が正当に評価されるルー
ル4-1（１）を確立します。パートで働くみなさんの待遇の改善、 現役を引退した高齢者のみなさんにも老後を安心してすごし
育児・介護休業制度の拡充4-1（2）もすすめます。 て頂けるような国づくりをめざします。「老後の安心生活、
また、不幸にして失業・廃業を余儀なくされたみなさんに直接役 世界一」4-3を実現するために、地域介護の拠点としてグルー
に立つよう、能力開発訓練の充実と月10万円の手当支給4-1（３）、 プホームの１万カ所増設4-3（2）が目標です｡
医療保険料軽減を実現させ、失業・廃業から再出発しようと 子どもたち、若者たちも、いずれは歳をとります。現役世代、将
する人たちを支援し、暮らしの安定を応援します｡ 来世代からも信頼される安心の年金制度4-3（1）をつくります。
予算のムダづかい見直しによる財源捻出や消費税を年金
子どもたちを守る
財源化によって、新しい安定した年金制度をめざします。
どこの国でも、その国の将来は子どもたちが担っています。
私たちは、子どもたちを健やかに育成する政策をすすめます。
そのためにも、一人ひとりに目が行き届き、親の不安が解消
される教育4-2（1）を実現します｡
地域の実情に応じた幼保一元化やＮＰＯ支援で保育体制を
拡充4-2（2）し、学童保育も２万カ所4-2（2）に増やします。
また、学ぶ意欲のある子どもたちを支援するために、無利子
奨学金の貸与額4-2（3）を引き上げます｡
国の借金は将来の納税者、つまり子どもたちに重くのしかかっ
ています。国の運営について、将来世代にも意思表示の
機会を保障することは大切なことです。私たちは選挙権年齢
を１８歳4-2（4）に引き下げます。
選挙権をもつということは、社会の一員として自分の言動に
責任をもつということです。選挙権をもつと同時に成人年齢も
１８歳4-2（4）に引き下げ、少年少女たちの自覚の向上にも期待
したいと思います。
20
21
22
人権、治安
安心できる社会の実現は、国民一人ひとりの人権と安全が
保障されることが大前提です。
私たちは、そうした視点に立って人権が尊重される社会4-4を
つくります。差別の解消をめざす法律4-4（１）を制定し、盗聴法、
住基ネット法、個人情報保護法など、国家権力による人権侵
医療
害のおそれのある現在の法制を見直し4-4（２）ます。
世代に関係なく、健康な生活を送るためには適切な医療政 また、社会的に弱い立場にある人たちを守ることにも力を注ぎ
策が欠かせません。 ます。テレビの字幕化4-4（3）を推進し、外国籍の人も希望によ
まずは、病気になることを予防することが大切です。健やかさ り住民票に記載4-4（4）されるようにします。個人の人権が守ら
を保つ生活環境づくりに努め、早期発見、早期治療を実現 れる共存共栄の社会、それが私たちのめざす日本です。
する予防医療を充実5-1（１）させます。 さらに、犯罪にはきびしく対処し､安全な地域を取り戻します｡
現在の医療政策が国民のニーズを満たしていないことは、 警察官の３万人増員5-2（1）で犯罪検挙率を高めるとともに、
子どもたちを守る小児医療があまりにも不十分であることが 仮釈放のない「終身刑」を創設5-2（２）し、凶悪犯罪の罰則を
象徴しています。私たちは、３５０カ所の小児救急センター 強化します。ドメスティック・バイオレンス（ＤＶ）防止法も強
を整備5-1（2）し、小学校卒業までの医療費負担を１割に軽 化5-2（3）します｡
減5-1（2）します。 私たちは、被害者を出さない社会、被害者を守る社会を実現
また、患者と医師の信頼・協力関係を増進させるため､カル するために、全力をつくします。
テ開示・医療費明細書発行の義務化5-1（3）を実現します。
同時に、現在の医療政策の根幹である診療報酬制度は、
安全保障・外交
医療の現場で頑張っている医師のみなさんにとってきわめて
不透明な内容になっています。私たちは診療報酬改定プロ 国民のみなさんの生命と財産の安全を守るために、安全保
セスの徹底的な透明化5-1（１）をすすめ、医療政策の歪みの 障や外交政策の強化に力を注ぎ、国連中心主義5-3で世界の
構造を是正します｡ 平和を守ります。
信頼できる外交､国民を守る安全保障体制を築くために、
自立的な外交と国連機能の強化5-3（1）にとりくみ、防衛力
整備5-3（7）も怠りなくすすめます｡
拉致事件の解決5-3（2）に全力をあげ、犯罪対策の強化など
「日米地位協定」の改定問題5-3（4）に真正面からとりくみます。
戦闘が続くイラクへの自衛隊派遣は行わず、イラク特措法は
廃止を含め見直し5-3（3）を図ります。被災したイラク国民に対
して、医療・教育・経済分野等の人道･復興支援について積
極的にとりくみます。イラク国民による政府が樹立され、その
要請にもとづき安保理決議がされた場合には、わが国の主
体的判断にもとづいて憲法の範囲内でＰＫＯ、ＰＫＦの派遣
基準を緩和し、自衛隊の活用も含めた支援にとりくみます。
さらに、外交を国民のみなさんの手に取り戻すために、外務
省改革に力を注ぐとともに、大使等の民間登用率を２割に向
上5-3（5）させます｡外交官適任者を広く国民各層から募ります。
地球環境保全に向けた基本法を制定し、環境外交を積極
的に展開5-3（6）し、世界から一目おかれる「環境大国」日本
をめざします。
23
国 民 と 共 に 行 動 す る
「新しい政府」の
確 立 に 向 け て
政府が変わらなければ、政治も政策も変わらない。
小泉内閣の派手なパフォーマンスの陰で、改革は次々と先送りされているのが実情です。
民主党がいかに優れたマニフェストを用意したとしても、改革をなしとげる強い意思と内閣
が一丸となってそれを実行する仕組みがなければ、改革の断行は困難です。いま必要な
ことは、言葉でなく、政治を変える実行力。「改革プラン」を現実にするパワーと仕組みを
備えた「新しい政府」の確立が急務です。
なぜ自民党ではだめなのか。「内閣・与党の二元体制」、「首相と各大臣の二重構造」、
「政と官の倒錯、官僚主導の政策運営」といった権力の二重構造に根本的な原因があります。
つまり、政治が発するのは表向きの言葉のみで、実質は族議員と天下り官僚が仕切る、
この二重構造こそが旧来型の政治を温存しているのです。
民主党がめざす「新しい政府」は、
［1］ 道州制の導入や税財源の地方移譲を行い、民間や地域、或いは市民セクターに任せる
べきことは思い切ってそれらに任せ、量的には小さな中央政府 であるとともに
［2］ 政権中枢の権力の二重構造を廃し、国家がなすべき課題については、より迅速で大胆、
かつ、責任の所在を明らかにした政策判断を行いうる、強靭な内閣をつくることです。
〈これまで〉と〈これから〉 −｢旧い政府｣と｢新しい政府｣−
自民党中心の旧い政府 民主党中心の新しい政府
霞が関中心の官僚主導型政府運営 官邸が中心の政治主導型政府運営
内閣と与党の二元化と無責任 内閣と与党の一体化と明確な責任
省益をバックにした縦割政治 首相がリードする総合政治
族議員による政官業癒着の利権政治 国益と国民生活優先の公正な政治
大臣の各省独立体制 大臣の官邸常駐体制
ー小さな「官邸」／大きな「霞が関」ー ー拡充された「官邸」／スリムな「霞が関」ー
24
脱「官僚」、脱「省益・局益」で「国益」追求政府をつくります。
民主党内閣は、予算や税制改革の大枠や、外交の基本方針、教育・社会保障改革のあ
り方、産業・技術戦略など、国家戦略については、霞が関の官僚のみに依存することなく、政治
主導で国益本位の政策決定を行うこととします。
○その際、党の政策責任者である政調会長はもちろん、党務の責任者である幹事長も入閣し、
政府と与党が一体となって改革を断行します。
○首相、官房長官、外相、財務相など主要閣僚はその政策スタッフとともに官邸に常駐し、首相
と閣僚は、各省の官僚との関係よりも、首相と各閣僚との信頼関係を優先させて「国民
利益」を軸に政策を決定することとします。
○基本的な政策の企画立案は、首相官邸及び各大臣官房において、閣僚とその政策スタッフ
が中心となって行うこととし、霞が関は基本政策にもとづいた行政実務と執行に特化します。
首 相 官 邸 の 中 核 体 制 イ メ ー ジ
内 閣 総 理 大 臣
内 閣 （ 閣 僚 ） 内閣総理大臣首席補佐官
補 佐 官(5)
副大臣・政務官 秘書官、審議官ほか
政策スタッフ 政策スタッフ
（若手官僚、民間人など） （若手官僚、民間人など）
〔政 策〕 〔政 務〕
官 房 長 官 国 務 大 臣 ( 無 任 所 ) 〔国対・政務〕
内閣府副大臣A 〔国会対策〕
官房副長官A 官房副長官B 官房副長官C
内閣府副大臣B 〔政務対策〕
〔政策・予算〕 〔広報・情報〕 〔霞が関・行政〕
政務官 政務官 政務官 内閣府副大臣C 〔情報対策〕
内閣府大臣政務官 〔国対･政務･情報〕
副長官補 副長官補 副長官補
政策統括官、参事官ほか政策スタッフ（若手官僚、民間人など） 国務大臣スタッフ
※注 1.官邸と内閣府の一体的・統合的運営が前提である。この場合、政治用語としての｢官邸｣とはこの両者を含む。
2.上記のうち、内閣府副大臣､内閣府大臣政務官及び政策統括官は組織法上は、官邸ではなく｢内閣府｣に属する。
25
マニフェスト（政権政策）に賛同・共鳴するあらゆる政策人材と協働します。
マニフェスト（政権政策）は、言葉や文章にではなく、実行されてこそその意義があります。
そのためには、首相と大臣からなる内閣の下に、民主党の政策に賛同・共鳴し、優秀かつ
勤勉で国益を志向する人材を集結させ、改革断行に総力を挙げることが不可欠です。
このため、
○従来の霞が関の年功序列人事を改め、実力と改革意欲に富んだ若手官僚や民間人、
学識経験者など、年齢・性別・職歴を超えた政策人材を官邸政策チームに集結させる
こととします。その際一部のポジションは一般公募も行います。
○各省の大臣官房（実際は首相官邸周辺に配置）にも、年齢にとらわれない改革派官僚や
民間人起用による大臣直属の政策立案チームを設置して、各省の原局の利益にとらわ
れず、大臣の政治的リーダーシップを補佐する体制をつくります。
○もちろん各省の官僚の協力も必要であり、事務次官や局長クラスには、政権政策をはじ
めとする民主党の基本政策への全面的協力を求めることとし、協力を誓約するものを
任用して、政治主導を実現する体制をつくります。
○以上の体制を確保するためにも、国家公務員法上の特別職の拡大や国会法にもとづく
国会議員の兼職制限の緩和を実現します。
26
トップダウンにより、より大胆かつ迅速な政策決定をめざします。
各省庁が事実上の拒否権をもち、極めて遅く、中途半端な意思決定しかできない、この
国の政策決定プロセスを抜本的に改革します。
このため、
○事務次官会議に象徴される霞が関の閣議案件事前調整の仕組みを廃止し、閣議と副
大臣会議を中心とした政治主導のトップダウンの意思決定の仕組みに変更します。
○閣議もすべての案件を全員一致方式で決定するのではなく、合意形成のプロセスに
多数決を導入することや、関係閣僚協議会の弾力的設置・運営により実質的な政治的
決断を促す仕組みを取り入れます。
○古い政治や政策を客観的に評価し清算します。首相と閣僚の強いリーダーシップにより、
旧政権下の無駄を正すために、各省ごとに重点改革リストを絞り、期限付きで実施します。
また任期中に国会に、日本版GAO（行政監視院）を設置し常に政策や政府事業を客観
的に評価・点検する仕組みを導入します。
○予算編成・税制改正のプロセスを変革します。財務省など霞が関に「丸投げ」するので
はなく、内閣財政局を設置し、各省庁の省益を超えた大胆な予算配分の変更と思い切っ
た税制改革を推進します。同時に、公会計制度を改革し、隠れ借金を暴き、財政の費用
対効果を明らかにすることにより財政健全化を推進します。
27
首相・内閣主導の新しい政府を樹立するために
政権獲得後直ちに、時限を区切って改革を断行。
すなわち、われわれが政権を獲得することを念頭に、
1. 政権始動（第１、第２ステージ）
2. 明確な政治刷新（利権構造解体計画）（第３ステージ）
3. 本格的な改革プログラムの実施（日本再生計画）（第４ステージ）
までを視野において、大胆かつ迅速に改革を断行します。
政権の樹立と新政府展開：５つのステージ
第1ステージ 第2ステージ
政権獲得後5日間 政権正式発足まで、30日以内
政権獲得後直ちに「新しい政府」の中核体制をつくります。 政権獲得後30日間で、新たな政府の政権運営の基本的な骨格形成を完
首相予定者（党代表）のもと、官房長官（党政策調査会長）、官房副長官（3名、 了させます。この時期には、首相予定者を中心に所信表明演説原案の準
政策、情報、霞が関担当）、内閣補佐官（首席補佐官以下5名）予定者に 備、予算編成基本方針案、全ての閣僚予定者・副大臣予定者の指名、
よる政策総括チームと、無任所国務大臣（党幹事長、政務担当）を長とする 100日改革プラン、300日改革プランの原案を作成します。
国会対策・政務総括チームを配置します。首相予定者は速やかに数名の 首班指名後の初閣議では、「内閣運営に関する基本方針」を提示し、各省
主要閣僚予定者を指名し、彼らと両チームを統括して、事実上の官邸・内 においても事務次官・局長級の幹部に協力を求め、協力する幹部のみ任用
閣チームを発足させます。 します。なお新官邸や大臣官房の政策スタッフには、改革派官僚や民間人
本チームは、政権政策に基づく基本政策を確認すると共に、事務次官会議 などを年齢にかかわりなく積極的に登用します。
の廃止と副大臣会議の創設、閣議運営の見直しなどを含む大胆にして
迅速な、政策決定の基本方針を決定します。
事 実 上 の 組 閣 期 新 政 権 活 動 計 画 期
政権準備5日間アクション 事実上の新内閣の始動
1. 事実上の官邸・内閣中枢チームの発足 1. 特別国会と臨時国会への戦略対応
（主要閣僚予定者の指名を含む）
2. 所信表明演説原案の策定
2. 内閣人事方針の決定
3. 100日・300日改革プランの原案作成
3. 基本政策の確認
4. 首班指名と組閣、初閣議で内閣運営基本方針提示
4. 政権運営基本方針の策定
5. 官邸政策スタッフの募集・登用
注 1. 第1ステージにおける5日間で、官邸に入り込む政治家コア･メンバーと閣僚リストを最終確定する。
2. 第2ステージでは、官邸及び各省大臣の補佐体制を含めて人事配置を事実上確定する。
3. ステージの「所信表明演説」の中に、予算編成方針や100日改革の重点などが含まれることになる。
28
第3ステージ 第4ステージ
政権発足後、「 改革100日間 」 「 改革300日間 」
新政府発足後直ちに、現行法制度下で行いうる最大限の改革課題を盛り 「１００日改革プラン」や「行政評価会議」の結果と政権政策を踏まえて、
込んだ「100日改革プラン」を国民に提示します。特に政官業癒着体質の 本格予算案や制度改正のための法改正案まで含めた「300日改革プラン」
下で惰性的に行われてきた旧来型事業について各省ごとに5項目程度の を国民に提示します。
重点改革リストを発表し、大臣の指導力により期限付きで改革を断行します。 政権政策に示された内政・外政上の重要課題への具体的対応が中心で
また、各大臣をサポートする観点からも、民間人又は政治家をヘッドとし、 すが、加えて、内閣財政局の設置と公会計制度改革などによる内閣主導
改革派官僚、民間人などからなる「行政評価会議」を設置し、国民の意見を による財政改革の実施、組織的天下り禁止と外部任用円滑化のための公
聞きながら短期集中で従来の行政を再点検します。 務員制度改革、外部任用人材の受け皿となるシンクタンクの充実、内閣法、
この時期に、主要閣僚（副大臣・政務官及び各省中核政策スタッフ）の「官 国家行政組織関連法の見直し作業に着手します。
邸」常駐化をすすめるとともに、外部任用拡充のための、国会議員の兼職 また、常に無駄な政策や政府事業を見直し、行政の価値観を生活者中心
制限の緩和と特別職公務員の拡大のための制度改正の検討に着手します。 に転換するために、国会における行政監視院（日本版GAO）の設置に向
けた法案のとりまとめを行います。
新 政 権 本 格 始 動 期 新 政 権 の 改 革 加 速 期
明確な政治刷新（利権構造解体計画） 本格的な改革プログラムの実施（日本再生計画）
1. 所信表明演説 1. 内政・外政上の重要課題への対応のための、次年度予算、
法改正の具体化を含む300日改革プランの提示と断行
2. 平成16年度予算案の策定
2. 内閣主導による財政改革の実施
3. 100日改革プランの提示と実行
・ 内閣財政局の設置
（旧来型政策、事業の清算）
・ 公会計制度改革着手
4. 行政評価会議の設置 ・ 財政改革中期計画の策定
3. 内閣法、行政組織法、公務員法の見直しによる
5. 首相と主要閣僚の実質官邸常駐化と
抜本的行政改革
官 邸・内閣政策スタッフチームの本格始動
4. 国会における行政監視院設置のための法案作成
6. 戦略的予算・法律事項整理
5. 政策シンクタンクの整備
29
私たちは国民のみなさんにお約束します。
1． 失業のない、つよい経済を再生します。
2． 税金のムダづかいをやめ、公正で透明性のある政治を実現します。
3． 「自立力」をもった 活力に輝く地域を創造します｡
4． 子どもや高齢者、女性、誰もが安心して働き、暮らせる社会をつくります。
5． 国民の命と健康を守るつよい社会を実現します。
30
民主党政権は、菅直人総理が強い意志をもって掲げる約束、そして、「民主党政権政策」の実現を国民のみなさんに約束します。この約束
は、民主党政権第一期の期間が終了するときに、その達成度が明確に示され、国民のみなさんが約束の達成状況を評価、査定できるもの
です。マニフェストは第一期政権４年間の最低限の約束であり、｢つよい日本｣、「経済の再生」の突破口です。中には、与党だけで決めては
いけないものもあります。民主党政権は責任ある提案を行い、国会の議論を活性化させ、与野党の活発な議論の中から合意を導き出したい
と考えています。国の政策は憲法にもとづいて行われます。私たちは、「国民主権」「基本的人権の尊重」「平和主義」という憲法の３つの
基本理念を踏まえつつ、基本的人権の多様化、国際協調の必要性といった時代の要請に即した憲法論議を積極的にすすめます。地方
分権に伴う中央政府と地方政府の関係再構築、環境権、知る権利、プライバシー保護など基本的人権の多様化、首相のリーダーシップ
強化や国際協調、国際協力の必要性の高まり、安全保障問題などのテーマについて、時代の要請に応じた視点で、政権担当期間中に
憲法論議と憲法にもとづく政策の創造的発展に努めます。憲法を「不磨の大典」とすることなく、またその時々に都合のよい憲法解釈
を編み出すのではなく、憲法が国民と国の基本的規範であることをしっかりと踏まえ、国民的な憲法論議を起こし、国民合意のもとで「論
憲」から「創憲」へと発展させます。民主党は、有権者から負託された政権において、全議員が一致して、約束を誠実に実行します。
31
1
失 業 の な い 、つ よ い 経 済 を 再 生します 。
小泉内閣の経済無策による深刻なデフレ不況によって、国民の仕事や資産が日々奪われている状況を、
これ以上放置することはできません。
「つよい経済」の再生は、国民一人ひとりが安心して暮らすための最低条件であり、
他のあらゆる施策を実現するための前提条件です。
民主党は、最優先の課題として、「つよい経済」の再生に取り組み、
景気の回復と雇用の安定に全力をあげます。
１. 景気を回復させ、「仕事」と「雇用」を生み出します｡ 金融機関の地域への寄与度や中小企業に対する融資条件などにつ
いて情報公開させる「地域金融円滑化法案」を、平成16年度中に国
強い経済を再生させて景気回復・雇用拡大を実現するためには、民 会提出します。
間需要を掘り起こし、内需を拡大することが必要です。現在及び将来に
対する不安の解消と、眠っている需要に対応した新しい仕事・産業の掘 大企業に対する貸付については、厳格な金融検査を通じて不良債権
り起こしによって、経済再生への着実な一歩を踏み出します。 の実態を明らかにします。バブル経済に対する大企業・銀行経営者
及び行政の責任を明らかにしつつ、必要があれば公的資金を大胆に
失業率を4％台前半以下に引き下げます。 投入して、銀行の貸し出し余力を回復させます。
現在5％台半ばの失業率を、任期中に4％台前半以下に引き下げる
ことをめざし、中小企業対策や分権による地域経済対策、「緑のダム」
をはじめ公共事業の転換、福祉・環境部門の産業育成、良質な住環境 ３. 税金のつかい道を徹底的に見直し、財源を確保します。
の整備、NPO育成等、公的部門を含めた積極的雇用創出などによっ
て、新たな就業機会を拡大し、雇用を増やします。また、民間の創意 デフレ不況の下では、税収増加も歳出全体の大幅な縮小も著しく困
工夫を生かした職業再教育の充実を図ります｡ 難です。民主党は、政権獲得後経済の安定成長が実現できるまで、現在
の財政規模を原則として維持します。
高齢者の暮らし、子育てなどの不安解消で、 財政の健全化をすすめるためにも、経済再生が最優先の課題です。
需要と消費を掘り起こします｡ しかし、現状において効果を度外視した財政の放漫運営を行うことは、
年金・介護や子育て・教育、医療など現在と将来の不安解消を図る 将来世代に過大な負担を押し付けるだけでなく、将来不安の拡大や長
ことで、消費を喚起します。特に、高齢者が暮らしやすい社会を創る 期金利の急騰を招くなど財政に対する不信を増大させ、結果として経
ための産業や、子育てのしやすい社会を創造するための産業を育成 済再生を妨げることになります。
することで、「安心」を醸成しつつ、新たな「仕事」をつくります。 税金に巣食う「お化け」を徹底的に退治し、当面、予算の使いみちを大
胆に転換することで、財政規律を維持しながら、経済再生をすすめます。
ローン利子控除制度創設など、生活重視の経済に転換します。 平成16年度には、国直轄公共事業の1割削減で3000億円、補助金の
緊急対策として、住宅や自動車に関するローン利子控除制度を平 一部一括化に伴う事務経費削減等で2000億円、特殊法人等向け支出の
成16年度に創設することをはじめ、高速道路無料化による物流コス 1割4000億円など、約1兆4000億円程度を捻出し、政権政策実現の財
ト軽減、余暇時間を有効活用できるための基盤整備、環境保全型産 源とします。
業の育成などを通じて、眠っている需要を目覚めさせ、生活重視の経 平成17年度は、国の直轄公共事業の2割削減で6000億円、補助金の
済、「経済のソフト化」をすすめます。 一括交付化の範囲拡大に伴う一括化対象補助金の5％削減で7000億円、
特殊法人等むけの支出の2割削減で8000億円などにより、約2兆5000
事業規制原則撤廃をすすめ、企業努力と起業意欲を増進させます。 億円程度を捻出し、政権政策実現の財源とします。
民間の活力と創造力を引き出し、新たな需要を掘り起こすために、
民間事業活動に関する規制の撤廃、公正競争の環境確保などをすす
めます。そのため、事業規制原則撤廃の基本方針などを定めた法律 ４.「 経済再生 5 カ年プラン」と「財政再建プラン」を策定します。
案を平成17年中に国会提出し、その成立をめざします｡
政権獲得後、ただちに緊急対策を講じると同時に、経済再生に向けた
競争力強化・技術力強化に向けて、 より総合的な対策のための準備をすすめます。まず各省庁が国民に隠
知的財産権立国づくりをすすめます。 している経済・金融・財政の最も肝心な部分の情報を新政権として把握
国際的競争力の強化、科学技術振興をはかる戦略に立って、知的 し、情報公開します。その上で、こうした経済・金融・財政の膿とムダの一
財産権強化に取り組みます。「知的財産基本法」をさらに具体化し、 掃と、民間需要を中心とした強い経済を創ることを内容とする「経済再
知的財産紛争処理能力の強化、知的財産権に関する専門家の育成、 生5カ年プラン」を、平成16年度中に作成します。
地域をはじめとする産学の連携強化、研究開発予算の配分見直し、 経済再生を軌道に乗せつつ、後世代に過大なツケを残さず、持続可能
研究者の意欲向上につながる環境の改善、TLO（技術移転機関）の な財政を創るために、平成17年夏（平成18年度予算編成開始）までに、
充実、模倣品問題や特許権侵害対策の強化をすすめます。 10年〜15年をめどとして実質的な借金増をストップさせることをめざし
た「財政再建プラン」を策定します。
２. 「お金を貸せる銀行」をつくります。
政権獲得後速やかに民主党「金融再生ファイナルプラン」の実施に着
手し、2年以内をめどに信用創造と金融仲介機能を回復させます。
1 中小企業金融（自営業者を含め、個人の信用に基づき受けている融資）
を、大企業向けの貸付と明確に区別して取り扱います。担保に偏らず
キャッシュフローに重点をおいた中小企業向け金融検査マニュアルを、
大企業向けとは別につくり、貸し渋り、貸しはがしを解消させます。
また、政府系金融機関融資における個人保証を5年間で撤廃します｡
32
2
税 金 の ム ダづ か い を や め 、
公 正 で 透 明 性 の あ る 政 治 を 実 現します ｡
日本を弱めているのは、税金をムダづかいしている｢お化け｣のような癒着の構造です。
政治家や官僚の利権、そして政官業癒着を徹底して排除します｡
少しの税金もムダにせず、権力や癒着に隠れた不正を根絶し、
生活の目線から政治と行政の抜本改革をすすめます。
１. 税金のつかい道を大胆に変えます｡ ます。同時に、局長以上のポストの民間等からの登用など政治のリーダー
シップ確立と政策責任の明確化を実現します。
[1]公共事業のムダを止め、生活・環境重視に転換します。 分権の推進や中央省庁の機能・役割の見直しにより、国家公務員の
国直轄の大型事業を、平成18年度予算案までに、3割、9000億円 省庁間異動や定数削減、高級官僚の手当等の見直しなどを順次すすめ、
を目標に削減します。平成16年度予算から、ムダづかいの象徴である 4年以内に、国家公務員人件費総額を1割以上縮減する効率的な政府
川辺川ダム事業（熊本県・総事業費2650億円）や吉野川可動堰計画（徳 に改革し、さらに分権の推進等により効率化と縮減を図ります。
島県・総事業費1040億円）など、大規模な直轄公共事業の建設や計
画をストップし、真に地域振興となる事業に振替ます。
さらに、徳山ダム（岐阜県）をはじめ他の個別事業についても精査し、 ３. 政治家の不正を根絶し、議員定数を削減します。
凍結、中止、見直し等に分類して、できるものからただちに着手します｡
工事が相当すすんでいる諫早干拓事業（2490億円中2250億円が [1]企業・団体献金を全面公開します。
執行済）、工事が終了した長良川河口堰などについても、住民・自治体 「口利き政治」「利権政治」の根絶をめざし、政治腐敗防止法案を
の意見を聞きながら今後のあり方を見直します。 平成16年の国会に提出し、その成立を図ります。
事業量を減らすのではなく、電子入札の導入促進などを含めた入
札改革で談合を防止し、より少ない経費で、より多くの事業を可能に 政治家の「あっせん利得処罰法」の処罰対象を、議員等の親族や
します。 首長の秘書にまで拡大します。
[2]道路公団を廃止し、高速道路を原則無料化します｡ 公共事業受注企業からの政治献金を全面禁止します。
地域でも高速道路を使いやすくし、物流コストの引き下げ、生活の利
便向上をめざしてフリーウェイとするとともに、さまざまな｢族お化け｣ 企業・団体献金の公開基準を、現行の年間5万円を超えるものの
がはびこっている道路を「つくる、利用する、管理する」それぞれの面 公開から、全面公開へ広げていくとともに、収支報告等をインター
において、地域と国民の手に取り戻します。 ネット上でも公開することを義務付けます。
道路公団廃止と高速道路原則無料化 [2]一票の格差是正をめざすとともに、
多額の投資をしながら有効活用されていない高速道路を生かす 衆議院の議員定数を80議席削減します。
ことで、地方を活性化するとともに、流通コストの削減を図るために、 勾留中の国会議員について、歳費等の支払いを凍結し、有罪判決が
高速道路は、3年以内に、一部大都市を除き無料とします。日本道 確定した場合にはこれを支払わないことを内容とする改正案を提出し、
路公団・本州四国連絡橋公団は廃止します。無料化によってコスト 成立を期します。
が削減するだけでなく、出入り口を大幅に増設できることから、地方 衆議院小選挙区の一票の格差是正をめざすとともに、衆議院比例
の高速道路が暮らしに生かせる道路としてよみがえります。 議席定数を80議席削減する法案を国会に提出します。平成16年中
高速道路に係る債務返済と道路の維持管理には、年間2兆円が に法案を提出した上で、与党として各党会派に呼びかけ、国民監視
必要ですが、現在、国と地方を合わせて9兆円に達している道路 のもとでの議論による合意を図り、実施に移します。
予算の一部振り替えと、渋滞・環境対策の観点から例外的に徴収
する大都市部の通行料でまかないます。
道路特定財源廃止・自動車関係諸税軽減・環境税創設
自動車にかかる税金が、道路建設を優先するために高く設定さ
れてきたことを踏まえて、道路特定財源を一般財源化するとともに、
税金を大幅に引き下げます。平成17年度中に、道路特定財源の廃
止法案と、自動車重量税半減・自動車取得税廃止の税制改革法案
を国会提出して、その成立をめざします。
同時に、将来の世代に良好な地球環境を引き継ぎ、また京都議
定書の議長国としての国際的責任を果たすため、わが国産業競争
力の維持に配慮した措置を講じつつ、実効ある温暖化対策として
二酸化炭素の発生源に、環境負荷の程度に応じて炭素含有量1トン
あたり3000円程度の税金をかける｢環境税｣を創設します。
２. 官僚 の天下りを禁止し、公務員人件費を縮減します。
官僚の天下りを禁止します。民間企業への再就職しか対象になって
いない規制を、平成17年度中をめどに、特殊法人などの政府関係法人等
にまで拡大します。
また、政権任期中に、国際労働機関（ILO）勧告にもとづいて、一般の
公務員に労働基本権を保障する一方、人事院機能の見直しや公正な人
事評価システムの確立などをすすめ、国民に開かれた公務員制度とし
33
3
「 自 立 力 」を もった
活 力 に 輝く地 域 を 創 造します 。
地域が自立性をもつことで、住民一人ひとりの活力から「つよい地域」が生まれます。
民主党は、自治と地域の経済力を培い、道州制も展望した「分権革命」を推進します。
１.「分 権革命」：地域の問題は自分たちで決める社会を築きます｡ ４. 郵政改革で国民サービスの向上と、
地域・中小企業への資金供給をすすめます。
[1]国の補助金18兆円を廃止し、
地方が責任と自覚をもって使えるお金に変えます。 本年4月に郵政公社が発足しましたが、郵便事業の実質的独占、郵貯
つかい道が不必要に制限されている総額約20兆円におよぶ国の 資金等の特殊法人によるムダづかいなどの弊害は除去されていません。
補助金のうち、約18兆円分を廃止し、地方自治体ごとの責任と自覚 「民営化」の掛け声や見せかけの改革ではなく、現実に国民生活の向上・
によって使途を決められる「一括交付金」にします。 地域経済の活性化に資する郵政改革をすすめます。
廃止する約18兆円の補助金のうち、約5.5兆円分を所得税から地 民主党は、現在の郵便ポスト10万カ所設置などの高すぎる郵便事業
方住民税に税源移譲し、約12兆円を一括交付金とする案を軸に、全 への参入要件や、経営に対する過剰な行政の関与を排除し、2年以内に、
国の改革派知事・市町村長とも協力して、税財源移譲をすすめます。 ユニバーサルサービス（全国どこでも一律料金で配達）を前提として、
政権獲得後、予算措置でできる部分から個別補助金の廃止＝一括 民間企業の参入を大胆にすすめます。
交付金化を開始します。さらに、平成17年夏までに関係法律の改正を また生活者の観点から、例えば郵便局でパスポートが取れるようする
すすめ、平成18年度には、補助金の廃止を約18兆円にまで拡大します。 など、郵便局ネットワークを行政のワンストップサービスの拠点として
なお、国から地方への財源移譲に当たっては、住民による行政に 活用します。
対する評価や監視態勢の整備を行うとともに、国が率先して実施す 最終的な経営形態を考えるには、その前に膨大な郵貯・簡保資金を
る入札改革などの談合防止策や、行財政改革による行政経費の節 どうするかを決めることが先決です。まず、金融情勢を見定めつつ、郵
減を、地方自治体にも求めていきます。 便貯金の預入限度額及び簡易保険の加入限度額の段階的な引き下げ
をはじめます。
[2]中央省庁の権限限定と自治確立、 さらに、郵貯・簡保資金を地域、中小企業に役立たせるシステムを市
住民の行政参加権限を明確にします。 場機能を活用して構築することを検討します。
任期中に、中央省庁の権限を限定して、地方自治体との間の権限
配分を明確にすることなどを内容とする地方自治確立に関する法
律案、また、施策の決定に住民が参加し意思を反映するために最も ５. 6 割のＮＰＯに税制でも支援します。
重要な「情報公開」「住民の直接参加」を強化するための「住民自治
推進基本法案（仮称）」や「住民投票法案」を国会提出し、その成立 特定非営利活動法人（ＮＰＯ）を、地域のサービス等の供給の担い手、
をめざします。 雇用の受け皿として育成・支援します。
任期中に、全国1万2000余のＮＰＯのうち、僅か15法人（2003年8月現
在）しか認定されてない税制優遇の認定要件を、その6割が認定を受けら
２. 中 小企業予算7倍増、 れるように大幅に緩和します。また、少額寄付をしやすくするため、個人が
政 府系融資の個人保証撤廃を実現します。
ＮＰＯ法人に行う寄付の所得税控除を1万円以下の寄付でも認めます。
地場産業と商店街に元気を取り戻すため、中小企業むけの助成や商
店街の活性化のための予算（平成15年度予算で約900億円）を7倍増に
６. 「 緑あふれる地域」を次世代に引き継ぎます。
する年次計画をつくり、まず平成16年度予算では倍増させます。エンジ
ェル税制の改善などにより、事業立ち上げ時に資金が円滑に集まる仕組 [1]10年間で1000万haの森林を再生―「緑のダム」を育みます。
みを構築し、起業の促進も図ります。 森林に本来の保水力を取り戻すことによる水害防止効果や、森林
また、金融再生ファイナルプランに加えて、個人保証を余儀なくされて による二酸化炭素を固定し地球温暖化を防ぐ効果に着目し、環境破
いる中小企業金融の誤った常識を転換させるため、政府系金融機関(国 壊型公共事業から、環境・緑を守る持続可能な公共事業（＝緑のダ
民公庫､中小公庫､商工中金)が行う貸付は､5年間で原則として個人保 ム事業）へと転換し、10万人の雇用増につなげます。
証をなくします。 間伐などの森林整備を公共事業化することにより、10年間で1000
万haの森林を再生することをめざし、政権獲得後ただちに年次計画
を策定して、初年度に約1000億円、4年後には2500億円の予算を
３. 1兆円の農業関連予算を改革し、 国直轄の公共事業の振替で捻出します。また、この計画に付随して、
無駄のない直接支援・直接支払制度をつくります。 美しい河川を取り戻し、人々の憩いの場、多くの生物が生息する場と
するために河川の自然再生事業を積極的にすすめます。
食料の安定と食の安全確保のため食料自給率の向上を図るとともに、
緑豊かな国土の保全など、農業の多面的な機能を再評価し、国民的合 [2]新エネルギー予算を倍増、低公害車普及･拡大をすすめます。
意にもとづく「環境と食の業」としての農業の確立をめざして、食料の 風力、太陽、バイオマス、波力・海洋エネルギー等の再生可能エネ
安定生産・安定供給を担う農業経営体を対象に、平成18年度スタートを ルギーや、燃料電池等を中心とした未来型エネルギーの開発普及
めざして直接支援・直接支払制度を導入します。 のため、新エネルギー関連の予算を計画的に増額し、現行の年間
不透明な部分が極めて多い農林土木公共事業の削減、複雑な生産奨 1500億円から政権任期中に3000億円へと倍増させます。
励などの個別補助金の洗い直しを行い、その関連予算約1兆円の中から また、電気自動車、燃料電池自動車をはじめとした環境にやさし
新しい制度の財源を捻出します。 い乗物に対する助成を強化します。すでに普及しつつある電気自
動車に対する集中的助成、今後本格的実用化が見込まれる燃料電
池車への支援を中心にして、低公害車の普及･拡大をすすめます。
必要な予算は、エネルギー関係予算全体の中での振替および環境
対策予算などを充てます。
34
4
子ども や 高 齢 者 、女 性 、誰 も が 安 心して 働 き ､
暮らせ る 社 会 を つくります ｡
子どもたちを健やかに育み、確かな営みが築かれ、
人生を通じて人が優先、尊重される社会こそが、本当につよい社会です。
一人ひとりがしなやかでたくましく生きられるための基盤整備をすすめます。
１. 誰もが安心して働ける社会をつくります。
[3]無利子奨学金の貸与額を50％引き上げます。
長期の不況によって親の経済状況が悪化し、途中退学を余儀なく
[1]誰もが仕事に就き、労働が正当に評価されるルールを確立します。 される高校生、専門学校生、大学生が増えていることを踏まえ、緊急
現在5％台半ばの失業率を4％台前半以下に引き下げることをめ 措置として、平成16年度から3年間、無利子奨学金の貸与額を、例え
ざし、就業機会の拡大を図るとともに、ワークシェアリングや男女共同 ば自宅外私大生で現行6万3000円を9万4500円にするなど、希望者
参画の推進、不払い残業の解消などに取り組み、失業の新規発生を について50％引き上げます。また、就学継続が困難な生徒に対する
食い止め、就労者を増やします。 授業料の減免措置を行う高校への財政支援を拡充します。
経済の変化に即した労働者の権利擁護、さまざまな面での官民格 この政策を実施するために必要な予算は、約600億円程度となり
差の是正、国際的ルールの確立などを推進します。 ますが、文部科学部門の予算の精査及び政府予算全体の冗費削減で
捻出します｡
[2]パート均等待遇の実現、育児・介護休業制度の拡充をすすめます。
平成16年度中に、正社員とパート社員などとの間の合理的な理由 [4]成人年齢を18歳に引き下げ、選挙権も18歳以上とします。
のない格差を是正し、均等な待遇を実現するパート労働法改正案を 若い世代に、社会の一員としての責任感を醸成し、積極的な社会
国会提出し、短時間労働であることを理由として、賃金その他の労 参加を保障するため、成人年齢を18歳とし、選挙権年齢も18歳から
働条件について正規社員等と差別することを禁止します。 付与します。次の総選挙から選挙権を付与できるよう法改正案を国
また、実質的に1年以上の雇用契約を結んでいる有期雇用労働者で
会提出し、その成立をめざします。
あれば、育児・介護休業がとれるようにします。育児・介護休業制度全体
についても、子どもが生まれてから小学校に入学するまでの間、月単位 ３.「 老後の安心生活」世界一をめざします。
で2回まで分割して取得できるようにするなどの改善をすすめます。
[1]若者からも信頼される安心の年金制度をつくります。
[3]能力開発と月10万円の手当支給で、 現行の年金法では、平成16年度から、基礎年金に対する国庫負担（税
失業・廃業からの再出発と暮らしを応援します。 金投入）を、「3分の1」から「2分の1」に引き上げることになっています。
雇用保険会計の安定を図るとともに、失業給付期間が終わっても このためには、2兆7000億円の予算が必要となり、現政権が事態を先
就職できない人や、自営業を廃業した人などを対象として、能力開 送りしてきた中では、一気に実施することが不可能になっています。
発訓練を拡充し、最大2年間、月額10万円の手当を支給する法案を 民主党政権は、平成16年度から徹底して予算のムダづかいにメスを
国会提出するとともに、平成16年度途中から適用できるよう予算を 入れ、それによって生み出される財源を段階的に基礎年金に充てるこ
用意します（平年度約2500億円を見込みます)。 とで、5年間で国庫負担率を2分の1に引き上げます。
また、倒産やリストラで失業した人が安心して医療を受けられるよう、
医療保険料を1年間軽減します。この措置に必要な国費は年間25億 また、民主党政権は、将来にわたって持続可能な年金制度として、
円です。 国民すべてに適用される新たな「二階建」の年金制度を再構築します。
まず、厚生年金等と国民年金を一元化し、すべての人を対象に、所
２. 子 どもたちを健やかに育成します｡ 得に比例した拠出を財源とする「所得比例年金（仮称）」を設けます。
所得比例年金では、現役時代の拠出に応じた給付を受けることにな
[1]一人ひとりに目が行き届き､ ります。利権の温床として食い物にされている、運用の実態すら明ら
親の不安が解消される教育を実現します｡ かにされていない年金積立金をガラス張りにして、高齢化のピーク
一人ひとりの子どもにきめ細かく目が行き届くようにするため、民 にあわせて50年程度で取り崩し、保険料の引き上げを抑制します。
主党政権4年間において、少なくとも小学校3年生以下のクラスにつ これに加えて、税を財源とする「国民基礎年金（仮称）」を設け、老
いて、すべて30人以下とします。平成16年度から毎年約800億円ず 後の最低限の年金を保障します。国民基礎年金は、所得比例年金の
つ予算を増額し、同時に、必要教員数については配置実態などの精 給付額が少ない人に、より厚く支給することとして、すべての人に同
査をすすめるとともに、必要な法律改正もすすめます。 レベルの国民年金・基礎年金を支給する現行制度に比べ、相対的に
学校内・地域での犯罪・災害から子ども達を守る対策をすすめる 少ない財源ですべての人に最低限の年金を保証できることになりま
とともに、「学校5日制」や学力低下問題などに関する親の不安解消、 す。また、税が財源ですので、国民年金のような無年金者や空洞化と
学習指導内容を含む自治体の教育権限の充実､保護者や地域住民 いう問題も生じません。
の学校運営への参画の推進、学校評価制度等の導入促進などにつ 新制度発足後の国民基礎年金の財源は、政権一期目に予算のムダ
いて、平成17年度中に「教育改革基本計画」を策定し、平成18年度 づかいに大きくメスを入れて実現する国民年金国庫負担分2分の1
から「平成の教育改革」を順次、実施に移します。 の財源に加えて、デフレ経済を克服して安定的な経済成長が回復す
ることを条件に、年金控除の見直しや消費税の一部を年金目的税化
[2]幼保一元化やＮＰＯ支援で保育を拡充し、 することで確保します。
学童保育も2万カ所に増やします。 新制度への切り替えにあたっては、十分な経過期間をとり、また既
約3万人といわれる保育所入所を待つ待機児童の解消をめざし、厚 に年金を受け取っている人への給付水準や、既に保険料を支払った
生労働省=保育所と文部科学省=幼稚園という縦割りによる分離を是 期間に対応する部分の給付水準は維持します｡
正し、幼稚園と保育園の「幼保一元化」を推進します｡また、ＮＰＯなど
が行っている駅前保育・保育ママなど地域の多様な資源の積極活用を 所得比例年金を導入するには、すべての人の所得を公平かつ正確
含め、平成16年度から待機児童解消に向けた具体策を実行に移します。 に把握することが不可欠です。また、所得の捕捉が正確になされなけ
現在、約1万3000カ所で行われている学童保育を4年間で2万カ所 れば、将来の年金財政を正確に把握することもできません。民主党政
に増やし、指導員も4万人から6万人へと増員します｡さらに、父母の 権では、公平かつ正確な所得の把握を可能にするための税制改革を
就業実態に併せた保育時間の延長などを含め､待機児解消に向けて､ 推進し、これに基づいた具体的数値を示しつつ、年金改革を実行します。
少なくとも初年度約300億円の予算を確保します。
35
[2]地域介護の拠点として、グループホームを1万カ所増設します。 [2]盗聴法、住基ネット法、個人情報保護法を見直します。
待機要介護問題の解消をめざし、平成16年度から年間約850億円の 政権獲得後直ちに、盗聴法の運用を凍結し、2年以内に抜本改正
予算を確保し、4年間で、地域の身近な介護拠点―グループホームを の法律案を国会に提出します｡また、住民基本台帳法の住基ネット条
1万カ所、約10万人分増設するとともに、ヘルパーなど必要な人員を 項と個人情報保護法についても、直ちに見直しに着手し、平成17年度
養成します。 中に抜本改正のための法律案を国会に提出します。
併せて、地域の実情と自治体の創意により、都心における介護付住
宅の整備やバリアフリーのまちづくり､高齢者医療の充実などを推進 [3]テレビの字幕化を推進します｡
します｡ 聴覚に障害がある方々もテレビ放送を楽しみ、情報を確保できる
(この政策には、実際に地域で介護問題に日々取り組んでいる、地 ようにするため、平成19年までに、技術的に可能なすべてのテレビ
方自治体議員さんからの提案が含まれています) 番組の字幕化を実現します。字幕化を行う放送事業者や製造業者に
対しては、事業支援措置として約100億円の助成を行います。
４.一 人ひとりの人権が尊重される社会を実現します。 [4]外国籍の人も希望により住民票に記載します｡
現在、外国籍の人は、日本国籍の人と結婚して一緒に暮らしてい
[1]差別の解消をめざす法律を制定します。 ても、住民票には名前すら記載されないため、さまざまなトラブルが
社会にまだまだ残っているさまざまな差別を解消するため、平成17 生じています。そこで、本人が希望した場合には外国籍の人も住民
年度末までに、法務省から独立した人権委員会の設置などを盛り込ん 票記載を行うよう、住民基本台帳法を改正します。
だ、「人権侵害の救済に関する法」、すべての障害者に「完全参加と
平等」を保障し、具体的な差別の禁止を規定する「障害者差別禁止法」、 (上記二つの政策は、民主党がインターネットを通じて政策を募集し
年齢を理由とした就職差別を禁止する「年齢差別禁止法」など、差別 た際、聴覚に障害をもつ方、国内に居住する外国籍の方から提案い
解消のための法律の制定をめざします。 ただいた政策です)
5
国 民 の 命と健 康 を 守 る
つ よ い 社 会 を 実 現します 。
社会全体の安全性が低下し、私たちの身の周りが危険に囲まれています。
生命と健康が尊ばれ、国内外でモラルが行き届く社会を再建して、
国民の命と健康を守ります。
１. 健やかさを保つ生活へと改善します。
[3]カルテ開示・医療費明細書発行の義務化を実現します。
[1]早期発見・治療で安心の医療を実現します。 患者と医師の信頼関係と協力をさらに良好なものとするため、患
診療報酬改定プロセスの透明化をすすめます。 者に対するカルテの開示と医療費明細書の発行を義務付ける法律
受診抑制を解消し、早期発見、早期治療を促進するためにも、平成 案を、平成16年度中に国会に提出します。
18年の診療報酬改定時点で、健保本人の医療費自己負担は2割に引
き戻すとともに、医療制度改革、高齢者医療制度改革をすすめます。 [4]「食」の安全を一元的に厳しくチェックします。
また、診療報酬改定時には、薬、医療材料、医科点数、歯科点数、訪問看 輸入食品検査や食品流通規制、食品表示制度などを一元的に扱い、
護等についてのデータや価格データの公表を行うとともに、パブリック 食品の安全規制を強化するため、平成19年度までに、農水省と厚労
コメントに付すこととします。また、診療報酬改定作業を行う中央社会 省に分かれている「食品リスク管理」業務を内閣府設置の「食品安
保険医療協議会の委員構成を診療側、支払側、公益側（患者側を含む） 全委員会」に一本化して、公正取引委員会並みの権限を付与し、消費
それぞれ同数とし、その議事録を公開します。これらの改革は平成17 者代表の委員選任など抜本的な強化をすすめます。予算は平成19
年度から順次、すすめます。 年度において約200億円を必要としますが､厚生労働・農水両省の
予算を振替ます｡
[2]350カ所の小児救急センターを整備し、
小学校卒業までの医療負担を1割に軽減します。 [5]安全を最優先し、原子力行政の監視を強めます。
小児救急医療体制を整備し、政権取得後3年以内に、全国で350カ
原子力に関する行政機関を推進と規制に明確に分離し、安全を最
所以上の小児救急センター病院を指定して、いざという時の受け入 優先させます。原子力の安全規制機関を経済産業省から切り離して、
れ体制を確立します。 内閣府に独立した行政機関を新たに設置し、強力かつ一元的なチェッ
また、小児医療に関する診療報酬の適正化を図る一方、健康保険 ク体制を築きます。
における小児医療の患者負担を、3歳未満については2割から1割へ、 平成17年に国会に法案を提出し、18年度よりの施行をめざします。
3歳から小学校卒業年次までは3割から1割負担へと軽減するため、平成
17年度までに改正案を国会に提出します。必要な国の予算は約450億
円と見込まれます｡国費については冗費の振替で行い、健保について
は財政状況に配慮します｡
36
２. 犯 罪に厳しく対処し、安全な地域を取り戻します。 [3]改めてイラクへの復興支援のあり方を見直します。
米国等のイラクへの武力行使は、国連憲章など国際法に違反する
[1]警察官の3万人増員により、落ち込んだ検挙率を回復させます。
ものであり、容認できません。戦闘が続くイラクへの自衛隊派遣を規
5年間で48％に落ち込んだ凶悪犯罪の検挙率を5年前の水準で
定しているイラク特措法については、戦闘地域と非戦闘地域との区
ある84％に回復させることを目標とし、4年間で地方警察官を3万
別もつかないこと、実質的に米英軍による戦闘・占領行為を後方支
人以上増員して、「地域・刑事・生活安全」警察機能の拡充、防犯パト 援することになることなどの観点から、これに基づく自衛隊の派遣は
ロール体制の強化と「空交番」解消をすすめます。平成16年から4年間、
行わず、廃止を含め見直しを図ります。
毎年6000〜7000人を増員し、毎年約400億円ずつ、4年後には1600
しかし、政権崩壊に至った現状の下、被災したイラク国民に対して、
億円の予算を確保します。 医療・教育・経済分野等の人道･復興支援については、積極的に取り
また、市民の声を警察行政に反映させます。平成17年通常国会に
組みます。すみやかにイラクに主権を委譲していこうという国連等
警察法改正案を提出し、都道府県公安委員会に、独自の事務局をも の取り組みを支援し、復興支援を目的とする国際的な取り組みに対
った市民・有識者等のオンブズパーソンからなる「苦情処理委員会」 しても、その拠出先･使途・運用などに照らした適切な財政支援を含
の設置をめざします。 め、積極的に関与します。
イラク国民による政府が樹立され、その要請にもとづき安保理決
[2]仮釈放のない「終身刑」を創設し、凶悪犯罪の罰則を強化します。 議がされた場合には、わが国の主体的判断にもとづいて憲法の範囲
罰則が軽すぎると批判のある凶悪犯罪について罰則を強化し、仮 内でＰＫＯ、ＰＫＦの派遣基準を緩和し、自衛隊の活用も含めた支援に
釈放のない「重無期刑」の創設を図るとともに、刑罰全体の見直し 取り組みます。
をすすめ、政権獲得後3年以内の刑法改正をめざします｡
[4]犯罪対策の強化など「日米地位協定」の改定に着手します。
[3]ドメスティック・バイオレンス（ＤＶ）防止法を強化します。 わが国の外交安全保障の基軸である日米同盟を健全に運営する
平成16年中に、「配偶者からの暴力の防止及び被害者の保護に関
ため、凶悪犯罪容疑者について起訴前に日本の司法当局に引渡しを
する法律」（通称：DV防止法）の改正案を国会提出し、保護命令対象 認める原則や、米軍施設への日本法令の適用原則、環境保全条項など
を元配偶者・子ども・親族などに広げます。脅迫行為や電話による を盛り込むことをめざし、日米地位協定の改定に着手し、3年を目途に
接触の禁止、退去命令や接近禁止命令の期限延長など、保護命令制 結論を出すことを目標にします。なお、協定改定の交渉中も、アジア
度の改善を図るとともに、警察改革による相談体制等の強化をすす 情勢等を踏まえつつ、在日米軍基地の整理・縮小を追求します。
めます。
自立支援体制の強化とともに民間シェルターに対する事業支援を増 [5]大使等の民間登用率を2割に向上させます。
額することとし、年間約25億円の予算を平成16年度から確保します。
「日本の顔」として柔軟かつ効果的な外交を展開するため、大使等
(特命全権公使を含む)の任用を、学者、ＮＧＯ関係者、首長や政治家
経験者などに広げ、日本人の顔の見える活力ある外交を推進します。
３. 国 連中心主義で世界の平和を守ります。
大使等の民間人登用を、現在の6％から当面20％を目標とし、政権
獲得後の4年間で達成します。
[1]自立的な外交と国連機能強化をすすめます。
受け身の外交姿勢を改め、日本を明確な外交意思をもつ国に変 [6]地球環境保全に向けた基本法を制定し、環境外交を展開します。
えます。 人類と自然との共生の理念にもとづいて、日本が世界に貢献する
日米同盟を本当の意味で進化させるために、「協力すべきは行う、 戦略的外交課題として、地球環境保全活動をすすめます。平成17年度
言うべきは言う」ことを対米関係の基本姿勢とし、日米関係を成熟し 末までに、「地球全体の環境保全」という理念を明確にし、地球環境
た同盟に強化します。 保全に向けた基本法案を国会提出し、その成立をめざします。
アジア地域における相互協力と信頼醸成をすすめ、FTA(自由貿
易協定)の締結促進など経済協調の推進、地域的安全保障、そして環 [7]国民を守ることができる防衛力整備への転換を図ります。
境や教育、犯罪対策などを含めて、アジアの一員としての連携と協 平成17年中に新しい防衛構想を策定して、ミサイルの脅威やテロな
力を強化します。 ど多様な危機に柔軟に対応できるようにします。
国連の人道支援、環境対策、教育や人権、紛争予防活動などに対し 新しい防衛構想では、 陸上自衛隊の削減、 テロなどに対処する
て積極的な貢献をすすめながら、国連改革に積極的に取り組み、国 特殊部隊導入強化、 予備自衛官の拡充、 機甲師団の廃止、戦車、
内世論と加盟国の支持を前提に日本の安保理常任理事国入りをめ 火砲の20％縮減、 陸海空3自衛隊の統合運用強化、 軍事技術の
ざします。 ハイテク化・IT化、 ミサイル防衛力の向上―などを5年以内に実現
国民の間にも理解と支持が定着しているＰＫＯに関しては、発展す することをめざします。
るＰＫＯの要請に応ずべく、派遣される隊員の武器使用基準の見直し、 また、弾道ミサイル防衛については、その必要性を踏まえ、費用対
参加条件･規模･期間等に関する国会の関与のあり方等について積 効果など総合的観点から検討をすすめます。
極的に検討を進め、日本として、国際平和の維持･構築に正面から関 これらに必要な予算は約5000億円となりますが､従来の防衛予算
与できるようにします。 の中での振替で対応します。
[2]拉致事件の解決など北朝鮮問題に正面から取り組みます。
拉致事件の解決は、日本の主権、人道上の見地から喫緊の最重要
課題です。被害者家族のすみやかな帰国、事件の全容解明を北朝鮮
に強く迫るとともに、国連をはじめ国際世論に広く働きかけます。ま
た、脱北者問題に積極的に取り組むとともに、不審船等による覚醒剤
事件の取り締まりなど海上警備体制の強化を図ります。
核・大量破壊兵器の問題は、地域の安全にとって重大であり、6者
協議の国際的取り組みを評価し、将来この地域での信頼醸成機構に
発展させることを展望するとともに、さらに国連を加えた取り組みを
充実させます。
民主党政権政策 MANIFESTO（マニフェスト）
発行日2003年10月20日
発行 民主党
民主党本部 〒100-0014 東京都千代田区永田町1-11-1
URL http://www.dpj.or.jp
",,
71624_200509,"




















政権の樹立と改革断行4つ
第1ステージ(cid:0) 第2ステージ(cid:0)
1 2
st 20日プラン(cid:0) nd 100日プラン(cid:0)
STAGE STAGE
9月12日〜9月末(cid:0) 〜06年1月上旬(cid:0)
(cid:0) (cid:0)
政権移行期(cid:0) 新政権始動期(cid:0)
第1週（9月12日〜17日）(cid:0) 国会での総理の所信表明演説で、「100日改革プラン」
9月12日午前、岡田代表（総理予定者）ほか副総理、 を提示します。その骨格は以下のようなものです。(cid:0)
官房長官、副長官予定者などを招集し、「政権移行 （1）旧来行政の全面的な刷新のため、総理を議長と
委員会」を発足します。ただちに、新政権における基 する「行政刷新会議」を設立します。同会議には、企
本政策の確認、重要閣僚や補佐官や秘書官などの 業再生に実績を上げた経営者、会計財務や財政制
スタッフなどの人選をおこないます。(cid:0) 度の専門家、各行政分野ごとに民間専門家をメンバ
ーとして登用します。この時期には、各省ごとに5項目
第2週（9月18日〜24日）(cid:0)
事務次官など省庁の幹部人事に着手し、政治任用 程度の旧来事業の重点刷新案を絞り込んで、徹底
ポストを指定します。年功序列人事を改め、改革意 的なムダや不正のあぶり出しをおこないます。(cid:0)
欲に富んだ官僚や民間人、学識経験者など政策人 （2）総理を議長とする「国家経済会議」を設立します。
材を結集します。また、第2ステージの「100日改革プ 国の予算の大枠は、総理のリーダーシップの下で決
ラン」を作成します。(cid:0) 定し、各省庁はその枠内で予算の細目を決める、とい
う予算編成方式を採用します。国家経済会議には、
第3週（9月25日〜30日）(cid:0)
民間人も含めて外部から人材を登用し、06年度予算
特別国会において、首班指名を受け、組閣するととも
基本方針を策定するほか、行政刷新会議と連携し、
に党役員人事を決定します。閣僚や政治任用ポスト
事業の抜本見直しをおこないます。(cid:0)
には、民間からの大胆な人材登用も含め、適材適所
(cid:0)
を徹底します。(cid:0)
(cid:0)
(cid:0)
(cid:0)
政権を支える人材の結集(cid:0) 行政刷新会議・国家経済会議の設置(cid:0)
(cid:0)
1． 政権移行委員会の発足(cid:0) １． 所信表明演説(cid:0)
2． 基本政策の確認(cid:0) ２． 100日改革プランの提示と実行(cid:0)(cid:0)
3． 閣僚・党役員人事の決定(cid:0) ３． 行政刷新会議の設立(cid:0)
4． 官邸、省庁の幹部人事、政治任用の開始(cid:0) 各省ごとに旧来事業を重点的に刷新(cid:0)
5． 100日改革プランの作成(cid:0) ４． 国家経済会議の設立と予算編成チームの官邸移行(cid:0)
(cid:0) 従来のシーリングの白紙見直しと新予算編成方針(cid:0)
(cid:0) ５． 予算政府案の編成(cid:0)
6 ． 300日改革プランの作成(cid:0)
20
岡田政権500日プラン(cid:0)
のステージ(cid:0)
第3ステージ(cid:0) 第4ステージ(cid:0)
3 4
rd 300日プラン(cid:0) th 500日プラン(cid:0)
STAGE STAGE
〜06年7月(cid:0) 〜07年4月(cid:0)
(cid:0) (cid:0)
行政刷新期(cid:0) 抜本改革期（改革加速期）(cid:0)
06年度予算政府案編成後、「300日改革プラン」を提 旧来型の族政治、陳情政治、官僚支配を根っこから
示し、マニフェストに示した内政・外交上の重要課題 断ち切るため、本格的な法律改正を含めた中長期的
への具体的対応を07年度予算要求に盛り込むよう な行財政改革案「500日改革プラン」を提示します。
政府内での調整を進めます。(cid:0) 具体的には、天下り禁止と政治任用拡大のための公
国家経済会議では、第2ステージで決定した改革の 務員制度改革、ムダづかいをなくすための公会計制
方針に沿い、財政再建を進めるための「財政健全化法」 度の導入、政治家、高級官僚の退職金の国債での
やその他の財政関連法の一括改正案を立案します。(cid:0) 支払い、地域主権の国づくりに向けた「地域主権基
行政刷新会議においては、第2ステージで決定した重 本法」の立案、各省設置法の廃止などに着手します。(cid:0)
点刷新案を徹底することに加え、中長期的改革にも また、国会が政府の無駄な政策や事業を常に監視す
着手します。全ての国の事業を、官と民、国と地方の るため、「行政評価院（日本版GAO）」の設置を提案
役割分担の観点から見直し、国の事業の縮小を図り します。(cid:0)
ます。国が責任を負う事業についても、官民競争入 これらの法案は08年の通常国会での成立をめざしま
札の導入、会計制度・入札制度の改革をおこない一 すが、野党（自民党など）が反対する場合、統一地方
層の効率化と質の向上を図ります。この時期には特 選挙、参議院選挙などで国民の信を問います。(cid:0)
殊法人への天下り規制を導入するほか、公務員制度 (cid:0)
の全面的見直しに着手します。(cid:0) (cid:0)
(cid:0)
(cid:0)
政府事業の徹底的見直し(cid:0) 行財政改革関連法案群の提示(cid:0)
1． 300日改革プランの提示と実行(cid:0) 1． 500日改革プランの提示と実行(cid:0)
2． 国家経済会議の改革方針に基づく財政再建の推進(cid:0) 2． 行財政改革関連法案群の国会提出と成立努力(cid:0)
（ 財政健全化法案の立案）(cid:0) ・天下り禁止と幹部職員の外部登用促進のため(cid:0)
3． 行政刷新会議で決定された重点刷新案の実行、(cid:0) の 公務員制度改正(cid:0)
中長期的改革の着手(cid:0) ・公会計制度改革の導入(cid:0)
4． あらゆる政府事業の徹底的な見直し・縮小(cid:0) ・政治家、高級官僚の退職金の国債での支払い(cid:0)
5． 官民競争入札の導入、会計制度・入札制度の改革(cid:0) ・「地域主権基本法」の立案(cid:0)
6． 特殊法人への天下り規制措置の導入と(cid:0) ・各省庁設置法廃止と行政編成弾力化のための法案立案(cid:0)
公務員制度の全面的見直し着手(cid:0) ・国会における行政評価院設置(cid:0)
７． 500日改革プランの作成(cid:0) 3． 参議院選挙での国民への訴え(cid:0)
(cid:0) (cid:0)
(cid:0)
21
マニフェスト政策各論(cid:0)
民主党政権は、政策決定のシステムや予算編成の仕組みも、そして既得権益に縛られた多くの政策も、(cid:0)
まったく新しいものへと転換します。「日本を、あきらめない」――その具体策が「政策各論」です。(cid:0)
この「政策各論」は、日本を刷新していく希望の種、将来の可能性そのものです。(cid:0)
1
憲法 (cid:0)
日本では今、時々の政府の都合によって憲法が な議論を推し進め、日本国憲法が高く掲げる「国 員の3分の2以上の合意を達成し、その上で国民
恣意的に解釈され運用されるという、いわば「憲 民主権」「基本的人権の尊重」「平和主義」の 多数の賛同を得なければなりません。民主党は、
法の空洞化」がすすんでいます。このままでは、 3つの基本原則をさらに深化・発展させます。 国会におけるコンセンサスづくりにも、真摯に努
憲法に対する国民の信頼感はますます損なわれ 力していきます。
てしまいます。民主党はこの状況を克服し、国家 憲法の姿を決定する権限を最終的に有している
権力による恣意的解釈を許さず、立憲主義を基 のは、政党でも議会でもなく、国民です。民主党は、 「日本国の象徴」にふさわしい開かれた皇室を
本に据えた、より確かな憲法の姿を追求していき 自らの「憲法提言」を国民に示すと同時に、その 実現するため、皇室典範を改正し、女性の皇位
ます。 提言を基として、国民との対話を精力的に推し 継承を可能とします。
進めていきます。憲法改革のための提案が現実
民主党は、過去ではなく、未来に向かって創造的 となるためには、まず衆参各院において国会議
2
外交・安全保障(cid:0)
1.「 開かれた国益」の実現を(cid:0) ひとつです。両国首脳間に信頼関係を築きあげ （2） 日米の共同行動に関して(cid:0)
めざします。(cid:0) た上で、経済、金融、通貨、エネルギー、環境、海洋、 基本方針を明確にします。(cid:0)
(cid:0) 安全保障などの分野で政策対話を深化させ、制 安全保障上の諸課題について、日米同盟が「安
○受け身の外交姿勢を改め、主体的な構想力を 度化していきます。 定力」として十分に機能するよう、日本の主体性
もって世界の平和と豊かさに貢献し、その中で日 を前提にして米国との防衛協力を推進します。ま
本の平和と豊かさを実現することが、日本の「開 （3） 日韓関係を強化します。(cid:0) た、日米の共同行動に関して基本方針を明確に
かれた国益」です。排外的ナショナリズムや一国 日韓関係の強化も非常に重要です。日韓ＦＴＡ（自 します。
平和主義ではなく、日本と他の国々がともに利益 由貿易協定）をすみやかに締結し、経済交流・文
を享受する外交を展開します。 化交流を活発化させます。 （3） 日米地位協定の改定に着手し、(cid:0)
3年を目途に結論を出します。(cid:0)
○日本はかつて戦争への道を選び、国民に深刻 （4） 東アジア共同体の構築をめざします。 わが国の外交安全保障の基軸である日米同盟
な犠牲を強いたのみならず、多くの国々、とりわけ アジア地域における相互協力と信頼醸成をすす を健全に運営するため、日米地位協定の改定に
アジア諸国の人々に対して植民地支配と侵略 め、ＦＴＡ・ＥＰＡ（経済連携協定）の締結を推進し、 着手し、在日米軍の凶悪犯罪容疑者について
によって大きな損害と苦痛を与えました。私たちは、 農業分野などの貿易面のみならず、人の移動の 起訴前に日本の司法当局に引渡しを認める原
この歴史の事実を謙虚に受け止め、率直な反省 自由化、エネルギー、環境、教育、保健、犯罪対 則や、米軍施設への日本法令の原則適用、環
と謝罪の気持ちを忘れません。60年前の戦争の 策など、さまざまな分野でアジア各国・地域との 境保全条項などを盛り込むことについて、3年を
検証を政府が中心になって行います。 連携と協力を強化します。アジア地域を不戦地 目途に結論を出すことを目標にします。
域とすることを各国共通の目標とすることをめざ
○同時に、私たちはいままで日本が実現してきた すとともに、将来的にはアジア・太平洋を含む姿 （4） アジア情勢などを踏まえつつ、(cid:0)
平和主義、民主主義、経済的繁栄に自信と誇り に拡大・発展させることを展望します。 日米の役割を見直します。
をもっています。民主党は「自信に裏づけられた 外交・通商政策における縦割り省庁体制を改め、 米軍の変革・再編（トランスフォーメーション）の
謙虚さ」をもち、アジアにおいても、世界において 強い政治的リーダーシップの下で、アジア諸国と 機会をとらえ、在沖縄海兵隊基地の県外への機
も、自らの責任をしっかり果たしていきます。 の経済協調を推進します。 能分散をまず模索し、戦略環境の変化を踏まえ
(cid:0) つつ、国外への移転をめざします。普天間基地
○これまでに戦争で犠牲になった方々や、国際 3. 日米関係を進化させます。(cid:0) については、早期返還をアメリカに求めます。
公務に携わる中で不幸にして命を落とした方々 (cid:0) (cid:0)
のための国立追悼施設を建立します。 （1） アジア・太平洋地域の公共財としての(cid:0) 4. 世界の平和と安定に貢献します。(cid:0)
日米同盟の価値を高めます。(cid:0) (cid:0)
2. 平和で豊かなアジアをつくります。(cid:0) 日米同盟は、アジア・太平洋地域の安定の要で （1） 国連など国際機関の強化を図ります。
(cid:0) あり、日米両国は自由と民主主義という価値を共 グローバル化がすすむ今日、安定的な平和の実
（1） 近隣諸国との信頼醸成を図ります。 有しています。しかし、単に米国に追随するだけ 現と持続可能な経済発展、大量破壊兵器の拡
アジア諸国からの留学生受け入れを増やすなど、 では、真の日米同盟強化に寄与しません。日本 散防止とテロの抑止、国際機関の強化は、日本
未来志向で建設的な外交関係をつくりあげます。 国民やアジア・太平洋諸国の声を米国に伝え、 の「開かれた国益」につながります。
必要な場合には米国に自制を促すことが、アジア・
（2） 日中関係を再構築します。(cid:0) 太平洋地域の公共財としての日米同盟の価値 （2） ＯＤＡ（政府開発援助）を(cid:0)
日中関係の再構築は日本外交の最重要課題の を高めることになります。 戦略的に活用します。
22
ＯＤＡの透明性、効率性を重視し、外部監査・業 テロ、ゲリラ、サイバー攻撃、不審船・武装工作 核・ミサイル問題は、東アジア地域の安全・安定
績評価を徹底するとともに、国連の取り組みとの 員などの多様で新たな脅威に柔軟に対応できる にとって重大な影響を与えるものであり、六者協
連携を図ります。環境、人権、紛争予防、平和構 ようにします。 議などを通じ、その解決と信頼醸成機構の創設
築、人間開発、アフリカなどへの人道支援、ＮＧＯ をめざします。
との連携、感染症対策、貧困層へのきめ細かい （2） 弾道ミサイル防衛は、その必要性を踏まえ、(cid:0) 「北朝鮮人権侵害救済法案」の成立をめざすと
融資（マイクロ・クレジット）、人間の安全保障な シビリアン・コントロールを徹底します。 ともに、成立した「改正外為法」「特定船舶入
どの観点から、ＯＤＡを有効な外交ツールとして 弾道ミサイル防衛については、その必要性を踏ま 港禁止特別措置法」に基づく措置の発動も視
再生させます。 え、シビリアン・コントロールを徹底しつつ、費用 野に入れ、拉致事件、核･ミサイル問題の解決に
対効果などを含め総合的観点から検討をすすめ 全力をあげます。早期に実質的・具体的な進展
（3） ソフト・パワーを発揮します。 ます。これらに必要な予算は、防衛予算の中で がみられない場合、六者協議の場に加え、国連
国際的な人的ネットワークの広がり、文化・交易 の振り替えで対応し、負担増を抑えます。 安保理での問題解決を求めていきます。
面での交流の深化など、いわゆるソフト・パワー 脱北者問題に積極的に取り組むとともに、不審
の戦略的な活用によって、アジア・太平洋地域 （3） わが国の領土・領海、(cid:0) 船などによる密入国、密輸・覚醒剤事件の取り
をはじめとする国際社会における平和構築に積 排他的経済水域を守ります。(cid:0) 締まりなど、海上警備体制の強化を図ります。
極的な役割を果たします。 北方領土問題の早期解決に取り組むとともに、
尖閣諸島・竹島を含むわが国の領土・領海、排 8. イラクから自衛隊を12月までに(cid:0)
（4） 国際平和の維持・構築に(cid:0) 他的経済水域を守るため、国(cid:0)連海洋法条約に 撤退させ、日本にふさわしい(cid:0)
正面から取り組みます。 基づく「海洋権益確保法制（資源探査等主権 イラク復興支援に取り組みます。(cid:0)
国連の要請に対しては、新たな「国際平和協力 行使法案など）」の制定をめざします。
隊（仮称）」の創設などについて検討をすすめ、 イラク全土に、「イラク人道復興支援活動等に
日本として国際平和の維持・構築に正面から関 6. 緊急事態に迅速に対処するため、 (cid:0) 関する特別措置法」の定める「非戦闘地域」は
与できるようにします。また、ＰＫＯ（国連平和維 「 緊急事態基本法」の制定と(cid:0) 存在していません。また、イラク国民を含め戦闘
持活動）に関しては、多様化する協力要請に対 「 危機管理庁」の創設をめざします。(cid:0) やテロによる死傷者は増大し、サマワ周辺の状
応するため、派遣される隊員の武器使用基準や、 況も最近とくに悪化しています。
参加条件・規模・期間などに関する国会の関与 （1） 次期通常国会において(cid:0) 自衛隊の派遣期限が切れる今年12月までに、イ
のあり方を見直します。 「 緊急事態基本法」を制定します。(cid:0) ラクから自衛隊をすみやかに撤退させます。一方、
次期通常国会において、緊急事態の定義、緊急 サマワの深刻な失業問題への対応など、イラク
（5）「 国際刑事裁判所（ＩＣＣ）」への(cid:0) 事態における基本的人権の尊重、国・地方公共 復興に向けた新たな支援については、ＯＤＡなど
早期加盟をめざします。(cid:0) 団体の責務、国会の関与のあり方などを内容とす を活用して積極的に行っていきます。
集団殺りくや戦争犯罪など、国際法上看過でき る「緊急事態基本法（仮称）」を制定します。 同時に、テロの根源とされるイスラエル・パレスチ
ない事態に対応していくために、「国際刑事裁 ナ紛争の解決への取り組みをはじめとし、中東
判所Ｉ(ＣＣ）」への早期加盟をめざします。 （2） 緊急事態に迅速に対応できる(cid:0) 全体の安定に資する国際協調体制の構築をめ
態勢を整えます。(cid:0) ざして、日本としてふさわしい貢献を行います。
（6） 国連安保理常任理事国入りをめざします。 「危機管理庁（日本版ＦＥＭＡ）」の創設により、
膠着した国連改革を根本から建て直し、国内世 武力攻撃、テロ、大規模自然災害など、各種の 9. 大使などの民間からの登用率を(cid:0)
論と加盟国の支持を前提に国連安全保障理事 緊急事態に迅速に対応できる態勢を整えます。 倍増します。(cid:0)
会常任理事国入りをめざします。
(cid:0) 7. 拉致事件の解決など北朝鮮問題に(cid:0) 「日本の顔」として柔軟かつ効果的な外交を展
5. 国民を守ることができる(cid:0) 積極的に取り組みます。(cid:0) 開するため、在外公館のあり方を見直します。大
防衛力整備への転換を図ります。(cid:0) 使など(特命全権公使を含む)の任用対象を、民
(cid:0) 拉致事件の解決は、日本の主権、国際的人権 間人、学識経験者、ＮＧＯ関係者、首長や政治
（1）政権獲得後2年以内に(cid:0) 侵害の見地から喫緊の課題であり、被害者・家 家などに広げ、日本人の顔が見える活力ある外
新たな防衛構想を策定します。(cid:0) 族全員のすみやかな帰国、特定失踪者問題の 交を推進します。民間人などキャリア外交官以
政権獲得後2年以内に新たな防衛構想を策定し、 真相解明など、拉致事件の全面解決を北朝鮮 外の大使などへの登用率の倍増を目標とし、政
自衛隊の体制・装備・運用などを見直し、ミサイル、 に強く迫ります。 権獲得後4年間で達成します。
3
社会保障・雇用(cid:0)
1.「 公平・透明・持続可能」な制度へ、(cid:0) す。保険料が今後13年連続で上がり続ければ、 金制度への抜本改革を実現します。
年金制度を抜本的に改革します。(cid:0) 現役世代の負担が過重となり、保険料を払えな その前段階として、まずは徹底的なムダの排除、
い人がさらに増えることが予想されます。事業主 現行制度の見直しに取り組みます。
与党は昨年の法改正を依然として抜本改革だと 負担の増大が雇用に悪影響を及ぼすことも懸
強弁していますが、出生率や年金保険料の納付 念されます。また、女性の年金制度に対する不 （1） 議員年金をただちに廃止します。
率は政府の想定を下回っており、政府が国民に 信も全く解消されていません。何より、現行制度 現在の国会議員互助年金制度はただちに廃止し、
約束した「保険料率の上限固定」や「給付水準 では年金月額1万円、2万円という人が多く、年 国会議員も国民と同じ公的年金制度に加入す
50％」が実現できる可能性は、乏しくなってきて 金本来の役割を果たせません。これでは国民が ることとします。
います。 年金制度に不信を抱くのは当然です。
職業や就業形態によって分立する年金制度は、 年金制度に対する国民の信頼を回復し、年金制 （2） ムダづかいの社会保険庁は廃止します。
現在の人々の働き方の多様化に対応しておらず、 度を将来にわたり持続可能なものとするために、 国民の財産である年金保険料をムダづかいする
未納や未加入問題が発生する一因となっていま 2008年度までに「公平・透明・持続可能」な年 社会保険庁は廃止します。社会保険庁が行っ(cid:0)
23
ていた年金保険料の徴収は、国税庁を改編した れぞれの収入とみなす方式（二分二乗方式）を の内容を本人及び家族に十分な説明を行い、
歳入庁で行います。税と保険料の徴収を一体 採用します。婚姻中の年金保険料は、このみな 理解を得ることを前提に、患者の自己決定権（リ
化することにより、効率的かつ適切な徴収を行え し収入に基づき、それぞれが納付したものとします。 ビングウィル）を尊重する施策を講じます。また、
る体制を整えます。 これによって、働く女性の不公平感を解消すると コミュニティーの中で保健・医療・介護・福祉の
ともに、専業主婦の年金権を確立します。 ネットワークを構築する体制をつくり、介護施設
（3） 基礎年金国庫負担率引き上げは(cid:0) 及びグループホームにおいて、より充実した訪問
予算の徹底的な見直しで(cid:0) （7） 納税者番号制度を導入します。 看護・医療を提供できるようにします。
政府与党は、基礎年金に対する国庫負担（税金 所得比例年金を導入するには、すべての人の所
投入）を「3分の1」から「2分の1」に引き上げる 得を正確に把握することが不可欠です。また、所 （3） 多くの国民の命を奪う「がん」と(cid:0)
ため、所得税定率減税の縮減を行いました。今 得の把握が正確にできなければ、将来の年金財 正面から闘います。(cid:0)
後も定率減税廃止などの所得税増税や消費税 政を正確に見込むこともできません。正確な所得 わが国では年間100万人が病気などによって亡
率引き上げを予定しています。しかし、年金制度 の把握を可能にするために、納税者番号制度を くなりますが、そのうち30万人はがんが原因です。
の抜本改革を行わず、年金保険料の流用なども 導入します。 がんはもはや国民病とも言えます。がんに対する
是正しないまま、国民に負担を求めることは許さ 不安を少しでも解消し、適切な相談・治療を受け
れません。民主党は、徹底して予算のムダづかい （8）「 無年金障がい者」(cid:0) られるように、全国360カ所のがん拠点病院に「情
にメスを入れ、それによって生み出される財源を 「 無年金高齢者」の救済へ 報センター」を設置して相談員を配置し、がんに
段階的に基礎年金に充てることで、2008年度ま すべての無年金障がい者を「特定障害者特別 関する基礎知識、予防法、治療法、病院別治療
でに国庫負担率を2分の1に引き上げます（所要 障害給付金支給法」の救済対象（現在は元学生、 成績などの情報やデータが容易に入手できる体
額2兆7000億円）。 主婦）とすることにより、無年金障がい者に基礎 制を整備します（所要額500億円）。治療成績
的な所得保障を行います（所要額900億円）。 の公開にあたっては、学会の協力を得て、客観
（4） すべての年金を一元化します。 また、国籍要件などの影響で、無年金、低年金と 性を確保します。
職業や働き方で加入する年金制度が異なること なった高齢者（在日外国人、在外邦人）に対して 日本人に適した安全な治療法の開発のため、治
が、未納・未加入を生み、国民の間に不公平感 も、老齢福祉年金などに準じた給付を行えるよう 験の推進と保険導入を図るための制度をすみや
や不信感をもたらします。これらを所得比例年金 にします。 かにつくります。現状では、がん医療に地域格差
に一元化することによって、すべての人が同じ年 があります。先進国水準のがん治療技術を広く
金制度に加入し、「所得が同じなら、同じ保険料 2. 安心し納得できる医療を(cid:0) 国民が享受できるように、医療機関のネットワー
負担」「同じ保険料負担なら、同じ年金給付」と 実現するための改革をすすめます。 ク化をすすめ、専門医の育成に取り組みます。ま
いう一目でわかる公平で透明な年金制度に改め た「標準治療」として患者が最良の投薬治療を
ます。その際、保険料率は上限15％とし、事業主 （1） 患者の立場に立った(cid:0) 受けられるよう「特定療養費制度」を大幅に拡
負担増が雇用を脅かすことがないようにします。 予防・早期発見・治療が一体となった(cid:0) 充します。
一元化によって、転職などの際の年金に係わる 安心の医療を実現します。(cid:0) 根治をめざせない緩和医療、あるいは再発予防
手続きを行う必要がなくなり、未加入を生む大き 次期医療制度改革においては、患者の立場に の領域においても、相互補完・代替的な治療を
な要因を解消できるとともに、常に自分が将来受 立った予防・早期発見・治療が一体となった安 中心とした新しい医療、最先端の医療法の開発
け取る年金額がわかるようになります。 心の医療を実現します。納得できる医療サービ を推進します。
スの提供と医療の質の確保・向上を図るため、
（5） 年金目的消費税などを財源に(cid:0) 積極的な医療情報の開示、説明と同意の原則 （4） カルテ開示・医療費明細書発行を(cid:0)
老後の最低限の年金を保障します。 の徹底、患者の自己決定権（リビングウィル）の 義務化するとともに、(cid:0)
所得比例年金に加えて、税を財源とする最低保 尊重とセカンド・オピニオンを得るためのルール 医療事故の防止に取り組みます。
障年金を設け、老後の最低限の年金（月額7万円） づくりを行います。 患者と医師の信頼関係を良好なものとするため、
を保障します。最低保障年金は、税金を財源とす 診療報酬改定時には、薬、医療材料、医科点数、 患者に対するカルテの開示と医療費明細書の
ることから、高所得者への給付を制限することに 歯科点数、訪問看護などについての詳細情報 発行を義務づける法律案を次期通常国会に提
より、すべての人に同レベルの国民年金・基礎 や価格データの公表を行うとともに、パブリックコ 出します。また、第三者機関への医療事故報告
年金を支給する現行制度に比べ、相対的に少 メントを行うことなどを通じ、保険点数の適正化を の義務化など、続発する医療事故・医療ミス防
ない財源で、すべての人に最低限の年金を保障 図ります。また、診療報酬改定作業を行う中央 止対策を強化します。
できることになります。また、税が財源ですので、 社会保険医療協議会（中医協）の委員構成を
現行制度のような無年金者や空洞化という問 診療側、支払側、公益側（患者側を含む）それぞ （5） 歯科医療と精神医療の充実をめざします。
題も生じません。新制度発足後の最低保障年 れ同数とするとともに、中医協の下部組織も含め、 医科疾患と歯科疾患は密接な関係があります。
金の財源は、予算のムダづかいに徹底的にメス すべての関連会合を原則公開とします。 健康な自分の歯を保ち、正しい咬合（こうごう）を
を入れて実現する基礎年金国庫負担分2分の1 医薬品医療機器総合機構のあり方を含め、先 維持して歯周病を予防することは、予防医療とし
の財源に加えて、安定的な経済成長の実現を 進的な医薬品や医療の提供の妨げとなってい て国民の健康に大きく寄与します。現在の医科
条件に、年金目的消費税の導入によって確保し る治験などの諸問題を抜本的に見直します。 偏重の医療行政、厚生労働省のあり方を見直し、
ます。 地域救急医療の質の向上を図り、救急患者の 歯科医療の充実をめざします。
新制度への切り替えにあたっては、十分な経過 救命率を高めるため、「ドクターヘリ」などの救急 成熟社会における健康な心身の維持のために、
期間をとり、また既に年金を受け取っている人へ 専用のヘリコプターを全都道府県に配備します。 精神医療にも力を入れ、うつ予防などのメンタル
の給付水準や、既に保険料を支払った期間に ヘルスチェック（精神予防検診）の奨励施策を
対応する部分の給付水準は維持します｡ （2） 医療の質の向上に結びつく(cid:0) 実施します。
高齢者医療制度の改革を行います。
（6） 働く女性も専業主婦も(cid:0) 透明で、独立性の高い、新たな高齢者医療制度 3. 介護保険の適正化、(cid:0)
どちらも納得の年金制度へ の創設を含む医療・医療保険制度の改革に取 障がい者福祉の拡充に取り組みます。(cid:0)
夫婦は独立した人格であると同時に、世帯単位 り組みます。
で家計を支えています。その両面を活かすために、 個人の人生観・価値観によって異なるＱＯＬ（生 （1） 介護保険制度の適正化をすすめた上で、(cid:0)
夫婦の収入を合算し、その2分の1ずつを各人そ 活の質）を重んじる医療政策をめざします。医療 エイジフリー化を実現します。
24
今後高齢化が進展する中でも制度の持続可能 正をめざします（所要額68億円）。 校に入学するまでの間、月単位で2回まで分割し
性を維持するために、不要不急の介護ニーズの て育児休業を取得できるように改善をすすめます。
掘り起こしや不適正・過剰な給付などを排除し、 4. 仕事と生活のバランスをとりながら、(cid:0) 結婚、出産、育児、介護などを経て、再就職や起
信頼できる介護保険制度をめざします。予防介 能力が最大限発揮できる(cid:0) 業にチャレンジする女性のため、教育訓練制度
護の適切な実施などの適正化を行いながら、 雇用環境をつくります。(cid:0) を創設します。
2005年の法改正で先送りされた被保険者と受
給者の範囲の拡大（介護保険のエイジフリー化） （1） 誰もが仕事に就き、労働が正当に(cid:0) （3） 能力開発と月10万円の手当支給で、(cid:0)
を2009年度から実施します。また、在宅生活を続 評価されるルールを確立します。 失業・廃業からの再出発と(cid:0)
けられるよう、必要なサービス供給量を確保します。 就業機会の拡大を図り、ワークシェアリングや男 暮らしを応援します。(cid:0)
あわせて、地域の実情にあった創意工夫により、 女共同参画の推進、不払い残業の解消などに 雇用保険特別会計の安定を図るとともに、失業
できる限り在宅生活が続けられる介護施策と、 取り組みます。失業の新規発生を食い止め、就 給付期間が終わっても就職できない人や、自営
都心における介護付住宅の整備やバリアフリー 労者を増やします。男性も女性も家事を担い、生 業を廃業した人などを対象として、能力開発訓練
のまちづくり､高齢者医療の充実などを推進します｡ 活をともに楽しむため、長時間労働を解消し、休 を拡充し、最大2年間、月額10万円の手当を支
暇が取れ、年休の完全消化ができるワーク/ライフ・ 給する法律を制定します（所要額2500億円）。
（2） 障がい者福祉制度を改革します。 バランスを実現します。過重労働やメンタルヘル また、倒産やリストラで失業した人が安心して医
現在、急速に顕在化しつつある障がい者のニー ス対策として、長時間労働者に対する医師によ 療を受けられるよう、医療保険料を離職後1年間
ズの動向を見極め、その水準を把握した上で、よ る面接指導を義務づけます。経済環境の変化 軽減します（所要額25億円）。
り総合的で適切な障がい者福祉制度を構築しま に適合した労働者の権利擁護、労働債権の優
す。精神障がい者についても、同じ水準をめざし 先的な保証、官民格差の是正、国際的ルール （4） 若者の自立のため、(cid:0)
ます。所得保障制度の確立を含め、障がい者福 の確立などを推進します。 就労支援をマンツーマンで行います。
祉予算の拡充を行うとともに、障がい種別（身体・ 「ヤングワーク・サービスセンター（仮称）」を整備
知的・精神）ごとに分かれ、その他の障がいや難 （2） パート均等待遇の実現、(cid:0) し、失業・無業状態の若者に個人アドバイザー
病などに対応できていない現在の障がい者政策・ 育児・介護休業制度の拡充をすすめます。 によるマンツーマンの就労支援、民間企業や高
法制度を抜本的に見直し、包括的な障がい者 正社員とパート社員などの間の合理的な理由の 等専門学校での職業訓練などのプログラムを用
福祉法を制定します。 ない格差を是正します。短時間労働であることを 意し、必要に応じて就労支援手当を1日1000円（月
理由として、賃金その他の労働条件について正 3万円程度）支給します（所要額360億円）。学
（3） 在外被爆者問題の解決に取り組みます。(cid:0) 社員などと差別することを禁止する「パート労働 校にも行かず、職にも就かず、職業訓練も受けて
現行の被爆者援護法は、都道府県で申請を行 法改正案」を、政権獲得後すみやかに成立させ いない「ニート」と呼ばれる若者が集まることので
うため、高齢や病気で来日できない在外被爆者 ます。 きる場所をつくり、相談・支援を行います。また、
には適用されません。在外被爆者にも援護法の 実質的に1年以上の雇用契約を結んでいる有 全国の中学2年生に年間5日以上の職業体験
適用があることを明確にし、在外公館でも各種 期雇用労働者であれば、育児・介護休業がとれ 学習を実施します（所要額17億円）。
申請を可能とするために「被爆者援護法」の改 るようにします。また、子どもが生まれてから小学
4
子育て(cid:0)
1. 子どもが健やかに育つ社会を(cid:0) Ｏなどが行っている家庭的保育制度（保育ママ 負担を、3歳未満については2割から1割へ、3歳
つくります。 と呼ばれてきたもの）など、地域の多様な資源の から義務教育終了年齢までは3割から1割負担
積極活用を推進し、待機児童解消に向けた具 へと軽減するため、2006年度中に改正案を国会
（1） 月額１万6000円の「子ども手当」を(cid:0) 体策を実行します。 に提出します（所要額400億円。健康保険組合
創設します。(cid:0) 現在、約1万4000カ所で行われている学童保育 財政には配慮します）。
次世代育成をすすめる一環として、配偶者控除・ を4年間で2万カ所に増やし、指導員も5万人から
配偶者特別控除・扶養控除（老親控除以外）を 6万人へと増員します｡さらに、父母の就業実態 （5）「子ども家庭省」の設置に着手します。
廃止することにより、子ども手当（児童手当）を にあわせた保育時間の延長などを含め､待機児 子どもや家庭に係わる問題については、文部科
充実します。所得水準にかかわらず、義務教育 童解消に向けて､少なくとも960億円の予算を 学省や厚生労働省、法務省、さらに警察庁など
終了年齢までの子ども1人あたり、月額1万6000 確保します。 多くの省庁にまたがり、縦割り行政の弊害が見
円を支給します（所要額3兆円）。 られます。政権獲得後すみやかに、子どもや家庭
（4）病院小児科ネットワーク・小児科勤務医の (cid:0) の問題について、一元的に政策立案・遂行する「子
（2）「 出産時助成金」を創設します。 大幅増をはじめ小児医療提供体制の(cid:0) ども家庭省（仮称）」の設置に着手します。
保険給付による現行の出産一時金に加え、国 構造改革を図ります。義務教育終了年齢(cid:0)
庫を財源として、出生児1人あたり20万円の助 までの医療負担を1割に軽減します。 （6） 子どもたちを有害情報から守ります。
成金を給付し、ほぼ自己負担なしに出産できるよ 小児高度専門医療中核病院50カ所以上、地域 残虐な暴力や性暴力などの有害情報から子ども
うにします（所要額2200億円）。 小児科センター240カ所以上を設置します。また を守るため、書籍の区分陳列や放送時間帯の
小児救急専任医約1000名の確保、地域の診 配慮などによって、普通に暮らす子どもたちが有
（3） 幼保一体化やＮＰＯ支援で保育を拡充し、(cid:0) 療所と病院の一般小児科での当番制導入、高 害情報に触れないですむ環境をつくります。その
学童保育を2万カ所に増やします。 度救急医療を行う小児科医の集約など、日本小 ため、「特定暴力情報等からの子どもの保護に
約2万5000人といわれる保育所入所を待つ待 児科学会が提案する「小児医療・救急医療計画」 関する法律」を制定します。また、情報社会に生
機児童の解消をめざします。「保育所は厚生労 モデルなどを参考にして、小児医療・救急医療 きる子どもたちが、情報のもつ意味を正しく理解し、
働省」「幼稚園は文部科学省」という縦割り行 体制の整備を行います（所要額10億円）。 活用できる能力（メディアリテラシー）を育むよう
政を是正し、「子ども園（仮称）」を創設して、幼 また、小児医療に関する診療報酬の適正化を図 な教育をすすめます。
稚園と保育所の一体化を推進します。また、ＮＰ るとともに、健康保険における小児医療の患者
25
5
教育・文化(cid:0)
1. 公立小中学校の改革をすすめ、(cid:0) 民主党の働きかけにより広まってきたコミュニテ あわせて、学生に多様な教育機会を提供する私
質の高い学習機会をすべての(cid:0) ィー・スクール制度を進化・改善し、地域住民、保 立学校の設立を促進するため、学校設置基準
子どもたちに提供します。 護者、校長、教職員、教育専門家などからなる学 の再点検・見直しを行います。客観基準を満たし
校理事会が経営・運営上の決定を担う地域立 ていれば、私立学校審議会の意見を聴取するこ
児童・生徒の生きる力（学力・体力・人間力）を 学校化を実現します。 となく設立を認めるように私立学校法の改正を
高めるため公立小中学校改革を行います。 行います。
保護者の経済力や社会的立場にかかわらず、質 （4） 土曜学校・放課後学習などを支援します。
の高い学習機会をすべての子どもたちが等しく 子どもたちの生きる力を総合的に伸ばすため、地 4. 希望者全員奨学金制度を(cid:0)
享受できるよう、公立小中学校の改革を断行し 域、保護者、ボランティアなどの力を最大限活用 実現します。(cid:0)
ます。 した土曜学校（自然体験や野外活動を含む）、
放課後学習、総合学習、読書推進活動などの 保護者の経済状況が悪化し、途中退学を余儀
（1） 教育人材を質・量ともに充実します。 実施を支援します。 なくされる学生・生徒が増加していることを踏まえ
学校経営能力の高い「頼れる校長」登用のため、 るとともに、学生・生徒の社会的自立と自覚を促
公募制拡大を促進します。教員の指導力向上と （5） 義務教育財源を確保します。 すため、希望者全員への奨学金貸与を可能にし
やる気を引き出すための人事改革に着手します。 公立学校における教育の質を確保・向上させる ます。あわせて、貸与額を50％引き上げます（例
これまで民主党は30人以下学級導入に尽力し ため、国から設置者（基礎自治体）に直接交付す えば自宅外私大生の場合、現行6万4000円を9
てきましたが、さらに、ＯＥＣＤ加盟国平均並みの る教育一括交付金制度の導入などにより、学校 万6000円へ）。保護者の所得要件の撤廃など
教員配置（教員1人あたり生徒16.6人）をめざし 現場で必要な教育予算の確保に万全を期します。 の条件緩和も行います（所要額600億円）。
ます。新規教職員の採用・登用にあたっては、実 また、現在、国際人権規約批准国約150カ国中、
践的な指導力を重視した採用や、社会人採用を 2. 児童・生徒の安全を高める(cid:0) 日本を含む3カ国のみが留保している「高等教育
促進します。教員養成を原則6年制とし、教科指 「 学校安全基本法」を制定します。 無償化条項」を批准します。
導や生活指導などの専門教員認定制度を創設 就学継続が困難な生徒に対して、授業料減免
します。また、学校経営者養成専門職大学院コ 子どもたちが、安全で安心な学校生活がおくれる 措置を行う高校への財政支援を拡充します。
ースの設置を支援します。 よう、学校安全対策を総合的かつ計画的に推進
(cid:0) するため、「学校安全基本法案（仮称）」を制定 5. 文化・芸術における(cid:0)
（2） 現場主権と説明責任を確立します。 します。国や自治体が、安全基準策定や体制整 知的財産政策をすすめます。(cid:0)
児童・生徒一人ひとりの状況に応じたよりきめ 備の責務・役割を積極的に担い、防犯、防災、
細かな教育を可能にするため、2006年度に「地 老朽化、事故防止、環境衛生対策（アスベスト 公正使用(フェア・ユース)規定を創設し、創作者
方教育行政法」を改正し、教職員人事、予算執行、 対策を含む）に万全を期します。 (アーティスト･クリエイター)と、将来の創作者を
教育内容に係わる権限を、設置者である基礎自 含む著作物利用者(消費者、エンドユーザー)の
治体及び学校現場へ移譲します。同時に、学校 3. 多様な教育機会確保のための(cid:0) ための知的財産政策を実施します。国会図書
評価制度を導入するとともに、保護者・地域に 私立学校改革をすすめます。 館などによるデジタル・アーカイブ事業を本格化
対する説明責任を課します。小規模自治体に関 します。
しては、教育行政単位を再検討するとともに、自 高校全入時代を迎えた現在、370万人のうち
治体間協力や都道府県によるサポートで対応し 109万人が私立高校に通学しています。私立学 6. スポーツ振興で健康を増進します。
ます。不適格教員対策などの実効性を高めるた 校生は、公立学校生に比べ著しく公的支援が 低下が著しい子どもたちの体力を増進するため、
めにも、これら現場主権と説明責任の確立が不 少なく（約3分の1）、その保護者に過重な教育 学校間交流をすすめ合同部活動を推進する外
可欠です。 費負担を強いています。この公私間格差是正の 部コーチ派遣制度確立、スポーツ少年団支援、
(cid:0) ため、私立学校（専修学校を含む）通学者に対 社会体育指導者などの身分保障、養成・確保、
（3） 地域住民・保護者の参画をすすめます。 して、直接授業料補助などを行います。 生涯スポーツ振興事業を推進します。
6
地方分権・市民活動支援(cid:0)
1. 分権革命―地域のことは(cid:0) 3年以内に税源移譲（5.5兆円）や一括交付金 と自己責任の徹底を図る観点から、改革を行い
地域で決める社会へ(cid:0) （12.5兆円）に改めます。一括交付金は、「教育」 ます。
「社会保障」「農業・環境」「地域経済」「その他」 ○第二段階では、国と地方の役割分担を「補完
（1） 税金の使い道は地域で決められるよう、(cid:0) という5つの大くくりで地方へ交付し、そのくくりの 性の原則」に基づき明確にした上で、さらなる税
18兆円の税財源を移譲します。(cid:0) 中で地方が自由に使途を決定できる財源です。 源移譲をすすめます（財源は「一括交付金」）。
○霞が関の縦割り行政による弊害と、国・地方 従来の「ヒモ付き補助金」とはまったく異なり、中 加えて課税自主権を大幅に強化し、地方の努力
のコスト意識の欠如が膨大な税金のムダづかい 央への陳情も不要になります。自治体の使い勝 による税収確保を促進することによって、自主財
をもたらしています。その最たるものが「ヒモ付き 手の良い財源が飛躍的に増え、今までの「縦割 源だけで運営できる基礎自治体の割合が、全体
補助金」です。民主党は、税金の使い道を地域 り行政」を排して、例えば高齢者福祉と保育の の2分の1を超えることを目標とします。自治体間
が自らの責任で決められるように、抜本的な税財 複合施設の建設など、地域の行政ニーズに応じ の格差を一定程度調整するために、地方交付
源移譲を行います。 た「横割り行政」的な税金の使い方が可能とな 税制度を抜本的に改めた、透明性の高い財政
○第一段階として、現在の約20兆円の補助金 ります。また、地方に当事者意識が生じることで 調整制度を構築します。また過疎・離島などの特
のうち、国が責任をもつべき事業（生活保護など） ムダな事業が減り、地方行政も効率化がすすみ 殊地域については、特別の財政調整制度を設
に係わる補助金以外の約18兆円を原則廃止し、 ます。なお、地方債制度についても、地方の自立 けます。
26
○分権政策を推進するにあたっては、国と地方 （3） 中央政府の権限を限定し、(cid:0) （1）特定非営利活動法人を税制でも支援します。
の協議を法制化し、地方の声、現場の声を聞き その範囲で強い政府をつくります。(cid:0) 特定非営利活動法人（特活法人）を、地域の公
ながら真の分権を実現していきます。 国にあまりにも多くの権限が集中していることが、 共サービスの担い手、雇用を創出する主体として
全国一律の「硬直社会」、住民が政治行政から 育成・支援し、市民活動の活性化を応援します。
（2） 市町村に権限・税財源を優先的に(cid:0) 疎外される「不満足社会」、地方が国に依存す 現在全国2万2000余の特活法人のうち、わずか
移譲し、住民が主役の社会をつくります。 る「依存社会」をつくっています。任期中に、中 34法人（2005年6 月現在）しか税制優遇の対
○地方分権とは国に集中した権限を、住民（国民） 央省庁の権限を限定し、地方自治体との間の権 象法人として認定されていません。認定要件の
に返すことです。その際、住民に最も近い基礎 限配分を明確にすることなどを盛り込んだ地方 大幅緩和などにより、特活法人全体の5割程度
自治体（市町村）に可能な限り権限と税財源を 自治確立に関する法律を制定します。これによっ が認定を受けられるようにします。また、少額寄付
移譲します。特に、人口30万人程度以上の基 て地域のニーズに応じた「柔軟社会」、住民が を行いやすくするため、1万円以下の寄付金を控
礎自治体に対しては、政令指定都市と同等かそ 政治行政に参加しやすい「満足社会」、自治体 除の対象としない、いわゆる「裾切り」を廃止しま
れ以上の事務権限と税財源を移譲します。その 間の健全な競争による「自律社会」をつくります。 す。
上で、基礎自治体にできないことは広域自治体（都 また国は、外交、安全保障、通貨、金融など限定
道府県または道州）が、広域自治体にできない された分野を担い、機動的で効率的な強い政府 （2） 公益法人制度を抜本的に見直します。
ことは国が行う、という「補完性の原則」を徹底 をつくります。 市民・共同セクターの形成に取り組みます。民間
します。 の市民活動を促進するために、民法34条「公益
○住民参加、住民による行政の評価や監視が （4） 新しい地方政治のかたちをつくります。(cid:0) 法人」の規定を改正し、非営利法人の一般法を
容易にできる環境を整備し、住民が地域の主役 基礎自治体の規模拡大、基盤強化の中で、都 制定します。新たな非営利法人制度は、（ア）主
であることを明確にします。政策の決定に住民が 道府県の自主的な判断を尊重しつつ、合併など 務官庁による許可制を廃止し登記により設立可
参加し、意思を反映するために最も重要な「情 による道州制の実現へ向けた制度整備に着手 能、（イ）法人税は原則非課税（収益事業は原
報公開」「住民の直接参加」を強化するための「住 します。同時に、住民に一番身近なコミュニティ 則軽減税率を適用、本来事業であれば課税除外）、
民自治推進基本法案（仮称）」や「住民投票法案」 ーを活性化することによって、自立と共生の社会 （ウ）一定要件を満たしている法人については現
を制定します。 を実現します。シティマネジャー制度の導入や地 在より拡充した「みなし寄付制度」や「寄付控除」
○地域のニーズに応え、活力を高めるために、国 方議会定数の見直しなど、地方の政治の仕組 などを適用、（エ）個人の寄付金については、原則、
が政省令などを通じて一律に定めている基準の みに柔軟性をもたせます。 寄付金の50％まで（所得税の20％を上限）税
うち、住民生活に密接に関係するものについては、 額控除、などが骨格となります。また法人による
地方の条例に委ね、政省令は原則廃止するなど、 2. 主権者である市民の(cid:0) 寄付金についても課税所得の10％までの損金
地域住民の判断で決められるようにします。 自発的活動を支援します。(cid:0) 算入と5年間の繰越期間を認めます。
(cid:0)
7
財政健全化(cid:0)
1. 3年間で10兆円の歳出カット、(cid:0) 法人向け支出半減（1.8兆円）、現在の個別補 特別会計制度は国の財政状況をわかりにくくし、
国債発行額30兆円未満、(cid:0) 助金の一括交付金化に伴う2割減（2.8兆円）、 また各省庁の隠れた財布となって、巨額のムダ
プライマリーバランス赤字の半減を(cid:0) 税源移譲に伴う交付税削減（1.7兆円）、その他 づかいの温床となっています。このムダづかいを
実現します。 経費の1割削減、特別会計の徹底的な見直しな 止めるために、3年間で、31特別会計63勘定の
どによって、17兆円の既存経費カットを実現します。 特別会計をすべてゼロベースで見直します。
国の一般会計のプライマリーバランス（借金収入・ その結果、2008年度予算においては国債発行 道路、治水、港湾など公共事業関係6特別会計
利払い費を除く財政収支）を8年間で黒字化す 額30兆円未満、プライマリーバランスの赤字半 のあり方を見直し、国直轄事業を半減した上で、
るため、最初の3年間は徹底的な歳出改革に取 減を実現します。 重点投資を行います。「国債整理基金特別会計」
り組みます。その間、財政再建を目的とした増税 次の5年間ではさらに歳出改革をすすめることを は「財政再建特別会計」に衣替えし、財政健全
は行いません。なお、控除整理による「子ども手当」 前提とした上で、歳入改革も並行的に行い、8 化への姿勢を明確にします。特殊法人などの財
の創設など、振り替えによって実質的に国民負 年目にはプライマリーバランスの黒字化を実現し 布となっている「財政融資資金特別会計」は廃
担増とならない範囲で、明確な政策実現を目的 ます。 止し、特殊法人などの資金調達は政府保証のな
とするものには取り組んでいきます。 い特殊法人債によるものとします（「暗黙の政府
マニフェスト政策実施のために約7兆円を充当す 2.「 ムダづかいの温床」特別会計を(cid:0) 保証」があるような印象を与える財投機関債の
る一方で、国の直轄公共事業半減（1.3兆円）、 ゼロベースで見直し、(cid:0) 名称を特殊法人債に改称します）。
国家公務員人件費総額2割減（1兆円）、特殊 財政健全化に活かします。(cid:0)
8
郵政改革(cid:0)
民主党は、郵政改革の最大の目的は、郵便貯金・ に第一に取り組みます。こうした方向での対応は、 で郵政改革に取り組みます。
簡易保険に集められた国民（民間部門）の資金 財政規律の向上と民間経済の活性化に寄与し (cid:0)
が、国債や財政投融資制度を介して公的部門 ます。 1. 現在340兆円ある郵便貯金と(cid:0)
に流れ、ムダづかいされている実情を是正するこ 2003年の衆議院選挙マニフェストの34頁、 簡易保険を適正規模に縮小します。(cid:0)
とだと考えています。そのため、郵便貯金・簡易 2004年の参議院選挙マニフェストの20〜21頁
保険の規模を徹底的に縮小し、公的部門に流 で明らかにしている方針、及び本年3月29日に発 （1） 2006年度中に郵便貯金の預入限度額を(cid:0)
れている国民の資金を民間部門に取り戻すこと 表した報告書の考え方に基づいて、以下の施策 700万円に引き下げます。(cid:0)
27
（2） 同時に、名寄せを徹底し、(cid:0) 郵貯・簡保資金のムダづかいを(cid:0) 4. お金の出し入れや公共料金支払い、(cid:0)
預入限度額を超える分については(cid:0) 元から断ちます。(cid:0) 年金受け取りなどの決済機能、(cid:0)
個人向け国債などに振り替えます。(cid:0) 行政のワンストップサービス(cid:0)
(cid:0) 3. 郵便事業については、国の責任で(cid:0) などについては、(cid:0)
（3） その後、預入限度額をさらに(cid:0) 全国的サービスを維持します。(cid:0) 国の責任で全国的に維持します。(cid:0)
500万円に引き下げます。 但し、民間事業者の参入を促進し、(cid:0) (cid:0)
国民に選択可能な「官」「民」(cid:0) 5. 郵便貯金・簡易保険を(cid:0)
（4） 8年以内に郵便貯金220兆円を(cid:0) 双方のサービスを提供します。(cid:0) 適正規模に縮小した後は、(cid:0)
半減させることを目標とします。 郵便ポスト10万カ所設置などの(cid:0) 政府系金融機関との統合も含め、(cid:0)
高すぎる参入要件を緩和し、(cid:0) あらゆる選択肢を検討します。(cid:0)
2. 特殊法人などに対する補助金(cid:0) 民間事業者の参入を具体的に(cid:0)
3.5兆円を3年間で半減させ、(cid:0) 促進します。(cid:0)
9
経済・規制改革・中小企業(cid:0)
1. 経済を活性化します。(cid:0) （3） 道路公団を廃止し、(cid:0) 出します。同時に、将来の世代に良好な地球環
高速道路を原則無料化します｡(cid:0) 境を引き継ぎ、また京都議定書の議長国として
（1）「 コンクリートからヒトへ」(cid:0) 現在の道路公団民営化の仕組みでは40兆円 の国際的責任を果たすため、わが国の産業競争
資源配分を大きく転換します。(cid:0) の借金を減らすことはできず、ムダな高速道路を 力維持に配慮した措置を講じつつ、実効性のあ
マクロ経済政策の健全化をめざします。 つくり続けることに変わりはありません。一般道 る温暖化対策としてＣＯ2（二酸化炭素）の発生
マクロ経済政策は財政政策と金融政策で運営 路建設を目的に徴収している年間6兆円の税金 源に、炭素含有量1トンあたり3000円程度の税
されていますが、この2つを健全化することが急 が、国では余っているにもかかわらず、高速道路 金をかける｢地球温暖化対策税｣を創設します（「地
務です。財政政策においては、今まで「コンクリ にはまわりません。その結果、日本の高速道路の 球温暖化対策税」については「11 環境・エネル
ート」に偏っていた資源配分を改め、「ヒト」に重 料金は世界一とも言われる高さです。民主党は、 ギー」の項参照）。
点投資します。「ヒト」を育て、新たな需要・仕事 高速道路を使いやすくし、物流コストの引き下げ、
を生み出すために、財政を適切に運営します。ま 生活の利便向上をめざしてフリーウェイ（無料化） （5） 団塊世代の地域への還流をすすめ、(cid:0)
た財政の健全化を実現するため、徹底的な歳出 にするとともに、さまざまな｢族お化け（税金をムダ 地域主体の雇用創出を図ります。(cid:0)
改革を断行し、プライマリーバランスを8年間で黒 づかいする既得権益集団）｣がはびこっている道 特定非営利活動法人に対する寄付税制の拡
字化させます。金融政策は、ゼロ金利と量的緩 路を「つくる、利用する、管理する」それぞれの面 大や、住民税の使途特定制度の普及などを通じ
和という異常な政策をできる限り早く終結させ、 において、地域と国民の手に取り戻します。 て、地域を活性化し、雇用創出を図り、民間の活
正常な状態に戻します。 多額の投資をしながら有効活用されていない高 動基盤を強化します。定年を迎える団塊世代が
速道路を生かすことで、地方を活性化するとともに、 地域に密着しながら新たな人生をスタートできる
（2） 公共事業のムダを止め、(cid:0) 流通コストの削減を図ります。不透明な道路特 よう、民間活力を活かして再就職や継続雇用の
生活・環境重視の経済政策に転換します。(cid:0) 別会計や道路公団の実態を精査し、具体的な 機会を広げ、地場中小企業や地方商店街の活
国直轄の大型事業を5割、1.3兆円を目標に削 無料化計画を策定します。そのうえで、高速道路 性化につなげます。
減します。ムダづかいの象徴である川辺川ダム は3年以内に、一定期間一部大都市を除いて、
事業（熊本県・総事業費2650億円）や吉野川 無料とします。道路関係四公団（日本道路公団、 （6）「ローン利子控除制度」創設で(cid:0)
可動堰計画（徳島県・総事業費1040億円）、八 首都高速公団、阪神高速公団、本州四国連絡 家計を支援します。
ツ場ダム事業（群馬県・総事業費4600億円）な 橋公団）は廃止します。料金徴収が不要となる 住宅ローンだけでなく、自動車ローンや教育ロー
ど、大規模な直轄公共事業の建設や計画をす など無料化によってコストが削減されるだけでなく、 ンなど、消費対価としての各種ローンに係わる利
みやかにストップし、真に地域振興となる事業に 出入口を大幅に増設できることから、地方の高 子を所得から控除する「ローン利子控除制度」
切り替えます。さらに、他の事業についても精査し、 速道路が暮らしに活かせる道路としてよみがえり を2007年度までに創設します。これによって家
凍結、中止、見直しなどに分類して、できるものか ます。また農産物、畜産物、水産物の消費地へ 計の消費を支え、豊かで多様な生活の実現を促
らただちに対応します。工事が相当すすんでいる の流通コスト、時間コスト削減は、農林漁業など 進します。
諫早干拓事業（2490億円中2368億円が執行済）、 生産者の基盤強化にもつながります。高速道路
工事が終了した長良川河口堰などについても、 に係わる債務返済と道路の維持管理には、年 （7）「貯蓄から投資へ」間接金融から(cid:0)
住民・自治体の意見を聞きながら、事業のすすめ 間2兆円の財源が必要ですが、国と地方を合わ 直接金融への金融改革をすすめます。(cid:0)
方、活用のあり方を見直します。 せて約9兆円の道路予算の一部振り替えと、渋滞・ 公正・透明な証券市場を実現し、貯蓄から投資
橋梁談合事件により、談合による公共事業の 環境対策の観点から例外的に徴収する大都市 への金融改革をすすめるため、3年以内に日本
高コスト体質が明らかとなりました。税金のムダ 部の通行料でまかないます。 版ＳＥＣ（証券取引委員会）を設立し、「金融サー
づかいを防ぐために、談合を徹底的に防止し、よ ビス・市場法」を整備します。また、個人を中心と
り少ない経費で、より多くの事業を可能にします。 （4） 道路特定財源制度の廃止、(cid:0) した株式の長期的保有を促進・拡大するための
とりわけ、官製談合防止の視点から、官製談合 自動車関係諸税の軽減・(cid:0) 配当課税の廃止・軽減や、ベンチャー企業に対
防止法及び刑法を改正し、公務員の関与に関 地球温暖化対策税の創設を行います。 する投資額の一定割合の税額控除などの金融・
する罰則を強化するとともに、天下り規制の強 自動車にかかる税金は、道路建設を優先するた 証券税制を検討し、すみやかに実現します。
化を図ります。さらに、談合防止のために、国・地 めに高く設定されてきましたが、道路政策を見直
方公共団体の入札の一般競争入札化、電子 すことにより、道路特定財源を一般財源化すると （8） 事業規制の原則撤廃をすすめ、(cid:0)
入札導入促進などを含めた入札改革に取り組 ともに、税金を大幅に引き下げます。道路特定 企業努力と起業意欲を増進させます。(cid:0)
みます。 財源制度の廃止法案と、自動車重量税半減・自 民間の活力と創造力を引き出し、新たな需要を
動車取得税廃止の税制改革法案を国会に提 掘り起こすために、民間事業活動に関する規制
28
の撤廃、公正競争の環境確保などをすすめます。 構造改革の最優先事項と位置づけます。まず経 やすなど理数系教育環境の改善や、大学入試
現行の事業規制はすべてゼロベースで見直しま 済活動の基本法である独占禁止法を抜本改正し、 改革を行います。
す。すべての官業を納税者・生活者の視点で徹 （ア）事案の性格に応じて、柔軟に減らしたり、増
底して効率化し、質の向上を図ります。そのため、 やしたりする「行政制裁金」を導入する、（イ）公 （12） 電波行政を抜本的に改めます。
市場化テストを進化させ、官民双方から競争によ 正取引委員会の審判官を増員し、法曹有資格 電波の有効利用促進のために周波数割当制
って優れたサービスを低廉に提供する主体を選 者を過半数とする、（ウ）法令遵守に着目した減 度を抜本的に見直します。同時に、公正な競争
ぶ「生活利便向上テスト」を実施し、事後チェッ 免制度を導入する、（エ）官製談合に関して発注 を促進するために独立した行政機関として「通信・
クを強化します。 官庁職員の行為の申告者への制裁金を減免す 放送委員会（日本版ＦＣＣ）」を創設します。
来年度から「生活利便向上テスト」を実施するこ る、などを2006年度中に実現します。あわせて、
ととし、所要の法整備を行うとともに、強力かつ中 行政側に対する厳格対処規定を盛り込み、警察、 2. 中小企業を支援します。(cid:0)
立的な第三者機関を設立し、その下で対象事業 検察との連携も含め公正取引委員会の機能を
者の選定と落札者の決定を行うこととします。対 強化するとともに、官製談合防止の視点から、公 （1） 中小企業予算倍増、政府系融資の(cid:0)
象には特殊法人、独立行政法人の行う事業を 務員の関与に関する罰則強化などを図り、官製 個人保証撤廃などにより(cid:0)
含めるとともに、地方自治体にも「生活利便向 談合防止法、刑法の改正を実現します。 「 再起できる中小企業政策」を展開します。(cid:0)
上テスト」の導入を促す仕組みとします。 地域産業と商店街に元気を取り戻すため、中小
2006年度中に「規制改革推進基本法（仮称）」 （11）科学技術政策を戦略的に推進する体制を(cid:0) 企業向けの助成や商店街の活性化のための予
を制定し、規制改革を推進する上での法的根拠 整え、次世代の競争力を確保します。 算をまずは倍増します。エンゼル税制の改善など
を明確にし、規制の全面見直し、アクションプラ 今後、医療を含む生命科学分野、情報通信技術、 により、起業の促進も図ります。また、個人保証
ン策定、進捗状況の評価・監視などに、早急か ナノテクノロジー（超微細技術）関連技術、環境・ を余儀なくされている中小企業金融の誤った常
つ着実に取り組みます。 エネルギー技術などが世界の経済・産業競争の 識を転換させるため、政府系金融機関が行う融
主要分野となることは確実です。次世代の産業 資については、個人保証をなくします。
（9） 競争力強化・技術力強化に向けて、(cid:0) 競争力確保の観点から、これら先端技術分野に
知的財産権立国をめざします。(cid:0) おける研究者・技術者の質的・量的不足を一刻 （2）「お金を貸せる銀行」をつくります。(cid:0)
国際競争力の強化、科学技術振興を図るために、 も早く解消するとともに、課題とされる倫理規制 ○中小企業金融（自営業者を含め、個人の信
知的財産権の強化に取り組みます。「知的財産 の整備などを含む技術開発施策を戦略的に推 用に基づき受けている融資）を、大企業向けの
基本法」をさらに具体化し、中小企業・ベンチャ 進します。その際には、国民生活の維持向上・安 貸付と明確に区別して取り扱います。担保に偏
ー企業に対する支援強化、知的財産紛争処理 全確保、産業競争力強化、基礎研究の推進、地 らずキャッシュフローに重点をおいた中小企業向
能力の強化、知的財産権に関する専門家の育成、 球環境対策、などの長期的観点から研究テーマ け金融検査マニュアルを大企業向けとは別につ
地域をはじめとする産学の連携強化、研究開発 を選定し、国家予算を集中的に投入します。 くり、貸し渋り、貸しはがしを解消させます。
予算の配分見直し、研究者の意欲向上につな また、科学技術政策を戦略的に推進するための ○金融機関の地域への寄与度や中小企業に
がる環境の改善、ＴＬＯ（技術移転機関）の充実、 体制を整備し、予算の配分は組織単位の補助 対する融資条件などについて、情報を公開させ
模倣品対策や特許権侵害対策の強化をすすめ 金ではなく、研究内容そのものに着目し、研究者 る「地域金融円滑化法」を制定します。
ます。 単位での資金配分を行う仕組みに転換します。 ○中小企業金融の円滑化・適正化を図る観点
研究開発への客観的評価を徹底するために「研 から、銀行に対して、貸付条件などの説明義務、
（10） 国際標準並みに独占禁止法を(cid:0) 究開発評価法」を制定します。 書面の交付義務、貸付方針の策定義務を課す
抜本改正します。 さらに未来の人材を育成するため、初等教育に 法律を制定します。
公正な競争を実現するための基盤確立を、経済 おいて科学や理数分野に理解の深い教員を増
10
農業・林業・水産業(cid:0)
1. 農政の柱としてー補助金行政から(cid:0) 安全保障、諸外国への食料人道支援、余剰米を ともに、ヨーロッパ型の本格的なグリーンツーリズム
直接支払へ大胆に転換します。(cid:0) 利用したバイオマス推進への道を確立します。 などをすすめる施策を実施します。
特に、食料安全保障の観点から、農地を有効活用 なお、農業就業人口の約6割を占める農山漁村に
現在の農政は、作物の価格支持政策や構造改善 するとともに、現在の農地面積約470万haを確保 おける女性の重要な役割を考慮し、そのために、「農
事業への助成を中心とした補助金漬けの内容とな します。 山漁村女性起業支援法」の制定や、農山漁村女
っています。これを抜本的に転換し、農業・農村を 性子育て支援ヘルパー制度を創設するとともに、
活性化するため、農政の柱として、原則としてすべ 2. 農山漁村を活性化します。(cid:0) 行政や地域社会運営の意思決定の場への女性
ての販売農家に直接支払を行います。 参画支援を行います。
総額は1兆円程度とし、このうち5000億円を国の 都市への人口集中がすすんでいますが、日本の発 さらに、農業に意欲のあるサラリーマン・定年退職
直接支払として米・麦・大豆・雑穀・菜種・飼料作 展を考えた場合、わが国の国土の大半を占める農 者に対し、農業の継続・市町村の農地の利用計
物などの重点品目を対象に行います。また地方分 山漁村の活性化を抜きには語れません。そのため、 画に基づくこと・転用を認めないことなどを要件とし
権を推進する観点から地方に5000億円を交付して 就業機会の拡大、教育・医療サービスの向上、公 て、農地取得の下限面積条件を緩和します。
地方公共団体が地域の農業の実情を反映した直 共交通機関の確保などによる定住条件の向上を
接支払ができるようにします。 すすめ、子どものいる家族や高齢者でも安心して 3. 水産資源回復事業で(cid:0)
その他、中山間地域や環境保全型農業（有機農 住めるような地域環境の整備を推進します。また農 漁村を活性化します。(cid:0)
法など）に対する直接支払を実施します。 村資源の保全（基幹水利施設などの維持管理など）
これらの施策により、現在の自給率40％を、政権獲 を国・地方公共団体が責任をもって行えるようにし 日本はかつて世界でも有数の水産物輸出国でし
得後10年で50％にまで引き上げ、将来は60％以 ます。 たが、現在は輸入国に転落し、水産物の自給率は
上にすることを目標とします。さらに、強制減反の廃 また、都市と農山漁村の交流を推進するため、農 53％まで落ち込んでいることから、わが国の水産資
止と米の備蓄300万トン体制の実現により、食料 山漁村において、農林漁業体験学習を推進すると 源の管理徹底と本格的な回復を図ります。その一
29
環として、魚介類の産卵場である「海藻による海 さまざまな公益的機能をもっている森林を効果 整備を計画的に行い、10年間で1000万haの森
中の森」を公共事業で造成するとともに、資源 的かつ早急に再生するために、林野行政と環境 林を再生することをめざします。政権獲得後ただ
回復事業を実施します。また、漁村を活性化する 行政を一体的にすすめます。 ちに年次計画を策定し、初年度に1000億円、4
ため、集落が独自に行う資源回復事業や活力維 天然林の育成をすすめ、森林の水害防止効果 年後には2500億円の予算を充当します。また、
持事業に対し、500億円程度の直接支払を行い や地球温暖化防止効果を高めます。治山治水 森林認証制度の推進や公共建築物への一定
ます。(cid:0) 事業を隠れ蓑とした環境破壊型公共事業を縮 量の国産材使用の義務づけ、木質バイオマスの
(cid:0) 減し、環境・緑を守る持続可能な公共事業（＝ 推進などにより、国産材の利用推進を図ります。
4. 10年間で1000万haの森林を(cid:0) みどりのダム事業）に転換させ、12万人の雇用 なお、これらの施策とあわせ、河川の自然再生事
再生（みどりのダムの育成）します。 増につなげます。 業を積極的にすすめます。
人工林の管理・充実をすすめ、間伐などの森林
11
環境・エネルギー(cid:0)
1. 地球温暖化対策を(cid:0) が国産業競争力の維持・強化を図ります。また、 5. 原油高、中国などのエネルギー(cid:0)
強力に推進します。(cid:0) 輸入石炭に対しても一定の措置を設けます。税 需要の増加などに対応し、(cid:0)
収は、省エネルギー・新エネルギーの技術開発、 環境・エネルギー分野における(cid:0)
地球温暖化防止のために、国内におけるさらな 設備投資、普及などに優先的に配分します。こ 国際協力を推進します。(cid:0)
る温室効果ガス削減が必要です。しかし、温室 れにより、環境技術立国として、環境と雇用を両
効果ガスの排出削減義務を定めた京都議定書は、 立させた持続可能な社会を構築します。なお石油・ 近年の原油価格の高騰、中国を含むアジア諸
「究極の目標」に向けた第一歩に過ぎません。ま 石炭税制についても、そのあり方を含め今後検 国などのエネルギー需要の高まり、地球温暖化
ずは、国内における温室効果ガス削減の長期目 討します。 対策の必要性などにかんがみ、日中韓とロシアを
標を設定します。その上で、エネルギーの需要抑 含む東アジア・北太平洋地域における環境・エ
制、省エネルギー対策の推進、再生可能エネル 3. 新エネルギー予算を倍増、(cid:0) ネルギー分野での国際協力を推進します。とりわ
ギーの普及促進、フロン回収の推進のために、 低公害車の普及・拡大をすすめます。(cid:0) け、（ア）風力、太陽、バイオマス、燃料電池など
地球温暖化対策税などの経済的措置を導入し 新エネルギーの研究開発・普及促進、（イ）産業
ます。諸外国との環境対話を積極的に推進し、 風力、太陽、バイオマス、波力・海洋エネルギーな 部門、民生部門を通じた省エネルギー技術の開発・
地球温暖化の進展を食い止めるために国内排 どの再生可能エネルギーや、燃料電池などを中 普及の推進、（ウ）二国間及び多国間のエネル
出権取引制度を導入するなど、より実効性のあ 心とした未来型エネルギーの開発普及のため、 ギー政策協議の緊密化、に重点をおきます。
る施策を実施します。また、ポスト京都議定書に 新エネルギー関連の予算を計画的に増額し、現 中国に対しては、原子力や石炭ガス化を利用し
向けた新たな国際的枠組みに対する主導的役 行の年間約1700億円から任期中に3000億円 た発電などの技術開発・普及の促進に向けた
割を果たすために環境外交を推進していきます。 へと増額をめざします。すでに普及しつつある電 支援を積極的に行い、あわせて環境汚染に対す
気自動車に対する集中的助成、今後本格的実 る対策の強化、環境保全に関する国際的な枠
2. 地球温暖化対策税を創設します。(cid:0) 用化が見込まれる燃料電池車への支援を中心 組みへの参加を働きかけます。国際法理や科学
にして、低公害車の普及・拡大をすすめます。必 的根拠に基づき、天然ガス・石油の共同開発を
経済活動の地球環境に与える影響（外部費用） 要な財源は、エネルギー関係予算全体の中での 実現し、東シナ海を平和の海とするよう努めます。
を内部化し、市場メカニズムの価格決定システ 振り替えおよび環境対策予算などを充当して確
ムの中に組み入れる必要があります。特に、京 保します。 6. 資源循環・廃棄物管理法案の(cid:0)
都議定書の達成が極めて困難となっている地 成立をめざします。(cid:0)
球温暖化対策では、経済的措置の導入は喫緊 4. 安全を最優先し、(cid:0)
の課題です。化石燃料の使用抑制・効率化と、 原子力行政の監視を強めます。 大量生産・大量消費・大量廃棄の社会を省資
省エネルギー・新エネルギーの技術開発や環境 源型の循環型社会へと転換させるとともに、不
関連投資促進に資する地球温暖化対策税を導 原子力に関する行政組織を推進機関と規制機 法投棄や不適正処理を防ぐために、現在の法
入します。ＣＯ2排出量（炭素含有量）に着目し、 関に明確に分離し、安全を最優先させます。原 制度を変える必要があります。（ア）廃棄物・リサ
炭素含有量1トンあたり3000円程度の課税を行 子力の安全行政を経済産業省から切り離し、内 イクル法制の統合、（イ）有価・無価に影響され
います。電力については、現在の電源開発促進 閣府に独立した規制機関を新たに設置すること ない廃棄物の定義、（ウ）リサイクル施設に対す
税を一部組み替えて課税する炭素・エネルギー により、強力かつ一元的なチェック体制を築きます。 る環境規制の適用、（エ）製造者の製品引取義
税とします。ただし、その際には他に転換不可能 そのため、民主党が既に提出している「原子力 務（拡大生産者責任）の明記、（オ）埋立税・焼
な原料炭・ナフサなどの原材料としての使用に 安全規制委員会設置法案」を任期中に成立さ 却税などの導入（経済的措置）、を内容とする「資
ついては課税の対象から外します。産業界など せます。 源循環・廃棄物管理法案」を2006年度に提出
の温暖化ガス発生抑止への効果的な取り組み (cid:0) します。
に対しては税の軽減もしくは還付制度を設け、わ (cid:0)
12
法務・人権(cid:0)
1. 国民に身近で公正な司法制度に(cid:0) （1） 裁判員制度に国民が参加しやすい(cid:0) の理解がすすむように広報を強化します。また、裁
改革します。(cid:0) 環境整備を行います。 判員休暇制度の創設、裁判員の育児・介護などへ
2009年の裁判員制度開始までに、国民の制度へ の配慮を含め、国民が参加しやすいよう環境整備
30
を行います（所要額5億円）。 3. 仮釈放のない「終身刑」を創設し、(cid:0) 聴覚に障がいがある方もテレビ放送を楽しみ、情
刑罰を見直します。 報を確保できるようにするため、2009年度までに、
（2） 国民が利用しやすい(cid:0) 技術的に可能なすべてのテレビ番組の字幕化
総合法律支援制度を充実します。(cid:0) 仮釈放のない「終身刑（重無期刑）」の創設を を実現します。字幕化を行う放送事業者や製造
全国どこでも、誰でも、いつでも法的サービスが 図るとともに、刑罰の見直しをすすめ、政権獲得 業者に対しては、事業支援措置として総額100
受けられるよう、2006年に日本司法支援センター 後3年以内の刑法改正をめざします。 億円の助成を行います。
が業務を開始するまでに、同センターの地域事
務所を全国に整備し、スタッフ弁護士を配置します。 4. ドメスティック・バイオレンス（ＤＶ）(cid:0) 7. 差別の解消の法整備をすすめます。
そのための財政支援を充実します。 防止法を強化します。
社会に残っているさまざまな差別を解消するため、
（3）公正で透明性の高い刑事司法に改革します。 2004年通常国会で「配偶者からの暴力の防止 すべての障がい者に「完全参加と平等」を保障し、
取調べでの自白の強要による冤罪を防止するた 及び被害者の保護に関する法律（いわゆるＤＶ 具体的な差別の禁止を規定する「障がい者差
めに、民主党が既に提出しているビデオ録画など 防止法）」が改正されましたが、法改正後3年後 別禁止法」、年齢を理由とした就職差別を禁止
による取調べ過程の可視化（所要額6億円）、 の見直し時期に、積み残しの課題を盛り込んだ する「年齢差別禁止法」など、差別解消のため
取調べ段階における弁護人立会権の確立を柱 改正案を国会に提出し、加害者更生プログラム の法律の制定をめざします。
とする「刑事訴訟法改正案」を2009年までに成 の導入、保護命令対象の親族などへの拡充、フ 法務省から独立した人権委員会の設置などを盛
立させます。また、刑事裁判での証拠開示の徹 ァックスや電話などによる脅迫の禁止を実現しま り込んだ「人権侵害救済法案」を成立させます。
底を図る法案を成立させます。 す。自立支援体制の強化、特に民間シェルター
に対する財政支援の強化などのために、年間約 8. 成年後見制度の利用を(cid:0)
（4） 国民が利用しやすい(cid:0) 25億円の予算を確保します。 積極的に推進します。
行政訴訟制度に改革します。(cid:0)
行政訴訟を利用する国民の視点から、団体訴訟 5「. 高齢者虐待防止法」および(cid:0) 現在の「成年後見制度」は、ほとんど利用されて
制度の導入、訴訟対象の拡大など、3年以内に 「 障がい者虐待防止法」を(cid:0) いません。判断能力が十分ではない認知症の高
行政事件訴訟法改正案を制定します。 制定します。 齢者や知的障がい者・精神障がい者が、どのよ
うな福祉サービスを受けたいか、お金をどう使いた
（5） 法曹養成制度を充実します。(cid:0) 施設・家庭における悲惨な事件をなくし、安心し いかなどについて、本人の意思にそった暮らし方
法科大学院への財政支援を充実させるとともに、 て生活ができる環境をつくることを目的として、「高 を選択できるように、「成年後見制度」の利用促
法科大学院の学生が大学院のカリキュラムに 齢者虐待防止・養護者支援法案」を制定します。 進と、運用の適正化を図ります。
基づいた勉強に専念できるような新司法試験制 政権獲得後すみやかに法律を成立させ、市町村
度として整備・運営します。 に相談窓口を設置します。通報・確認・立ち入り 9. 人権侵害の救済へ向け(cid:0)
調査、緊急保護のためのショートステイの確保、 国際機関への個人通報を(cid:0)
2. 犯罪被害者への支援を強化します。(cid:0) 養護者のサポートなどの総合的対策を行います。 制度化します。
さらに、相談や関係機関の紹介などを通じて、現
犯罪被害者に対する生活支援や精神的ケアを 在社会問題化しているリフォーム詐欺など財産 人権侵害の救済機会を広げるため、国際機関
充実するなど、被害者に対する的確かつ十分な 侵害行為に対応できるようにします。 に対し個人が直接、人権侵害の救済を求める制
支援が行えるよう、犯罪被害者等基本計画の策 また、すみやかに障がい者に対する虐待防止法 度（個人通報制）が求められています。政権獲
定段階から、被害者や支援者の声が反映される を制定します。 得後すみやかに、個人通報制を認める｢女子に
ようにします。ヤミ金融業者から没収・追徴した (cid:0) 対するあらゆる形態の差別の撤廃に関する条約
犯罪収益を、被害者に分配する手続きを定める 6. テレビの字幕化を推進します｡ の選択議定書｣と｢自由権規約選択議定書｣を
法案を成立させます。 批准します。
13
暮らしの安全・安心(cid:0)
1. アスベスト被害に対する健康対策、(cid:0) （2） 安心して日常を過ごせる(cid:0) 2. 消費者の食に対する不安を(cid:0)
補償制度を確立します。(cid:0) アスベスト処理を義務づけます。 解消します。
ただちにアスベストの新たな使用と販売を全面
（1） アスベストによる健康被害を(cid:0) 禁止します。アスベストを含む製品及び建築物 ＢＳＥや鳥インフルエンザの発生、残留農薬問題、
最小限に食い止めます。(cid:0) など（学校や公共施設も含む）について全国調 食品の偽装表示事件など消費者の食に対する
アスベスト関連疾患に関する情報開示、悪性中 査と情報開示を行い、アスベストを含む製品につ 不安を解消し、食に対する安全・安心を確保する
皮腫の全数調査を行い、中皮腫登録制度を創 いてはアスベスト含有率の表示を義務づけ、アス ため、内閣府・農林水産省・厚生労働省にまた
設してアスベスト関連疾患について質の高い診 ベスト飛散を防止します。同時に過去の法令や がっている食品安全行政を一体化します。また、
断と治療・研究を推進します。家族や周辺住民 通達を精査し、行政責任を総括します。解体及 地産地消・旬産旬消を推進するとともに、加工
への影響についての緊急調査を行い、特別立 び廃棄作業における被曝を防ぐための作業基 食品への原料産地表示の導入、輸入検疫体制
法による救済制度を構築します。アスベストなど 準を確立し、履行確保措置を徹底します。アスベ の大幅な強化、主要な食料輸出国に輸入国の
に起因する業務災害に関する労災保険給付に スト含有廃棄物の処理方法について早急な調 立場から調査を行う国際食品調査官を配置する
ついては、時効が過ぎても請求ができる改正案 査を行い、規制を強化します。被害者補償、健康 ことなどを実施し、食の安全・安心の確保に努め
をすみやかに成立させます。健康管理手帳制度 管理、飛散防止、解体や廃棄に必要な財源確 ます。
を改善し、退職後の定期健診などの健康管理 保のため、基金を創設します。
体制を確立します。
31
3. 偽造・盗難カード、通帳による(cid:0) 7. 信頼される警察行政を(cid:0) 総合対策センター（仮称）」の設置、自殺者の家
不正な預金引き出しから(cid:0) 取り戻します。(cid:0) 族・未遂者への支援などを柱とする「自殺予防
預金者を守ります。 (cid:0) 総合対策推進法」を2006年度中に制定し、自
本来は現場で捜査に使うためのお金を、長い間 殺予防の総合対策を推進します。
技術の進歩でカード・印鑑の偽造が容易になっ 慣習的に一部の上層部が私的流用していたと
たこともあり、偽造・盗難カード、通帳による不正 いう警察不正経理疑惑は、内部告発などにより 11. 消費者団体訴訟制度を(cid:0)
な預金引き出しの被害が拡大していますが、現 深まる一方であり、警察行政への信頼は低下し 創設します。(cid:0)
状では預金者がすべての損失を負担せざるを得 ています。政治主導で不正経理問題の解明を
ません。偽造・盗難カードのみならず、盗難通帳 行い、その調査結果を踏まえ「報償費」「捜査費」 「生活者」「納税者」「消費者」の立場を代表し、
による不正な預金引き出しから預金者を守る法 などを改廃・圧縮するとともに、現場の警察官が 国民・消費者の視点に立った政策実現を図ります。
案を、政権獲得後すみやかに成立させます。 使いやすい会計制度に改めます。 消費者の利益を擁護するために、消費者団体が
また、警察を監督する公安委員会の事務を警察 消費者全体の利益のために訴えを提起すること
4. 自然災害による被災者を対象に、(cid:0) が行っているという矛盾を解消するため、警察法 を認める消費者団体訴訟制度を創設する法案
住宅本体への再建支援制度を(cid:0) 改正案を提出し、国家公安委員会・都道府県公 を提出します。
確立します。 安委員会に独立した事務局を設置します（所要
額48億円）。また、「国家による国家のための秩 12「. 公益通報者保護法の改正」(cid:0)
わが国は、地震、台風、豪雨、火山噴火などの災 序維持」ではなく、「国民による国民のための治 「 公益開示法」(cid:0)
害が発生しやすく、毎年、甚大な被害がもたらさ 安の確保」のために、都道府県知事・都道府県 「 危険情報公表法」で(cid:0)
れています。自然災害により家を失った被災者 議会による監督の強化、苦情処理制度の大幅 国民の生命・財産を守ります。(cid:0)
にとって、住宅の再建は、生活基盤の回復のた 拡充など、市民の声を反映した透明度の高い警
めに欠かすことはできません。現行の「被災者生 察行政を実現します。 「公益通報者保護法」を改正し、公共の利益に
活再建支援法」を改正し、住宅本体への再建 資する通報をした下請等事業者が不利益な取
支援制度を確立します。 8. 警察官の3万人増員により、(cid:0) 扱いを受けないよう保護します。同時に、公務員
全国各地で大規模地震の危険性が指摘されて 落ち込んだ検挙率を回復させます。(cid:0) を対象にした「公益開示法案」、事業者に危険
おり、その対策は急務となっています。特に都市 情報の提供や行政庁への報告などを義務づけ
部においては、木造建築物の多い密集市街地 落ち込んだ検挙率を回復させるために、4年間で る「危険情報公表法案」を成立させ、消費者・国
が広範囲に存在しており、倒壊や火災による被 地方警察官を3万人以上増員し、「地域・刑事・ 民の生命・財産を守ります。
害は甚大なものになると予測されています。この 生活安全」警察機能の拡充、防犯パトロール体
ような被害を減らすため、既存不適格住宅の耐 制の強化と「空き交番」解消をすすめます。その 13. 美しく暮らしやすい(cid:0)
震改修補助予算を倍増します。 ために毎年7000人以上の増員と、約700億円 まちづくりへと転換します。(cid:0)
の財源を充て、4年後には3000億円の予算を確
5. 盗聴法、住基ネット法、(cid:0) 保します。また、地域社会の防犯機能を生かす 都市化の進展の中で、大都市郊外を中心に不
個人情報保護法を見直します。(cid:0) ため、自治会、町内会などが自主的に結成する「防 要不急の基盤整備と画一的な建築物の建設が
犯パトロール隊」などに対し支援を行います。 行われ、質の低い都市環境が粗製濫造されてき
政権獲得後ただちに、盗聴法の運用を凍結し、 ました。一方、放置された地方の中小都市は荒廃・
2年以内に抜本改正の法律案を国会に提出し 9. 急増する薬物乱用対策に(cid:0) 衰退がすすみました。また、市街化圧力と地価高
ます。また、住民基本台帳法の住基ネット条項と 取り組みます。(cid:0) 騰を背景に、無秩序な土地利用と緩い容積率・
個人情報保護法についても、即時に見直しに 斜線規制などを目一杯利用した建物が建築され、
着手し、抜本改正のための法律案を国会に提 薬物乱用の低年齢化を防ぐため、薬物依存から 街の美観が損なわれてきました。欧米諸国では「計
出します。 の回復者の体験談などを通じて、薬物依存の恐 画なくして土地利用、建築なし」の原則が確立し、
ろしさが実感できるような中高生への教育・啓発 美しい街並みを保全しています。現在の法体系
6. 住民基本台帳の大量閲覧を(cid:0) 活動を実施します。薬物依存・中毒者への治療 を抜本的に見直し、（ア）建築基準法の単体規
制限します。(cid:0) と自立支援、家族からの相談支援体制を整備し 制への特化、（イ）都市計画法をあまねくすべて
ます。省庁横断的な薬物取締体制を強化し、薬 の地域を対象とする「まちづくり法」に大胆に改変、
地方公共団体の窓口で大量に閲覧された個人 物の供給源根絶に取り組みます。 （ウ）地域コミュニティーの自立・再生・充実を図
情報（住所、氏名、生年月日、性別）をもとに、ダ るまちづくりの基本原則を明記した「景観・まち
イレクト・メールが勝手に送られてきたり、犯罪に 10. 自殺予防の総合対策を(cid:0) づくり基本法」を制定する、などを通じ、コミュニテ
悪用されたりする問題が起きています。住民基 推進します。(cid:0) ィーと美しく活気あるまちの再生・保全を図ります。
本台帳の閲覧者を国、地方公共団体、公益上 これまで「国土の均衡ある発展」の名目において、
特に必要と認められる者に制限する「住民基本 年間自殺者が7年連続で3万人を上回っていま わが国政府は美しい自然を破壊し、国土をコンク
台帳・大量閲覧制限法案」を成立させます。 すが、自殺は、その多くが防ぐことのできる社会的 リートで覆い尽くし、日本中同じような景色にして
な問題です。民主党の提唱により、先の国会で、 しまいました。工業再配置法をはじめとする日本
(cid:0) 政府に自殺予防総合対策の推進を求める委員 列島改造法120本を全面的に見直します。
(cid:0) 会決議が行われました。民主党は、「自殺問題
14
政治改革・行政改革(cid:0)
1. 政治家の不正を根絶し、(cid:0) 改革の原点である政治改革をまじめに推進し、まず （1） 迂回献金を禁止し、(cid:0)
議員定数を削減します。 自らを厳しく律し、国民の前にすべてを明らかにする、 政治資金の透明性を高めます。 (cid:0)
公正で透明な信頼される政治を実現します。 ○政治家と業界団体との癒着構造を隠し、法の規
(cid:0)
32
制を逃れるために政党や政治資金団体を介在さ （4） マニフェストを誰もがどこでも(cid:0) （2） 公務員に労働基本権を保障します。
せて寄付を行う、いわゆる「迂回献金」を禁止し 入手できるようにします。(cid:0) 任期中に、国際労働機関（ＩＬＯ）勧告に基づいて、
インターネット選挙運動を解禁します。(cid:0)
ます。 一般の公務員に労働基本権を保障します。
○政治家の「あっせん利得処罰法」の処罰対 「政策本位の選挙」「政権選択の選挙」を実現 人事院機能を見直し、公正な人事評価システム
象を、議員などの親族や首長の秘書にまで拡大 するために、すべての選挙について、マニフェスト の確立と労務管理の厳格化をすすめるとともに、
します。 の配布方法の制限を撤廃します。また、ローカル・ 給与などの労使交渉は担当大臣を置き内閣が
○公共事業受注企業からの政治献金を全面禁 マニフェストも解禁します。ホームページ、電子メ 責任をもって行うこととします。これにより、人事
止します。 ール、ケータイ、ブログなどを利用したインターネッ 評価が徹底され、公務員のやる気を引き出すとと
○企業・団体献金の公開基準を、現行の年間5 ト選挙運動の解禁と同時に、戸別訪問をはじめ もに、勤務態度の悪い公務員には免職・減給な
万円を超えるものの公開から、全面公開へ広げ 直接対話による政策宣伝活動の解禁など、選 どの厳しい対処をします。
ていきます。民主党が既に実施している政治資 挙運動の規制改革をすすめます。また、政策宣
金収支報告書のインターネット上での公開や、 伝物の点字化、手話化の促進など、障がい者が （3） 公務員人件費総額を削減します。(cid:0)
外部監査導入をすべての政党や政治資金団体 選挙に参加しやすいように環境を整備し、電子 国・地方を問わず、政府も効率性と機能性を追
に義務づけます。 投票制度の国政選挙への導入も促進します。 求しなければなりません。分権の推進、「生活利
便向上テスト（「9 経済・規制改革・中小企業」
（2）「一票の格差」是正をめざすとともに、(cid:0) 2. 公務員の天下りを禁止し、(cid:0) の項参照）」などを通じた「官」の役割の見直し、
衆参国会議員の定数を(cid:0) 人件費総額を引き下げます。(cid:0) 国民の理解を得られない諸手当の廃止、人事計
1割以上削減します。 (cid:0) 画に基づいた定数削減、給与水準の見直しなど
都道府県に1議席ずつ配分する「基数配分」の （1） 官僚や特殊法人の役職員の(cid:0) を順次すすめ、3年間で国家公務員人件費総額
天下りを禁止します。(cid:0)
廃止などによって「一票の格差」を是正するとと を2割削減します。
もに、衆議院比例区の定数を80削減します。 道路公団などの特殊法人の役職員が民間企業
勾留中の国会議員について、歳費などの支払い へ天下ることを規制するため、「道路公団等天 （4） 行政監視院（日本版ＧＡＯ）を設置し(cid:0)
を凍結し、有罪判決が確定した場合にはこれを 下り規制法案」をすみやかに成立させます。国 徹底チェックします。(cid:0)
支払わないことを内容とする改正案の成立を図 家公務員についても天下り規制を強化し、離職 行政が行政自身のムダの点検や規制緩和を行
ります。衆議院・参議院のあり方を整理し、各々 後5年間は、離職前5年間に在職していた機関と うには限界があり、内閣として「行政刷新会議」
の役割に適した選挙制度改革をすすめます。 密接な関係にある民間企業、特殊法人、独立行 で行政のムダづかいや悪弊の点検に集中して
(cid:0) 政法人（大学教官などを除く）などへ天下ること 取り組みます。2007年度までに選択的検査対
（3） 成人年齢を18歳に引き下げ、(cid:0) を禁止します。また現行の天下り規制には、人事 象拡大など会計検査院の機能強化を図るととも
選挙権も18歳以上とします。 院・各府省から承認を得れば、離職後すぐにでも に、任期中に国会内に行政の監視、政策評価を
若い世代に、社会の一員としての責任感を醸成 民間企業へ天下ることができるという抜け穴があ 行い、国民の立場で行政をチェックする行政監
し、積極的な社会参加を保障するため、成人年 ります。天下り規制を厳格に適用するため、人事 視院（日本版ＧＡＯ）を設置します。
齢を18歳とし、選挙権年齢も18歳から付与します。 院・各府省の承認制度を見直します。
(cid:0)
民主党 政権公約 (cid:0)
MANIFESTO（マニフェスト）(cid:0)
発行日 2005年8月30日
発行 民主党
民主党本部
〒100-0014 東京都千代田区永田町 1-11-1
URL http://www.dpj.or.jp/
",,
71624_200908,"民主党の政権政策
暮らしのための政治を。
鳩山政権の政権構想
5原則
ひとつひとつの生命を大切にする。他人の幸せを自分の幸せと感じられる社会。それが、私の目指す友愛社会です。
原則1 官僚丸投げの政治から、
税金のムダづかいを徹底的になくし、国民生活の立て直しに使う。それが、民主党の政権交代です。
政権党が責任を持つ政治家主導の政治へ。
原則2 政府と与党を使い分ける二元体制から、
命を大事にすることも、ムダづかいをなくすことも、当たり前のことかもしれません。
内閣の下の政策決定に一元化へ。
しかし、その「当たり前」が、壊れてしまっているのです。 原則3 各省の縦割りの省益から、
官邸主導の国益へ。
母子家庭で、修学旅行にも高校にも行けない子どもたちがいる。病気になっても、病院に行けないお年寄りがいる。
原則4 タテ型の利権社会から、
全国で毎日、自らの命を絶つ方が100人以上もいる。
ヨコ型の絆（きずな）の社会へ。
この現実を放置して、コンクリートの建物には巨額の税金を注ぎ込む。
原則5 中央集権から、地域主権へ。
一体、この国のどこに政治があるのでしょうか。
5策
政治とは、政策や予算の優先順位を決めることです。私は、コンクリートではなく、人間を大事にする政治にしたい。
官僚任せではなく、国民の皆さんの目線で考えていきたい。 第1策 政府に大臣、副大臣、政務官（以上、政務
三役）、大臣補佐官などの国会議員約100人を
縦に結びつく利権社会ではなく、横につながり合う「きずな」の社会をつくりたい。
配置し、政務三役を中心に政治主導で政策を
立案、調整、決定する。
すべての人が、互いに役に立ち、居場所を見出すことのできる社会をつくりたいのです。
第2策 各大臣は、各省の長としての役割と同時に、
内閣の一員としての役割を重視する。「閣僚
民主党は、「国民の生活が第一。」と考えます。その新しい優先順位に基づいて、
委員会」の活用により、閣僚を先頭に政治家
すべての予算を組み替え、子育て・教育、年金・医療、地域主権、雇用・経済に、 自ら困難な課題を調整する。事務次官会議は
廃止し、意思決定は政治家が行う。
税金を集中的に使います。
第3策 官邸機能を強化し、総理直属の「国家戦略
生活の安定が希望を生み、意欲的になった心が、この国全体を押し上げていきます。
局」を設置し、官民の優秀な人材を結集して、
新時代の国家ビジョンを創り、政治主導で
国民を苦しめている古い仕組みを終わらせ、
予算の骨格を策定する。
すべての人が生きがいと働きがいを持てる国を、
第4策 事務次官・局長などの幹部人事は、政治主導
あなたと民主党でつくり上げようではありませんか。 の下で業績の評価に基づく新たな幹部人事
制度を確立する。政府の幹部職員の行動
規範を定める。
いよいよ、政権交代。
第5策 天下り、渡りの斡旋を全面的に禁止する。
国民的な観点から、行政全般を見直す「行政
刷新会議」を設置し、全ての予算や制度の
精査を行い、無駄や不正を排除する。官・
民、中央・地方の役割分担の見直し、整理を
民主党代表 行う。国家行政組織法を改正し、省庁編成を
機動的に行える体制を構築する。
民主党政権が政策を実行する手順をご説明します。
マニフェストの工程表
マニフェストの実現により、家計で使えるお金を増やし、生活不安を解消します。
政権政策の
実行手順
項目 平成22年度 平成23年度 平成24年度 平成25年度
1
子ども手当・出産支援 子ども手当の半額実施
マニフェストで国民に 5.5兆円
年額31.2万円の子ども手当、出産一時金 2.7兆円
約束した重要政策を、
政治の意志で実行する。
公立高校の実質無償化
0.5兆円
私立高校生にも相当額助成
年金制度の改革 記録問題への集中対応期間（０.２兆円） 新たな制度の決定
制度設計
年金記録問題への対応、新たな年金制度の創設 （年金制度に関する国民的合意） （法案作成・関連法案成立）
2
「税金のムダづかい」を
医療・介護の再生
再生産している 1.6兆円
医師不足の解消、新型インフルエンザ対策等、介護労働者の待遇改善 医師不足解消など段階的実施 1.2兆円
今の仕組みを改め、
新たな財源を生み出す。
調査・モデル事業・
農業の戸別所得補償
制度設計 1.0兆円
販売農家を対象に所得を補償
暫定税率の廃止
2.5兆円
3 ガソリン税などの暫定税率の廃止・減税
その他の政策は、
優先順位をつけて 高速道路の無料化
段階的実施 1.3兆円
順次実施する。 原則として、高速道路を無料化
雇用対策
0.8兆円
雇用保険を非正規労働者に拡大適用、求職者支援等
0.3兆円
4 所要額概算 7.1兆円 12.6兆円 13.2兆円 13.2兆円
政策の効果を検証し、
次の年度に反映させる。
上記以外の政策
3.6兆円
（後期高齢者医療制度廃止、大学奨学金拡充、最低賃金引き上げ、 財源を確保しつつ、順次実施
中小企業支援等）
16.8兆円
平成25年度の所要額：
税金は、官僚と一部政治家のものではありません。
ムダ
づかい 国民の税金を、国民の手に取り戻します。
1
国の総予算207兆円を全面組み替え。
税金のムダづかいと天下りを根絶します。
議員の世襲と企業団体献金は禁止し、衆院定数を80削減します。
国民生活にとって必要なものは何か？
今の仕組みを改め、新しい財源を生み出します。
必要なものは増やし、そうでないものは削る。
明快な基準で全てを組み替えた予算が、
1 国の総予算207兆円を徹底的に効率化。ムダづかい、不要不急な事業を根絶する。 （単位：兆円）
あなたの暮らしを良くします。
平成21年度
区分 説明 節約額
予算額
○川辺川ダム、八ツ場ダムは中止。時代に合わない国の大型直轄事業は全面的に見直す。
公共事業 7.9 1.3
○道路整備は費用対効果を厳密にチェックしたうえで、必要な道路を造る。
ムダづかいを
○地方分権推進に伴う地方移管、各種手当・退職金等の水準や定員の見直し、労使交渉を通じた
なくすための政策 人件費等 5.3 給与改定（公務員制度改革後）など様々な手法により、人件費等を削減。 1.1
庁費等 4.5 ○天下りの在籍する独立行政法人、特殊法人、公益法人などへの支出（１年に約12兆円）や、国の
●天下りのあっせんを全面的に禁止します。 委託費 0.8 契約（年間契約８兆円の約半分が随意契約）を見直して、国の政策コスト、調達コストを削減する。
○補助金改革で関連の事務費、人件費を削減。また国の過剰な基準を強制せず、地域の実情に
特別会計、独立行政法人、公益法人の仕事を 合った基準を認めることで、低コストで質の高い行政サービスを可能にする。 6.1
施設費 0.8
徹底的に見直します。 ○独立行政法人、特殊法人、公益法人の仕事を徹底的に見直し、
補助金 49.0 天下りのためにある法人・仕事は廃止して、その団体への補助金等を削減。
●官製談合と不透明な随意契約は一掃します。 借金返済等 79.6 ○ほぼ全額が国債償還費。 ─
年金・医療等保険給付 46.1 ○年金、医療、雇用にかかわる保険の給付費用。 ─
●国家公務員の総人件費を２割削減します。
繰入・貸付金・出資金 9.9 ─
●国が地方に使い途を指定する「ひもつき補助 その他 2.5 ○議員定数削減による歳費カット。 0.6
○予算査定の厳格化。
金」は廃止します。
206.5 小計額 9.1
●企業団体による献金、パーティー券購入を
禁止します。 2 税金などをため込んだ「埋蔵金」や資産を国民のために活用する。
●国会議員の世襲は禁止します。 改革の対象 説明 活用額
○平成21年度補正予算で乱立した基金、財政投融資特別会計・外国為替資金特別会計の運用益
●衆議院の比例代表定数を80削減します。 「埋蔵金」の活用 4.3
（両特別会計合計で5.0兆円＝平成20年度見込み）などの一部を政策経費に充当する。
政府資産の計画的売却 ○政府の保有する資産（未利用国有地、宿舎・官舎、民営化した会社の株式）などを計画的に売却。 0.7
■ こんなにあるムダづかいの恐れ （平成21年度補正予算） 小計額5.0
・メディア芸術総合センター建設 3 租税特別措置などを見直す。
（ 国営マンガ喫茶、117億円）
○不透明な租税特別措置を全て見直して、効果の乏しいもの、役割を終えたものを廃止する。 2.7
・官公庁の施設整備（2兆9000億円） 公平で透明な税制を創る ○「控除」から「手当」へ転換するため、所得税の配偶者控除・扶養控除を廃止し「、子ども手当」を創設。
・雇用対策と称して天下り法人に渡した基金
※特定扶養控除、老人扶養控除、障害者控除等は存続させる。年金税制について公的年金等控除拡大・老年者控除復活を実施するので、
（7000億円） 配偶者控除を廃止しても、年金受給者の税負担は軽減される。
・効果の疑わしい農地集積事業（3000億円）
平成25年度に実現 16.8
子育て 子育ての心配をなくし、
・
教育 みんなに教育のチャンスをつくります。
中学卒業まで、1人当たり年31万2000 円の「子ども手当」を支給します。
2
高校は実質無償化し、大学は奨学金を大幅に拡充します。
経済的な理由で十分な教育が受けられない。どこの国でもない、日本での話です。
民主党は、すべての子どもたちに教育のチャンスをつくります。
社会全体で子育てする国にします。
安心して子育てと
教育ができる政策
●出産時に55万円の一時金を支給します。
●「子ども手当」は、子ども１人当たり年31万2000円（月額
2万6000円）を中学卒業まで支給します。
●公立高校生の授業料を無償化し、私立高校生には年12〜
24万円を助成します。
●大学生、専門学校生の希望者全員が受けられる奨学金
制度を創設します。
●生活保護の母子加算を復活し、父子家庭にも児童扶養
手当を支給します。
●空き教室などの活用で保育所を増やし、待機児童解消を
目指します。
■ 就学援助がないと教育を受けられない
■ 日本の教育予算は減り続けています。 子どもたちが増えています。
単位：千億円
250 145
245 140
135
文 240
教 130
費 235 125
総
額 230 120
225 115
220 110
105
0 100
14年度 15年度 16年度 17年度 18年度 13年度 14年度 15年度 16年度 17年度 18年度 19年度
（平成） （万人） （平成）
平成17年度までは文部科学白書
平成18年度は文部科学省資料を基に作成 就学援助費の推移・文部科学省資料を基に作成
3
年金 年金、医療、介護の不安をなくし、
・
医療 誰もが安心して暮らせるようにします。
「年金通帳」で消えない年金。
年金制度を一元化し、月額7万円の最 低保障年金を実現します。
後期高齢者医療制度は廃止し、医師の 数を1.5倍にします。
高齢化社会の不安を解消する第一歩は、国への信頼を取り戻すことです。
「消えた年金」被害を補償するとともに、国民全員が受け取れる年金制度を確立。
十分な医療・介護サービスを提供し、ひとつの生命を大切にします。
安定した生活を
実現する政策
●「消えた年金」「消された年金」問題の解決に、
２年間、集中的に取り組みます。
●「納めた保険料「」受け取る年金額」をいつでも
確認できる「年金通帳」を、全ての加入者に
交付します。
●年金保険料の流用はさせません。 「年金通帳」で、納めた保険料と
受け取る年金額がひと目でわかります。
手元に置いて、いつでも自分の年金記録を
●年金制度を一元化し、月額7万円の最低保障
チェックできるようになります。
年金を実現します。
●「社会保障費2200億円削減」は行いません。
■ 人口1000人当たりの医師数
●後期高齢者医療制度は廃止し、国民皆保険を
守ります。
日本 2.1
米国 2.4
●医学部学生を1.5倍に増やし、医師数を先進国
並みにします。看護師などの医療従事者も 英国 2.5
増員します。
平均 3.1
●新型インフルエンザ、がん、肝炎の対策に集 フランス 3.4
中的に取り組みます。
ドイツ 3.5
●ヘルパーなどの給与を月額4万円引き上げて、 イタリア 3.7
介護に当たる人材を確保します。 出典：OECDヘルスデータ2008
地域のことは、地域が決める。
地域
主権 活気に満ちた地域社会をつくります。
「地域主権」を確立し、第一歩として、地方の自主財源を大幅に増やします。
農業の戸別所得補償制度を創設。
高速道路の無料化、郵政事業の抜本見直しで地域を元気にします。
4
農林漁業を立て直し、食と地域を再生します。
ガソリン税などの暫定税率は廃止し、生活コストを引き下げます。
地域を活性化することで、国全体が元気になります。
地域を
再生させる政策
●中央政府の役割は外交・安全保障などに特化し、
地方でできることは地方に移譲します。
●国と地方の協議の場を法律に基づいて設置します。
●国の「ひもつき補助金（社会保障・義務教育関係
は除く）」は廃止し、地方の自主財源に転換します。 ■ 日本の食料自給率は低すぎます。
●国直轄事業に対する地方の負担金は廃止します。
アメリカ 128%
フランス 122%
●ガソリン税、軽油引取税、自動車重量税、自動車
ドイツ 84%
取得税の暫定税率を廃止し、2.5兆円の減税を
イギリス 70%
実施します。
日本 39% 食料自給率はカロリーベース
農林水産省資料を基に作成
●高速道路は段階的に無料化し、物流コスト・物価を
引き下げ、地域と経済を活性化します。
■ 高速道路無料化の経済効果は、国自身が認めています。
●「戸別所得補償制度」の創設により、農業を再生し、
食料自給率を向上させます。 料金割引 経済波及効果（利用者便益）
現状（土日1000円など） 1.7兆円
●畜産・酪農業、漁業に対する所得補償と林業に対する
直接支払いの導入を進めます。 無料化 7.8兆円
出典：国土交通省国土技術政策総合研究所報告書
●地域社会を活性化するため、郵政事業を抜本的に
見直します。
雇用 あなたの町の小さな会社や工場を支え、
・
経済 安心して働き続けられるようにします。
中小企業の法人税率を11％に引き下 げます。
月額10万円の手当つき職業訓練制度 により、求職者を支援します。
地球温暖化対策を強力に推進し、新産業を育てます。
この国の最大の資産は「人」です。
雇用と環境を柱に、人を大事にする新しい経済を実現します。
自立した外交で、
雇用と経済を
育てる政策
世界に貢献
●中小企業の法人税率を18%から11%
に引き下げ、融資に対する個人保証を
見直します。
主体的な外交戦略を構築し、
●不当な値引きや押しつけ販売などを ●
禁止する「中小企業いじめ防止法」を
緊密で対等な
制定します。
日米同盟関係をつくります。
●職業訓練期間中に、月額最大10万円の
手当を支給する「求職者支援制度」を アジア・太平洋地域の
●
創設します。
域内協力体制を確立し、
●常用雇用を拡大し、製造現場への派遣を 東アジア共同体の
原則禁止します。
構築を目指します。
●中小企業を支援し、時給1000円（全国
平均）の最低賃金を目指します。 ● 北朝鮮による核兵器や
5
ミサイルの開発を止めさせ、
●同じ職場で同じ仕事をしている人の ■ 日本経済の成長戦略
待遇を均等にして、仕事と生活の調和を 拉致問題の解決に全力をあげます。
○子ども手当、高校無償化、高速道路無料化、暫定税率廃止
進めます。
などの政策により、家計の可処分所得を増やし、消費を
国連平和維持活動、貿易投資の
拡大します。それによって日本の経済を内需主導型へ ●
●2020年までに温暖化ガスを25%削減 転換し、安定した経済成長を実現します。
自由化、地球温暖化対策で
90年比）するため、排出量取引市場を
○IT、バイオ、ナノテクなど、先端技術の開発・普及を支援
創設し、地球温暖化対策税の導入を 主体的役割を果たします。
します。特に地球温暖化対策では、国の大胆な支援で、
検討します。
わが国の優れた技術力をさらに高め、環境関連産業を
将来の成長産業に育てます。 ● 核兵器廃絶の先頭に立ち、
●太陽光パネル、環境対応車、省エネ
○農林水産業、医療・介護は新たな成長産業です。農業の テロの脅威を除去します。
家電などの購入を助成し、温暖化対策と 戸別所得補償、医療・介護人材の処遇改善などにより、魅力
新産業育成を進めます。 と成長力を高め、大きな雇用を創出する産業に育てます。
【具体策】 算との連動性を高める。 ら、中・低所得者に有利な手当などへ
○与党議員が100人以上、大臣・副大臣・ ○一般会計・特別会計について、企業会 切り替える。
政務官等として政府の中に入り、中央 計に準じた財務書類の作成、国会提出 【所要額】
マニフェスト 省庁の政策立案・決定を実質的に担う。 を法定化する。 5.3兆円程度
○政治家と官僚の接触に係わる情報公開
などで透明性を確保する。 ９．公平で、簡素な 1 ．公立高校を実質無償化し、
税制をつくる 私立高校生の学費負担を
６．企業団体献金・世襲を 軽減する
政策各論 禁止する 【政策目的】
○税制の既得権益を一掃する。 【政策目的】
【政策目的】 ○租税特別措置の効果を検証し、税制の ○家庭の状況にかかわらず、全ての意志
○政治不信を解消する。 透明性、信頼性を高める。 ある高校生・大学生が安心して勉学に
○多様な人材が政治家になれる環境を整 【具体策】 打ち込める社会をつくる。
備する。 ○租税特別措置の適用対象を明確にし、 【具体策】
「国民の生活が第一。」の政治を実現するため、
【具体策】 その効果を検証できる仕組みをつくる。 ○公立高校生のいる世帯に対し、授業料
民主党は、次に掲げる主要な政策を着実に、速やかに実行します。 ○政治資金規正法を改正し、その３年後 ○効果の不明なもの、役割を終えた租税 相当額を助成し、実質的に授業料を無
から企業団体の献金及びパーティー券 特別措置は廃止し、真に必要なものは 料とする。
このマニフェスト政策各論は、「税金のムダづかい」を一掃し、
購入を禁止する。 「特別措置」から「恒久措置」へ切り ○私立高校生のいる世帯に対し、年額
明日の日本を切り開く具体的処方箋です。 ○当面の措置として、国や自治体と１件 替える。 12万円（低所得世帯は24万円）の
１億円以上の契約関係にある企業等の 助成を行う。
政治献金・パーティー券購入を禁止する。 ○大学などの学生に、希望者全員が受け
（この政策各論の詳細は、民主党のホームページをご覧下さい。http://www.dpj.or.jp/）
○個人献金を普及促進するための税制改 られる奨学金制度を創設する。
革を実施する。 【所要額】
○現職の国会議員の配偶者及び三親等以 9000億円程度
内の親族が、同一選挙区から連続して
立候補することは、民主党のルールと ．生活保護の母子加算を
○税金のムダづかいを根絶する。 して認めない。 復活し、父子家庭にも
４．公務員制度の
【具体策】 ○政治資金を取り扱う団体を親族に引き 児童扶養手当を支給する
抜本改革の実施
○特別会計をゼロベースで見直し、必要 継ぐことは、法律で禁止する。 軽減する
不可欠なもの以外は廃止する。 ○誹謗中傷の抑制策、「なりすまし」へ 【政策目的】
○独立行政法人の実施する事業につい 【政策目的】 の罰則などを講じつつ、インターネッ 【政策目的】 ○ひとり親家庭の自立を支援する。
て、不要な事業や民間で可能な事業は ○公務員に対する信頼を回復する。 ト選挙活動を解禁する。 ○ほぼ自己負担なしに出産できるように 【具体策】
廃止し、国が責任を負うべき事業は国 ○行政コストを適正化する。 する。 ○2009年度に廃止された生活保護の母
が直接実施することとして、法人のあ ○労働者としての公務員の権利を認め、 ７．国会議員の定数を 【具体策】 子加算を復活する。
１．現在の政策・支出を
り方は全廃を含めて抜本的な見直しを 優秀な人材を確保する。 削減する ○現在の出産一時金（2009年10月か ○母子家庭と同様に、父子家庭にも児童
全て見直す
進める。 【具体策】 ら42万円）を見直し、国からの助成 扶養手当を支給する。
を加え、出産時に55万円までの助成
○実質的に霞が関の天下り団体となってい ○2008年に成立した「国家公務員制度 【政策目的】 ○５年以上の受給者等を対象に行っている
をおこなう。
【政策目的】 る公益法人は原則として廃止する。公益 改革基本法」に基づき、内閣の一元管 ○行財政改革を進めるとともに、政権交 児童扶養手当の減額制度を廃止する。
○不妊治療に関する情報提供、相談体制
○自民党長期政権の下で温存された族議 法人との契約関係を全面的に見直す。 理による新たな幹部職制度や能力・実 代が実現しやすい選挙制度とする。 ○在宅就労の促進、保育所の優先入所、
を強化するとともに、適応症と効果が
員、霞が関の既得権益を一掃する。 績に応じた処遇などを着実に実施する。 【具体策】 明らかな治療には医療保険の適用を検 離婚時の養育費支払の履行確保などの
○政策コスト、調達コストを引き下げる。 ３．国が行う契約を ○定年まで働ける環境をつくり、国家公 ○衆議院の比例定数を80削減する。参 討し、支援を拡充する。 総合的な支援策を講じる。
【具体策】 適正化する 務員の天下りのあっせんは全面的に禁 議院については選挙制度の抜本的改革 【所要額】 【所要額】
○「行政刷新会議（仮称）」で政府の全 止する。 の中で、衆議院に準じて削減する。 2000億円程度 500億円程度
ての政策・支出を、現場調査、外部意 【政策目的】 ○地方分権推進に伴う地方移管、国家公
円の
見を踏まえて、検証する。 ○政策コスト、調達コストの引き下げで 務員の手当・退職金などの水準、定員 ８．税金の使い途を
「子ども手当」を創設する
○実施方法・調達方法を見直し、政策コ 税金のムダづかいを根絶する。 の見直しなどにより、国家公務員の総 すべて明らかにする 解消する
スト、調達コストを引き下げる。 ○政府調達をオープンにして、多くの国 人件費を２割削減する。 【政策目的】
○不要不急の事業、効果の乏しい事業は、 民が参加できるようにする。 ○公務員の労働基本権を回復し、民間と 【政策目的】 ○次代の社会を担う子ども１人ひとりの 【政策目的】
政治の責任で凍結・廃止する。 【具体策】 同様、労使交渉によって給与を決定す ○税金の使い途をすべて明らかにして、 育ちを社会全体で応援する。 ○縦割り行政になっている子どもに関す
○公務員ＯＢを官製談合防止法の適用対 る仕組みを作る。 国民のチェックを受ける。 ○子育ての経済的負担を軽減し、安心して る施策を一本化し、質の高い保育の環
２．特別会計、独立行政法人、 象にする。 ○決算を予算に反映させ、政策評価を徹 出産し、子どもが育てられる社会をつくる。 境を整備する。
公益法人をゼロベースで ○随意契約、指名競争入札を実施する場合 ５．政と官の関係を 底する。 【具体策】 【具体策】
見直す には、徹底的な情報公開を義務付ける。 抜本的に見直す 【具体策】 ○中学卒業までの子ども１人当たり年 ○小・中学校の余裕教室・廃校を利用し
○契約の事後的検証と是正措置を担う ○予算編成過程を原則公開するととも 31万2000円（月額2万6000円） た認可保育所分園を増設する。
【政策目的】 「政府調達監視等委員会」を設置する。 【政策目的】 に、執行を厳格に管理する。 の「子ども手当」を創設する（平成 ○「保育ママ」の増員、認可保育所の増
○財政を透明にして、国民の政治に対す ○政治主導を確立することで、真の民主 ○決算に関する情報公開を徹底するとと 22年度は半額）。 設を進める。
る信頼を高める。 主義を回復する。 もに、提出時期を前倒しすることで予 ○相対的に高所得者に有利な所得控除か ○「子ども家庭省（仮称）」の設置を検
16 17
討する。 の対応を「国家プロジェクト」と位置づけ、 例年金」を一定額以上受給できる人に する。 ○被爆者を早急に救済する。
２年間、集中的に取り組む。 は、「最低保障年金」を減額する。 【具体策】 【具体策】
地域主権を確立する
○年金記録が誤っている可能性の高い受 ○自公政権が続けてきた社会保障費 ○高齢化している被爆者を早急に救済す
質の高い教育を提供する 給者等を対象に、記録訂正手続きを簡 2200億円の削減方針は撤回する。医 るため、被爆実態を反映した新しい原
【政策目的】
略化する。 軽減する 師・看護師・その他の医療従事者の増 爆症認定制度を創設する。 ○明治維新以来続いた中央集権体制を抜
【政策目的】 ○コンピューター上の年金記録と紙台帳 員に努める医療機関の診療報酬（入院） ○被爆二世、在外被爆者を含め、被爆 本的に改め、「地域主権国家」へと転
○学校の教育環境を整備し、教員の質と の記録の全件照合を速やかに開始する。 【政策目的】 を増額する。 者の健康管理を拡充する。 換する。
数を充実させる。 ○年金記録を訂正した人が、本来の年金 ○年金受給者の負担を軽減し、高齢者の ○ＯＥＣＤ平均の人口当たり医師数を目 ○中央政府は国レベルの仕事に専念し、
【具体策】 受給額を回復するまでの期間を大幅に 生活の安定を図る。 指し、医師養成数を１．５倍にする。 国と地方自治体の関係を、上下・主従
○全ての人にとって適切かつ最善な教育 短縮する。 【具体策】 ○国立大学付属病院などを再建するた 月額4万円引き上げる の関係から対等・協力の関係へ改める。
が保障されるよう学校教育環境を整備 ○全ての加入者に「年金通帳」を交付し、 ○公的年金控除の最低補償額を140万 め、病院運営交付金を従来水準へ回復 地方政府が地域の実情にあった行政
し、教育格差を是正する。 いつでも自分の年金記録（報酬月額を 円に戻す。 する。 【政策目的】 サービスを提供できるようにする。
○教員の資質向上のため、教員免許制度 含む）を確認できるようにする。 ○老年者控除50万円を復活する。 ○救急、産科、小児、外科等の医療提供 ○全国どこでも、介護の必要な高齢者に ○地域の産業を再生し、雇用を拡大する
を抜本的に見直す。教員の養成課程は 【所要額】 【所要額】 体制を再建するため、地域医療計画を 良質な介護サービスを提供する。 ことによって地域を活性化する。
6年制（修士）とし、養成と研修の充 2000億円程度 2400億円程度 抜本的に見直し、支援を行う。 ○療養病床、グループホーム等の確保に 【具体策】
実を図る。 ○妊婦、患者、医療者がともに安心して より、介護サービスの量の不足を軽減 ○新たに設立する「行政刷新会議（仮称）」
○教員が子どもと向き合う時間を確保す 出産、治療に臨めるように、無過失補 する。 で全ての事務事業を整理し、基礎的自
るため、教員を増員し、教育に集中で 流用を禁止する 創設する 償制度を全分野に広げ、公的制度とし 【具体策】 治体が対応可能な事務事業の権限と財
きる環境をつくる。 て設立する。 ○認定事業者に対する介護報酬を加算 源を大幅に移譲する。
○公立小中学校は、保護者、地域住民、 【政策目的】 【政策目的】 【所要額】 し、介護労働者の賃金を月額４万円引 ○国と地方の協議の場を法律に基づいて
学校関係者、教育専門家等が参画する ○公的年金制度に対する国民の信頼を回 ○年金保険料のムダづかい体質を一掃する。 9000億円程度 き上げる。 設置する。
「学校理事会」が運営することにより、 復する。 ○年金保険料の未納を減らす。 ○当面、療養病床削減計画を凍結し、必 ○国から地方への「ひもつき補助金」を
保護者と学校と地域の信頼関係を深める。 ○保険料流用を禁止することで、年金給 【具体策】 要な病床数を確保する。 廃止し、基本的に地方が自由に使える
○現在の教育委員会制度を抜本的に見直 付の水準を少しでも高める。 ○社会保険庁は国税庁と統合して「歳入 万全の対応、 【所要額】 「一括交付金」として交付する。義務
し、教育行政全体を厳格に監視する「教 【具体策】 庁」とし、税と保険料を一体的に徴収 がん・肝炎対策の拡充 8000億円程度 教育・社会保障の必要額は確保する。
育監査委員会」を設置する。 ○年金保険料は年金給付だけに充当する する。 ○「一括交付金」化により、効率的に財
○生活相談、進路相談を行うスクールカ ことを法律で定める。 ○所得の把握を確実に行うために、税と社 【政策目的】 源を活用できるようになるとともに補
ウンセラーを全小中学校に配置する。 【所要額】 会保障制度共通の番号制度を導入する。 ○新型インフルエンザによる被害を最小 廃止して、 助金申請が不要になるため、補助金に
○国際社会の中で、多様な価値観を持つ 2000億円程度 限にとどめる。 障がい者福祉制度を 関わる経費と人件費を削減する。
人々と協力、協働できる、創造性豊か ○がん、肝炎など特に患者の負担が重い 抜本的に見直す
な人材を輩出するためのコミュニケー 国民皆保険を守る 疾病等について、支援策を拡充する。
ション教育拠点を充実する。 年金制度へ 【具体策】 【政策目的】 対する地方の負担金は
【所要額】 【政策目的】 ○新型インフルエンザに関し、危機管理・ ○障がい者等が当たり前に地域で暮ら 廃止する
600億円程度 【政策目的】 ○年齢で差別する制度を廃止して、医療 情報共有体制を再構築する。ガイドラ し、地域の一員としてともに生活できる
【政策目的】
○公的年金制度に対する国民の信頼を回 制度に対する国民の信頼を高める。 イン・関連法制を全面的に見直すとと 社会をつくる。
○国と地方の二重行政は排し、地方にで
復する。 ○医療保険制度の一元的運用を通じて、 もに、診療・相談・治療体制の拡充を 【具体策】
きることは地方に委ねる。
○雇用の流動化など時代にあった年金制 国民皆保険制度を守る。 図る。ワクチン接種体制を整備する。 ○「障害者自立支援法」は廃止し、「制
○地方が自由に使えるお金を増やし、自
度、透明で分かりやすい年金制度をつ 【具体策】 ○乳がんや子宮頸がんの予防・検診を受 度の谷間」がなく、サービスの利用者
治体が地域のニーズに適切に応えられ
くる。 ○後期高齢者医療制度・関連法は廃止す けやすい体制の整備などにより、がん 負担を応能負担とする障がい者総合福
るようにする。
○月額７万円以上の年金を受給できる年 る。廃止に伴う国民健康保険の負担増 検診受診率を引き上げる。子宮頸がん 祉法（仮称）を制定する。
【具体策】
金制度をつくり、高齢期の生活の安定、 は国が支援する。 に関するワクチンの任意接種を促進す ○わが国の障がい者施策を総合的かつ集
○国の出先機関を原則廃止する。
現役時代の安心感を高める。 ○被用者保険と国民健康保険を段階的に る。化学療法専門医・放射線治療専門 中的に改革し、「国連障害者権利条約」
○道路・河川・ダム等の全ての国直轄事
【具体策】 統合し、将来、地域保険として一元的 医・病理医などを養成する。 の批准に必要な国内法の整備を行うた
業における負担金制度を廃止し、地方
○以下を骨格とする年金制度創設のための 運用を図る。 ○高額療養費制度に関し、治療が長期に めに、内閣に「障がい者制度改革推進
の約１兆円の負担をなくす。それに伴
法律を平成２５年までに成立させる。 【所要額】 わたる患者の負担軽減を図る。 本部」を設置する。
う地方交付税の減額は行わない。
補償のため、 ＜年金制度の骨格＞ 8500億円程度 ○肝炎患者が受けるインターフェロン治 【所要額】
一定の基準の下で、 ○全ての人が同じ年金制度に加入し、職 療の自己負担額の上限を月額１万円に 400億円程度
「一括補償」を実施する 業を移動しても面倒な手続きが不要と する。治療のために休業・休職する患
自動車関連諸税の
なるように、年金制度を例外なく一元 国民に質の高い 者の生活の安定や、インターフェロン
暫定税率は廃止する
【政策目的】 化する。 医療サービスを提供する 以外の治療に対する支援に取り組む。
○年金記録問題の被害者の補償を一刻も ○全ての人が「所得が同じなら、同じ保 【所要額】 【政策目的】
早く進める。 険料」を負担し、納めた保険料を基に 【政策目的】 3000億円程度 ○課税の根拠を失った暫定税率を廃止し
○年金記録問題の再発を防ぐ。 受給額を計算する「所得比例年金」を ○医療従事者等を増員し、質を高めるこ て、税制に対する国民の信頼を回復する。
○公的年金制度に対する国民の信頼を回 創設する。 とで、国民に質の高い医療サービスを ○2.5兆円の減税を実施し、国民生活を
復する。 ○消費税を財源とする「最低保障年金」 安定的に提供する。 援護する 守る。特に、移動を車に依存すること
【具体策】 を創設し、全ての人が７万円以上の年 ○特に救急、産科、小児、外科等の医療 の多い地方の国民負担を軽減する。
○「消えた年金」「消された年金」問題へ 金を受け取れるようにする。「所得比 提供体制を再建し、国民の不安を軽減 【政策目的】 【具体策】
18 19
○ガソリン税、軽油引取税、自動車重量 1.4兆円程度 を検討し、郵政事業の利便性と公益性 め、中小企業への支援を行う。 【所要額】 を目指す。
税、自動車取得税の暫定税率は廃止し を高める改革を行う。 ○「中小企業いじめ防止法」を制定し、 3000億円程度 【具体策】
て、2.5兆円の減税を実施する。 32．食の安全・安心を 大企業による不当な値引きや押しつけ ○性別、正規・非正規にかかわらず、同
○将来的には、ガソリン税、軽油引取税 確保する 34．市民が公益を担う 販売、サービスの強要など不公正な取 39．製造現場への派遣を じ職場で同じ仕事をしている人は同じ
は「地球温暖化対策税（仮称）」とし 社会を実現する 引を禁止する。 原則禁止するなど、 賃金を得られる均等待遇を実現する。
て一本化、自動車重量税は自動車税と 【政策目的】 ○貸し渋り・貸しはがし対策を講じると 派遣労働者の雇用の ○過労死や過労自殺などを防ぎ、労働災
一本化、自動車取得税は消費税との二 ○国民が安全な食料を、安心して食べら 【政策目的】 ともに、使い勝手の良い「特別信用保証」 安定を図る 害をなくす取り組みを強化する。
重課税回避の観点から廃止する。 れる仕組みをつくる。 ○市民が公益を担う社会を実現する。 を復活させる。
【所要額】 ○食品安全行政を総点検する。 ○特定非営利活動法人をはじめとする非 ○政府系金融機関の中小企業に対する融 【政策目的】 42．地球温暖化対策を
2.5兆円程度 【具体策】 営利セクター（NPOセクター）の活 資について、個人保証を撤廃する。 ○雇用にかかわる行き過ぎた規制緩和を 強力に推進する
○食品の生産、加工、流通の過程を事後 動を支援する。 ○自殺の大きな要因ともなっている連帯 適正化し、労働者の生活の安定を図る。
30．高速道路を原則無料化して、 的に容易に検証できる「食品トレーサ 【具体策】 保証人制度について、廃止を含め、あ ○日本の労働力の質を高め、技術や技能 【政策目的】
地域経済の活性化を図る ビリティシステム」を確立する。 ○認定NPO法人制度を見直し、寄付税 り方を検討する。 の継承を容易にすることで、将来の国 ○国際社会と協調して地球温暖化に歯止
○原料原産地等の表示の義務付け対象を 制を拡充するとともに、認定手続きの ○金融機関に対して地域への寄与度や中 力を維持する。 めをかけ、次世代に良好な環境を引き
【政策目的】 加工食品等に拡大する。 簡素化・審査期間の短縮などを行う。 小企業に対する融資状況などの公開を 【具体策】 継ぐ。
○流通コストの引き下げを通じて、生活 ○主な対日食料輸出国に「国際食品調査 ○国際協力においてＮＧＯの果たす積極 義務付ける「地域金融円滑化法」を制 ○原則として製造現場への派遣を禁止す ○ＣＯ２等排出量について、2020年ま
コストを引き下げる。 官(仮称)」を配置して、輸入検疫体 的な役割を評価し、連携を強化する。 定する。 る（新たな専門職制度を設ける）。 でに25％減（1990年比）、2050年
○産地から消費地へ商品を運びやすいよ 制を強化する。 【所要額】 ○公正取引委員会の機能強化・体制充実 ○専門業務以外の派遣労働者は常用雇用 までに60％超減（同前）を目標とする。
うにして、地域経済を活性化する。 ○ＢＳＥ対策としての全頭検査に対する 100億円程度 により公正な市場環境を整備する。 として、派遣労働者の雇用の安定を図る。 【具体策】
○高速道路の出入り口を増設し、今ある 国庫補助を復活し、また輸入牛肉の条 ○中小企業の技術開発を促進する制度の ○２ヵ月以下の雇用契約については、労 ○「ポスト京都」の温暖化ガス抑制の国
社会資本を有効に使って、渋滞などの 件違反があった場合には、輸入の全面 導入など総合的な起業支援策を講じるこ 働者派遣を禁止する。「日雇い派遣」「ス 際的枠組みに米国・中国・インドなど
経済的損失を軽減する。 禁止等直ちに対応する。 とによって、「100万社起業」を目指す。 ポット派遣」も原則禁止とする。 主要排出国の参加を促し、主導的な
【具体策】 ○食品安全庁を設置し、厚生労働省と農 ○派遣労働者と派遣先労働者の均等待遇 環境外交を展開する。
○割引率の順次拡大などの社会実験を実 林水産省に分かれている食品リスク管 37．月額10万円の手当つき 原則を確立する。 ○キャップ＆トレード方式による実効あ
施し、その影響を確認しながら、高速 理機能を一元化する。併せて食品安全 職業訓練制度により、 ○期間制限を超えて派遣労働者を受け入 る国内排出量取引市場を創設する。
道路を無料化していく。 委員会の機能を強化する。 求職者を支援します れている場合などに、派遣労働者が派 ○地球温暖化対策税の導入を検討する。
【所要額】 【所要額】 遣先に直接雇用を通告できる「直接雇 その際、地方財政に配慮しつつ、特定
1.3兆円程度 3500億円程度 【政策目的】 用みなし制度」を創設する。 の産業に過度の負担とならないように
○雇用保険と生活保護の間に「第2の 留意した制度設計を行う。
31．戸別所得補償制度で 33．郵政事業を 35．中小企業向けの減税を セーフティネット」を創設する。 40．最低賃金を ○家電製品等の供給・販売に際して、Ｃ
農山漁村を再生する 抜本的に見直す 実施する ○期間中に手当を支給することで、職業 引き上げる Ｏ２排出に関する情報を通知するなど
訓練を受けやすくする。 「ＣＯ２の見える化」を推進する。
【政策目的】 【政策目的】 【政策目的】 【具体策】 【政策目的】
○農山漁村を６次産業化（生産・加工・ ○現在の郵政事業には、国民生活の利便 ○中小企業やその経営者を支援すること ○失業給付の切れた人、雇用保険の対象 ○まじめに働いている人が生計を立てら 43．全量買い取り方式の
流通までを一体的に担う）し、活性化 性が低下していること、地域社会で金 で、経済の基盤を強化する。 外である非正規労働者、自営業を廃業 れるようにし、ワーキングプアからの 固定価格買取制度を導入する
する。 融サービスが受けられなくなる可能性 【具体策】 した人を対象に、職業能力訓練を受け 脱却を支援する。
○主要穀物等では完全自給をめざす。 があること、事業を担う４社の将来的 ○中小企業向けの法人税率を現在の た日数に応じて「能力開発手当」を支 【具体策】 【政策目的】
○小規模経営の農家を含めて農業の継続 な経営の見通しが不透明であることな 18%から11%に引き下げる。 給する。 ○貧困の実態調査を行い、対策を講じる。 ○国民生活に根ざした温暖化対策を推進
を可能とし、農村環境を維持する。 ど、深刻な問題が山積している。郵政 ○いわゆる「１人オーナー会社（特殊支 【所要額】 ○最低賃金の原則を「労働者とその家族 することにより、国民の温暖化に対す
○国土保全、水源かん養、水質浄化、温 事業における国民の権利を保障するた 配同族会社）」の役員給与に対する損 5000億円程度 を支える生計費」とする。 る意識を高める。
暖化ガス吸収など多面的な機能を有す め、また、国民生活を確保し、地域社 金不算入措置は廃止する。 ○全ての労働者に適用される「全国最低 ○エネルギー分野での新たな技術開発・
る農山漁村を再生する。 会を活性化することを目的に、郵政事 【所要額】 38．雇用保険を 賃金」を設定(800円を想定)する。 産業育成をすすめ、安定した雇用を創
【具体策】 業の抜本的な見直しに取り組む。 2500億円程度 全ての労働者に適用する ○景気状況に配慮しつつ、最低賃金の全 出する。
○農畜産物の販売価格と生産費の差額を 【具体策】 国平均1000円を目指す。 【具体策】
基本とする「戸別所得補償制度」を販 ○「日本郵政」「ゆうちょ銀行」「かんぽ 36．中小企業憲章の制定など、 【政策目的】 ○中小企業における円滑な実施を図るた ○全量買い取り方式の再生可能エネル
売農家に実施する。 生命」の株式売却を凍結するための法 中小企業を総合的に支援する ○セーフティネットを強化して、国民の めの財政上・金融上の措置を実施する。 ギーに対する固定価格買取制度を早期
○所得補償制度では規模、品質、環境保 律（郵政株式売却凍結法）を可及的速 安心感を高める。 【所要額】 に導入するとともに、効率的な電力網
全、主食用米からの転作等に応じた加 やかに成立させる。 【政策目的】 ○雇用保険の財政基盤を強化するととも 2200億円程度 （スマートグリッド）の技術開発・普及を
算を行う。 ○郵政各社のサービスと経営の実態を精 ○わが国経済の基盤である中小企業の活 に、雇用形態の多様化に対応する。 促進する。
○畜産・酪農業、漁業に対しても、農業 査し、国民不在の「郵政事業の４分社 性化を図るため、政府全体で中小企業 【具体策】 41．ワークライフバランスと ○住宅用などの太陽光パネル、環境対応
の仕組みを基本として、所得補償制度 化」を見直し、郵便局のサービスを全 対策に全力で取り組む。 ○全ての労働者を雇用保険の被保険者と 均等待遇を実現する 車、省エネ家電などの購入を助成する。
を導入する。 国あまねく公平にかつ利用者本位の簡 【具体策】 する。
○間伐等の森林整備を実施するために必 便な方法で利用できる仕組みを再構築 ○「次世代の人材育成」「公正な市場環 ○雇用保険における国庫負担を、法律の 【政策目的】 44．環境に優しく、質の高い
要な費用を森林所有者に交付する「森 する。 境整備」「中小企業金融の円滑化」な 本則である1/4に戻す。 ○全ての労働者が１人ひとりの意識や 住宅の普及を促進する
林管理・環境保全直接支払制度」を導 ○その際、郵便局における郵政三事業の どを内容とする「中小企業憲章」を制 ○失業後１年の間は、在職中と同程度の ニーズに応じて、やりがいのある仕事
入する。 一体的サービス提供を保障するととも 定する。 保険料負担で医療保険に加入できるよ と充実した生活を調和させることので 【政策目的】
【所要額】 に、株式保有を含む郵政会社のあり方 ○最低賃金引き上げを円滑に実施するた うにする。 きる「ワークライフバランス」の実現 ○住宅政策を転換して、多様化する国民
20 21
の価値観にあった住宅の普及を促進す ○エネルギーの安定確保、新エネルギー 救援、感染症対策等の分野において、 とる。
冤罪を防止する
る。 の開発・普及、省エネルギー推進等に アジア・太平洋地域の域内協力体制を ○拉致問題はわが国に対する主権侵害か テロの脅威を除去する
【具体策】 一元的に取り組む。 確立する。 つ重大な人権侵害であり、国の責任に
○リフォームを最重点に位置づけ、バリ ○レアメタル（希少金属）などの安定確 【政策目的】 ○アジア・太平洋諸国をはじめとして、 おいて解決に全力を尽くす。 ○北東アジア地域の非核化をめざす。
アフリー改修、耐震補強改修、太陽光 保に向けた体制を確立し、再利用シス ○自白の任意性をめぐる裁判の長期化を 世界の国々との投資・労働や知的財産 ○包括的核実験禁止条約（CTBT）の早
パネルや断熱材設置などの省エネル テムの構築や資源国との外交を進める。 防止する。 など広い分野を含む経済連携協定 期発効やカットオフ条約（兵器用核分
ギー改修工事を支援する。 ○安全を第一として、国民の理解と信頼 ○自白強要による冤罪を防止する。 （EPA）、自由貿易協定（FTA）の交渉 実現する 裂性物質生産禁止条約）の早期実現に
○建築基準法などの関係法令の抜本的見 を得ながら、原子力利用について着実 【具体策】 を積極的に推進する。 取り組む。
直し、住宅建設に係る資格・許認可の に取り組む。 ○ビデオ録画等により取り調べ過程を可 その際、食の安全・安定供給、食料自給率 ○国連を重視した世界平和の構築を目指 ○2010年の核拡散防止条約（NPT）
整理・簡素化等、必要な予算を地方自 視化する。 の向上、国内農業・農村の振興などを損な し、国連改革を主導するなど、重要な 再検討会議において主導的な役割を果
治体に一括交付する。 【所要額】 うことは行わない。 役割を果たす。 たす。
○正しく鑑定できる人（ホームインスペ 90億円程度 ○わが国の主体的判断と民主的統制の ○テロとその温床を除去するため、
クター）の育成、施工現場記録の取引 下、国連の平和維持活動（PKO）等 NGOとも連携しつつ、経済的支援、
時の添付を推進する。 認めない に参加して平和の構築に向けた役割を 統治機構の強化、人道復興支援活動等
○多様な賃貸住宅を整備するため、家賃 人権条約選択議定書を 果たす。 の実施を検討し「、貧困の根絶」と「国
補助や所得控除などの支援制度を創設 批准する ○北朝鮮が繰り返す核実験とミサイル発 ○海上輸送の安全確保と国際貢献のた 家の再建」に役割を果たす。
する。 射は、わが国および国際の平和と安定 め、適正な手続きで海賊対処のための
○定期借家制度の普及を推進する。ノン 【政策目的】 に対する明白な脅威であり、断じて容 活動を実施する。
リコース（不遡及）型ローンの普及を ○人権が尊重される社会をめざし、人権 認できない。 ○紛争解決制度の充実等や農業を含む政
促進する。土地の価値のみでなされて 侵害からの迅速かつ実効性ある救済を図る。 ○核・化学・生物兵器やミサイルの開発・ 策の根本的見直しにより、世界貿易機
いるリバースモーゲージ（住宅担保貸 安全を確保する 【具体策】 保有・配備を放棄させるため、米韓中 関（WTO）交渉妥結に向けて指導力
付）を利用しやすくする。 ○内閣府の外局として人権侵害救済機関 ロなどの国際社会と協力しながら、貨 を発揮するなど、貿易・投資の自由化
○木材住宅産業を「地域資源活用型産業」 【政策目的】 を創設する。 物検査の実施を含め断固とした措置を を推進する。
の柱とし、推進する。伝統工法を継承 ○日常生活にあるリスクから国民を守る。 ○個人が国際機関に対して直接に人権侵
する技術者、健全な地場の建設・建築 ○消費者の立場に立った行政を確立する。 害の救済を求める個人通報制度を定め
産業を育成する。 【具体策】 ている関係条約の選択議定書を批准する。
○消費者に危害を及ぼすおそれのある製
品・物品等に関する情報の公開を企業
世界をリードする に義務づける「危険情報公表法」を制 国民の自由闊達な憲法論議を
定する。
【政策目的】 ○消費者行政を強化するため、地方消費 「憲法とは公権力の行使を制限するために主権者が定める根本規範である」というのが近代立憲主義
○１次エネルギーの総供給量に占める再生 生活相談員及び国民生活センターの相 における憲法の定義です。決して一時の内閣が、その目指すべき社会像やみずからの重視する伝統･
可能エネルギーの割合を、2020年まで 談員の待遇を抜本的に改善する。 価値をうたったり、国民に道徳や義務を課すための規範ではありません。民主党は、「国民主権」「基
に10%程度の水準まで引き上げる。 ○消費生活相談の過半を占める財産被害 本的人権の尊重」「平和主義」という現行憲法の原理は国民の確信によりしっかりと支えられている
○環境技術の研究開発・実用化を進める の救済と消費者団体訴訟制度を実効あ
と考えており、これらを大切にしながら、真に立憲主義を確立し「憲法は国民とともにある」という
ことで、わが国の国際競争力を維持・ るものとするため、悪徳業者が違法に集 日米関係を築く
観点から、現行憲法に足らざる点があれば補い、改めるべき点があれば改めることを国民の皆さんに
向上させる。 めた財産をはく奪する制度を創設する。
○日本外交の基盤として緊密で対等な日
【具体策】 【所要額】
米同盟関係をつくるため、主体的な外 の皆さんとの自由闊達な憲法論議を各地で行ない、国民の多くの皆さんが改正を求め、かつ、国会内
○世界をリードする燃料電池、超伝導、 400億円程度
交戦略を構築した上で、米国と役割を の広範かつ円満な合意形成ができる事項があるかどうか、慎重かつ積極的に検討していきます。
バイオマスなどの環境技術の研究開
分担しながら日本の責任を積極的に果
発・実用化を進める。 たす。
○新エネルギー・省エネルギー技術を活 国民を守る ○米国との間で自由貿易協定（FTA）の交
用し、イノベーション等による新産業 渉を促進し、貿易・投資の自由化を進める。
を育成する。 【政策目的】 その際、食の安全・安定供給、食料自給率
○国立大学法人など公的研究開発法人制 ○災害や犯罪から国民を守る。 の向上、国内農業・農村の振興などを損な
度の改善、研究者奨励金制度の創設な 【具体策】 うことは行わない。
どにより、大学や研究機関の教育力・ ○大規模災害時等の被災者の迅速救済・ ○日米地位協定の改定を提起し、米軍再
研究力を世界トップレベルまで引き上 被害拡大防止・都市機能維持のために、 編や在日米軍基地のあり方についても
げる。 危機管理庁（仮称）を設置するなど危 見直しの方向で臨む。
民主党 政権政策
機管理体制を強化する。
○日常生活に密着した「地域・刑事・生
Manifesto
安定供給体制を確立する 活安全」にかかる警察機能を拡充する。 めざし、アジア外交を
【所要額】 強化する
【政策目的】 500億円程度 発行日 2009年7月27日
○国民生活の安定、経済の安定成長のた ○中国、韓国をはじめ、アジア諸国との 発行 民主党
め、エネルギー安定供給体制を確立する。 信頼関係の構築に全力を挙げる。 民主党本部
【具体策】 ○通商、金融、エネルギー、環境、災害 〒100-0014 東京都千代田区永田町1-11-1
22 23
変わるのは、
あなたの生活です。
民主党の5つの約束
国の総予算207兆円を全面組み替え。
1 ムダ 税金のムダづかいと天下りを根絶します。
づかい 議員の世襲と企業団体献金は禁止し、
衆院定数を80削減します。
中学卒業まで、１人当たり年31万2000円の
2 子育て 「子ども手当」を支給します。
・
高校は実質無償化し、大学は奨学金を
教育
大幅に拡充します。
「年金通帳」で消えない年金。
3 年金 年金制度を一元化し、
・
医療 月額７万円の最低保障年金を実現します。
後期高齢者医療制度は廃止し、医師の数を1.5倍にします。
「地域主権」を確立し、第一歩として、
4 地域 地方の自主財源を大幅に増やします。
主権 農業の戸別所得補償制度を創設。
高速道路の無料化、郵政事業の抜本見直しで地域を元気にします。
中小企業の法人税率を11％に引き下げます。
5 雇用 月額10万円の手当つき職業訓練制度により、
・
求職者を支援します。
経済
地球温暖化対策を強力に推進し、新産業を育てます。",,
71624_201212,"すべては
からの
東日本大震災 復興、
の からはじまる
福島 再生 。
民主党5つの重点政策
1
共に生きる社会
社会保障 支え合いの社会、すべての人に居場所と出番がある社会をめざします。
2
新しい競争力は、人と地域
経済 経済政策の目的は働く場を創ること。2020年までに400万人以上の働く場を創ります。
3
原発ゼロで生まれ変わる日本
エネルギー 地域産業の創造、地域の雇用の創出につながるグリーンエネルギー革命を断行します。
動かすのは、
4
平和国家としての、現実的な外交防衛
外交・ 「冷静な外交」と「責任ある防衛」を組み合わせ、日米同盟の深化、
安全保障 アジアとの共生をすすめます。
決断。
5
政治への信頼回復は、身を切る改革から
政治改革 世襲政治からの脱却、議員定数の削減を実現し、新しい政治文化を創ります。
民主党の政権政策 今と未来への責任。
と への
今 未来 責任。
民主党は、責任ある改革の道をまっす ぐに進む
前へ進むのか、後ろに戻るのか。それが問われています。 平和国家として、日米同盟を基軸に、大局観に立って
現実的な外交・防衛政策を進めます。強い言葉だけが躍る
政権交代に託された、道半ばの改革をさらに進めていくのか。
強硬姿勢や排外主義は、国民と国を危うい道に迷いこませます。
それとも、しがらみと既得権益にまみれた、古い政治へと
時計の針を逆戻りさせてしまうのか。あるいは、 議員定数の１割すら削減できず、脱世襲にも踏み切れない。
理念も方向性も一致しないのに、選挙のためだけの そんな政治集団に自ら身を切る改革はできません。
合従連衡に、国の舵取りを委ねてしまうのか。 定数削減と脱世襲政治を徹底し、
「決断する政治」の新たな政治文化を創ります。
選択するのは、あなた自身です。
私は、過去３年間の反省と教訓を
私たち民主党は、社会保障の改革を断固としてやり抜きます。
胸にしっかりと刻み、覚悟を共有する
これ以上、子や孫にツケを先送りしてはなりません。
民主党の同志と共に、
チルドレン・ファーストの理念に立ち、
この国の政治文化を変えていきます。
子ども・子育てを力いっぱい後押しします。
政権交代前には決してできなかった
分厚い中間層を取り戻すため、 改革をさらに前へと進めていく決意です。
持続可能な新しい成長を追求します。
責任ある改革を進める民主党を
公共事業をばらまき、借金を重ねる先に、明るい経済の
選択していただくよう、
見通しが開けるはずもありません。
ここに新たなマニフェストを訴えます。
原発ゼロをめざし、エネルギー革命を推進します。
10年間も立ち止まる暇はありません。着実な脱原発なのか、 民主党代表
惰性で原発依存なのか。いまこそ、はっきりさせるべき時です。
2 Manifesto
の
民主党 理念
からの
東日本大震災
誰のための政党か が
復興 最重点
民主党は、「生活者」「働く者」「納税者」「消費者」をよりどころにし、
将来世代の声なき声に耳を傾けています。
福島の再生なくして日本の再生なし
めざす国
民主党は、共生の社会をつくり、
今の生活の困難、将来の生活への不安を抱える被災者に寄り添い、
平和と繁栄の世界の実現にむけ、貢献する国をめざしています。
再生をめざしてまちづくりなどに取り組む人たちを支援します。
健康や将来に対する子どもたちの不安を
めざす社会 払拭できるよう全力で取り組み、必ず復興と再生を実現します。
透明・公平・公正なルールにもとづき、正義が貫かれる社会。
復興庁・復興特区・復興交付金など 事故原発の安全確保に万全を期すと
働く人が豊かさと幸せを実感できる社会。 復興に向けた仕組みを強化し、雇用 ともに、除染の徹底、速やかな賠償な
の創出、町づくりや高台移転などを促 どを通じて、住宅の確保など被害者
格差を是正し、誰にも「居場所」と「出番」のある社会。
進します。 の生活の再建・安定化を可能な限り
迅速にすすめます。
被災地の子どもの心身のケアを長期
的・継続的に行い、また未来を担う子 太陽光や風力などの再生可能エネル
民主党は改革を前進させます。
どもたちの声を復興事業に反映します。 ギー産業や医療関連産業の拠点を
創出し、福島の地域経済を活性化し
被災地の復興に直接的に資する場合 て雇用を拡大します。
や学校などを除き、復興事業は被災
国民と国家の安全を守り、「開かれた国益」を追求。
地に限定します。 子ども・被災者支援法にもとづき、健康
調査の強化、母子避難者への支援、
憲法を活かし、「国民主権・基本的人権の尊重・平和主義」を徹底。
除雪、防寒、就労など被災地における 帰還支援などをすすめます。
冬季の対策に万全を期します。
官から民へ、国から地方へ、「新しい公共」と地域主権を確立。
4 Manifesto Manifesto 5
今の安心と、明日への
責任を果たすための 社会保障
1
民主党
5
つの 共
に
生
きる
重点政策
社会
今を生きる人の安心と、未来に生きる人への責任。
私たちがめざすのは、
相互に助け合う「共生社会」です。
子育て、医療、年金、介護について、
すべての世代が支え合い、
将来に対する安心を確保します。
消費税はすべて社会保障の財源に充て、社 再就職、介護。人生のさまざまな場面での選
会保障を充実させます。消費税率の引き上げ 択を広げ、家庭において、社会において、女
に合わせ、低所得者対策に万全を期します。 性の力が発揮されるよう、後押しします。
「社会保障と税の一体改革」では、
仕事と子育てを両立でき、安心して子どもを 障がい当事者や関係者の意見を尊重しなが
以下のような社会保障の充実を図ります
育てられる社会をつくります。不妊治療を充 ら、障がい者施策を着実にすすめます。障が
実させます。新児童手当の給付、保育所定 い者の雇用の場を広げます。
1.子育て支援 員の増員、小学生の放課後の居場所の確保
待機児童解消に向け、3歳未満児の保育所などの利用者を86万人（2012年度）から
などを通じ、都会でも、地方でも、子育ての 住み慣れた地域で暮らし続けられるよう、在
122万人（2017年度）に増やす
しやすい環境を整備します。 宅医療・介護を充実します。救急・産科・小
放課後児童クラブの定員を85万人（2012年度）から129万人（2017年度）に増やす
児科・外科など地域の医師不足などを改善
子どもの安全と命を守ります。児童虐待、い し、質の高い入院医療が受けられるように
2.医療・介護
じめを防ぎ、不登校の問題に取り組みます。 します。
通学路などの安全を確保し、少人数学級を
国民健康保険料の5割軽減、2割軽減の対象者を拡大（対象者：約400万人）
増やします。 新年金制度と高齢者医療制度については、
低所得の高齢者の介護保険料を約3割軽減（対象者：65歳以上の高齢者の約3割が対象）
３党合意に沿って、社会保障制度改革国民
若年者雇用を促進します。生まれ育った地 会議での議論を通じて民主党改革案の実
3.年金
域で就職できるよう、グリーン（環境・エネル 現をめざします。
年金を受け取るために保険料の支払いが必要な最低限の期間（受給資格期間）を
ギー）、ライフ（医療・介護）などの成長分野
25年間から10年間に短縮
を育て、2020年までに400万人以上の新た 自立のための就労支援を充実させ、真に支
低年金者、障がい者に対して年金に加えて給付金を支給
な雇用を創ります。 援が必要な人には適切に生活保護認定を
（給付金の基本額＝5,000円、対象者＝約790万人）
行います。生活保護の不正受給を防止し
※逆転防止の補足的給付金の受給者約100万人を含む
チャレンジする女性を応援します。女性の元 ます。
気は日本の元気。就職、結婚、出産、子育て、
6 Manifesto Manifesto 7
今の安心と、明日への デフレ脱却、経済活性化の観点から切れ目 試作開発、設備投資、海外展開などに取り
責任を果たすための のない経済対策を講じるため、2013年冒頭 組む中小企業や地場産業を応援します。民
民主党 経済 に大規模な補正予算を編成します。 主党政権は、中小企業予算を倍増させまし
2
た。2013年3月に金融円滑化法が切れた後
5 つの 2020年度までの平均で、名目成長率で3％ も、万全の体制で中小企業の資金繰りを支
しい 程度、実質成長率で2％程度の経済成長を 援します。
新
重点政策 めざします。チャレンジする企業を支援し、
中小企業や地域で働く場をつくります。 再生エネルギー関連や医療機器の審査体
制など、これまで民主党政権下で実現してき
エネルギー分野で働く人を増やします。太 た規制・制度改革をさらにすすめ、経済構造を
は
競争力 、 陽光発電、風力発電、バイオマス発電などの 変革して新しい需要を創造します。
飛躍的な普及を実現し、地域に産業と雇用
を生み出します。グリーンエネルギー革命に 政府・日銀一体でデフレ対策を強力に推進
伴い、140万人以上に働く場を提供します。 し、過度の円高、為替相場の急激な変動に
と
対しては断固たる措置を講じます。
人 地域
医療・福祉の分野で働く人を増やします。民
主党政権の3年間で、医療・福祉の分野で働 税制、立地支援、規制の見直しなどを組み
く人が約85万人増え、地域で働く場が生まれ 合わせ、空洞化対策や企業が活動しやすい
ました。再生医療や介護ロボットの活用など、 環境の整備を行います。
新産業の育成と雇用の創造。 医療・介護分野の新たな取り組みをすすめ、
さらに280万人以上に働く場をつくります。 国益の確保を大前提として、守るべきもの
それが民主党の経済政策の柱です。
は守りながら、多角的・包括的な経済連携
太陽光、風力などの再生可能エネルギー、
農林水産業で働く人を増やします。地域を支 をすすめます。
医療・介護、農林水産業など、 える農林水産業を、守り、育てます。作物を作
るだけでなく、加工や小売などと組み合わせて 東海・東南海・南海地震や首都直下地震を
地域の仕事に結びつきやすい分野で
付加価値を高める「6次産業化」を支援します。 具体的に想定した対策をすすめます。耐震
新産業の発展を強力に後押しします。 住宅の割合を9割に引き上げるなど、地域の
観光資源を活用した地域おこしをすすめま 防災力を強化します。
働くことは生きる安心。
す。海外からの旅行客を2016年までに1800
2020年までに、400万人以上が働ける場をつくります。 万人に増やします。
8 Manifesto Manifesto 9
今の安心と、明日への
再生エネルギーを飛躍的に普及
責任を果たすための
民主党
5
つの
重点政策
風力発電 水力発電
地熱発電 バイオマス発電
エネルギー
3
原発については「、40年運転制限制を厳格に 民主党政権が創設した固定価格買取制度を
ゼロで 適用「」原子力規制委員会の安全確認を得た 生かし、風力、太陽光など再生可能エネル
原発
もののみ再稼働」「原発の新設・増設は行わ ギーを飛躍的に普及させ、燃料電池、蓄電池
ない」という３原則を守ります。 等の導入をすすめます。
核燃料サイクル事業のあり方の見直し、人材・ 住宅、家庭、交通網などにおける節電を促進
まれ わる
生 変 日本 技術の維持・強化、国際社会との連携、立地 します。スマートメーターの普及に取り組み、
地域対策の強化、原子力事業体制と原子力 スマートコミュニティを実現します。
損害賠償制度の見直しなど、新たな原子力政
策を確立します。 発送電分離について検討をすすめ、発電分
野、小売分野などの自由化を断行します。
2030年代に原発稼働ゼロを可能とするよう、あらゆる政策資源を投入。
分散型発電所は消費者である家庭も担い手と
電力の安定確保など、様々な課題を乗り越え、
なり、地域が産業を興して地域が雇用を生む、
着実に目標へ近づいて、「原発ゼロ」を必ず実現します。 地産地消型の「エネルギー革命」を断行します。
結論先送りのなし崩し的な原発維持も、
実現可能性を無視した即時原発ゼロも、同じように無責任です。
「原発ゼロ社会」と
「グリーンエネルギー革命」への挑戦。
原発ゼロ社会をつくるためには、再生可能エネルギーを飛躍的に普及させ、 「グリーンエネルギー革命」を車の両輪にして、
省エネを劇的にすすめることが不可欠です。
日本再生を力強くすすめます。
「地産地消」の再生可能エネルギーを広め、
地域に産業と雇用を創出します。
10 Manifesto Manifesto 11
今の安心と、明日への 今の安心と、明日への
責任を果たすための 責任を果たすための
民主党 民主党 政治改革
5
5つの 5つの
への
政治
重点政策 重点政策
は
信頼回復 、
を る から
身 切 改革
外交・安全保障
4
政治は国民のためにあり、国民と政治を繋ぐものは信頼です。
としての
平和国家 、 政治家が自ら改革することが、強く求められています。
とくに世襲の問題と議員定数の削減は、政党と政治家の姿勢が
国民から問われています。まず政治が率先垂範、決断するときです。
な
現実的 外交防衛
「決められる政治」はその先にしかありません。
国民の生命・財産を守ることは政府の最も重要な役割の一つです。
先の臨時国会で実現した5議席削減に加え、 大震災復興期間における歳費減額（現在、2
「冷静な外交」と「責任ある防衛」を組み合わせ、 次の通常国会で衆議院の議員定数を75議席 年間の臨時特例で12.8%削減）を継続します。
日米同盟を深化させることにより、守りを確実なものにします。 削減します。参議院の議員定数は40議席程 ただし、衆議院の定数削減が実現するまでの
度削減します。 間は削減幅を20%に拡大します。
アジアの共生を実現するため、経済面も含めた戦略的外交を展開します。
途上国の貧困削減や民主化などを支援し、世界の平和、安定、繁栄に貢献します。 現職国会議員が引退する場合、その親族（三 企業・団体献金は、禁止します。
親等以内）が引き続くかたちで同一選挙区か
ら立候補する、いわゆる世襲について、民主
専守防衛の原則に立ち、動的防衛力、南西重 アジア近隣諸国との関係を大局的見地から 党は今後も内規で禁止します。
視など、防衛大綱にもとづいて着実に防衛力 強化します。
を整備します。
北朝鮮による拉致事件の解決に全力を尽く
海上保安庁などの警戒監視、警備体制を拡 し、核・ミサイル問題に引き続き全力で対応し
の と
充し、尖閣諸島をはじめとする領土・領海の守 ます。 議員定数 削減 、
りを固めます。
南スーダン等における国連の平和維持活動
外交安全保障の基軸である日米同盟を深化 （ＰＫＯ）やソマリア沖での海賊対処行動、
企業・団体献金
の
禁止
は
、
させます。 ＯＤＡの戦略的な活用など、国際的な平和貢
献を続けます。
嘉手納以南の土地返還の促進など、日米合
ず します
必 実現 。
意を着実に実施し、沖縄の負担軽減をすすめ 「核兵器のない世界」の実現に向けて努力し
ます。 ます。
12 Manifesto Manifesto 13
2009-2012年
政権交代後、3年間をふりかえって
（H21〜H24年）
〈チルドレン・ファースト〉
わらなかったことが
変 、
将来を担う世代を支援しています。
いま わりはじめています ●保育所定員が前年比で大幅増 ●高校無償化
、変 。
前年比 公立高校生の授業料
（万人） 約5万
●H22年4月から公立高校の授業料徴収を廃止
230 人増
前年比
政権交代から３年、国民の皆さまのご期待に応えようと、民主党は挑戦を重ねてきました。 46,503 私立高校生の授業料
224万人
225 前年比 人増 ●年間11万8,800円を助成
しかし、結果として、できたこと、できなかったことがあります。 25,961
●低所得の世帯に対しては、助成額を1.5倍から2倍に
前年比 人増 220万人
野党時代の見通しの甘さを率直に認め、お叱りを受けとめ、未熟さを克服しなければなりません。 220 11,040 〇経済的理由による高校中退者が半減
人増 216万人
未来を見据え、困難な課題から逃げず、現状を一歩ずつ、着実に。
215
213万人
民主党は、責任ある改革をさらに前へすすめます。
210 52
%
減
〈予算〉 22,,009999名名
11,,000077名名
税金の使い途を変えました。
0
2009 2010 2011 2012
●公共事業 ●社会保障 ●文教関係 ●中小企業 （H21年4月） （H22年4月） （H23年4月） （H24年4月） H20度 H22度
90
%
アップ
※H21度＝100として指数化 16 % 9 190 〈消えた年金〉
アップ %
アップ 年金記録の回復に取り組んでいます。
116
109
100 32 100 100 100 33,,335566億億円円
%
カット 2288..99兆兆円円 44..22兆兆円円 ●民主党の追及で発覚した「消えた年金」5,000万件の解決に取り組む
68
77..11兆兆円円 2244..88兆兆円円 33..99兆兆円円 11,,889900億億円円
44..88兆兆円円 2007（H19年12月） 2012（H24年9月）
H21度予算 H24度予算 H21度予算 H24度予算 H21度予算 H24度予算 H21度予算 H24度予算
2,860万件の記録を解明。
※この他にH23度１次、３次補正予算及び ※H24度、東日本大震災からの
H24度当初予算において、東日本大震災の被災地の 復旧・復興に関する経費を含む。 未統合の年金記録
復旧・復興のための公共事業関係予算を計上している。 1,671万件を統合。
5,000万件
1.7兆円の年金給付額を回復。
〈経済〉
リーマンショックから立ち直りました。
※野党時代から含めて、解明した年金記録は2,860万件（H24年6月時点）。死亡者等を除いて、基礎年金番号に統合した件数は
1,671万件（H24年9月）。一人2件以上回復したケースもあり、人数ベースでは約1,300万人の記録を回復した。記録がみつかり年金額
●有効求人倍率 ●倒産件数 ●税収 15
% の増えた人は少なくとものべ199万人、回復した年金給付額は1.7兆円（生涯額）（H20年5月〜H24年9月現在）。
0.84倍 アップ
0.85
7,736件 22 42.9兆円
0.75 %
0.65 減 37.4兆円 ●年金記録が訂正されてから支払われるまでの期間が大幅に短縮
0.55 0.45倍 6,051件
0.45
（倍） H21年3月 1100ヶヶ月月
H21年9月 H24年9月
●完全失業率
50
5.5 5.4% H24年9月 44..22ヶヶ月月 %
5.0
減
4.5
4.2%
4.0
（％） H21度（上半期）H24度（上半期） H22度予算 H24度予算 ※時効特例分を含む全体。
H21年9月 H24年9月 ※負債総額1千万円以上（東京商工リサーチ調べ） ※H21度決算額は38.7兆円 ※過去5年分までの支払いについては約7.2ヶ月→2.6ヶ月まで短縮。（H24年9月）
14 Manifesto Manifesto 15
2009-2012年（H21〜H24年）
政権交代後、3年間をふりかえって
〈医療・福祉〉
地域の医療と福祉を立て直しました。
〈行政改革〉
黒字の病院
●医師数の増加 ●公立病院の経営黒字化 国の支出をスリムにしました。
53.6%
8,350人
（万人） 増
30
●事業仕分けにより歳出を削減し、財源を確保
295,049人
29.5 黒字の病院
41.4%
医 29 2009（H21年11月の仕分け） 2010（H22年4月、10月の仕分け） 合 計
師 286,699人
2010
数 28.5 2009 （H22年）
（2H02019年年）
28 9,692 3,515 1 3,207
＋ ＝
億円 億円 兆 億円
0
2008 2010
（H20年） （H22年） 〇仕分けとその後の改革の流れ
※人口10万人対医師数は5.9人増加。 （１）H21年11月の事業仕分け第１弾･･･449事業対象。行政事業レビューの実施についての閣議決定に反映。
（２）H22年4〜5月の事業仕分け第２弾･･･47独立行政法人の151事業、70公益法人の82事業。独法改革、公益法人改革についての閣議決定に反映。
●障害福祉サービス ●教育、医療・介護で雇用者増 85万人 （３）H22年10〜11月の事業仕分け第3弾･･･18特別会計（51勘定すべて）、112事業の再仕分け。特別会計改革の行程表の閣議決定に反映。
（入所、通所・訪問別等）の予算増額 増 （４）H23年3月の規制仕分け･･･規制・制度改革へ。
（万人） 2009年9月 2012年9月 （５）H23年11月の提言型政策仕分け･･･10の政策分野。仕分け結果をフォローアップ。
681万人
（億円） 7,884億円 700 （６）H24年7月の民主党版事業仕分け…4分野13事業について、府省横断的なチェックを行い、H25度概算要求に反映。
8,000 2,372 650
7,500 億円 600 596万人
アップ ●独立行政法人向け財政支出額 ●公益法人向け財政支出額
7,000 550
6
6
,
,
5
0
0
0
0
0
5
4
0
50
0
408万人
411万人 23万人
3
（
6,
億
00
円
0
） 3兆5,599億円 （
2,
億
50
円
0
） 2,477億円
5,512億円 増
5,500 400 35,000 2,250
350
300 278万人 34,000 2,000 966億円
255万人
250 33,000 4,486 カット
0 1,750
2009 2012 32,000 3兆1,113億円 億円 1,511億円
（H21度） （H24度） 0 31,000 カット 1,500
※H21度からH24度で約1.4倍増。 建設業 教育・学習支援業 医療・福祉
30,000
〈生活インフラ〉 0 2009 2012
2008 2012
（H21度） （H24度）
身近な暮らしを快適にしました。 （H20度） （H24度）
●独立行政法人からの国庫返納額 ●天下りあっせんの撤廃
●国内空港を発着する ●「中止」の対応方針を決定したダム事業数 0
（億円）
LCC（格安航空会社）の 1兆3,717億円 1兆3,413
検証済み42事業 検証中41事業 14,000
億円 天下りあっせん人数
就航便数
12,000 アップ
中止
人
10,000 390
2009 2012 15事業 人
（H21年8月時点） （H24年11月14日時点） 8,000
国内線 国内線 「 ※ 中 2 止 01 」 2 を （ し H な 24 か 年 っ 1 た 0月 ら 末 支 時 出 点 する ）。 予定だった事業費合計＝ 約3,600億円。 6,000 （H20年12月〜H21年9月） （H21年9月〜現在）
4,000
0便/週 259便/週 ※あっせん禁止後（H21年9月29日閣議・鳩山総理発言後）は、
●住宅エコポイントを利用した省エネ住宅の建築・リフォーム戸数 2,000 304億円 独自の就職活動や公募への応募等により再就職が行われている。
0
2009 2011
国際線 国際線 H22年3月〜H24年10月末時点 1,649,874 戸が利用 （H21度） （H23度）
37便/週 219便/週 ※上記2011年の1兆3,717億円のうち1兆2千億円は、
鉄道建設・運輸施設整備支援機構剰余金の国庫納付であり、
※民主党政権下でスタート。新築・リフォームを含む。予算総額3,888億円。 東日本大震災復旧のための第1次補正予算に充当された。
16 Manifesto Manifesto 17
代を中心に、学校における職業教育やカウンセラーによる進路 れるようにするなど、適切な医療提供体制の整備をすすめる。
指導、ハローワークでの職業相談など就労支援をさらに拡充し、 ○予防接種の充実、感染症対策、がん対策の充実に引き続き取
マニフェスト 若年者雇用を促進する。 り組む。法制化を視野に難病対策を着実にすすめる。
政策各論
○やりがいのある仕事に就けるよう、能力開発の充実や均等・ ○より有効でより安全な医薬品、医療機器などを患者の元によ
均衡処遇の確保など非正規雇用にかかわる問題に引き続き取り り早く届ける体制整備に引き続き取り組む。
組む。
○障がい者雇用を広げる。高齢者が体力に応じて働ける環境を ７．介護が必要となっても住み慣れた地域で暮らせる
（このマニフェストは、民主党のホームページでもご覧いただけます。http://www.dpj.or.jp/）
作る。 システムをつくる
○結婚、出産後の女性の就業の継続・復帰を支援する。男性も
女性も「ワークライフバランス」（仕事と生活の調和）が可能な ○かかりつけ医と訪問看護など医療と介護の連携の推進、安心
環境を整備する。 して暮らせる住宅の提供、在宅サービスの充実、配食や見守り
○チャレンジする女性を応援する。女性の人生のさまざまな場面 など生活援助サービスの促進などにより、住み慣れた地域で安
東日本大震災からの復興なくして日本の復興なし
での選択を広げ、家庭で、社会で、女性の力が発揮され、社会 心して生活ができるよう、在宅医療・介護の提供体制を整備する。
進出がすすむよう後押しする。女性の活躍機会を拡大し、あら 特に認知症の人とその家族への支援を充実する。
○被災地に寄り添った復興を加速する。復興庁・復興特区・復 ○国直轄の復興道路（三陸沿岸道など）の整備を加速し、おお ゆる分野でより一層の男女共同参画社会の実現を図る。 ○持続可能な介護保険制度を確立し、報酬改定などにより、介
興交付金など復興に向けた仕組みを強化し、地域で夢の持てる むね７年以内に全線開通をめざす。 ○政労使の合意を踏まえ、最低賃金について早期の引き上げを 護労働者の賃金をさらに引き上げ、介護労働者の確保に努める。
まちづくり、高台移転の促進、雇用・働く場の創出などに取り組む。 ○除雪、防寒、就労など被災地における冬季の対策に万全を期す。 図る。引き上げに際して、中小企業への支援を行う。
○被災地の子どもの心身のケアを長期的・継続的に行い、また ○被災地の復興に直接的に資する場合や学校などを除き、復興 ○働く人が安全・健康に働ける職場環境を確保する。病気で休 ８．生活支援戦略、生活保護の
未来を担う子どもたちの声を復興事業に反映する。 事業は被災地に限定する。 業、休職しても職場復帰し、生き生きと働き続けられるための支 不正受給の防止をすすめる
援策をすすめる。
福島の再生なくして日本の再生なし ○「生活支援戦略」により生活困窮者に対する生活支援を充実す
４．すべての人に居場所と出番のある社会を創る る。第２のセーフティネットである求職者支援制度の活用、ハロー
ワークや自治体のさまざまな相談機能の縦割りの解消、NPOな
○原子力政策を推進してきた国の社会的責任を認め、政府一丸 ○福島の産業の復興及び再生にあたっては、再生可能エネルギー
○職場や地域におけるうつ対策、自殺対策に引き続き取り組む。 どとの連携などにより、社会復帰、早期就労など自立のための
となって、原子力災害からの福島の復興及び再生を強力に推進 産業、医療関連産業の拠点の創出・形成や情報通信技術に関
寄り添いホットラインの拡充など、基本法の見直しも含め、自殺 再チャレンジを支援する。
する。 わる研究開発の支援など、2012年７月に定めた「福島復興再生
総合対策大綱に即した対策をさらにすすめ、一人でも多くの命を ○真に支援が必要な人に適切に生活保護の認定を行う。国や地
○事故原発の安全確保に万全を期すとともに、除染の徹底、速 基本方針」にもとづいてすすめる。
救う。 方自治体の調査権限を強化するなど不正受給を防止する仕組み
やかな賠償などを通じて、住宅の確保など被害者の生活の再建・ ○子ども・被災者支援法にもとづき、健康調査の強化、母子避
○孤独死を防止するため、関係機関の連絡・連携体制の強化な を再構築し、また医療扶助について電子レセプト点検の強化や
安定化を可能な限り迅速にすすめる。 難者への支援、帰還支援などをすすめる。
ど地域のネットワークの取組を支援する。 後発医薬品使用の促進などの改善をすすめる。
○中間貯蔵施設は、地元の意見を十分に尊重しながら、国の責 ○指定廃棄物は、地域住民の意見を十分に聞き、関連自治体と
○障がい当事者・関係者の意見を尊重しながら、障がい者施策 ○現在行われていない受給要件の再確認を一定期間ごとに行い、
任で設置する。 十分に協議を重ねた上で、国が責任を持って処理する。
を着実にすすめる。支給決定プロセスや就労支援のあり方など また不正受給への罰則を強化する。
「障害者総合支援法」の検討項目について見直す。 ○いわゆる「貧困ビジネス」被害を防ぐため、無料・低額宿泊所
○障がいのある人も無い人も共に生きる共生社会を実現するため、 などを規制する法整備を行う。
障がいを理由とする差別の禁止に関する法律の制定をめざすとと
共に生きる社会 もに、「国連障害者権利条約」を批准する。 ９．消費税はすべて社会保障の財源に充て、
同時に低所得者対策などを講じる
５．年金制度改革、歳入庁、マイナンバーを
○通学路などでの子どもの安全を守るため、現在、学校・ＰＴＡ 一体で実現する ○消費税率引き上げによる増収分は、すべて社会保障の財源に
１．社会全体で子どもの育ちを支援する が行っている通学路の緊急合同点検の結果にもとづき、必要な 充てる。これにより、毎年1兆円規模で増大する社会保障の財
対策をすすめる。 ○公的年金制度の一元化、最低保障年金の創設を中心とする 源を、給付の重点化に取り組みつつ確保する。
○妊婦健診の公的助成を含め、出産にかかわる費用の自己負担 ○公立学校施設、国立大学などの耐震化を完了する。私立学校 民主党の年金制度改革案を、３党合意に沿って、社会保障制度 ○2014年4月の消費税率の引き上げに合わせて、生活必需品に
がほぼいらないように助成する。これまで拡充してきた不妊治療 についても早期の完了をめざす。 改革国民会議の議論を経た上で、実現をめざす。 かかる負担増を軽減するため、低所得者への給付措置を実施す
に関する支援をさらに充実する。 ○大学などの授業料減免や奨学金をさらに拡充する。コミュニ ○歳入庁設置に向けた準備を行うための新たな組織を2015年 る。2015年10月の再引き上げの際にも、確実に低所得者対策
○子育て支援の予算を増額して、新児童手当と合わせて、保育 ティスクール（土曜学校含む）をさらに増やす。 度に設置し、マイナンバー（社会保障・税番号制度）の利用を を行う。
所整備などの現物給付、育児・仕事両立支援の充実を図る。 ○教員の質をさらに高めるため、研修制度を充実し、教員の修 2016年度に開始する。 ○事業者が価格に消費税分を適正に転嫁できるように、独占禁
○保育所定員の増員、放課後児童クラブなどの整備、質の高い 士比率を引き上げる。 止法・下請法の特例にかかる必要な法制上の措置を講じる。
幼児教育・保育などを実現するため、保護者や地域の実情に応 ○子どもたちに21世紀にふさわしい学びを保障するため、教職 ６．高齢者医療は年齢で差別しない制度に見直し、 ○住宅の取得については、税額が高額であることに加え、一時
じて計画を立て、着実にすすめる。 員の数を増やし、少人数学級を着実に推進する。 国民皆保険を堅持する の税負担が大きいことから、2014年4月、2015年10月のそれ
○保護者の就業形態にかかわらず、また都市部でも地方部でも ○地方教育行政法を見直し、現在の教育委員会制度を見直す。 ぞれの引き上げ時に、影響を緩和・平準化する十分な対策を実
安心して子どもを通わせることができるよう、幼保連携型認定子 ○後期高齢者医療制度を廃止し、高齢者にかかる国保の財政運 施する。
ども園や小規模保育などへの給付制度を着実に実施する。 ３．働くことを軸とする安心社会を実現する 営は都道府県が実施する。この民主党案について、３党合意に ○自動車重量税、自動車取得税については、地方財政に配慮し
○子どもにかかわる施策について、省庁の縦割りを排し、総合 沿って、社会保障制度改革国民会議の議論を経た上で、実現を つつ、負担の軽減、簡素化及びグリーン化の観点から、抜本的
的な子ども・子育て支援を実施するため、2014年までに「子ど ○経済政策の最大の目的が雇用の維持・拡大であることを明確 めざす。 な見直しを行う。
も家庭省（仮称）」の設置について結論を出す。 にし、グリーン（環境・エネルギー分野）、ライフ（医療・介護分野） ○医療保険制度全体の安定的な運営のため、保険者間の負担
などの成長分野での産業育成をすすめ、2020年までに400万 の公平化、国民健康保険の都道府県単位化など医療保険の一 １０．税財政の規律を守る
２．子どもたちの命を守り、教育の質を高める 人以上の新規雇用を生み出す。 元的運用をすすめる。
○公平・公正なワークルールのもと、雇用の安定を図り、世帯 ○高額療養費制度に関し、給付と負担のバランスを勘案しつつ、 ○民主党政権が制定した「租特透明化法」による検証にもとづ
○いじめ防止のための措置について法制化をすすめ、子どもの の可処分所得の向上をめざす。雇用のあるべき原則などを定める 治療が長期にわたる患者の負担軽減を図る。 き、効果が不明なもの、役割を終えた租税特別措置などは廃止し、
命を守り、いじめや不登校に苦しむ子どもたちを無くす。 基本法の整備に取り組む。 ○救急・産科・小児科・外科・精神科など地域の医師不足、看 真に必要なものは恒久措置へ切り替える。
○子どもの虐待防止に社会全体で取り組む。 ○若者が夢と希望をもって働ける社会を実現するため、新卒世 護師不足対策に引き続き取り組み、質の高い入院医療が受けら ○2013年度の税制改正で税制の所得再分配機能などを高める
18 19
12．人権・消費者問題に取り組む ○首脳外交をはじめとする官民連携の強化、インフラプロジェク 〇急激な円高が経済に重大な影響を与えることを踏まえ、過度
方向で、所得税・相続税の改正を行う。
ト専門官の活用促進、公的ファイナンスなどの取組強化により、 の円高、為替相場の急激な変動に対しては断固たる措置を講じる。
○共働き世帯の増加など社会の構造変化に対応し、男女共同参
○えん罪を防止するため、取り調べの可視化及び証拠開示の円 日本の科学技術力を生かし、インフラの輸出を拡大する。
画社会に資する中立的な税制の実現に取り組む。
滑かつ適正な手続きの確保を図る刑事訴訟法の改正をすすめる。 ○訪日外国人旅行客1800万人（2016年）を実現するため、オー ８．持てる資源・資産を経済の活力に結びつける
○将来世代に負担のツケを回さないよう、2015年度にプライマ
○人権委員会の設置に向け、人権委員会設置法を早期に制定す ルジャパンの訪日プロモーション、ビザ発給要件の緩和、エコツー
リーバランスの赤字を半減し（2010年度比）、2020年度までに
る。 リズムなど旅行者のニーズに即した観光の提供などをすすめる。 ○2012年の通常国会で成立した「改正郵政民営化法」を確実
黒字化する。
○個人が国際機関に対して直接に人権侵害の救済を求める個人 ○国内外のイベント開催、クールジャパン番組の海外放送など に実行していくためのフォローアップを行うとともに、復興財源
通報制度について、これを定めている関係条約の選択議定書の により、日本の映像、ファッション、伝統文化、食などの発信 確保に向けて、早期に日本郵政の株式の売却を実現する。
１１．スポーツ、文化、芸術を振興する
批准をめざす。 を高め、クールジャパン関連の市場規模を9.3兆円（2016年度） ○国民の財産である電波を最大限有効に活用するための電波
○地方消費者行政の強化、消費生活相談員制度の機能の充実、 に拡大する。 オークション（電波利用権限の入札による取得）などを通じ、情
○民主党政権下で成立したスポーツ基本法に則り、スポーツを
強化などを図る。 報通信のさらなる革新と利活用をすすめる。
通じた地域づくり、人づくりをすすめる。2020年東京オリンピッ
○消費生活相談の過半を占める財産被害の救済と消費者団体 ７．２０１４年度のデフレ脱却をめざす ○宇宙の開発や利用に関して一体的に推進できる体制が整備で
ク・パラリンピックの招致に全力で取り組む。
訴訟制度を実効あるものとするため、悪徳業者が違法に集めた きたことを踏まえ、準天頂衛星の体制整備などを通じ、着実に
○日本の伝統的な文化芸術を継承し、発展させるとともに、独
財産を没収する制度を創設する。 ○デフレ脱却、経済活性化の観点から切れ目のない経済対策を 宇宙の開発利用をすすめる。
創性のある新たな文化芸術の創造を振興する。
講じることとし、2013年冒頭にパッケージとしての経済対策を ○沖縄の自立的かつ継続的発展のための施策に取り組み、沖縄
実施するための大規模な補正予算を編成する。 への補助金は、自由度の高い一括交付金に原則切り替える。
○内にあってはグリーン（環境・エネルギー分野）、ライフ（医療・
新しい競争力は、人と地域
介護分野）、農林水産業の成長産業化、外にあっては経済連携 ９．地域の防災力を強化する
の加速による海外成長の果実の取り込みを通じて需要を拡大し、
2013年度までに作成し、これにもとづく新規就農者への給付 2020年度までの平均で名目3%程度、実質2%程度の経済成長 ○ハード整備に偏りすぎることなく、ハザードマップの作成やリ
１．グリーンエネルギー革命をすすめ、 金の給付、地域の中心となる事業者への農地集積を行うことで、 を実現する。 スクの情報開示を徹底し、地域のコミュニティを活かした地域防
新産業と雇用を生み出す 就農促進と生産性の向上を図る。 ○民主党政権ではエネルギー、医療、農業などの分野で504項 災力の強化をすすめる。
○安全・安心な農産物・食品の提供体制を確立するため、食品 目の規制・制度改革を閣議決定してきたが、これをさらに思い切っ ○東海・東南海・南海地震や首都直下地震を具体的に想定した
○大規模集中型のエネルギー提供体制から、地産地消の分散型 トレーサビリティの促進、原料原産地表示拡大、食品表示の一 てすすめ、経済構造を変革し、需要を創造する。 避難路や避難場所の緊急整備、首都機能のバックアップ体制を
エネルギー社会への転換をすすめ、電源供給の安全性、多様性 元化をすすめる。 ○税制、立地支援、規制などの見直しにより、空洞化対策や中 整備する。南海トラフ巨大地震対策に対処するための特別法の
を高めるとともに、これを新たな産業の創出、地域の活力再生 ○2020年度までに「木材自給率50％」「魚介類（食用）自給率 小企業を含めて企業が活動しやすい環境を整備する。 制定を図る。
へ繋げる。 70％」をめざし、路網整備、森林施業集約化、省エネ・省コス 〇2012年10月に初めて作成した共同文書にもとづき、デフレ脱 ○2015年度に耐震住宅の割合を９割に引き上げることを目標に、
○グリーン（環境・エネルギー分野）を我が国の主要な産業へ トな漁船導入、漁業協業化を推進する。 却に向けて政府・日銀が一体となり最大限の努力を行う。 法改正を行い、一般の住宅の耐震化に対する支援を拡充する。
と育成し、海外の巨大市場の需要を取り込む。これによって再
エネ・省エネ産業における雇用を拡大する。 ４．我が国産業・雇用の基盤である中小企業を
○住宅の省エネ化をすすめるため、新築住宅の省エネ化・省エ しっかりと支援する 原発ゼロで生まれ変わる日本
ネリフォームの推進、木材住宅の普及などを図る。
〇中小企業、ものづくり産業、地場産業の試作開発・設備投資
２．医療・介護分野の研究開発体制を強化し、 などの支援、質の高い経営支援の提供、海外展開支援を強力に行う。 ○使用済核燃料の総量管理についての考え方を整理する。
成長産業に育成する ○2013年３月の金融円滑化法終了後も、万全の体制で中小企 １． ３つの原則で「原発ゼロ社会」を実現する ○政府は2013年度から使用済核燃料の直接処分の研究を始め
業の資金繰りを支援する。 る。処分のあり方について、逃げずに検討し、責任をもって方
○世界に先駆けて本格的な再生医療を実現するため、iPS細胞 ○中小企業支援税制（事業承継税制、雇用促進税制等）を強化・ ○「原発ゼロ社会」をめざすために、 向性を示す。
などの研究に対して集中的な支援を行う。がん、難病、肝炎な 改善する。 －40年運転制限制を厳格に適用する
どの治療に関する優れた研究成果を実用化につなげるため「創 ○政府系金融機関の中小企業に対する融資について、個人保証 －原子力規制委員会の安全確認を得たもののみ、再稼働とする ３．原発立地地域の経済、雇用に十分に配慮する
薬支援ネットワーク」を構築する。 を撤廃する。 －原発の新設・増設は行わない
○研究開発型の独立行政法人について、世界の第一線で競う研 ○連帯保証人制度について、廃止を含め、あり方を検討する。 ことを原則とする。 ○国の新たな要請によって影響を受けることになる原発立地地
究開発の特性に応じ、研究開発成果を最大化するための制度構 ○３つの原則を厳格に適用する中で、2030年代に原発稼働ゼ 域には十分配慮して、経済、雇用が安定的に維持できるような
築・運用改善を行う。 ５．世界のトップレベルの研究開発の成果を ロを可能とするよう、あらゆる政策資源を投入する。 措置を講じる。
○医療機器の審査の迅速化・合理化を図るため、薬事法の改正 社会に還元する ○事故を起こした原発の安全な廃炉、再稼働した原発の徹底的 ○立地自治体の構造転換を支援するため、グリーンエネルギー
を早期に行う。先端医療を推進するため、大学病院、企業、研 な安全管理など「原発ゼロ社会」を安全に着実に実現するため、 の導入支援を含めた各種施策を優先的・重点的に行う。
究開発機関を新たな特区（機関特区）に指定し、規制の特例措 ○大学等の理系カリキュラム改善やインターンシップを産学官連 原子力に関する技術の継承・開発、人材の確保・育成について ○防災対策の重点区域などの見直しに伴い周辺地域における原
置などの支援を行う。 携で推進し、またテニュアトラック制（任期付き研究者が審査を 国の責任で取り組み、そのための計画を2012年度中に作成する。 子力防災対策を強化する。
○介護ロボット、生活支援ロボットの開発・普及を通じ、新しい 経て専任となる制度）の普及等により優秀な若手研究者を支援する。 ○使用済核燃料の減容化、減量化、無害化の研究開発を国際
ヘルスケア産業、ものづくり産業を創出する。 ○研究の中核となる大学の研究力を強化し、世界で戦えるリサー 的にすすめる。 ４．あらゆる政策資源を投入し、
チユニバーシティ（研究大学）を増強する。 ○当面は化石エネルギーの重要性が高まることから、燃料の安 再エネ・省エネを飛躍的に拡大する
３．農林漁業を6次産業へ転換し、 ○世界最先端の研究基盤の整備・共用を推進し、世界の研究者 定かつ安価な調達、高効率の石炭・石油・天然ガスプラントの
2015年度までに3兆円産業に育成する を惹きつける国際的な研究拠点を充実する。 新増設・リプレースに関わる規制の改革などをすすめる。 ○再エネ・省エネの類型別に以下のような強力な開発・普及支
○化石燃料の安定確保のための資源外交をすすめ、またメタン 援を行う。
○農林水産物の付加価値を高め、農業者などの所得の向上を図 ６．アジアと共に成長する日本 ハイドレードなど日本近海の海洋資源の調査・開発をすすめる。 ・太陽光――技術開発、需要創出などによるコスト低減、農地
るため、農林漁業成長産業化支援機構法にもとづく地域ファン などの規制改革
ドから、6次産業化に取り組む事業者への出資と経営支援を推 〇アジア太平洋自由貿易圏の実現を目指し、その道筋となって ２．核燃料サイクル事業のあり方を見直す ・風力－建築基準の適正化、環境アセス法の適切な運用、系統対策
進する。 いる環太平洋パートナーシップ、日中韓ＦＴＡ、東アジア地域包 ・バイオマス――バイオマス資源の利用拡大、バイオ燃料の開発、
○現在予算事業として行われている農家への戸別所得補償を法律 括的経済連携を同時並行的にすすめ、政府が判断する。その ○青森県を放射性廃棄物の最終処分地にはしない。 実用化支援
にもとづく安定した制度とすることで、食料自給率50％をめざす。 際、国益の確保を大前提とするとともに、日本の農業、食の安全、 ○核燃料サイクル事業に対する国の責任を明らかにし、本質的な必 ・地熱－環境と調和のとれた開発の推進、技術開発促進
○農地・農村・農業の今後の方向性を示す「人・農地プラン」を 国民皆保険などは必ず守る。 要性、技術成立性、社会的受容性などの観点から、あり方を見直す。 ・水力――水利権への柔軟な対応、ポテンシャル調査補助事業
20 21
などの検討 ○すべての国民に「電力選択」の自由を保障するため、電力の どをすすめ、途上国の発展に寄与する。 ７．核兵器を廃絶する
・海洋――技術開発及び実用化・事業化の促進、海洋利用ルー 小売市場を全面的に自由化する。また、電力卸売に関する規制 ○ポスト・ミレニアム開発目標（ＭＤＧｓ）の策定に主導的役割
ルの法制度の整備 の撤廃、卸電力取引市場の活性化などにより、コストダウンや を果たす。 ○唯一の被爆国として、「核兵器のない世界」を実現するため、
・スマート化――スマートコミュニティの実現、スマートメーター 顧客サービスの充実をめざす。 ○アフリカ諸国との関係強化を含め、資源外交を強化する。 積極的に取組み、国際社会において主導的な役割を担う。
の普及促進 ○太陽光発電、風力発電などの普及を加速するため、電力の発
・燃料電池――研究開発・コスト低減支援、燃料電池自動車の 電部門と送電部門を、機能的又は法的に分離することを検討す
普及促進 る。その際、電力の安定供給を確保する。 政治への信頼回復は、身を切る改革から
・蓄電池――新設病院などへの設置、規格の国際標準化への取組 ○再生可能エネルギーの不安定性を緩和し、広域的に供給力を
○グリーン（環境・エネルギー分野）を我が国の主要な産業へ 有効活用するため、電力系統を強化し、また地域をまたいで系
と育成し、海外の巨大市場の需要を取り込む。これによって再 統を運用する中立的な機関を創設する。 ５．３年間で大きく進んだ地域主権改革を、
１．次の４年間もムダづかいの根絶に取り組む
エネ・省エネ産業における雇用を拡大する。（再掲） さらに大胆にすすめる
○住宅の省エネ化をすすめるため、新築住宅の省エネ化・省エ ６．事故を乗り越え、地球温暖化対策に取り組む
○「公開」「第三者」を原則とする「事業仕分け」を発展させた「行
ネリフォームの推進、木材住宅の普及などを図る。（再掲）
政事業レビュー」を法制化し、毎年度、政府の全府省で実施する。 ○義務付け・枠付けの見直しをさらにすすめる。条例制定基準
○生命をはぐくむ水循環・水資源を守り、次世代に引き継ぐた ○すべての国が参加する将来枠組み採択のために、我が国から
○これまですすめてきた予算編成プロセスの公開をさらにすすめ、 はできるだけ「参酌基準」とし、条例制定権の拡大を図る。
めに、すべての水を統合的に管理するための基本法を制定する。 具体的な将来枠組みを提案するとともに、我が国の削減目標と
国民一人ひとりの目でムダや重複にメスを入れられるようにする。 ○市町村への権限移譲をさらにすすめる。特に土地活用など、
また、生活排水対策を効率的に推進するための制度改正をめざす。 して2030年時点において国内でおおむね温室効果ガス2割削減
○入札制度の不断の改革をすすめ、随意契約、指名競争入札を まちづくりの権限移譲に力をいれて取り組む。
（1990年比）をめざし、主導的な環境外交を展開する。地球温
実施する場合には、徹底的な情報公開を義務づける。 ○大都市制度を見直し、都道府県から政令市への権限と財源の
５．「原発ゼロ社会」を実現するための 暖化対策に関する基本原則、数値目標等を盛り込んだ基本法の
○公共事業の請負など国や自治体との契約で働く際の労働条件 移譲をすすめる。
仕組みを整備する 制定をはかる。
の適正化に向けて、法制化をすすめる。 ○地域自主戦略交付金（一括交付金）を拡充し、地方にとって
さらに使い勝手のよいものにする。
○地産地消の分散型エネルギー社会への転換を確実にするため、
２．特別会計、独立行政法人などの改革を ○地域主権戦略大綱を着実に実行する。さらに、地方や国民の
発電、送電、小売のあり方を抜本的に見直す。
すぐに実現する 声を十分に聞きながら、中長期的な視点で道州制を検討する。
○特別会計の数を17会計51勘定から11会計26勘定に減らす法 ６．政治改革・国会改革を断行し、
冷静かつ現実的な外交防衛
律を来年の国会で成立させる。 国民の信頼を取り戻す
○現在の独立行政法人を102法人から65法人に統廃合する法律
を来年の国会で成立させる。 ○企業・団体献金を禁止する。
○在日米軍再編に関する日米合意を着実に実施する。抑止力の
○「行政改革実行法」の制定をめざし、国から公益法人への天 ○国会議員関係政治団体の収支報告書をインターネットで一括
１．防衛力の着実な整備をすすめる 維持を図りつつ、約9千人の海兵隊員を国外移転し、嘉手納以
下りを厳格にチェックし、補助金交付のあり方を見直す。 掲載する。
南の土地返還を促進するなど、沖縄をはじめとする関係住民の
○2016年度末までに土地や株式など、5,000億円以上の国有 ○国会議員の関係政治団体の収支報告書の開示期間を3年間か
○専守防衛の原則の下、動的防衛力の強化、南西重視をはじめ、 負担軽減に全力をあげる。民主党政権下ですすめてきた日米地
資産などを売却する。 ら5年間に延長する。
民主党政権下で策定した防衛大綱にもとづいて精強な防衛力を 位協定の運用改善をさらにすすめる努力を行う。
○インターネット選挙運動の解禁をすすめる。
着実に整備する。
３．天下りを厳格にチェックし、 ○現職国会議員が引退する場合、その親族（三親等以内）が引
○新たな安全保障上の課題となったサイバー空間や、宇宙、海 ４．共生実現に向けたアジア外交を展開する
総人件費削減をさらにすすめる き続くかたちで、同一選挙区から立候補する、いわゆる世襲につ
洋でのリスク対応をすすめる。
いて、民主党は内規で引き続き禁止する（民主党内規の遵守）。
○エネルギー、食糧安全保障などを含めた総合安全保障体制を ○中国、韓国、ＡＳＥＡＮ諸国、インド、豪州、ロシアなど、重
○「行政改革実行法」を制定し、国家公務員退職者の独立行政 ○衆参選挙制度について、選挙制度審議会の議論などを踏まえ
確立する。 要性を増すアジア太平洋諸国との関係を大局的見地から強化す
法人などへの天下りを厳格に監視する。 て、抜本改革を行う。
○二国間・多国間で積極的に防衛協力・交流を推進する。 る。
○人材開発と能力・実績主義の徹底、コストの見える化による ○国会経費の削減をすすめる。
○東シナ海を「平和、友好、協力の海」とするため、特に海洋
意識改革、過度な前例踏襲主義との決別をすすめる。 ・次期通常国会で衆議院の議員定数を75議席削減する。参議
２．主権は、断固として守る 分野で日中間の意思疎通を図る。
○各省庁の幹部公務員の人事管理は内閣で一元的に行う。 院の議員定数を40議席程度削減する。
○日中韓ＦＴＡ、東アジア地域包括的経済連携（ＲＣＥＰ）など
○国家公務員制度改革関連4法案を成立させ、公務員の労働基 ・大震災復興期間における歳費減額（臨時特例12.8%）を継続
○海上保安庁を中心にした警戒監視や警備体制を拡充・強化し、 の経済連携をすすめる。
本権を回復して、民間と同様、交渉によって給与を決定する仕 する。ただし、衆議院の定数削減が実現する（法的措置が講じ
尖閣諸島をはじめ、領土・領海等の守りに万全を期す。 ○官民一体でインフラ輸出を推進するなど、経済外交を戦略的
組みをつくる。 られる）までの間は、削減の幅を拡大し、20%減額とする。
○我が国の主権に関する立場を積極的に対外発信していく。 に展開する。
○国家公務員総人件費は、2割削減目標（2009年度対比）を ○決められる政治、熟議の国会とする。
○尖閣諸島が我が国固有の領土であることは歴史的にも国際法
堅持する。すでに１割削減が実現しているが、さらなる1割削減 ・予算と関連する法案をセットで扱うルールを確立する。
上も疑いがなく、現に我が国はこれを有効に支配している。同諸 ５．北朝鮮による拉致問題・核問題に全力で取り組む
を着実に実施する。 ・両院協議会のあり方を見直す。
島を巡って解決すべき領有権の問題は存在しない。尖閣諸島は
・国益および外交上の観点から、閣僚の国会出席義務を緩和す
平穏かつ安定的に維持・管理する。 ○主権と人権の重大な侵害である拉致問題の解決に全力をあげ
４．政権与党の経験をふまえ、政治主導を確立する るとともに、議会開会中であっても政党・議員外交が積極的に
○我が国固有の領土である北方領土については、四島の帰属の る。
行えるようにする。
問題を解決し平和条約を締結すべく、これまでの日露間の諸合 ○米韓など国際社会と連携し、北朝鮮による核・ミサイル開発・
○政治が国政の大きな舵取りを行いつつ、政と官が協働して国
意、及び法と正義の原則を基礎として、ロシアとの交渉をすすめる。 配備などに対し、全力で対処する。
民のための国づくりにまい進する、新しい政治主導を確立する。
○歴史的にも国際法上も日本の領土である竹島は韓国によって
○省庁の縦割りを排し、効率的な資源配分、予算編成をすすめ
不法占拠されており、国際法に従って平和的な解決を粘り強く求 ６．国力に相応しい国際貢献を積極的に展開し、
るため、国家戦略室の機能強化を含め、官邸の司令塔機能を強
めていく。 日本のプレゼンスを高める 民主党 政権政策
化する。
○緊急事態に迅速かつ適切に対応できる危機管理体制を平素か Manifesto（マニフェスト）
３．日米同盟のさらなる深化と ○国連の平和維持（ＰＫＯ）活動や災害派遣活動に積極的に参
ら整えるため、内閣機能の強化や情報収集・分析体制の強化を
沖縄の負担軽減を両立させる 加する。 発行日：2012年11月26日／発行：民主党／民主党本部
図る。
○ソマリア沖での海賊対処行動を継続する。 〒100-0014 東京都千代田区永田町1-11-1
○日本の外交安全保障の基軸である日米同盟を深化させ、同時 ○国連改革をすすめ、安保理常任理事国入りをめざす。
に経済関係の強化を図る。 ○ＯＤＡの活用を通じて、貧困削減、平和構築、民主化支援な
22 23
すべては
からの
東日本大震災 復興、
の からはじまる
福島 再生 。
民主党5つの重点政策
1
共に生きる社会
社会保障 支え合いの社会、すべての人に居場所と出番がある社会をめざします。
2
新しい競争力は、人と地域
経済 経済政策の目的は働く場を創ること。2020年までに400万人以上の働く場を創ります。
3
原発ゼロで生まれ変わる日本
エネルギー 地域産業の創造、地域の雇用の創出につながるグリーンエネルギー革命を断行します。
動かすのは、
4
平和国家としての、現実的な外交防衛
外交・ 「冷静な外交」と「責任ある防衛」を組み合わせ、日米同盟の深化、
安全保障 アジアとの共生をすすめます。
決断。
5
政治への信頼回復は、身を切る改革から
政治改革 世襲政治からの脱却、議員定数の削減を実現し、新しい政治文化を創ります。
民主党の政権政策 今と未来への責任。",,
71626_200311,"保守新党が実現を目指す１０の重点政策
1. 景気回復を確実にし、雇用を拡大します
ライフサイエンス・ＩＴ・環境・ナノテクノロジーの成長４分野に代表される先端
技術への集中投資で新産業の創出。平成１８年度までにデフレを克服、名目２％の
経済成長を実現。新産業の創出・観光立国等で５３０万人の雇用を創出し、失業率
を４％台前半に。ミスマッチの解消等を目指す雇用基本法を制定。
2. 中小企業・商業の活性化で、日本経済の元気を取り戻します
中小企業予算の大幅増額。成長４分野など先端技術開発に対する支援で中小企業の
活性化。中堅企業に対する新たな信用保証制度の創設。政府系金融機関の活用等で
過剰な担保・個人保証に頼らない融資システムで再チャレンジできる社会の創造。
商店街の活性化。
3. 世界一安心・安全な国・日本の復活を目指します
景気回復に伴う生活の安定。警察官など治安関係職員の大幅増員。外国人犯罪の防
止、公園などにおける防犯基準の策定など犯罪予防のための街づくり。地方公共団
体の治安補助業務を行うセキュリティーキーパー制度の創設。司法制度改革による
裁判の迅速化。防災に重点を置いた公共投資など自然災害に強い国土づくり
4. 若者に希望を、お年寄りに安心を活力のある日本社会をつくります
将来とも持続可能な安定した年金制度確立のため、消費税の社会保障目的税化を実
現。その使途を基礎年金、高齢者医療、介護に限定。消費税改め、社会保障税の引
き上げに際しては、飲食料品等について軽減税率を適用。税率の引き上げまでは年
金の積立金を活用。
5. 教育基本法を改正し、日本人として持つべき心の教育を大切にします
人生最初の教師は親であり家庭教育を積極的に支援。教育基本法を見直し、道徳・
宗教・規律など内面の教育を重視。読み書き算数・理科など基礎教育の充実による
学力の向上。教員の資質向上。文化・スポーツの振興。
6. 地方の元気を取り戻し、個性豊かな発展を目指します
高速道の計画的整備など経済発展基盤の整備、地方の伝統・文化、資源を活かした
地域産業の創出、産官学の連携強化による地域の新技術・新事業の創出、法律によ
り内閣総理大臣を長とする「地方活性化本部を設置」
7. 食の安全を確保し、豊かで住み良い農山漁村をつくります
食料自給率の向上。中核的農家の育成など経営基盤の強化。農林水産業の持つ国土
保全、環境保全機能の強化。各種補助金を所得政策への集約。林業整備金制度の創
設。水産業の振興。食品健康影響評価の実施、食品製造過程におけるＨＡＣＣＰの
導入促進等による食の安全の確保。
8. 環境を守り、美しい国土と自然を後世代に引き継ぎます
環境教育で生命をいとおしむ青少年の育成。廃棄物処理・リサイクル施設の整備等、
循環型社会の構築。環境産業の振興。環境保全技術の普及など地球環境保全への貢
献。低公害車の開発・普及の促進。
9. 世界平和に積極的に貢献し、防衛省を実現します
安保理の常任理事国入りなどの国連改革。国連の平和協力のための恒久的立法の制
定。イラクの復興支援への協力。中国・韓国などアジア諸国との信頼醸成の強化。
拉致問題の解決なくして北朝鮮との国交正常化なし。日米同盟の信頼強化。来年の
通常国会において防衛庁の「省」昇格を実現。
10. ２１世紀日本の国づくりの基本となる新たな憲法の制定を目指します
国民主権、恒久平和主義、国際協調主義は維持・発展させつつ、２１世紀国づくり
の基本となる新たな憲法の制定を目指す。来年中に党の原案を発表。来年度には憲
法の改正手続きなどを定めた国民投票法を制定。
「保守新党が実現を目指す政策」
―総選挙政策―
我々は昨年末、政治の安定と日本再生を目指し、新たに保守新党を結成しま
した。自由民主党及び公明党との連立政権に参加し、両党との結束の下、多く
の成果を挙げることができました。戦後日本の安全保障上の悲願であった有事
法制の整備、研究開発・設備投資減税などの先行実施や平成１５年度予算の年
度内成立等の景気対策、プライバシーを保護する個人情報保護法の制定、国際
社会の一員として責任を果たすための「イラク復興支援立法」の制定などであ
ります。
保守新党は国民の皆様に対し、総選挙後も自由民主党及び公明党との連立政
権に参加することを約束するとともに、両党の理解と協力の下に、経済の立て
直しを始め、あらゆる分野での構造改革を進め、日本の良き文化・伝統・歴史
を大切にし、美しい自然と環境を守り、共同体としての責任と社会的正義を大
事にする活力の中にも安定感のある「２１世紀の新しい日本」の創造を目指す
ことを約束いたします。
国の力を高める
（１）景気回復を確実にし、自律的経済成長を実現します
1. 内需主導の自律的回復の実現
経済構造改革を進め、日本経済の体質を強化し、平成１８年度までの集中改革期間
内にデフレを克服し、内需主導の自律的回復により名目２％の経済成長を実現しま
す。
2. 先端技術への集中投資で新規産業の創出
国家的プロジェクトの推進、バイオテクノロジー（生物化学）、ナノテクノロジー（超
微小技術）、ＩＴ（情報技術）、環境、宇宙等先端技術への集中投資、ベンチャー企
業の振興、観光産業の振興など、総需要を喚起し、国際競争力の強化と新規産業の
創出を図ります。
3. 将来の安心確保で個人消費の拡大
消費税の社会保障目的税化の実現により持続可能な社会保障制度の構築を図り、老
後の不安を解消するなどにより、個人消費の拡大を図ります。
4. 経済的規制の撤廃・緩和
特区構想の活用により民間の活力を阻む規制･制度や政府関与を取り除くことによ
り経済の活性化を図ります。
5. 平成１６年度には不良債権問題を解決
金融再生プログラムの計画的実施により平成１６年度には不良債権比率を半減させ、
不良債権問題の解決を図ります。
6. 市場の実勢に即した為替市場の確立
為替市場の自由化を進め、円高・割安な中国の元の是正など、為替相場が各国の経
済の実力を反映したものになるような環境を整えます。
7. 資産デフレ対策
固定資産税など土地保有課税の見直し等の資産デフレ対策、夜間株式市場の開設な
どの株式市場の活性化など、資産デフレ対策を進めます。
8. 知的財産の創造と活用
知的所有権制度を確立するとともに、大学における知的財産の戦略的活用、大学発
ベンチャーの創出など産官学連携を推進するとともに、大学等が有する「知」を最
大限に活用し、関連研究機関、研究開発型企業による国際的な競争力のある技術革
新のための集積である「知的クラスター」の創成を進めます。
9. エネルギーの安定供給体制の確立
安定供給、環境保全、経済合理性を基本とする総合的なエネルギー戦略を確立し、
原子燃料サイクル体制の確立と安全性の徹底による原子力エネルギーの活用、エネ
ルギー源の多様化、ベストミックスを進めます。また省エネ、新エネ・燃料電池の
技術開発などを積極的に支援していきます。
（２）財政の健全化を図り、将来世代に責任を持ちます
1. ２０１０年代初頭にプライマリーバランスを確保
民間需要主導の経済成長を実現すると同時に、政府全体の歳出を国・地方を含め、
効率化・重点化を図ることによって抑制し、２０１０年代初頭にはプライマリーバ
ランス（過去の借金の元利払い以外の歳出は新たな借金に頼らない）を実現します。
2. 国民負担率を５０％以下に
社会保障制度や公共事業などの分野において、過剰な規制の見直し、民間的手法の
活用、歳出の効率化、重点化、事業の重複の是正など、財政赤字を生み出す構造に
メスを入れていきます。税と社会保険料負担からなる国民負担率を将来とも５０％
以下になるようにします。
3. 国と地方の税財政制度の三位一体改革の推進
地方分権の推進という視点に立って、国庫補助金の削減、地方への税源の移譲、地
方交付税制度の改革を三位一体として進めます。
4. 予算制度の改革
トップダウン方式による予算編成、歳出の重点化、政策評価を的確に反映した予算
編成など予算制度の改革を行います。
5. 消費税の社会保障目的税化
消費税の使途を基礎年金、高齢者医療、介護の社会保障の基礎的３分野に限定する
社会保障税とします。税率の引き上げに当たっては、飲食料品等について軽減税率
を設けることとします。
6. 法人実効税率を欧米並みに
わが国企業の国際競争力を強化するため、法人実効税率を欧米主要国並に引き下げ
ます。社会保険料の抑制、法人税の軽減等により企業の公的負担を抑制します。
7. 新事業創出・新産業創出に資する税制
欠損金の繰越・繰り戻し制度の拡充、減価償却制度の見直しによる設備投資の促進、
事業再生税制の充実、新産業・新事業の創出を支援するエンゼル税制の拡充、贈与
税の軽減など株式市場活性化のための税制など、税制改革を進めます。
（３）中小企業・商店街の活性化で日本経済の元気を取り戻します
1. 中小企業予算の大幅増額で中小企業を積極的に支援
わが国経済の裾野を支え、ものづくり大国を支えている中小企業の活性化を図るた
め、中小企業対策予算を大幅に増額し、ナノテクノロジー（超微小技術）、ＩＴ（情
報技術）、環境、宇宙等先端技術の研究開発に対する積極的支援、中小ベンチャー企
業への支援などを行うとともに、地方においても地域独自の技術を生かした市場の
開拓、地域の文化・伝統・資源を生かした事業の創出などを進め、地域経済の活性
化につなげます。
2. 中小・中堅企業への積極的支援
中堅企業に対する新たな信用保証制度の創設など、日本経済の核となっている中
小・中堅企業を積極的に支援するための法改正を行います。公的信用保証制度の一
層の充実と円滑な執行に努めます。産業再生関連法に基づき、企業の過剰設備・過
剰債務の円滑な解消を図り、企業の再建・再生を図ります。
3. 再チャレンジできる社会をつくる
金融機関の審査能力の向上などにより、過剰に担保や個人保証を求めるシステムを
是正するとともに、万が一倒産した場合であっても生活に必要な最低限の財産は残
す制度をつくり、中小企業者が再チャレンジできるようにします。また、商工中金、
国民生活金融公庫、中小企業金融公庫など政府系金融機関の積極的に活用し、中小
企業・商業への資金供給の円滑化・多様化を図ります。
4. 商店街の振興
地域文化の担い手でもある商店街の衰退や空洞化を防止するため、まちづくりと一
体となった商店街の再構築への支援などを通じて商店街の再生を進めます。
（４）日本再生、地方再生のための観光立国・観光立県を実現します
1. 日本列島復元１０ヶ年計画
観光立国にふさわしい日本の風土を甦らせるため、「日本列島復元1０ヶ年計画」を
策定し、復元事業を進めます。神社・仏閣、史跡など日本固有の文化財や施設の維
持、整備を行い、文化拠点・観光拠点として活用を図ります。
2. 海外から１０００万人誘客の実現
海外からの旅行者が安い費用で日本全国を旅行できるよう、国際感覚を持った宿泊
施設の整備、食料等の共同仕入れによる価格の引き下げ、外国人観光客に対する訪
日キャンペーン、ビザの手続き申請期間の短縮、入国手続きの簡素化などを進めま
す。
3. 観光大学・観光学科の設置
観光産業の振興を図るため、その核となるリーダーを養成する観光大学あるいは観
光学科を設置します。
4. 地域観光プログラムの展開
地域の自然、歴史・伝統・生活を生かしたストーリー性をもつなど特色ある観光を
進めるとともに、ＮＰＯ等による地域活性化の取り組みを支援し、多様な拠点づく
りを促進します。
5. 観光予算の増額と情報発信体制の整備
観光振興、観光ＯＤＡ、宿泊施設・交通アクセス等の国内観光の整備などに関する
予算の増額を図るとともに、インターネット等新しい情報ネットワークを活用した
観光ビジネスに関する情報発信体制を整備します。
6. 観光立県の実現
都道府県は関係市町村との連携の下に、その特色に応じたきめ細かな計画で観光立
県を進めます。
7. 観光産業の振興で２５０万人の雇用創出
観光産業を２１世紀の基幹産業として位置づけ、その振興を図り２５０万人の雇用
創出を図ります。
（５）地方の元気を取り戻し、個性豊かな発展を目指します
1. 法律に基づく「地方活性化対策本部」の設置
地方の活性化を図るため、地方活性化法（仮称）の制定により、総理大臣を本部長
とする「地方活性化対策本部（仮称）」を設置し、地方活性化のための総合的な施策、
必要な予算の確保などを推進する体制を整えます。
2. 公共事業の計画的推進
公共事業には都市と地方の均衡ある発展を目指すとともに、大規模地震や台風等の
自然災害から国民の生命と財産を守るという崇高な使命があります。この視点から、
公共事業について重点化・効率化を図りつつ、高速道等の道路の整備、治山・治水
事業、港湾整備事業など、必要な公共事業について、その計画的整備を進めていき
ます。
3. 公共事業の改革
公共事業について、整備新幹線や基幹道路、ハブ空港・ハブ港湾などの国家的プロ
ジェクトとして必要な事業を除き、原則、地方に移譲することとし、地方が地方の
実情、文化・伝統を生かした事業が主体的に可能になるようにします。また、公共
事業実施にあたっては、ＰＦＩ等の積極的な活用を図り、予算執行は、単年度主義
を改め、３年程度の中期的な視点で、低コスト化、効率化を図れるよう改革を進め
ます。
4. 地方の知恵と創意、技術の発揮
国は、デフレ克服のための総需要の喚起、経済構造改革の推進、金融システムの充
実・強化等の対策を進めるとともに、地方においても地方独自の技術を生かした市
場の開拓、地方の文化・伝統・産業集積を生かした事業の創出などを進め、地域経
済の活性化を図ります。
5. 中小・中堅企業への積極的支援
地域経済の核となっている中小・中堅企業の経営を積極的に支援するため、公的信
用保証制度の円滑な執行に努めるとともに、産業再生関連法に基づき、企業の過剰
設備・過剰債務の円滑な解消を図り、企業の再建・再生を図ります。
6. 都市の再生
伝統と文化を継承する個性ある都市づくりを目指します。都市機能の高度化、都市
環境の整備及び住環境の抜本的改善を進め、都市の再生を図ります。都市構造のバ
リアフリー化、下水道・廃棄物処理などの生活環境の整備、電線類の地中化、地下
鉄等都市鉄道の整備、開かずの踏み切りの解消など、都市の再生を進めます。
7. 公共交通サービスの改善
地域経済の活性化を図るため、地域・利用者の視点に立ち、公共交通機関のサービ
スの改善、活性化を図ります。
8. 商店街の振興
地域文化の担い手でもある商店街の衰退や空洞化を防止するため、駐車場の整備な
どの市街地の改善、まちづくりと一体となった商店街の再構築への支援などを通じ
て商店街の再生を進めます。
9. 科学技術駆動型への転換による地域経済の活性化
大学における知的財産の戦略的活用、大学発ベンチャーの創出など産官学連携を推
進するとともに、大学等が有する「知」を最大限に活用し、関連研究機関、研究開
発型企業による国際的な競争力のある技術革新のための集積である「知的クラスタ
ー」の創成を図ることなどにより、公共事業依存を脱し、科学技術駆動型の地域経
済発展への転換を図り、地域経済を活性化します。
（６）食の安全を確保し、豊かで住み良い農山漁村をつくります
1. 食料自給率の向上
食料自給率を高め、食の安全確保を進めます。中核的農家の育成、経営基盤の強化、
農林水産業の持つ国土保全、環境保全機能の強化など、農林水産業の振興を図りま
す。このため、集落営農の整備に焦点を当てるとともに、各種補助金を所得政策に
集約していきます。
2. 経営基盤の強化と生活改善
経営基盤の強化による足腰の強い農林漁業、高齢者や女性が働き易い環境の整備、
生活改善等により豊かで住み良い農山漁村をつくります。
3. 有機農業の推進
自然循環型農業の重要性にかんがみ、有機農業を推進します。
4. 消費者の視点に立つ食料政策
安全・安心な食生活を確保するため、食品健康影響評価の実施、食品製造過程にお
けるＨＡＣＣＰ（危害分析重要管理点方式）の導入促進、牛肉の生産から流通･消費
の各段階における一元管理、残留農薬基準を上回る輸入農産物の取締りの徹底、遺
伝子組換え食品の表示の充実など、安心・安全な食生活を確保します。
5. 米政策改革の着実な推進
農業者・農業者団体や地方公共団体、流通業者、消費者の創意工夫が活かされる水
田農業にします。そのため、地方分権の発想を取り入れた、地域自らの発想で構造
改革に取り組むための助成を行います。また、消費者のきめ細やかなニーズを敏感
につかみ、創意工夫ある米ビジネスを発展させるため、米流通システムを抜本的に
改革します。
6. 中山間地域の所得保障
中山間地域においては、農業の多面的機能を確保するため、直接支払い制度の円滑
な実施を図ります。
7. 林業の振興
林業については、森林の持つ国土保全、水源の涵養、自然環境の保全、地球温暖化
防止などの多面的機能を持続的に発揮できるよう、林業地域の市町村に対する「林
業整備金制度」の創設、広葉樹を取り入れた施業等を進めるとともに、中核的な林
業経営への施策の集中、木材産業の振興、流通加工の合理化などを進めます。
8. 水産業の振興
水産業については、漁獲量の総量管理制度の徹底等による水産資源の適切な保存・
管理体制の確立と水産動植物の増殖及び養殖の推進、意欲ある中核的漁業者への支
援、漁獲・陸揚げ・加工・流通・消費を一体的に捉えた基盤の整備などを進めます。
9. 都市と農山村の共生
農山漁村と都市との交流を進め、その共生を図ります。
暮らしを守る
（１）雇用基本法を制定し、雇用を守ります
1. 経済構造改革等で５３０万人の雇用を創出
経済構造改革の推進、先端技術に対する集中投資による新規産業の創出、観光立国・
観光立県の実現等により景気を回復し、５３０万人の雇用を創出します。
2. 雇用基本法の制定
雇用のミスマッチの解消と常に再チャレンジできる社会システムの確立、パート及
びフリーター等の正規雇用への切り替え促進、職業紹介権限の国から地方への移譲
等の雇用行政の抜本的改革、技能習得支援、就職活動支援、キャリアカウンセラー
（職業相談員）の育成充実等を行います。このため、雇用基本法の制定を目指しま
す。
3. 完全失業率４％台に
これら対策により、平成１６年度の集中改革期間までに完全失業率の水準である
４％台に引き下げます。
（２）老後の生活不安をなくし、活力ある高齢社会をつくります
1. 社会保障目的税の導入で将来とも安心できる年金制度の構築
将来とも安心できる年金制度を構築するためには、給付と負担の在り方を見直し、
現行水準に近い社会保険料に加えて、世代間を通じ支出に応じ公平に負担し、安定
した財源でもある消費税を投入する以外に道はありません。
この観点から、消費税の使途を基礎年金・高齢者医療・介護に限定する社会保障目
的税の実現を目指します。年金積立金の活用については、後世代、次世代の保険料
の負担軽減に充当することとします。
2. 新しい高齢者医療制度の創設
負担と給付両面における世代間、保険者間、地域間の公平の確保、診療報
酬体系の見直し、薬価差益の解消、介護と高齢者医療との連携強化など、抜本的医
療制度の改革を進めます。すべての高齢者を対象とした独立の高齢者医療制度を創
設し、その主たる財源は消費税で賄います。
3. 医療事故の防止
医薬品、医療機器等に対する安全性確保体制に万全を期すとともに、薬の副作用に
ついての情報開示を徹底し、薬害を防止します。医療機関の安全管理体制の整備を
更に推進するとともに、第三者機関を設置して事故の情報を収集・分析し、幅広く
提供するなど医療事故の防止体制を強化します。
4. 住民のニーズに応えるきめ細かな介護サービスの提供
「介護を住民皆で支えあう」との考えに立ち、介護保険制度の定着を図ります。ま
た、痴呆性高齢者介護の充実、施設における身体拘束廃止の徹底、ケアマネージャ
ーの質の向上、利用者の意見等を反映した要介護認定の見直し、などを進めます。
5. 高齢者の健康の増進と社会参加の促進
「健康日本２１」を名実ともに国民運動として進め、高齢者の一層の健康の増進に
努めます。また地域社会において、高齢者の仕事、社会福祉、学習、青少年の健全
育成、文化・芸術活動などへの参加を進め、生きがいの確保と健康の増進を図りま
す。地域ＮＰＯ助成策により、高齢者自身がサービス提供主体になるなど、自助・
互助・公助のあり方を見直します。
6. バリアフリーな地域社会の創造
交通施設を含め、公共施設のバリアフリー化の一層の推進、民間住宅のバリアフリ
ー化への支援などにより、高齢者・障害者が安心・安全に生活できる環境を整えま
す。
（３）環境を守り、美しい国土と自然を後世代に引き継ぎます
1. 生命をいとおしむ青少年を育てる
美しい自然環境を守り、自然と触れ合う機会を増やして、健やかで、生命をいとお
しむ青少年を育てます。
2. 循環型社会の構築
廃棄物の不法投棄対策を強化し、廃棄物処理・リサイクル施設の整備を促進するこ
となどにより、循環型社会の構築を図ります。
3. 地球環境保全への貢献
環境保全を経済発展のための新たな成長要因としてとらえて、環境産業の成長を支
援し、環境に配慮した製品やサービスを世界に普及させることなどを通して、地球
環境の保全に貢献します。
4. 低公害車の開発・普及とディーゼル対策
燃料電池自動車をはじめとする低公害車の開発とその普及を進めます。ディーゼル
車対策等、自動車の排ガス対策を強化します。
5. 環境重視の国づくり
農山漁村の持つ環境保全機能を最大限発揮しうる施策を講ずるとともに、都市の遊
休地を活用した緑地公園の整備、エコタウン建設、環境配慮型公共事業の推進、エ
コビジネスの振興、国土美化の国民運動の推進など、環境重視の国づくりを進めま
す。
6. 環境ホルモン対策
環境保全技術の開発・研究体制の拡充、ダイオキシンを始め環境ホルモン対策の強
化などを進めます。
世界一安心・安全な国をつくる
社会改革、教育改革などと相まって以下の対策を進め、安心・安全大国日本の復活を目指
します。
（１）世界一安心・安全な国、日本を復活します
1. 治安関係職員の増員と連携の強化
治安の回復のためには、犯罪の増加に対し、絶対的に不足している治安関係職員の
増員が不可欠です。事態の緊急性に対応し、地方警察官、入国管理職員・税関職員、
拘置所・刑務所等行刑施設職員、検察官・検察事務官、海上保安庁職員・国の港湾
保安対策職員、麻薬取締官などの治安関係職員については、国家公務員削減計画と
は別枠扱いとし、その増員を図ります。
各省庁の治安関係職員の協力・連携体制を強化するとともに、国内外の治安関係機
関との情報交換を促進し、治安情報のネットワークを確立します。
各省庁の治安関係職員の協力・連携体制を強化するとともに、国内外の治安関係機
関との情報交換を促進し、治安情報のネットワークを確立します。
2. 治安関係施設の整備と治安活動を支える基盤の整備
事態の緊急性に鑑み、治安に関する予算はシーリングとは別枠で予算を確保し、留
置場、刑務所等行刑施設、入管施設などの治安関係施設の整備を図るとともに、犯
罪の広域化、スピード化、複雑化、組織化、凶悪化などに的確に対応するためその
活動を支える基盤の整備(各種支援システム、装備資機材等)を図ります。
3. 犯罪防止のための社会づくり
警察、自治体、自治会、ボランティア、ＮＰＯ等との連携を強化し、地域による自
主的な防犯活動が促進されるシステムをつくります。
犯罪に強い住宅の普及を図るとともに、道路、公園、駐車・駐輪場、公衆トイレな
どについて、公共空間における防犯基準を策定、スーパー防犯灯の整備、防犯カメ
ラの設置などを進めていきます。
4. 外国人犯罪の防止
外国人の不法就労・不就労対策を強化するとともに、厳正な入国管理及びホテル等
での旅券チェックの強化などにより不法滞在者を今後５年間で不法滞在者を半減さ
せます。また、関係国との連携強化、ピッキング用具を使用した住宅等への侵入犯
罪に対する警備体制強化などの国の対策とともに、地域においても住民相互及び住
民と警察との連絡協力体制を整えます。
5. セキュリティーキーパー制度の創設
地方公共団体の治安補助業務を行うセキュリティーキーパー制度を創設します。国
は必要な補助を行うこととします。
6. 組織犯罪・テロ対策
組織的な拳銃・薬物の密輸・密売事件、暴力団による犯罪、来日外国人組織による
犯罪などの組織犯罪に対応するため、関係機関の情報収集機能を強化するとともに、
犯罪組織の資金源を遮断するなどの対策を強化します。
麻薬・覚醒剤等の薬の乱用に伴う凶悪犯罪の発生を防止するため、これら薬物の取
り締まりを強化するとともに、住民と警察、病院等との連携を密にし、犯罪の未然
防止に努めます。
7. 少年犯罪の防止
凶悪犯罪の低年齢化に対応し、教育改革と相まって、家庭・学校・地域社会・行政
機関が一体となって青少年の健全育成に取り組む体制を整えます。
8. 裁判の迅速化、国民に開かれた司法制度
司法制度改革により、第一審の裁判を２年以内に終わらせるなど裁判の迅速化・短
縮化を進めるとともに、訴訟費用の軽減、法曹人口の大幅増員、家庭裁判所や簡易
裁判所の機能強化、全国どこでも法的救済を受けられる司法ネットの整備などによ
り、国民が利用しやすい司法制度にします。
また一定の重大な罪の刑事裁判に対する国民の裁判員としての参加など、司法への
国民の参加を進めるとともに、司法犯罪被害者の人権確保、救済策を充実します。
9. 悪質な訪問販売などから住民を守る
悪質な訪問販売、内職商法、マルチ商法などで強引・執拗な勧誘、誇大な広告・説
明により消費者が被害を受けることのないよう、「特定商取引法」に基づく迅速な行
政処分・摘発を行うなど、消費者保護のための万全な体制を整えます。
10. 交通事故の防止
悲惨な交通事故の犠牲者を1人でも少なくするため、地域住民、警察、学校等関係
機関・団体との連携を密にし、交通安全教育の推進、交通安全施設の整備、歩行者・
自転車優先など国民が安心できる道路交通環境を整えます。
（２）災害から住民の生命と財産を守ります
1. 国土・都市構造の総点検と地域防災計画の見直し
防災の視点から国土、都市構造の総点検を行います。また各地方自治体の地域防災
計画を今日の安全基準に照らして見直し、基準を下回る場合はその改定を進めます。
2. 災害に強い国づくり
洪水、土砂災害、高潮等の自然災害による被害を未然に防ぐため、堤防等の構築物
によるハード対策とともに、土地利用規制やハザードマップの整備等のソフト対策
を一体的に推進します。
3. 大規模地震対策の推進
いつ発生してもおかしくない東海地震及び今世紀前半にも発生の恐れがある東南
海・南海地震などの大規模地震については、防災対策を的確に行うため、観測・予
知体制の抜本的強化や、建物の耐震化、津波対策等を強力に進めます。
4. 地域の防災体制の整備
防災公園の整備、避難拠点と避難道路の整備、食料・水・医薬品等の備蓄体制の確
立、非常用の通信体制の整備など災害に備えた体制を整えます。東海地震、東南海・
南海地震等大規模災害に対処するため、緊急消防隊など広域的な人命救助体制の整
備を進めます。
また、防災マニュアルと防災マップの作成と住民への普及徹底を図るとともに、住
民、自治体、警察、消防、自衛隊等による定期的訓練を実施し、災害発生時に迅速
かつ効率的に対応できる体制を整えます。
5. ライフラインの確保
電気、ガス、水道、電話、道路、鉄道などのライフライン施設及び建造物の耐震性、
耐火性を強化します。原子力施設の総点検を行い、安全確保に万全を期します。
6. 被災者に対する支援の強化
被災地及び被災者に対する救援、支援体制を強化し、復興支援、生活支援に万全を
期します。
（３）世界の平和に積極的に貢献し、防衛庁の「省」昇格を実現します
1. 国連改革
国際社会の一員として、国益を踏まえつつ国連の諸活動に参加するなど、国際社会
との協調との中で世界の平和に積極的に貢献します。国連の機能強化を図り、旧敵
国条項の削除を求め、国連の安保常任理事国入りを目指します。
2. イラクの復興支援
イラクへの政府調査団等の調査に基づき、日本にふさわしい協力のあり方を決定す
るなど、米英の同盟国として支援・協力する体制を早急に整えます。
3. 国際平和協力のための恒久法の整備
国連を中心とした国際平和協力活動(平和の回復・維持、平和の定着、国づくりなど)
に円滑な対応できるよう国際平和協力活動への協力を自衛隊の任務として位置づけ
る、待機部隊の創設と必要な訓練の実施などができるよう恒久的な法整備を検討し
ます。
4. 「拉致問題の解決なくして、国交正常化なし」
北朝鮮については、６ヵ国協議などを通じ核開発、ミサイル開発の廃棄を求めると
ともに、「拉致問題の解決なくして、国交正常化なし」の方針を堅持し、拉致問題の
解決を粘り強く求めていきます。
5. アジアにおける信頼醸成の強化
アジアにおける平和と安定を図るため、中国・韓国との友好関係の増進、南北朝鮮
の対話に対する支援、ＡＳＥＡＮ諸国との信頼協力関係の強化など、アジアにおけ
る信頼醸成を強化します。
6. ＯＤＡ改革
ＯＤＡ(政府開発援助)をわが国の外交目的を有効に達成するための重要な手段であ
るという観点から位置づけ、その効率性と透明性を高めます。
7. 来年には防衛庁の「省」昇格を実現
防衛庁は国の防衛に加えて、国際的な平和活動への貢献、国内の大規模な自然災害
における救援活動など、その責任と役割は飛躍的に増大しています。自衛隊員がそ
の職務を誇りを持って遂行できる体制を整えるため、来年の通常国会においては、
防衛省設置法案を成立させ、防衛庁の「省」昇格を実現します。
8. ミサイル防衛の整備
国の安全保障は国家存立の基本であり、ミサイル防衛体制を構築するなど、適切な
防衛力の整備に努めます。
9. 日米同盟の信頼強化
日米安全保障体制はわが国の安全にとって重要であるとともに、アジア・太平洋地
域の平和と安定の要であるとの自覚の下に、これを引き続き堅持し、その信頼性を
高め、最も有効に機能させるよう平素から緊密な協議その他の施策を推進します。
10. 万一に備えた国内の安全体制の確保
総理官邸や原子力関連施設など国内重要施設、在日米軍施設、米国をはじめ各国公
館等への警戒警備を強化します。また、対処能力の著しい向上が図られている警察
の銃器対策部隊、ＮＢＣテロ対応部隊、特殊部隊（ＳＡＴ）を緊急事案発生時に活
用し、国民の生命、身体の保護に万全を期すとともに、これら特殊部隊の更なる充
実強化を実現します。
11. ライフラインの確保
市場・為替対策等の金融・経済対策、輸送機関の安全確保、生活物資の安定供給対
策、特に、電力・ガス・水等のライフラインの確保に万全を期し、すべての脅威か
ら国民の不安を払拭します。
12. テロ対策の強化
出入国や通関などの水際対策、テロ関連情報の収集・分析、総理官邸や原子力関連
施設等の国内重要施設、航空・新幹線などの交通機関や電力・飲料水などのライフ
ラインのテロへの警戒・警備を強化するとともに、ＮＢＣテロ対策、港湾・道路・
ダムなどの管理体制を強化、保安対策を講じます。
次の世代のために
（１）教育基本法を改正し、日本人として持つべき心の教育を大切にします
1. 家族の再興、家庭教育への支援
人生最初の教師は親であり、人間教育の第一の責任は親にあります。家族の絆を大
切にし、情報の提供、相談体制の充実など家庭教育を積極的に支援します。
2. 教育基本法の見直し
現在の教育基本法の良き成果を受け継ぎつつ、教育基本法を見直し、道徳、宗教、
規律等の内面の教育の重視、家庭教育の位置づけの明確化等、わが国の文化･伝統・
歴史を継承し、国際社会の中で活躍できる日本人、誇り高き日本人の育成を目指し
ます。同時に、高い倫理観を持ち、共同体の一員としての規律を守り、責任を果た
す人間教育を行います。
3. 学習指導要領の見直し
学力の向上を図るため、学習指導要領を早期に見直し、読み書き算・理科教育、外
国語教育などの教育基礎的教育を充実するなど国際的にも遜色のない教育内容に改
めます。ゆとり教育は見直します。
4. 教員の資質向上
教員の質の向上を図るとともに、地域と学校の現場裁量権の拡大により、学びの多
様化を図ります。
5. 学制改革
学制を見直し、中高一貫教育の拡充、飛び級や習熟度別学習の導入、私学の振興な
どを進めます。
6. 科学技術立国の創造
天然資源の乏しいわが国にとって、科学技術とものづくりが経済を発展させる源泉
でもあります。高等教育に積極的に投資し、科学技術立国を目指します。
7. 生涯学習推進体制の整備
住む地域において、ライフステージに応じた適切な学習機会を充実することにより、
技術の進歩に対応した知識や技術の習得、教養の向上、雇用の促進に努めます。学
んだことを生かす場を積極的に作ります。
8. 文化・スポーツ活動の振興
ＮＰＯ等の活用により、地域の文化・スポーツ活動を盛んにし、住民が生涯にわた
って気軽に参加できる体制を整えます。
（２）少子化対策、調和のある男女共同参画社会を実現します
1. 基本姿勢
終身雇用制度が崩壊した長寿社会にあって、あたたかな育児環境を作り、出産後も
女性が仕事にボランティア活動に働き続けるための社会整備を進めます。
2. 家庭における子育て支援
女性が出産しやすい環境づくりや子育て中の家庭サポート策の強化策として、再雇
用、短時間勤務、在宅勤務、フレックスタイム、ワークシェアリングの制度など、
企業の就業形態の多様化に対する支援策を進めます。のびやかで調和のある男女共
同参画型社会をつくります。
3. 保育対策の強化
保育所の規制改革などにより待機児童３万人・公立保育所の定員割れ８万人という
矛盾を解消するとともに、保育所の公設・民営化の促進、低年齢時保育、延長保育、
病児保育など多様な保育ニーズに対応した保育所の整備を進め、待機児童の解消を
目指します。また、幼稚園と保育所の一元化を進めます。また学童保育施設の整備
等を通じ、子どもを取り巻く健全な地域等環境を整えます。
4. 女性の多様な生き方を支援
育児・介護休業の拡充強化を図ります。また、再雇用、短時間勤務、在宅勤務など
企業の就業形態の多様化を支援します。
5. 女性の就業・起業支援
女性の起業支援を行うとともに、男女雇用機会均等法の適切な運用を図り、女性が
女性であることだけを理由に不当な差別を受けることのないようにします。
（３）政治と行政を改め、小さくても公正で強い政府をつくります
1. 公正で国民に信頼される政治の実現
政治改革を進め、政・官・業の癒着を排し、公正で国民に信頼される政治を実現す
るとともに、国会テレビの普及拡大、衆参の法制局・調査室の一本化の検討などの
国会改革を進めます。
2. 裁量型行政からルール重視の行政へ
官と民との役割分担を明確にし、外交・国防等の国が担うべき役割はキチンと果た
せる体制を確立するとともに、行政のあり方を事前の保護・助成型から市場のルー
ルの監視、安全の確保、環境保全等の視点からの評価など、事後的チェック型に改
めます。情報公開を徹底し、透明で効率性の高い行政を進めます。
3. 三位一体の改革の推進
「官から民へ」、「国から地方へ」の考えの下、国庫補助金の削減(当面４兆円)、国
から地方への税源移譲を柱とする地方一般財源の充実、地方交付税制度の改革を三
位一体として進めて行きます。
4. 道路公団の民営化
道路公団の民営化に当たっては、道路関係四公団民営化推進委員会の意見のみなら
ず政府与党間の協議会の意見を尊重しつつ、進めるものとします。
5. 電子政府・電子自治体の実現
電子政府・電子自治体を実現し、提出書類の思い切った削減と行政事務の効率化・
高度化を図り国民の利便の向上を図ります。
6. 公務員制度の改革
公務員が所属する省の利益ではなく国民全体の奉仕者としてその能力が発揮できる
よう公務員制度の抜本的改革を行うとともに、官民交流を進め、公務員の能力が社
会的に生かされるようにします。
（４）地方自治の確立と地方の健全な発展を目指す
1. 地域主権の確立
地方分権の推進と国庫補助金の削減、地方税源の充実、地方交付税制度の改革の三
位一体の改革を進め、地方の自立を促し、国民に身近な行政は地方自治体が行うこ
ととするなど、地域主権の確立を目指します。
2. 市町村の数を当面１０００に
基礎的自治体である市町村の統治能力と財政基盤の強化を図るため、関係住民の意
向を踏まえつつ、市町村の数を当面１０００に再編することを目指します。
3. 都道府県制度の改革
政令都市及び中核都市については、特別市とし、県並みの権限を与えます。都道府
県は特別市以外の市町村を管轄する自治体とするなど、都道府県制度の改革を進め
ます。
4. 地方行革の推進
電子自治体の実現による行政事務の効率化・高度化を図るとともに、地方自治体の
現業部門の民営化・独立行政法人化の促進、住民参加の推進などの地方行革を進め
ます。
（５）２１世紀日本の国づくりの基本となる新しい憲法をつくります
現在の日本国憲法が日本に殆ど発言権のない状態でつくられたことが、日本の自主独立の
精神を弱め、日本のあり方を曖昧にし、日本人としてのアイデンティティーの喪失にもつ
ながっております。２１世紀日本の国づくりを進めていくには、広く国民参加の下に日本
の歴史・伝統・文化を踏まえつつ、自らの国を守り、国際社会の責任ある一員として行動
できる国づくりの根幹を成す憲法の制定が不可欠です。
1. 新憲法の制定
２０１０年までに、２１世紀日本の国づくりの根幹をなす新しい憲法の制定を目指
します。
2. 現行憲法の基本原理の維持・発展
現行憲法の基本的理念である国民主権、恒久平和主義、国際協調主義は維持・発展
させます。
3. 新憲法の主な課題
新しい憲法においては、緊急事態に対する危機管理体制の明確化、自衛隊の憲法上
の明確な位置付けと集団的自衛権保持の明確化などを図るとともに、環境権やプラ
イバシー保護の問題、世界有数の経済大国となったわが国の国際的責任と役割を明
確にしていきます。
4. 国民投票法の制定
新しい憲法を制定するため、現行憲法の改正についての国民の承認をうるための国
民投票に関する諸手続きを定めた「憲法改正国民投票法（仮称）」の制定を図ります。",,
71630_200908,"政 策





",,
71640_200311,"福島1区亀岡偉民
福島4区渡部恒三
東京7区冨家孝
東京15区
東京16区宇田川芳雄
大阪7区有沢志郎
兵庫12区山口壮
広島2区平口洋",,
71953_200908,"「
日本 改国 宣言
」
発想を変え、仕組みを変えよう。
新党日本マニフェスト 2009
お
か
「
る 日 発 さ し
脱
官 本 想 あ
し
僚 が を 、
が 統 世 変 信
ら い 治 界 え じ
み ・ ・ 中 に 、 ら 脱 向 選 れ 央 な 集 け 択 る こ れ て を 日
権 あ 開 変 本 の い 国 え へ 既 」 を 得 し 、 。 と 掲 権 た 仕 げ 益 明 組 る 社 治 み 私 会 維 を は 新 変 を か え 抜 ら る 本 、 一 べ 的 四 き 一 に 〇 時 改 年 が め 有 や 緒 る 余 っ べ 、 て く 旧 き 、 態 ま に 今 し 依 こ た 然 そ 。 な 日 変 公 本 共 の 「 事 改 業 え 国 の 」 を 現 。 状 に て 象 徴 さ れ い
こ
う
。
一 を 的
断 自
行 由
し 」
、 を
「 同 フ 時 ェ ア に ・ 達
オ 成 ー し プ 、 ン ・ 混 シ 迷 ン す プ る ル 日 ＝ 田 本 公 中 に 正 ・ ダ 康 透 イ 夫 明 ナ が ・ ミ 代 簡 ズ 表 素 ム を 」 な ＝ 務 仕 躍 め 組 動 る み 感 新 を を 党 形 取 日 作 り 本 る 戻 は 「 す 、 改 「 為 国 社 に 」 会 を “ 的 始 日 公 め 本 正 ま の 」 す 大 と 「 。 掃 経 除 済 ”
二
経お供
さ め 給
民 側
を ＝ 済すサ く う プ ” ラ
経 イ 世 サ 済 イ 民 ド の の 社 都 会 合 を で 実 は 現 な す く べ 、 く 消 、 費 政 側 府 ＝ と コ 行 ン 政 シ ュ 組 ー 織 マ の サ 抜 イ 本 ド 的 の 再 希 構 望 築 に を 基 実 づ 現 き し 、 “ ま 世 す を 。
三
生 意
ま 欲
れ を
育 有 っ し た 、 地 智
域 恵 に を 、 出 確 し か 、 な 努 活 力 力 を と 惜 雇 し 用 ま を ず 生 、 み 今 出 、 す こ 為 の の 瞬 政 間 策 も を 全 推 国 進 津 し 々 ま 浦 す 々 。 で 踏 ん 張 る 方 々 が
四
球 山
環 紫
境 水
を 明 保 の 持 美 す し
る き 政 日 策 本 を 列 実 島 行 の し 景 ま 観 す を 。 護 る と 共 に 、 多 種 多 様 な 生 物 が 棲 む 、 掛 け 替 え の な い 地
五
優 真
し っ
さ 当
と に 確 働 か き さ 、
に 学 包 び ま 、 暮 れ ら た す 新 人 し い 々 の 社 、 会 哀 保 し 障 み の や 創 不 出 安 を を 促 取 進 り し 除 ま き す 、 。 誇 り と 希 望 を 抱 き 得 る 日 本 の
、
Declaration 2009
新党日本の 発想を変え・選択を変え・仕組みを変えよう
重点施策
～パステルカラーに彩られた一億総中流社会を共創する～
さ 保 新
6 5 4 3 2 1 あ 障 党
、 」 日 れ 名
を 信 本 る 実
じ 確 は べ 共
ら 立 、 く に れ し 「 、 「 る 、 労 経 信 す 支 「 経 地 「 切 「 「 既 日 成 働 世 じ
人 匠た 脱 前 本 熟 集 済 ら べ て 援 ・ が 世 済 域 密 」 の く み 磋 琢 ダ 例 得 権 へ 。 し た 約 的 民 の れ る 育 人 ム 踏 日 経 産 国 日 の 成 の 民 着 精 磨 」 襲 益 本 済 業 際 本 個 の 型 神 の 宣 に の 社 の 貢 」 と 人 し お 経 の に 精 言 主 群 「 改 会 拡 献 し に 2 、 1 世 済 新 満 神 こ 義 が 国 ＝ パ 充 」「 を 担 て 、 話 」 」 ス 最 世 の ・ ち で そ を る 、 テ 職 い 世 低 紀 を し 成 三 業 溢 政 、「 溶 政 始 ま ル カ 業 教 ま す 界 の 生 型 熟 れ 治 脱 か 治 る ラ 育 。 国 て 革 。 々 活 保 の 「 初 を 実 命 た モ や 行 ム ダ し 、「 家 ・ ー の 一 訓 練 の か ら 障 労 働 め て 現 を 推 ノ 政 」 宣 し 官 僚 新 党 億 総 充 実 、 世 ＝ ベ ー 集 約 成 り し ま す 進 し 作 り 産 の 「 ム 言 。 す が ら み ・ 業 界 日 本 代 表 中 流 社 」「 乳 幼 界 の 企 業 シ 的 立 。 、 日 業 ダ べ の ・ 会 を 児 か ッ 産 つ 本 の の て 大 団 共 か ら ら 、 ク 業 」 福 の 復 大 の 掃 体 （ 創 高 世 し 」 で 祉 文 権 掃 公 除 政 ま 齢 界 者 の ・ 除 共 官 す 社 化 と 」 ま 人 医 」 事 を 業 。 で 々 会 と 、 を 団 療 断 の か 業 を ・ 伝 敢 の ） 最 ら 行 成 教 統 行 を 低 認 し 生 め 熟 育 、 し ゼ 活 ら ・ 風 ロ ま
さ ま 介 土 ベ す
せ す 護 に ー 。
ま ・ 。
根 ス 観
す
差 で
光
。
し 見 tanaka@love-nippon.com
分
た 直
野
、 し
を
、
･
「 「 ロ 天 地
サ 年 シ 変 域 ン 金 ア 地 に ダ 」 が 異 根 と ー 「 位 等 差 バ 生 置 の し ー 活 す 困 、 ド 向 保 る 難 隊 上 護 日 に 」 心 」 本 を 直 の に の 創 面 抜 “ 溢 設 し 本 交 れ 。 た 的 差 東 る な 地 点 西 日 統 域 外 南 本 へ 合 交 北 の 真 を ” に 中 を っ 図 ア 流 確 先 る メ 家 立 に 中 リ イ 庭 し 駆 で カ ン を ま け 、 、 役 カ 中 共 す 付 所 ム 国 創 。 け ・ し の を る ア 裁 支 ま
国 ジ 量 給 す
ア 際 行 し 。
、 救
オ 政 、
助
セ の
隊
ア ム
ニ ダ
ア を
、 省
き
、
「 「
既
し 前
得
が 例
権
ら 踏
益
み 襲
経世済民を実現する
に
の 主 行政・財政改革 Ⅰ
群 1
大
義
が
掃
」
を る
「 「
除
脱 怯ひ
る
溶 政 し ま
」 が ず
を ら ・
か 治 屈
み
・ せ
断 脱 ず
し
家 な ・
提案 逃
れ
1 行 、 ・ あ げ
ず
い
① 企 す 官 」
」 の し 政
業 べ 気
治 ・ て 僚 概 団 の ま ・ を ！ を 体 抱 事 ・ い す 業 組 業 て 合 を 、 と ゼ 。 界 ロ 行 ・ ベ 政 ー 団 と
ス
の で 体 癒 見
着 （ 直 を 政
し
根 官 、
業 絶 既 団
し 得 の） ま
権 す 益 。 に し
が
み
つ
く
②
し 官
、 僚 前 任 例 せ 踏 だ 襲 っ 的 た な 予 事 算 業 の を 積 徹 み 底 上 排 げ 除 書
す を
る 精 。 査
設 れ
置 た
す 検 る 察
。 審 査
会 的 な 委 員 会
を
、 各
分
野
で
国
と 地 方 の 公 益 法 人 や 独 立 行 政 法
人
等 の
④
③
施 外
す 郭 る 団 。 体 の 抜 本 的 廃 止 と 補 助 金 撤
廃
を 実
外 で 都
郭 取 市
団 り 基 体 組 盤
で む 整 あ べ 備
る き に が 事 象 故 業 に は 徴 天 敢 さ 下 え れ
り て る
官 政 国 僚 府 家
が に 的 戻
高 大 し
給 計
、
提案
2
“
① 溢 国 省 国
親
れ 民 庁 家 会
方 ・ 計 る 益 益 検 日 地 中 ・ ・ 査 国 部 の 方 院 央 の 家 署 丸 公 ・ 上 地 益 益 ” 務 部 な 組 方 を の 員 既 織 政 創 都 制 に 得 、 府 出 合 度 国 権 へ す で の 民 益 か
と る 左 抜 ら
を 一 サ 右 本 選 変 撤 ば ー さ 改
廃 さ ビ れ 正 せ し
ス る で を
ま 、 食 マ 現 、
む す イ 在 不
。 ン の 透 明
ド 行 な 構 に 政 造 意 を 改 識 め
る か
。 ら
、
②
が 各
自 省 ら 庁 選 の 考 課 ・ 任 長 命 級 す 以 る 上 。 の 人 事 は 、 担
当
大 臣
町 確
村 に
の 否 持 定
続 す 的 る
自 。 律 地 を 域 目 に 指 根 し 差
て し
、 た 清 小
掃 規
・ 模
消 市
③
業 選 政
界 考 府 ・ ・ 審 団 任 議 体 命 会 推 薦 し 委 に 、 員 基 省 人 づ 庁 事 く の も 任 官 、 命 僚 担 を 推 当 廃 薦 大 止 、 臣
す 各 が
る 種 自 。 の ら
移 を 防
譲 構 等
し 築 の 、 し 一
現 、 部 在 国 事
の や 務 3 都 組 層 道 合 構 府 の 造 県 発 を の 想
2 予 で
層 算 市 構 や 町
造 権 村
に 限 連
近 を 合
金 国
の 家 二 ・ 地 重 方 、 公 三 務 重 員 払 の い 天 を 下 解 り 消 を す 禁 る 止 。 し
、
退 職
⑥
付
け
る 。
④
国
家
事 業
の 直
轄 負 担 金 に 反
対
す る
都
道
府
期 5 は 国
付 年 40 家 き ご 歳 ・ 年 と 以 地 俸 に 上 方 制 人 に 公 度 事 任 務 を 考 期 員 希 査 付 の 望 ・ き 課 し 再 年 長 な 契 俸 級 い 約 制 以 公 を 度 上 務 行 を 、
員 う 導 若
に 。 入 し 関 任 し く 、
⑦
即 都 県
時 道 が
廃 府 、 止 県 半
す 事 ば る 業 強
。 に 制 対 的 す に る 市 二 町 枚 村
舌 か
の ら 負 徴
担 収
金 す
を る
Declaration 2009
これぞ究極のゼロ予算事業！
“食文化の殿堂”フランスにも「アメリカ型消費社会」の波が押し寄せ、セン
トラルキッチンで製造・冷凍し、運搬後に解凍・加熱したパンを、大規模流通
店舗のコーナーで買い求める消費者が急増しました。
フランス語でブーランジュリと呼ばれるパン製造業者は危機感を募らせ、働き
者の我々を見捨てるな、と1990年代半ばに訴えます。その結果、「パン屋と
いう呼称及びパン屋の標示」が「フランス消費法典」に加わりました。
「自分自身で選んだ原料を元に、生地を捏（こ）ね、発酵並びに型作り、更に
はパンを焼き上げる迄の一連の作業を、実際に販売する店舗に併設した工房で
確実に行う“真っ当”な職人のみがブーランジュリを名乗り、看板を掲げる事
が許される。違反者は2年の禁固、若しくは日本円で00万円の罰金」。
これぞ究極のゼロ予算事業。
「公益法人」とは名ばかりな天下り組織が設立される訳でも、不透明な補助金
が計上される訳でもなく、僅か数行の法令の文章が、真っ当に働き・学び・暮
らす人々に勇気と希望を与える。政治のあるべき姿です。
提案
3
⑤
と し
す て る は 。 、 そ の 年 収 を 国 民 所 得 の 1.2
倍
以 内
の 算 既
実 に 得
態 徹 権 は 底 益
森 し 集 林 た 団
組 メ の 合 ス 利 の を 権 人 入 と 件 れ 化 費 る し
と 。 て
化 同 い し 様 る
、 に 同
肝 、 和
心 そ 予
① 構 国 目
築 民 先 せ ず 地
・ に 、 勢 に の 留 単 圏 実 根 利 ま な ・ 経 行 る る 済 す 差 権 道 47 圏 し 分 州 都 ・ る 制 道 交 「 た 配 は 府 通 政ス国 が 不 県 圏 ・ テ 毛 の 文 治イ家 仕 な 順 化 ツ 論 列 圏 家マ百 事 議 ・ 等 ン 」 年 の と 組 を
が 「 し み 考
の 集 政ポ て 合 慮 大 リ 明 わ せ う 事テ
計 ィ 国 屋 シ ャ を ン
会 」 林 の
か 税 間 を
ら も 伐 創 見 等
、 直 は 出 し 遅
し を 々 図 と ま る し す 。 て 進 。 ま
ぬ
自 治
体
の
森
国
・ 地 方 を 問 わ ず 、 議 員 ・ 首 長 は 同
一
選 挙
③
②
等 る 区
へ と か の 共 ら 登 に の 用 、 連 も 三 続 禁 親 4 止 等 回 す 以 以 る 内 上 。 の の 親 立 族 候 の 補 公 を
設 禁
秘 止 書 す
会 法 休 立
環 」 暇 候 を
境 、 補 制 の 休 休 定
設 業 暇 し 定 、 の 、
を 公 保 選 行 職 証 挙 う 選 を ボ 。 挙 確 ラ に 立 ン 関 す テ
わ る ィ
り 「 ア や 選 休
す 挙 暇
い 休 等
社 暇 の
選
挙 制 度 の 抜 本 的 改 革 で 、 衆 議 院
と
参 議
④
区 院
を の 廃 役 止 割 し を 、 明 選 確 挙 化 区 し 選 、 出 衆 の 議 み 院 と 議 す 員
る は
。 比 参 例
⑤
の 政
税 治
額 団 控 体
除 、 を N
拡 P 大 O す 法 る 人 。 に 対
す
る 個
人
献
金
議
院 議 員 は 全 国 比 例 区 選 出 、 並
び
に 中
門 議
C 会
A 中 T 継
V を 「 始
C め と す る ア メ
リ
カ の
政
治
専
—
指 フ 央
定 ラ VS 都 ン 地 市 ス 方 の 等 の 首 に 不 長 倣な毛 ら が っ な 兼 て 二 務 47 項 す 都 対 る 道 立 構 府 を 成 県 解 に と 消
改 18 す
め 政 べ る 令 く 。 、
察 的 ア
力 確 を
を に 設 高 読 立
め み し る 解 、
。 く 一 メ 人 デ ひ S ィ と P A ア り N リ の 」
テ 国 同
ラ 民 様 シ が の
ー 情 メ
＝ 報 デ
洞 を ィ
 
Declaration 2009 「 「
切 す
切磋琢磨の一般競争入札と
ム 脱
外郭団体の統廃合で「財源」を生み出す！
磋 べ
「脱・談合知事」の田中康夫は、公共事業に留まらず、あらゆる分野 ダ ダ
「脱ダム宣言」は公共事業の質的転換宣言！ の事業で、談合の温床だった不透明な随意契約、弱肉強食の指名 琢 て
ダム建設の財源構成
競争入札を、全国に先駆けて廃止し、公明正大・切磋琢磨の一般 の ム
長野県知事就任半年後の2001年2月20日に田中康夫が発した「脱 ● 財 ダ 源 ム 構 の 成 国 5 庫 0 負 % 担金 2 交 0 付 % 税 一 3 般 0 財 % 源 競争入札を全面的に導入しました。 磨 の
ダム宣言」は、ダムを「造るVS造らない」の二元論ではありません。 自治体負担 限りなく100％に近い談合状態だった平均落札率は、都道府県 大 」
国土交通省の直轄ダムも、都道府県の補助ダムも、総事業費の割を
国が70%負担
で最も低い80％弱となりました。従来は１ヵ所100万円要していた の 公 宣 経世済民を実現する
政府が負担し、残り3割は地元自治体の負担です。それはダム以外の 事業を、1ヵ所80万円で実施可能とし、不透明な税金の流れを断
掃 行政・財政改革 Ⅱ
橋梁や隧道等の巨大公共事業でも同じ負担割合。 中央のゼネコンへ80%還元 ち切ったのです。
言
精 共 2
他方で、総事業費の8割は東京や大阪が本社のスーパーゼネコンの事 大企業の孫請け、ひ孫請けに甘んじていた地元企業も直接応札が可
業共同体（JV）に支払われます。即ち、地元企業へは全体の2割に ●JVの構成 A 社 5 ［ 0 県 % 外］ B 社 3 ［ 0 県 % 外］ B 社 2 ［ 0 県 % 内］ 能となり、従来の8掛けでも十二分に採算が取れる、と土木建設業 除
こ
留まり、地元住民は持ち出しです。 者も賛同するに至りました。 神 事
」
巨大公共事業の絡繰りとは実は、霞ヶ関の官僚機構が編み出した上納・献上システムだったのです。 ヤマト運輸“中興の祖”として知られる小倉昌男氏を委員長に起用し、
を そ
ならば、地域の企業が担当可能な、護岸の補修や河川の浚渫、上流の森林整備に予算を振り向け 不透明な天下りと補助金の伏魔殿だった外郭団体をゼロベースで見 で 業
「
た方が、確かな雇用と活力を地域に生み出します。 直したのも、「発想を変え、仕組みを変えよう」とした一環です。委 「 な フ
敢 、 政
脱・中央集権の精神で、地元密着型の公共事業への転換を。それが「脱ダム宣言」なのです。 託料・補助金・負担金と職員派遣の全面的見直しに留まらず、団体 政 を ェ
治 ア
の廃止・統合・縮小も敢行し、見直し比率は既存団体の9％
脱 を ・
に及びました。冗費を削減する。当たり前の話です。 行 治 ゼ ！ オ
ー
ム プ
し ロ
や ン
提案 ・
1 ダ シ
ま ベ
行 ン
プ
① 重 道 切 」
す ー ル
き 路 磋 政 宣
＝ ・ 公 を 琢 置 河 磨 。 の ス 言 正 ・ 透 川 明 い の で ・ を 簡 た 一 。 素 始 般 」 、 地 め 見 競 域 と 争 密 し 直 入 着 た 札 型 公 し を の 共
徹 公 財 、
底
共 の し
事 維 、 業 持 へ 修
と 繕 大 に
転 換
し ま
す 。
ら 談 不
ゆ 合 透 る 」「 明 分 脱 な 野 ・ 公 で 随 共 一 意 事 般 契 業 競 約 の 争 」 入 の 入 気 札 札 概 に 制 を 留 ま 度 抱 ら へ い の て ず 、「 変 、 脱
更 あ ・
④
シ 年 ー 度 ム 予 レ 算
ス の ＝ 弊 継 害 ぎ 。
目 複 の 数 無
年 い 度 事 予 業 算 実
に 施 変 を 更
図
し
る
、
。
②
を
実 施 し 、 行 政 コ ス ト の 削 減 を 図 る 。
請 切 け 磋 、 琢 ひ 磨
孫 の 請 一 け 般 に 競
甘 争 ん 入
じ 札 て こ い そ た 、
地 従 域 来
密 は
着 孫
③
意 慣
契 例 約 化 を し 即 て 時 い 全 る 廃 各 す 種 る 団 。 体 ・ 法 人 等 と の
随
確 の か 中 な 小 雇 零
用 細 と 企 活 業 力 に
を 門 齎 戸
す を 「 開 B 放 to Ｃ し
」 、 の 地
直 域
接 に
提案
2
「
① 税 増
フ
制 税 年
ェ 末 を ア な 、 導 ・ き 年 度 オ 入 財 末 ー に し 政 集 プ ま 再 中 ン す す 建 ・ る 。 シ を 道 路 ン 実 工 プ 現 事 は ル す 、
＝ べ 単
公 く
正 ・ 、
透 発 注 明 ・ で 簡 あ
素 る 。 」 な
税
率 議 論 の 前 に 、 先 ず は 徹 底 し た 「 脱 ム ダ
」
③
②
宣
言 の 実 践 を 図 る 。
事 脱 業 税 者 を を 防
含 ぎ め 、 た 所 納 得
税 を 者 公
番 正 号 に 制 捕 度 捉
の す 導 る
入 べ
を く
、
に 不
イ 公 ン 正 ボ な イ 益 ス 税 方 を 式 を 排 「 除 消 す 費 べ 税 く 」 に 、 導 他 入 国 す 同 る
様 。
④
開 始 す る
。
「
最 低 生
活 保 障 ＝
ベ ー シ
ッ ク ･ イ ン
カ ム
提案
3
① 斬 税 躍
新 金 動 薬 そ
品 の な の 感 に 上 ル 私 に 対 で す 、 ー 企 溢 る イ ル 業 れ 消 ギ 費 リ を 救 た 税 ス を 同 設 済 社 廃 様 定 ・ 会 止 に 個 す 食 し 人 を る 料 ま 取 。 品 の 及 す り 債 び
。 戻 医 務
す
保 べ
証 税 を く の 実 に 、 簡 現 素 す
化 る と 為 透 に 明 、
化 所 を 得
実 税 施 と す 法 る 人
。 税 、
消
BI
費
」
の 入 公
退 す 的 陣 る 資 を 場 金 条 合 注 件 は 入 と 、 を す 執 厳 る 行 格 。 役 化 製 員 し 造 以 、 業 上 金 を の 融 始 全 機 め 経 関 と 営 へ
す 陣 注
②
禁 的 止 自 す 由 る の
。 観 点 か ら
疑 念
が 生 じ る
為 、
原
則
提案
4
① 消 複
費 雑 金 る
融 一 者 で 機 般 の 不 関 企 経 業 視 透 由 へ 点 明 も の 含 公 に な め 的 、 資 立 現 社 金 っ 行 会 注 的 入 て の 公 は 抜 法 正 、 と 政 本 制 経 府
改 度 済 系
正 を
し 、
人 中 ま 制 小 す 度 事 を 業
。 撤 者 廃 の す 自 る 殺
。 を 防
ぐ べ く 、
連 帯
保
証
役
人 に よ る 役 人 の 為 の 、 役 人 を 利 す る
時
③
②
ベ 代
ー 錯 ス 誤 で な 見 法 直 律 す 、 。 政 令 、 省 令 、 条 例 を ゼ
ロ
「
マ フ 消 ー ラ 費 ・ ン 者 オ ス
基 リ の 本 エ 消 法 ン 費 」 を テ 法
制 ッ 典 定 ド （ に
す 消 倣 る 費 っ 。 者 て 、 第 コ
一 主 ン シ 義
ュ
）
な ー
裁
判 員 制 度 は 交 通 裁 判 に 限 定 す る と 共
に 、
④
対 行
す 政 る 訴 陪 訟 審 、 員 上 制 場 度 企 を 業 導 の 入 過 す 失 る を 。 争 う 訴 訟
に
し に 昨 た 反 秋 再 対 、 改 し 済
正 、 し を D 崩 行 N し う A 的
。 鑑 に 定 可
と 決 扶 し 養 た 義 国
務 籍 を 法
明 改
記 悪
 
「
風 地
匠
た
く
土 域
み
」
の
に 密
精
根 着
神
経世済民に根差した
差 型
産業・雇用政策 Ⅰ
に
し の 3
満
た 新
・ ち
、
「
経 三 行
的
溢 動
確
・
世 業 明 な
れ 確 認
な 識
済 革
責 と
た
任 信
提案
民 命 と 念
1 ・
モ 評
迅
価
の を 速
① 安 新 」
ノ の な
・ 心 政 決
三 ・ 経 推 治 断 安 業 作 を と
全 革 済 進 ！ ・ 命 り 納 （ 得 農 の し 産 ・ 業 ・ 期 林 成 、 待 業 日 業 ・ の 漁 熟 政 業 本 の ） と 策 「 を を 匠 の 復
推 」 実 の 進 文 権
復 し
現 権 ま 化 と で す
し 、 。 と 、
ま
伝 す 統
。
、
8
基 雇 農
準 用 地 を ・ の 「 明 ア 総
確 ク 合 化 セ 評 す ス 価 る 等 制 。 ） を 度 導 」（ 入 市 し 場 、 ・ 所 土 得 壌 ・ 補 環 償 境 の ・
⑥ し 自
、 然
暴 型 風 護 ・ 防 岸
雪 と 林 す
を る 植 。
樹 同 す じ る く 。 防
雪
柵
を
撤
去
②
国
土
面 積 の
3 割
を 占
め る に も
拘
ら
ず
荒
廃
③
格 50 無
補 ） 農 償 の 薬 を 栽 作
す 培 物 る 者 （ 。 に レ 対 ス す 100 る ） 、 奨 減 励 農 金 薬 を 作 設 物 け （ 、 レ 価 ス
創 今 す
出 後 る
す 5 ス る 年 ギ 森 間 、
林 で ヒ ニ 完 ノ
ュ 遂 キ ー し 等
デ 、 の ィ 中 針 ー 山 葉 ル 間 樹 を
展 地 林
開 に の
す 雇 間
る 用 伐
。 を を
原
産 地 呼
称 管 理 制 度 を 全 国 規 模 で 導 入 し 、
⑦
④
食
糧 自 給
率 の 向 上 を 図 る 。
製 国
ガ 産
ー 材 ・ ド 間 レ 伐
ー 材 ル の
、 利 家 用
具 を 、 促 バ 進 イ す
オ る
マ べ
ス く
、 、
ナ 木
交 梅 耕
付 、 作 す 竹 放 る 等 棄
。 の 地 植 で 樹 の を 災 行 害 う 発 所 生 有 を 者 防 に 止 助 す 成 べ 金 く を 、
⑧ す ノ
る カ
。 ー ボ ン
等 へ
の 助
成 金 を 弾
力
的
に
交
付
⑤
上
流
域 の 広
葉 樹
林 を
整 備 し 、
海
の
養
殖
事
提案
2
「
① 公 社
造
共 会 河
る 川 事 資 ・ か 用 業 本 水
ら 路 の 投 直 の 在 資 三 す 面 り へ 張 」 方 と へ り 護 を 、 。 岸 安 地 を 大 心 域 撤 転 ・ 密 去 し 換 安 着 、 し 全 多 型
ま の の す 観 雇 業
。 点 用 の
で 活 を 性 化 創
を 出 支
援 す す
る る 。
全
国 津 々
浦 々 す べ て の 駅 前 か ら 半 径
⑥
②
に ５
歩 ０ 道 ０ m を 以
設 内 置 の す 電 る 線 。 地 中 化 を 実 現 し 、 片 側
の て ダ
治 の ム
水 工 事 を 法 業 推 へ へ
進 の の す 補 手
る 助 厚 。 率 い
を 補 同 助 じ を に 廃
し 止
、 し
脱 、
ダ す
ム べ
全
国 津 々
浦 々 す べ て の 小 中 高 等 学 校 の 校
⑦
③
舎
耐 震 化
を 5 年 以 内 に 実 現 す る 。
河 す
床 べ
整 て 理 の と 河
呼 川 ば を
れ 台 る 風
浚 一 過 渫 の に 秋 要 に
す は
る 点
補 検
正 し
予 、
緊 全
急 国 強 津 度 々
点 浦 検 々 を す 実 べ 施 て し の 、 ト 補 ン 強 ネ 工 ル 事 と を 橋 実 梁 施 の
⑧ 算
を
計 上 す
る 。
④
す
る 。
し 河
、 川
無 氾 橋 濫 脚 の
型 遠 へ 因
と と 転 な
換 る す 橋 る 脚 。 型
橋
梁
を
撤
廃
現
在 事 業
中 ・ 計 画 中 の 直 轄 ダ ム ・ 補 助 ダ ム
⑨
⑤
的 の
見 す 直 べ し て
を を 行 一 う 旦 。 凍 結 し 、 治 水 計 画 の 抜 本
水 29 川
利 年 は
権 以 万 を 来 人 抜 、 の
本 見 共 的 直 有
に し 物 見 が と
直 行 の す わ 視 。 れ 点 て に
い 立
な ち
い 、
慣 明
行 治
地
域 住 民
の 生 命 と 財 産 を 守 る べ く 、 避 難
⑩
提案
3
① エ 技 未
ネ 術 来 移 対
転 策 ル 開 を を と ギ 発 見 含 堤
め 防 ー に 据 た 補 自 対 え 新 強 し を 給 す た い 優 率 る フ 街 作 先 的 を 政 ロ り に を 実 高 策 ン 推 施 め 的 テ 進 し す 、 ま 誘 ィ る 家 。 す 導 ア 屋 ・
。 で エ 実 ネ 略 林 地
現 ル 的 を 下
に 公 水 し ギ 確 有 法 、 ー 保 化 を
す し 制 を る 、 定
。 安 す 全 る
保 と 障 共 と に し 、
て 水
の 源
水 地
を の
戦 森
水
素 、 バ
イ オ 等 の 新 エ ネ ル ギ ー を 、 日 本
③
②
を の
行 戦 う 略 。 的
資 源 と し て 、 集 中 的 な 技 術 開 発
食 原 現
に 子 在
強 力 は い 発 大 チ 電 半
タ 所 の ン の 導
を 安 管 海 全 に
水 性 ス 冷 を テ 却 高 ン 部 め レ
分 る ス
、 べ を
ニ く 用
ッ 、 い
ケ 腐 る
Declaration 2009
「木製ガードレール」誕生は景観形成、
森林整備、地域雇用のシンボル！
鉄製ガードレールの製造元は、日本中で僅か社。何
れも大手製鉄会社の傘下です。しかも、県道から村道
に至るまで、事業費の割を国庫で負担の建設時と異
なり、維持修繕とガードレールの設置費用は全額、地
元の自治体負担。知事就任直後、田中康夫は県内の土
木建設業者と共に試行錯誤を重ね、鋼鉄製ガードレー
ルと同等の強度を有する信州型木製ガードレールが認
証を受けました。設置部分に留まる鉄製と異なり、間
伐から製造・設置まで、地域雇用の倍増を達成です。
ギ 電 日
ー 」 本 設 を の 置 確 風 の
保 土 法 す を 的 る 活 簡 。 か 素 し 化 た で 「 、 地 小 産 水 地 力 消 ＝ エ 水 ネ 車 ル 発
な ル
基 ク
準 ロ を ム 具 を
体 高 的 温
に 高 規 圧
定 部 す 分 る で 。 使
用
す
る
厳
格
9
「
福
21
人
世 祉
が
・
紀
医 人
型
療 の
経世済民に根差した
の ・
「 お 産業・雇用政策 Ⅱ
教
4
労 世
育
働 ・ 話
介 「 「
集 を 人 優
間 し
護
約 し が さ ・
人
・ 確
間
か
て
的 観 ら さ
し ・
提案 く 美
初
1 産 光 生 し
き さ
① 医 体 無 医 業 分 め る 」 を
療 温 味 」 政 目 療 再 を 乾 」 野 て 治 指 政 で を し 生 有 燥 ！ 、 成 を す な 策 を 実 る 数 社 現 一 字 支 り し 人 至 会 ま ひ 上 援 立 す と 主 を り ・ つ 。 義 の が 成 育 」 人 生
間 ん 熟 成
と
だ
向 医 さ し
き 療 合 崩 せ 、 っ 壊 た ま を 食 す い 止 。 め 、
「 後 期 高 齢 者 医 療 制 度 」 を 廃 止 し 、 75 歳 以 上 の 医 療 費 無 料 化 を 実 施 す る 。
④
※
S
O H O ＝ ス モ ー ル オ フ ィ ス ・ ホ ー ム オ フ ィ ス
②
無
医
地 区 と 最 寄 り の 地 域 基 幹 病 院 を
結
ぶ
改 勤 診 善 務 療 を 時 報 促 間 酬 進 を 制 す 始 度 る め を 。 と 根 す 底 る か 医 ら 療 見 従 直 事 し 者 、 の 給 待 与 遇 ・
⑤
者 医
や 療
子 巡 育 回 て バ 世 ス 代 ネ の ッ 安 ト 心 ワ ・ ー 安 ク 全 を を 展 確 開 立 し す 、
る 高
。 齢
③
輸
血
に よ る 感 染 の 悲 劇 を 繰 り 返 さ な
い
為
⑥
療 S 齢 子 に O な 育 貢 H 医 て 献 的 O 師 等 出 ホ が で 来 る ー 、 家 環 ム 地 庭 境 ド 域 に を ク 基 入 推 タ 幹 っ 進 ー 病 た す と 院 女 る し と 性 。 て 連 医 地 携 師 域 し 、 医 た 高
己 急 て に
血 に い 、
の 全 る 欧 血 面 輸 米 液 導 血 並 バ 入 用 び ン す 血 に ク る 液 ア 」 を 。 製 ジ 全 成 剤 ア 国 分 の 諸 展 分 不 国 開 離 活 で も す 化 も 含 る 処 実 め 。 理 施
た 「 を さ
自 早 れ
医 療 者 の 視 点 に 立 っ て 、 医 療 用 材 料 の 輸
⑧
⑦
入 関 税 を 撤 廃 す る 。
イ 日
タ 本
リ と ア 並 同 ぶ 様 食 に 文 、 化 料 の 理 歴 店 史 内 を で 誇 の る 全 フ 面 ラ
ン 禁
ス 煙
、
提案
2
① 抜 介 介
本 護 導 海 護 入 難 的 保 ・ し 審 に 険 、 判 福 医 庁 見 制 療 に 祉 現 準 直 度 場 じ し を 政 の た 精 医 ま 、 利 策 神 療 す 的 過 用 萎 誤 。 縮 審 者 を 判 の 防 制 ぐ 度 視 。 を
点
に
立 を
法
っ 制 て 化 す る 。
用 机 者 上 と の 家 空 族 論 、 と 現 化 場 し 事 た 「 業 介 者 護 と 保 従 険 事 法 者 」 の を 意 、 見 利
④
式
」
で き め 細 や か に 促 進 す る 。
②
を 的 確 に 反 映 し た 上 で 見 直 す 。
し 小
、 学
高 校 齢 区 者 に と 最 乳 低 幼 一 つ 児 の が 「 一 宅 緒 幼 に 老 昼 所 食 」 を を
摂 設
り 置
、
③
介 護 職 員 の 待 遇 改 善 を 早 急 に 実 現 す る 。
お
昼
寝 す る 、 地 域 分 散 型 で 世 代 分 断
型
で
提案
3
① 自 画 教 教
律 一 育 見 羊 育 直 頭 的 し こ ・ し 狗 た な そ と 肉 文 、 な 個 教 、 障 「 よ 障 育 化 害 々 害 り 者 制 者 人 政 の 良 自 度 地 を 立 き 策 域 育 を 移 支 む 廃 未 行 援 法 来 を 」 学 止 「 の へ 長 抜 し 習 の 野 本 シ 、 方 的
投
ス
資
テ
で な
ム い
す 優 を 。 し 確 く 確 立 か し な 福 ま 祉 を す 実 。 現 す る 。
②
「 る ゆ 教 と 育 り 」 へ 教 の 育 転 」 か 換 ら を 、 図 切 る 磋 。 琢 磨 の 「 信 じ ら れ
「
化
躾 す
の る 時 。 間 」 を 、 三 歳 児 ま で の 幼 児 に
義
務
信 じ ら れ る 日 本 の 「 公 立 学 校 」 教 育 を 復 活
⑤
③
を し 推 、 し 高 進 等 め 学 る 校 。 ま で の 少 人 数 学 級 と 無 償 化
に 化 生
新 ・ ま
芸 設 れ す 術 育 る を っ 。 学 た ぶ 地 時 域 間 の を 歴 、 史 中 と 学 日 校 ・ 本 高 の 等 伝
学 統
校 文
生 涯 教 育 こ そ 活 力 の 源 泉 、 と の 視 点 に 立
⑥
④
控 ち 除 、 対 生 象 涯 と 学 す 習 る に 。 個 人 が 投 じ た 費 用 を 税 額
く 子 全
、 供 国
学 が 津 校 読 々 図 書 浦 書 に 々 購 親 、 入 し ど 費 こ は め で 国 る も 庫 環 分 負 境 け 担 を 隔 と 与 す え て
る る 無
。 く べ
、
Declaration 2009
し も
「30人規模学級」できめ細かい教育を提供する！ 仕舞た屋を「宅幼老所」として有効活用！
既得権益の伏魔殿だった入札制度と外郭団体に田中康夫はメ 商店街の空き店舗、集落の空き家を改修して、お年寄りのデ
スを入れ、都合年間の知事在任中、全国都道府県で唯 イサービスと、0歳～3歳の乳幼児保育を“ひとつ屋根の下”
一、起債残高＝借金を年連続で減少させ、同じく全国唯一、 で実現する「宅幼老所」。新築でなければ認めなかったハコモ
年度連続で基礎的財政収支＝プライマリーバランスの黒字 ノ発想の厚生労働省を説き伏せて、小学校の学区単位で県下
化を達成。そこで生まれた余剰予算を原資に日本で最初に「30 に300ヵ所、独自予算で実施しました。きめ細やかな地域分
人学級」を小学校全学年で導入すると共に、不適格教員の再 散型であって世代分断型ではない、高齢者と乳幼児が互いの
教育制度を始め、教育の再生と充実を図りました。 智恵と元気を分かち合う、新しい地域福祉の在り方です。
し て 良 い 事 と 悪 い 事 の 道 理 を 体 得 さ せ る
11 10
提案 提案
5 4
地 脱 協 ワ
・ 域 働 モ ー 社 出 ダ カ 会 資 ン ・ の ー タ 協 再 イ 働 ズ 生 ム 経 ・ へ ス 営 コ と な ・ レ 繋 協 人 が 働 ク 間 り 労 ら テ
ま 働 し ィ
す に い
。 よ ブ る の 公
育 正 な 成 職 場 の 創 出 こ そ 、
12
デ
「 協 働 労 働 の 協 同 組 合 」 の 法 制 化 を 実 現
す る
。
D e c e n t W o r
k
① ワ 働 業 画
ー き 種 一 ィ 的 ク 甲 別 ・ な ー に 斐 地 最 携 を セ 域 わ 感 低 別 ン る じ 賃 “ の 金 ト ら 一 き を ・ れ 億 め 改 ワ る 総 細 人 め ー 中 か 、 間 流 な 生 ク
ら 社 最 活 の
し 会 低 保
” い 賃 護 確 を 仕 金 を 立 共 事
上 を 創 ＝ 回 策 し デ る 定 ま ィ 、 し す ー 、 。 セ ン ト ・
各 予 種 算 の 的 職 に 業 も 訓 欧 練 米 制 と 度 比 を 較 充 し 実 て す 遙 る か 。 に 手 薄
な
③
を 次 世
代 へ 伝 承 す る 。
②
「 信 州
き こ り 講 座 」 に 象 徴 さ れ る 新 ・ 三 業 革
す
べ
て
の
個
北欧型社会保障実現
人
への具体的道程
に 5
最
低
「
参
生 い
加
つ
活 す で
る も
意 ・
保 ど
欲
こ
と
障 で 機
も
（ 会 ・
＝ を だ
持 れ ベ
て も ー 護 人 日 る が シ ・ が 本 ッ 社 」 観 人 が 会 光 の 誇 ク を の 為 る 分 に モ ！ 野 尽 ノ で く 作 も す り 、 福 「 の 祉 匠 現 ・ 」 医 場 の 療 の 技 ・ み 術 教 な と 育 ら 精 ・ ず
神 介 、
質 規 命 か 模 の ら で 担
の 取 い 地 り 手 域 組 を に み 育 於 、 成 け 旧 す る 来 る 構 型 職 造 公 業 転 共 訓 換 事 練 を 業 に 図 依 国 る 存 家 。 体 的
･ イ ン カ ム ･
「
地 役
年
域 所
金
に の
」
と 根 裁
「
差 量
生
し 行
活
、 政
保 向
の
護 上
ム
」
心
の
ダ
に
抜 を
溢
本
省
れ
的
提案 き
1 る
な
、 「
日
北 統
最 欧 本 諸 低 合 の 国 生 を で 中 活 取 図 り 保 流 る 組 障 み 家 」 中 BI が （ ） 庭 を 始 ベ で ー ま シ を 支
っ 、 ッ
て ク 共 給 ・
い イ 創 し る ン ベ カ
し 、 ー ム ・ シ BI ま ッ ） の ク す 導 。 入 ･
① す 生
べ 活 て に の 必 個 要 人 な に 最 無 低 条 限 件 の で 費 支 用
給 を
す 、
る 画 期
的 な 制 度 で イ す ン カ 。 （ コ ム ラ ム は 参 照 、 ）
②
を 乳 一 幼 律 児 に か 、 ら 一 人 高 ひ 齢 と 者 り ま に で 配 、 当 毎 す 月 る 一 。 定 の 金
額
帳 来 を の 導 支
入 給 し 金 た 額 上 を で 明 、 こ 確 れ に ま 印 で 字 の す 積 る 立 年 金 金 額 通 、
と 失 に 現 共 業 於 行 に 保 け の 、 険 る 社 障 等 、 会 害 ） 現 保 に 者 金 障 関 、 給 給 し 母 付 付 て 子 部 （ ・ 抜 分 保 父 本 （ 険 子 的 年 、 家 な 金 手 庭 統 、 当 に 合 生 、 は を 活 扶 積 図 保 助
極 る 護 ） 、
④
毎 そ 積 月 の 立 の 総 期
BI 額 間 へ を に の 保 応 上 じ 証 乗 て す せ 年 る か 金 、 と 支 選 共 給 択 に 総 制 、 額 一 と 括 を す 明 給 る 示 。 付 し か 、
③
的 加 算 を 実 施 す る 。
自 裁 治 量 体 行
の 政 福 の 祉 象 事 徴 務 的 所 存 は 在 の 役 社 割 会 を 保 終 険 え 庁 る 、 為 各 、
Declaration 2009
シミュレーション「ベーシック・インカム（BI）」
乳幼児から高齢者まで、1人月額万円のベーシック･インカ
ムを保証した場合は、以下の所得となります。現状の基礎控
除と医療保険の徴収は相殺してあります。
ケース １ 年収200万円 ４人家族の場合
● 最低生活保障（BI）
４人×５万円×12か月＝20万円（非課税）
● 家計所得
200万円×0.9＝180万円（所得税10％）
計 20万円
ケース2 年収450万円 ３人家族の場合
● 最低生活保障（BI）
3人×万円×12か月＝180万円（非課税）
● 家計所得
0万円×0.8＝30万円（所得税20％）
計 0万円
ベーシック・インカム
という考え方
社会保障制度が前提としていた「労働」と「家族」の形態は、
変容しています。雇用の不安定化と非正規化が進行すると
同時に「、男性稼ぎ手モデル」の専業主婦型家族が「標準家族」 党 年 日 金 とは最早、規定し得ない社会状況が到来しているのです。 本 受 ベーシック･インカム構想とは実は、大きな政府論とは対極に が 給 位置します。個人所得税制に於ける所得控除は不要となり、 提 資 唱 格 税制と社会保障制度の統合が実現し、社会保険料の徴収や す 者 記録に関わっていた役所と経費、福祉給付で不可欠だった る に 、 は 選別主義的な資力調査に投じる経費も不要となります。 毎 、 経営の観点に立っても、仮に月額20万円の給与を支給す 月 既 の に る為に、企業も社会も総額30万円のコストを投じていると 積 4 したなら、無条件に20万円を所得保障した方が、個人に 立 年 実 前 立脚した中福祉・低負担の効率的な社会を実現可能としま 績 か す。脱・福祉の切り捨て、脱・行政の肥大化を同時に達成 と ら
将 新 し得るのです。
順 次 、
こ れ を 廃 止 す る 。
13
ロ 東 国 天
シ 西 際 変
ア
南 救 地
が
北 助 異
位
に 隊 等
「 信じられる日本の
置 ア の
外交・安全保障政策
サ
す メ 困 6
ン
る リ 難
ダ
日 カ に
ー 「
本 、 直 出 出
中 来
バ 来
の 面 る る
“ 国 ー 人 事
が
・ し ・ を
交 ド 出 ・
ア 出
来
提案 提案 提案 提案 た 来
4 3 2 1 差 ジ 隊 る る
限
地 場
「 点 」 り 所
目 ド 成 国 日 各 行 あ 外 哲 べ ン 活 し 地 国 ア を 貢
B R I 覚 ま ル 、 ユ し 、 国 際 機 関 本 で 種 国 為 に 対 す ら ゆ る 外 交 文 氏 が 代 表 く 、 具 体 ダ ー バ ー 動 や 医 療 た 地 球 上 震 ・ 津 波 際 救 外 、 オ 創 域 へ 献 す る で ・ し ー 際 に の 際 る 交 書 を 的 ド 支 の 等 助 交 」
C い 経 済 成 長 ロ に 続 く “ 連 合 分 担 金 に 見 勤 務 す る ア ジ ア 生 活 体 験 を 機 関 で 貢 献 厳 格 な 罰 則 規 定 を 文 書 に 保 存 義 務 公 開 の 原 則 務 め る 「 ペ シ ャ ワ 検 討 を 開 始 す る 隊 」（ 仮 称 ） へ と 自 援 、 住 宅 再 建 等 を 各 地 へ い ち 早 く 駆 の 天 変 地 異 、 内 戦 隊 「 サ ン ダ ” を 確 セ ア ニ 設 。 真 っ 先 社 会 を ！ を 遂 第 三 の 合 っ た 出 身 者 有 す る す る 設 け る 。 を 課 し 、 を 法 ー ル 会 」 が 。 医 師 の 衛 隊 を 改 実 施 す る け 付 け 、 や 飢 餓 に ー バ ー 立 し ア 、 に 駆 げ 日 を 職 ア 毀 制 ア 中 組 「 救 直 ド 続 通 本 養 国 員 メ 棄 化 フ 村 す サ 助 面 ま け 隊 貨 際 け の し
る ” 誕 の 存 公 養 リ カ ま 的 な 世 の 一 の 水 源 ガ ニ 」 （ 仮 す 付 生 在 感 務 員 成 並 み す 国 際 中 を 被 爆 確 保 ス タ を 称 ） 。 け に 学 に 。 援 治 国 事 ン
向 を 高 の 活 校 1 年  助 の め 、 で あ 業 、 、 パ 創 設 る け め を 経 在 民 る 農 キ
る 躍 過 り の 日 業 ス し
て 。 を 新 後 方 苦 本 計 タ ン ま に 。 し に 画 、 設 で 促 は み 相 活 す し 一 を 応 動 実
進 般 救 し こ 践 。
し 、 公 開 う 「 き そ す る 、 は ま す 経 ま 、 医 る 世 さ 世 療
す 。 済 し 界 事
民 業
。 く 唯
」 、
' s 」 4 カ 国 と の 具 体 的
協 議 を
開 始
し ま す
。
※ B R I C ' s
Declaration 2009
サンダーバード
21世紀を舞台に、19年にイギリスで放映され
た、精巧な糸操り人形を用いた特殊撮影TV番組。
世界各地で発生した事故や災害で危機に瀕した人々
を救出すべく、ハイテクの粋を集めた各種機材を
搭載したサンダーバード機で、国際救助隊（IR：
International Rescue）が、いち早く駆け付ける物語。
日本でも19年にNHKが放送を開始するや、子
供番組の枠を超えて一種の社会現象となる程、人気
を博した。 スマトラ沖地震（2004.12）「写真提供：ロイター＝共同」
提案 提案 提案
7 6 5
中 を ア 日 実 や ア 2
継 展 メ 本 現 0 か ル 拠 開 リ の す 5 な フ 点 し カ 3 べ 0 ア ァ
年 と 、 、 国 く ジ ベ 経 中 迄 ッ し に 、 ア 済 国 世 に ト て ・ よ の の 、 ヒ ア る 界 温 連 に 日 ト ジ 数 の 室 帯 倣な 本 、 モ ア 値 3 効 を い ら の ノ 、 オ 目 割 果 文 、 日 持 、 セ 標 の ガ 字 本 続 的 マ ネ ー ア ニ を 設 排 出 ス の か ら 主 導 ＝
成 ア 量 半 ブ 熟 、 文 、 ロ 定 し を 減 進 め で 統 ラ ジ を 化 シ ま 占 を ま 一 ル ・
戦 等 ア す め 地 す 漢 ロ 略 の と 。 る 球 。 字 シ ア
的 多 の 中 規 体 ・
“ イ に 分 国 模 を ン 交 構 野 、 イ で 確 ド ・ 差
築 で ン 立 中
点 国 し 、 ド し 外 ま と 、 交 緩
す
”
。
1 1
Declaration 2009
さ み 常 合 ど 他 新 古 新 失 新
あ ん 識 い ん で し い し 敗 党
︑ 信 な を 言 ど は い ﹁ 観 い を 日
じ の ﹁ ひ 葉 ん で 日 念 提 恐 本
は や き に 案 れ
ら 日 本 結
れ 本 く ︑ 信 る な ﹂ 捕 な て 党
り ︒ い な ら ど い
る ﹂ じ 宣
が 返 こ ど れ 生 た
日 動 す ら と 創 て み ら 言
本 れ
へ き こ る を り い 出 ︑
出 と 本 出 た せ
︒ 日
す に 気 せ ら は
︵ 2 ！ こ 本 へ で は ︑ し
0 そ や し な
0 ︒
5 . ︑ 夢 る な い
8 . が ︒ い ︒
2 あ ︒
2
る
︶
︒
新党日本HEAD OFFICE：〒102-0093 東京都千代田区平河町 1-7-11
比例は田中康夫の「新党日本」へ
TEL.03-5213-0333 FAX.03-5213-0888 http: //www.love-nippon.com/
新党日本HEAD OFFICE：〒102-0093 東京都千代田区平河町 1-7-11
TEL.03-5213-0333 FAX.03-5213-0888 http: //www.love-nippon.com/
第45衆 新党日本 届出パンフレット等第1号 頒布責任者：須山卓知 東京都千代田区平河町1-7-11 印刷者：株式会社メディアエンジニアリング 東京都千代田区三崎町2-20-7",,
