,minister,date,text
268,Seiji Maehara,2002-01-17,"Top
>
Announcement
>
Speeches and Statements by Foreign Minister
> Remarks by Seiji Maehara, Minister for Foreign Affairs of Japan, at the Dinner with the participants of the 2nd Japan-US-Russia Trilateral Conference
Remarks by Seiji Maehara,
Minister for Foreign Affairs of Japan, at the Dinner with the participants of the 2nd Japan-US-Russia Trilateral Conference
17 January, 2011
(
Japanese
)
On behalf of the Japanese attendees, I would like to extend my heartfelt welcome to all of you who have come from the United States and Russia to attend the second round of the Japan-US-Russia Trilateral Conference. The organizers of this Conference, the Japan Institute of International Affairs (JIIA), the Center for Strategic and International Studies (CSIS), and the Institute of World Economy and International Relations (IMEMO), are think tanks each with acclaimed track records of more than 50 years in assessment and research activities, focusing on the areas of foreign policy and security. It is of much significance for such renowned think tanks to have an opportunity like this to discuss the overall security environment in the Asia-Pacific region. The fact that this Conference is being held so soon after last year's first round can be seen as evidence that all of you have a good appreciation of how trilateral cooperation should be pursued.
As you may know, a number of experts, including Dr John Hamre, President and CEO of CSIS, who gave me an opportunity to make a speech during my visit to the United States the other day, and Dr Alexander Dynkin, Director of IMEMO, are present at this Conference. I am truly encouraged by this as I have exchanged frank opinions with them from time to time on various occasions since I became a member of the Diet. With high expectations of an open and constructive exchange of views at this two-day Conference, I would like to express my ideas on the topics to be covered by this gathering.
<The Significance of the Japan-US-Russia Trilateral Conference>
First of all, let me make a few remarks on the basis of the trilateral cooperation between Japan, the United States and Russia in the Asia-Pacific region, which is experiencing such dynamic change. For Japan, its robust alliance with the United States and relations based on trust with Russia, one of the major players in the Asia-Pacific region form the basis of such trilateral cooperation. This Trilateral Conference is a forum where experts with profound insights discuss regional security issues from the mid- and long-term perspective, with the participation of government observers who deal with actual policy-making and diplomatic negotiations on a daily basis. I would like to emphasize the importance of this forum as an attempt to reinforce the basis of cooperation between the three countries and demonstrate a path for further peace and prosperity in the region.
The bilateral relations between Japan and the United States, Japan and Russia, and the United States and Russia have reached their current stage in the light of the respective historical backgrounds and world trends. In particular, the Japan-US bilateral relationship has become the most important alliance in the Asia-Pacific region, indeed in the whole world. Last week, I visited the United States and had a meeting with Secretary of State Madame Clinton for the fourth time since I assumed the post of Minster for Foreign Affairs. Having exchanged views with her several times, I feel that we were able to reaffirm the increased necessity for the two countries to cooperate in a wider range of areas for the development of the region on the basis of their alliance. The two leaders also confirmed, at the Japan-US summit meeting which took place during APEC in Yokohama, the importance of bilateral cooperation in the Asia-Pacific region and of addressing global issues as well as deepening the alliance.
Regarding Japan-Russia relations, the two countries have not concluded a peace treaty due to the differences in their positions on the territorial issue, and Japan and Russia should make all the more efforts for the genuine development of their relationship. The strategic environment of the region requires a higher level of cooperation between them. It is my wish that we should settle this pending issue based on mutual trust while moving forward our cooperation in the economic field as well as in international fora. Especially regarding economic relations, Japan has worked together with the Russian Federation since its inception, but there is room for improvement in the level of cooperation in the light of the economic potential of the two countries. There is considerable scope for promoting collaboration in areas such as the development of natural resources, the environment and energy conservation.
As for US-Russia relations, the Cold War that divided the whole world during the latter half of the twentieth century has ended. Last April, President Obama and President Medvedev signed a new START Treaty, which was approved by the US Senate in December. In November, the NATO-Russia Council agreed on future cooperation on missile defense. Japan welcomes the progress made in US-Russia cooperation.
If we could develop these three bilateral relationships into a framework of trilateral cooperation, the lines of collaboration would form a sphere and this would largely enhance regional cooperation. My feeling is that this trilateral cooperation has the potential to create a new order in the Asia-Pacific region. I am convinced that this Trilateral Conference will make a great contribution to such a process in the future.
<Common Threats and Challenges confronting Japan, the US and Russia>
I understand that the agenda for this Conference comprises North Korea, energy security in the Far East and East Siberia, and the maritime order in East Asia. All of these points are crucial elements when discussing Japan-US and Japan-Russia cooperation from the wide perspective of the Asia-Pacific region. Specifically, the item ""Internal Affairs and Nuclear Issue concerning North Korea"" is an extremely timely theme. I believe it is of great significance to analyze and discuss the security environment in the Asia-Pacific region, including the increasingly severe situation in the Korean Peninsula, from various aspects.
North Korea has recently carried out repeated provocations such as the sinking of the Republic of Korea's naval patrol vessel last March, the shelling of the Republic's Yeonpyeong Island and the publication of Pyongyang's uranium enrichment program last November. Through these incidents, it has become clear once again to Japan and indeed the whole world that unstable factors remain in the security environment of the Asia-Pacific region. As was affirmed at the Japan-US-Republic of Korea Foreign Ministers' meeting last December, in order to resolve the North Korean problem in a peaceful manner it is important for Pyongyang to cease such provocative actions immediately and take concrete steps to behave properly toward the international community. Japan for its part will make further efforts to this end. It is also important to cooperate with China and Russia, the countries which have influence over North Korea. Furthermore, for Japan the abduction issue with North Korea remains unresolved, and positive and sincere efforts are necessary on their part to resolve this problem. In addition to the tense situation in the Korean Peninsula, quite a few numbers of territory-related and maritime issues arose in Asia last year.
There is also a pressing need to tackle global issues such as the proliferation of weapons of mass destruction and ballistic missiles, international terrorism and piracy. Moreover, we must address new security challenges such as risks to the peaceful utilizations of the oceans, space and cyber space.
The strategic environment of the Asia-Pacific region is undergoing significant change, and Japan, the United States and Russia are all faced with major challenges. Recognizing the challenges to Japan, last December the Government of Japan, led by the Democratic Party of Japan, revised the National Defense Program Outline for the first time since the change of government. The new Outline sets out the following as Japan's core principles: firstly, the building of a dynamic defense force as the foundation at home; secondly, the deepening and further development of the Japan-US alliance in a manner which accords with the current security environment; and thirdly, the strengthening of multilayered security cooperation in the international community, focusing on cooperation in the Asia-Pacific region.
<Energy as an issue in the Asia Pacific region>
Although the strategic environment of the Asia-Pacific region features the challenges I have mentioned, it could also be said that we are entering an era of opportunity. The swift growth of China and India is providing a large market and an opportunity for growth not only to the Asia-Pacific region but also to the entire world. I would like to remind you that the share of world energy demand accounted for by Asia is on the rise and is projected to reach about 40% in 2030.
As the Asian economy becomes more active and energy demand increases in the region, resource competition is likely to escalate. In this regard, we can say that the territorial and maritime issues that have recently arisen are rooted in tension over resources. It may be no exaggeration to say that a key part of our three countries' future is to manage this tension properly.
From this standpoint, the promotion of Japan-Russia cooperation in the resource development and production project in the resource-rich Far East and East Siberia is a good example of a way to ensure a stable energy supply for the whole Asia-Pacific region. Japan will promote the exploitation of alternative energy, while paying attention to the development of the Far East and East Siberia, which could become a stable energy supplier. I suppose that Russia also, for its part, requires the development of that area for the purposes of contributing to the remarkable economic development of the Asia-Pacific region and of enjoying the economic benefits arising from it. Furthermore, I assume that the promotion of cooperation with Japan will be useful for Russia as it pushes forward its reform program geared to economic modernization, in a move away from a resource-dependent economy. Japan's energy efficiency is among the highest in the world, and 17 times higher than that of Russia. For instance, in Russia 17 times more energy than in Japan is required to achieve the level of illumination that we have in this room. Based on recognition of this point, when I met Foreign Minister Lavrov last November I suggested to him that Japan-Russia cooperation in the region served the strategic interests not just of Japan but also of Russia.
At the same time, in order to secure a stable and long-term energy supply, it is necessary to precisely grasp the global energy situation and take appropriate measures for the future from a strategic perspective. The exploitation of unconventional forms of natural gas such as shale gas in the United States is forcing both importers and exporters of natural gas to review their policy on energy security. I dare say there will be a frank exchange of views tomorrow on the various factors which affect future energy security and on the measures adopted by each country. I also expect that the participants will study concrete ways of bringing about trilateral cooperation in the Asia-Pacific region in this regard.
<Toward a new order in the Asia-Pacific region>
Now, what roles will Japan, the United States and Russia play to overcome the various security challenges mentioned earlier and to attain regional peace and prosperity? My answer to the question is that an important role of the three countries is to cooperate, among them and with other countries concerned, to ensure freedom of maritime navigation and thereby make the sea of the Asia-Pacific region a peaceful sea. We are required to achieve free and open trade routes and to realize the economic development of the Asia Pacific region, which is the center of world economic growth. We should also strive to establish and bolster supplementary and cooperative relations among our three countries in which each country takes proactive initiatives in the areas of its own comparative advantage. For its part, Japan hopes that all the countries in this region of rich diversity will develop through active collaboration. To that end, Japan will play a leading role in establishing regional order by improving the institutional framework on the basis of key factors such as the rule of law, democracy, respect for human rights, free and fair trade and investment regulations and intellectual property protection.
I welcome the decisions made by the United States and Russia to join the East Asia Summit (EAS), which were announced last year, as they indicate the two countries' resolve to engage positively in the region's peace and stability. I expect that, within the framework of the EAS, regional cooperation in the political and security areas as well as the economic field will see progress with the participation of the two countries.
As to regional economic cooperation, at APEC in Yokohama we achieved a concrete outcome in the form of the ""Yokohama Vision"" which focuses on ""regional economic integration,"" ""growth strategy"" and ""human security"". The three countries must deepen their cooperation so that these achievements can be built on by the United States and Russia, the hosts of APEC this year and next year respectively, and be steadily implemented. It is important to strengthen our cooperative and supplementary trilateral relations in a wide range of fields including the economy, politics and security geared to the peace and stability of the Asia-Pacific region. It is also significant not only to our three countries but also the whole region that our trilateral cooperation should develop into a format which plays a leading role in establishing a new order in the Asia-Pacific region.
Ladies and gentlemen, I do not wish to take up more time during the wonderful dinner, so I will finish here. Tomorrow's sessions may well be grueling. In Japan it is often said that the belly carries the legs. Please continue to enjoy a relaxing dinner before tomorrow's tough schedule. I look forward to receiving valuable policy recommendations after the third round of this Conference, which is to take place next year. Such recommendations could be a recipe for much creative endeavor in the diplomatic field. Finally I would like to propose a toast to the further development of our three countries and to the friendship among us, as well as to the health and prosperity of everyone here.
Thank you very much.
Back to Index"
868,Yoriko Kawaguchi,2002-09-01,"Top
>
Foreign Policy
>
Environment
>
Johannesburg Summit 2002 The World Summit on Sustainable Development
>
Schedule and Correspondent's Reports of the Seminars in the Japan Pavilion (Ubuntu Village, Johannesburg)
>

Opening Remarks by Ms. Yoriko Kawaguchi, Minister for Foreign Affairs of Japan, at the WSSD Side Event on the Initiative for Development in East Asia (IDEA) Ministerial Meeting
Provisional Translation (Check against Delivery)
Opening Remarks by Ms. Yoriko Kawaguchi,
Minister for Foreign Affairs of Japan,
at the WSSD Side Event on the Initiative for Development in East Asia (IDEA) Ministerial Meeting
(September 1, 2002, at Japan Pavilion)
Japanese
1. Introduction
Excellencies, ladies and gentlemen,
I am greatly honored to introduce to all of you gathered here today the Initiative for Development in East Asia, a new endeavor in the field of development by Japan and the countries of East Asia, and to share our achievements with the audience. I would also like to express my appreciation to Dr. Dante B. Canlas, Director-General of the National Economic Development Agency (NEDA), the Republic of the Philippines, and Dr. Zephirin Diabre, Associate Administrator of the United Nations Development Programme (UNDP), who are joining us as commentators.
On August 12, foreign and development ministers from ASEAN + 3 countries gathered in Tokyo for the Initiative for Development in East Asia (IDEA) Ministerial Meeting. First of all, I would like to explain the significance of this meeting for East Asian development.  And then what implications it could have for African development and for international development strategy will be briefly touched upon.
2. Significance of the IDEA
(1) Significance of the IDEA for East Asia
From the 1960s to the 1990s, the region of East Asia achieved remarkable economic growth, once described as the ""East Asian miracle."" After overcoming the Asian financial crisis in the later 1990s, this region is still making development efforts in pursuit of further prosperity. The IDEA emerged against such background.  The purpose of the IDEA is to identify current development agenda that the region should now tackle, to review development efforts in the past in order to highlight the aspects that can be utilized from now on and other aspects that need to be supplemented.  Under the IDEA, the role of the official development assistance (ODA) is revisited, responses to current issues from regional perspectives at a high political level will be examined.  Finally, the direction and potential of regional development will be identified.
(2) Significance of the IDEA for other regions, including Africa
At the IDEA Ministerial meeting, the participants agreed that it would be meaningful for the East Asian countries to cooperate in disseminating to international audience our development experience and expertise, coexisting with diversity within the region, because such experience and expertise can be useful for the development of other regions. Japan already has proclaimed internationally the effectiveness of development methods that were put into practice in East Asia, such as the transfer of appropriate experiences and technologies through South-South cooperation. Since these efforts have now been supported at the IDEA Ministerial Meeting, it is hoped that this process will be promoted so that development know-hows and strategy useful for cooperation for Africa or further internationally can become even more diverse and plentiful.
3. Outline of the IDEA Ministerial Meeting and Joint Ministerial Statement
Against this background, I would like to explain about
the outcome of the IDEA Ministerial meeting
and the gist of the
Joint Ministerial Statement
that was adopted in particular.
(1) Importance of ownership and partnership in development
Participants at the IDEA Ministerial meeting echoed that self-help efforts (ownership) would continue to be important in development, and, in this connection, many participating ministers stressed the importance of human resources development and capacity building. Participants also showed an interest in partnership whereby the international community supports development based on the diverse national conditions and development needs of the developing countries.
(2) Comprehensive development approach
Next, recognizing that the economic development of East Asia has advanced through strong linkage with trade and investment, the participants reaffirmed the need for a comprehensive approach encompassing the private sector, so that ODA on the one hand and trade, investment, and finance on the other are utilized in a holistic manner, while the economic reform is promoted as an engine of growth.
(3) Establishment of environment for effective development
Furthermore, remembering the terrorist attacks in the United States on September 11th last year, participating ministers to a considerable degree shared the importance of ensuring peace and stability as a premise for development. In addition, many participants referred to the need to establish an environment for the realization of effective and stable development in the medium and long term. This environment would include such factors as good governance, institutional and infrastructure building, and conflict prevention.
(4) Response to globalization
A response to globalization as a development issue was of interest for a number of ministers in the region. In particular, as a response to the negative aspects of globalization, importance of addressing poverty reduction and due consideration to the socially vulnerable was emphasized.
(5) Efforts to tackle regional issues (eliminating regional disparity)
In East Asia, prompted by the Asian financial crisis, regional cooperation to tackle development issues region-wide has made progress in recent years.  In particular, attempts have been made to positively define the roles that each country in the region can play for addressing regional disparities, the biggest concern of ASEAN countries as they move for further integration.  The Initiative for ASEAN Integration or IAI, which centers on support for the less developed countries among ASEAN is a good example.  While bearing in mind not only ODA but also the mobilization of private resources, it was confirmed that the need to further promote regional cooperation as a means for the entire region to muster strength to tackle development issues.
4. Conclusion
As stated in the Joint Ministerial Statement, the participants agreed at the IDEA Ministerial Meeting to further examine the effectiveness of the East Asian development approaches and, if these approaches are useful for the development of other regions, to cooperate in the dissemination of these approaches globally.  This symposium would indeed be the first step in the efforts in this direction.  In the second session, with the cooperation of Professor Izumi Ohno from Japan and other leading experts, as a case study, the development approach and development cooperation in Vietnam will be introduced.  On the basis of our cooperative relations with the countries of East Asia, which have been further solidified through the IDEA, Japan would like to promote efforts for global knowledge sharing and to contribute to finding various approaches to the effective and feasible way of development in all regions around the world, including Africa.
Thank you for your kind attention.
Back to Index"
10,Current Foreign Minister,2002-12-01,"December 2, 2019
Japanese
Tweet
Let me extend my heartfelt congratulations on the convening of the 1st Tokyo Global Dialogue today in celebration of the 60th anniversary of the Japan Institute of International Affairs (JIIA) under the able leadership of Mr SASAE Kenichiro, President of the JIIA.
As the international community witnesses the rise of a number of emerging countries, the shift in the global power balance is accelerating and becoming increasingly complex, and uncertainty over the existing order is growing.  Against this backdrop, today’s theme -""Is it possible to build an international order based on free, fair and transparent rules?""- is indeed timely.
I see the recent acceleration of confrontation in the international community in such forms as regional conflicts and trade friction, and it makes me think about “the Thucydides’s Trap” proposed by Professor Graham Allison of Harvard University.  I was one of his students.
Obviously, people’s opinions are divided on this concept, and I do not particularly subscribe to historical determinism, or the argument that humankind will inevitably repeat struggles for hegemony.
However, it is also true that throughout human history we have gone through many dramatic shifts in the balance of power, such as seen in the Peloponnesian War and the Punic Wars in ancient times, the battle over maritime hegemony amongst Portugal, Spain, and England in the early-modern era, and the end of the Cold-War structure in the 20th Century.
Looking back at history, I reflected on what lessons I can learn from this theory, as the person in charge of the foreign policy of Japan, a country that has achieved progress under the blessings of the liberal post-war world order.
After some deliberation, I have come to a set of conclusions about the direction which Japan’s foreign policy should aim for.  It is this: precisely because of the current reality where existing great powers and emerging powers are competing for influence, claims must not be asserted by force.  Rather, what should take place is an effort to find a solution based on the rules of the international community.  At the same time, the international order needs to be made more sustainable, through the creation of new rules reflecting various changes in the economy, society, and technological innovation.
1 Following the existing rules and making them stronger
Let me first talk about Japan’s diplomatic stance to protect and deepen the “rules-based international order.”
To make it easier to understand, let me talk in specifics and give you an example of the rule of law at sea, which is of the utmost geopolitical importance.
In 2014, Prime Minister Abe announced the “Three Principles of the Rule of Law at Sea.”  These were: (1) making and clarifying claims based on international law; (2) not allowing the use of force or coercion in trying to change the status quo; and (3) seeking to settle disputes by peaceful, diplomatic means.
Approximately five centuries ago, in the Age of Exploration, human activities started becoming truly global.  With this came the development of rules regarding the seas, a new stage for such exploration.  In many cases, international relations concerning the rule of the sea were actually characterized by clashes between major powers using force.  Major powers caught in “the Thucydides’s Trap” fought over maritime hegemony, and through this process were maritime rules formed.
Finally in the 20th Century, efforts began to codify rules of the sea that would bring common benefits to nations and peacefully settle maritime disputes.  The culmination of such efforts can be found in the United Nations Convention on the Law of the Sea (UNCLOS), which entered into force in 1994.  The human race has thus finally attained a comprehensive and integrated legal system based on principles such as the freedom of navigation.
Today, however, the seas, especially those in the Indo-Pacific, have become the stage for the rapid rise of emerging countries.  We must not go back to the era of the struggles for maritime hegemony that have characterized modern history.
The most important thing, then, is for every country to raise and share international awareness that their actions should be in compliance with UNCLOS as the comprehensive standard, and that disputes should be settled peacefully.  Equally important is for us to get those maritime rules to evolve, so that new challenges such as those involving the marine environment can be addressed and the common interest of mankind can be ensured into the future.
Charles Darwin, known for his theory of evolution and for being the author of On the Origin of Species, said that the species that survive are neither the strongest nor the biggest but rather the ones that are most responsive to change.
The Government of Japan, at various levels including Prime Minister Abe and myself, and on a number of occasions, has been consistently advocating the importance of abiding by and advancing the rules governing the seas and oceans.  Japan is also contributing to the further development of the legal order concerning the seas and oceans to effectively address new challenges in fields such as climate change, the marine environment, and marine resources.  Through such efforts, Japan is working to make the overall legal order built around UNCLOS even more robust.
2 Leading efforts to make new rules to meet the needs of the times
Another initiative of Japan involves making new rules.  Here I would like to take an example of trade issues.
Amidst the recent surge of protectionist tendencies across the world as a reaction to globalization, Japan has always been a flagbearer of free trade, and has consistently led efforts to create rules for the 21st century that can respond to new economic activities concerning global supply chains, digital economy, etc.
The TPP11 is the prime example of this.  In January 2017, when the Trump administration withdrew from it, there was brief apprehension that the TPP would find itself set adrift.  Japan, however, led the TPP11 with the firm conviction that it was vital for the eleven countries other than the United States to continue being united and form an economic sphere based on free and fair trade in this region.  Such efforts bore fruit as the TPP11 was signed in March 2018.  I travelled to Santiago, Chili, for the signing ceremony myself, and I had to make a four-day trip without an overnight stay because the Diet was in session.  The TPP11 then entered into force on 30 December, 2018, which was probably earlier than anyone had expected.
Through various trade agreements, the Government of Japan continues to expand the area where high-quality rules are applied.
The TPP11, the Japan-EU Economic Partnership Agreement, and the Japan-US Trade Agreement are together on track to form a free economic sphere that covers 60 percent of the world’s GDP, and Japan sits at the hub of this sphere.
Another point is that the global economy is going to become more and more “data-driven” in the future.  Rules regulating free data flow are key to the data-driven economy.  Whether those rules can adequately reflect the reality of the expanding digital economy, be kept free and fair, and respond to the overwhelming speed with which ICT technology advances, will fundamentally impact our ability to achieve the future growth of the global economy.
Japan’s leadership in this field led to the “Osaka Track,” launched on the sidelines of G20 Osaka Summit in June this year.  It created growing momentum for international rules-making on the data flow and e-commerce.  Thereafter, vibrant discussions on advancing the “Osaka Track” have been happening at multilateral fora such as the WTO and the OECD.  At last week’s G20 Foreign Ministers’ Meeting in Nagoya, the Ministers agreed to accelerate this effort.
At the same time, on the bilateral front, Japan is working to demonstrate a standard for digital economic activities to the world by signing an extremely progressive digital trade agreement with the United States.
What I would like to stress here is that Japan is not merely pursuing the expansion of a free economic sphere alone.  Underlying Japan’s approach is a strategic judgement on what a desirable new framework would look like for the Asia-Pacific, the center of the world’s growth, from not only an economic but also a geopolitical perspective.
Ensuring the US presence in the Asia-Pacific’s strategic framework is essential, and as a US ally Japan is assuming the responsibility for making this happen.  In this connection, the Japan-US Trade Agreement, whose Diet deliberations are now in their final phase, is going to play the role of anchoring the United States in the free economic sphere of the Asia-Pacific.
Furthermore, Japan is making diplomatic efforts to realize the Regional Comprehensive Economic Partnership (RCEP) with the participation of all 16 countries, including India.  I was actually in India until yesterday, attending the Japan-India Foreign Ministers' Strategic Dialogue.  Whether we can keep India in the RCEP we cannot yet tell for certain at this moment.  Yet, what is driving our efforts is Japan’s firm conviction that the framework of the RCEP can truly boost the region’s economic potential only with the participation of India, which is the world’s most populous democratic country and a major strategic player connecting the Asia-Pacific and the Indian Ocean.
3 Free and fair economic development by expanding the range of options
How, then, can we bring actual economic prosperity by increasing every country’s potential while following such rules?  This question leads to my next point about Japan’s diplomacy concerning development cooperation.
I believe what underpins freedom and fairness, both building blocks of prosperity, is having a choice.  Whether in making personal life choices or making policy choices for a state, a true “self-fulfillment” becomes possible only when there are options to choose from.
Where there is only one option available, the potential of an individual or a nation cannot fully bloom.  The same can be said to business strategies.
The same realization underlies Japan’s development cooperation.  Let us take Japan’s efforts to improve connectivity, for example.  Japan supports the formation of economic corridors and logistics infrastructures in various regions of the world, so that they can advance their economic activities in a multi-layered network of connectivity, with a number of options available for the movement of people and goods and without having to be subjected to a single supply chain.
Furthermore, Japan’s development cooperation is not merely about providing funding and building infrastructures and facilities, but we make a point of taking the long view and generating local employment, and offering capacity building and human resource development, so that our partners can take ownership of their own economic development.
In infrastructure development projects, Japan attaches importance to strengthening the social vibrancy of partner countries by, for example, enhancing resilience against natural disasters and fostering community-building.
At the Japan-ASEAN Summit Meeting in November, Prime Minister Abe launched an initiative to expand Japan’s support in three areas: quality infrastructure development, improving financial access and supporting women, and green investment.  Today, following up on that, I have the honor to announce that, as a concrete measure, Japan aims to mobilize USD 3 billion from the public and private sectors over the next three years between 2020 and 2022, including through a total of USD 1.2 billion in overseas loans and investment for ASEAN by Japan International Cooperation Agency (JICA).
I believe this speaks amply to Japan’s policy of providing new economic options and working to achieve free and fair economic development throughout the ASEAN region.
Conclusion:Japan has the strength to form an international order based on free, fair and transparent rules
Today I have talked about Japan’s foreign policy in terms of “abiding by the rules,” “formulating new rules,” and “increasing options.”  And this is in fact the very essence of Japan’s vision of a “Free and Open Indo-Pacific.”  The Indo-Pacific is the center of the world’s dynamism with half of world’s population living here.  It is, at the same time, where the balance of power is increasingly complex, with a number of emerging powers on the rise.  By now, I hope you have fully grasped that Japan is pursuing a consistent foreign policy from a long-term perspective in the Indo-Pacific in order to build “an international order based on free, fair and transparent rules.”
I cannot compare myself with President Sasae, who served as Vice-Minister for Foreign Affairs for two years and as Ambassador to the United Sates for six, since I have been Foreign Minister for just a little less than three months.  Still, I do have the privilege of sparing no effort every day to advance “a world ruled by law, not by force,” by building upon Japan’s strong international presence that has steadily become more prominent under the long-running, stable administration of Prime Minister Abe.
At the G20 Aichi-Nagoya Foreign Ministers’ Meeting which I hosted last week concluding Japan’s presidency, I believe that Japan’s leadership in resolving global challenges and rules-making was enhanced, building on the “Osaka Track,” “G20 Principles for Quality Infrastructure Investment,” and various other outcomes of the G20 Osaka Summit.
On such a note of confidence, let me conclude my remarks by sharing my response to today’s theme: Is it possible to build an international order based on free, fair and transparent rules?  As the man in charge of Japan’s diplomacy, my answer to the question is an emphatic YES.
Thank you very much."
173,Koichiro Gemba,2003-02-21,"Top
>
Announcement
>
Press Releases(Statements)
> 
    Statement by the Minister for Foreign Affairs of Japan on the Khmer Rouge Trial: the Appeal Judgement by the Supreme Court Chamber on Kaing Guek Eav (alias Duch), former Chairman of the S-21 Security Center
Statement by the Minister for Foreign Affairs of Japan on the Khmer Rouge Trial: the Appeal Judgement by the Supreme Court Chamber on Kaing Guek Eav (alias Duch), former Chairman of the S-21 Security Center
February 3, 2012
Japanese
On Friday, February 3 (both local and Japan times), the Supreme Court Chamber of the Extraordinary Chambers in the Courts of Cambodia (ECCC) repealed Trial Chamber's decision to sentence Kaing Guek Eav (alias Duch) to 35 years imprisonment and sentenced to a life in prison. This is the first settled judgement by the ECCC, and Japan welcomes the progress made in its judicial process.
Japan regards the Khmer Rouge Trial as a crucial step toward the conclusion of the entire peace process in Cambodia, and believes that it will contribute to delivering justice and will strengthen the rule of law in Cambodia. Japan has also been playing a leading role in extending support in the international community. Japan has dispatched Mr. Motoo Noguchi, Professor, UN Asia and Far East Institute for the Prevention of Crime and the Treatment of Offenders (UNAFEI) / Senior Attorney, International Legal Affairs Bureau, Ministry of Foreign Affairs of Japan -- to serve as one of the International Supreme Court Chamber Judges.
Japan strongly hopes that the Khmer Rouge Trial will continue to proceed in an appropriate and smooth manner moving forward and that the serious crimes committed under the Khmer Rouge regime will be promptly tried under the court of international standards.
(*The foregoing is a provisional translation. The date indicated above denotes the date of issue of the original press release in Japanese.)
(END)
Related Inforamtion (Statement by Mr. Katsuya Okada, Minister for Foreign Affairs of Japan, on the Extraordinary Chambers in the Courts of Cambodia: A Verdict in the Trial Chamber Against Kaing Guek Eav (alias “Duch”), former Chairman of the Security Center S-21)
Related Information (Japan-Cambodia Relations)"
873,Yoriko Kawaguchi,2003-07-08,"Top
>
Announcement
>
Speeches and Statements by Foreign Minister
> Speech by Ms. Yoriko Kawaguchi, Minister for Foreign Affairs The Outcome of the G8 Kananaskis Summit and Diplomatic Issues at Present
Speech by Ms. Yoriko Kawaguchi, Minister for Foreign Affairs
The Outcome of the G8 Kananaskis Summit and
Diplomatic Issues at Present
Japanese
3 July 2002
Venue: Japan Business Federation
Ladies and Gentlemen,
It is an honor for me to stand before you today to speak at the newly established Japan Business Federation.
When I was assigned to serve as Minister for Foreign Affairs last February, the first thing that Prime Minister Junichiro Koizumi instructed me to do was to reform the Ministry of Foreign Affairs. I have attached top priority to reforms at the Ministry of Foreign Affairs and on restoring the nation's confidence in Japan's diplomacy. Immediately upon my appointment as Minister for Foreign Affairs I have issued the ""Ten Reform Principles to Ensure an Open Foreign Ministry."" Then, I launched ""The Foreign Ministry Reform Advisory Board"", consisting of knowledgeable members from various sectors of society, and this Board has been considering concrete proposals for reform towards the Final Report due to be out in the course of this month. Based on the findings of this report I will implement further reforms and endeavor to ensure that the Ministry of Foreign Affairs can restore itself to an organization that is able to respond adequately to the expectations of the nation.
On the other hand, over this period, the situation in the international community has continued to change on a daily basis, and it is necessary for Japan's foreign policy to respond to these changes without hesitation. Since I was appointed Minister for Foreign Affairs, significant situations have developed that require action by the international community as a whole, including the growing tension in Palestine and the intensification of tension between India and Pakistan. Other incidents, including the one at the Japanese Consulate General in Shenyang, have also brought the responses of the Ministry of Foreign Affairs into question. As Minister for Foreign Affairs I have placed priority on the perspective of Japan's national interest and have redoubled my efforts to tackle various issues that are currently facing Japanese diplomacy.
The theme of my speech today is ""The Outcome of the G8 Kananaskis Summit and Diplomatic Issues at Present"" and in addition to introducing the outcome of the G8 Summit, which was one of the most important diplomatic events in the first half of 2002, I would also like to talk about the diplomatic issues that have arisen from the Summit process and will be dealt with in the latter half of the year.
Kananaskis Summit
An example I have recently quoted that eloquently describes today's international society in which globalization is progressing apace is that of an e-mail circling on the Internet. Based on the assumption of what it would be like if the world were a ""village of 100 people,"" this e-mail has now been widely read around the world. I am sure that many of you already know that this story has now been published as a picture book and so I will not go into details, but the eight countries that participate in the G8 Summit process represent only a tiny handful of the richest people who live in the 100-person village and therefore these people bear an important responsibility for the happiness and well-being of all the people in this small village. Today the global ""village"" is facing a variety of issues, such as terrorism and conflict, and poverty and environmental issues. With this situation in mind, I attended the G8 Meeting of Foreign Ministers in Whistler, Canada, held prior to the G8 Leaders Meeting in Kananaskis, and it was there, while engaging in serious discussions, where I had an occasion to consider once again the heavy responsibility Japan bears in the world as a whole.
The G8 Summit this year was convened against a backdrop of the fight against terrorism since the terrorist attacks in the United States last year, development in the international community, in particular the heightened interest in African issues. In accordance with the wishes of Canada, the host country of the G8 this year, it was decided that this should be a Summit that would return to its origins, where leaders could engage freely in fulfilling discussions. Hence Kananaskis in the heart of the Canadian Rocky Mountains was chosen as a venue and themes were identified to which the leaders could apply themselves in intensive discussions.
The meeting was the first opportunity for the eight leaders to get together since the terrorist attacks in the United States last year, and the leaders confirmed that they will continue to strengthen concerted efforts to eradicate international terrorism. In addition, the G8 leaders agreed on the initiative named the ""G8 Global Partnership Against the Spread of Weapons and Materials of Mass Destruction"" for the purpose of preventing the proliferation of weapons of mass destruction and related materials from falling into the hands of terrorists, under which the G8 countries will support specific cooperation projects, initially in Russia, to address non-proliferation, disarmament, counter-terrorism and nuclear safety issues. Japan announced that it would make financial contributions amounting up to a little more than US$200 million for the time being to this Global Partnership, and expressed its firm resolve to continue to tackle terrorism actively in cooperation with the international community.
On the global economy, the leaders agreed that overall fundamentals are sound despite some micro-economic issues that were pointed out such as the existence of risk factors and some market trends. President George W. Bush of the United States made a statement on the importance of restoring confidence in corporate governance in the United States. In addition, a number of leaders commented on the healthy movement of the euro, although the necessity was also pointed out of correcting the disparities between large powers and smaller powers in Europe.
In this context, Prime Minister Koizumi explained to his colleagues about his cumulative efforts under the concept of ""no growth without reform."" He also explained that in May the Japanese economy had bottomed out and that structural reforms were steadily progressing as exemplified in the announcement of such basic policies as the Strategy to Revitalize the Economy and Other Measures. Prime Minister Koizumi also pointed out that reforms in Japan have now gone beyond the point of no return and that Japan would continue to follow a reform track. In response, Prime Minister Tony Blair of the United Kingdom stated that he,
""wished Prime Minister Koizumi all the best in his efforts,"" and other colleagues expressed their strong support and encouragement for Prime Minister Koizumi's efforts
, even by banging the table. I believe that behind this warm response and high evaluation lies a strong expectation on the part of the G8 members for the revitalization of the Japanese economy. I believe also that for the sake of our country, and for the global economy, it is necessary for the Government of Japan to move forward firmly with structural reforms.
In addition, concerning trade, leaders agreed that in order to avoid protectionism it was necessary to complete the new round of World Trade Organization (WTO) negotiations within the agreed deadline (January 2005). To this end they agreed that it is necessary for all countries to endeavor to ensure the success of the Fifth WTO Ministerial Meeting.
Further, leaders exchanged their views about issues on development and the environment, bearing in mind the World Summit on Sustainable Development (WSSD) to be held in Johannesburg in August, and it was agreed that more efforts should be exerted towards the success of the WSSD. This is something I would like to touch upon again later.
One of the main themes raised at the Kananaskis Summit was Africa. While it is true that globalization is progressing around the world and that its benefits are enjoyed by many people, there are also people who are left behind by this global movement and facing difficulties such as starvation and poverty. In particular, Africa is facing such problems as conflict and political instability, and approximately 300 million people, or more than 40% of its population live on less than US$1 per day. As a backdrop to the focus in the Summit on Africa, it was recognized that if these issues that Africa is facing are not resolved, then there will be no stability or prosperity in the world in the 21st century. In addition, there was a sense of urgency at the Summit that poverty should not be used as a justification for terrorism.
Since the 1990s, Japan has continued to make efforts for Africa, including by organizing the process of the Tokyo International Conference on African Development (TICAD). In addition, at the 2000 G8 Kyushu-Okinawa Summit, Japan took the initiative to place emphasis on issues surrounding Africa, including by proposing the G8's dialogue with representatives from African and other developing countries. And at the Kananaskis Summit the G8 Africa Action Plan was adopted. This Action Plan represents the actualization of a concept of partnership through support and cooperation as a response to the movement towards ownership by African countries, best illustrated by the formulation of the New Partnership for Africa's Development (NEPAD) by African countries themselves. In this way the inter-related concepts of ownership and partnership, which Japan has been supporting in the TICAD process, are now taking root throughout the international community. I think that Japan's steady diplomatic efforts for Africa ever since the time of the international community's general waning interest in Africa following the end of the Cold War have produced fruitful results.
With respect to regional situations, in addition to the importance being confirmed of the role of the G8 in Afghanistan and India-Pakistan relations, in particular, vigorous discussion took place at Kananaskis on the Middle East. At the Meeting of Foreign Ministers, I explained to my colleagues my recent visit to Israel and the Palestinian territories, and based on my experience, I reiterated that Japan would like to actively engage ourselves in the Middle East peace process. At Kananaskis, based on the speech given by President Bush just before the Summit, the leaders shared the recognition of the importance of the role played by the United States, the importance of reform of the Palestinian institutions, as well as the urgency of elections to be held. Prime Minister Koizumi also stated that Japan would continue to play an active role on this issue. As an important result of the Summit, it was recognized that the G8 is committed to the vision of two states, Israel and Palestine, living side by side within secure and recognized borders.
Concerning the Korean Peninsula, at the Leaders' Meeting and the Foreign Ministers' Meeting, both Prime Minister Koizumi and I explained Japan's policy towards a resolution of various issues including the abduction cases, and that it is necessary for North Korea to be engaged with the international community through dialogue.
As for my feelings concerning the significance of the G8 Summit process this year, as I stated at the outset, I would say that it was a Summit where common commitment and partnership among the G8 was further deepened as we all share a great responsibility for the future of the ""global village."" The fight against terrorism since 11 September 2001 would be impossible to implement were it not for the commitment by the G8. I think that the Kananaskis Summit reaffirmed the significance of G8 collaboration. In particular, decisions such as that to allow Russia to host the Summit in 2006 highlighted Russia's importance as a cooperative partner with responsibilities in the international arena and also the importance that other countries place on Russia and the expectations that other countries have for Russia to play an active role.
Diplomatic Issues at Present
Development and Africa, which were raised at the Summit, are important items to be tackled today in the international community as a whole. I will see to it that in the second half of this year, Japan applies itself even more actively to various challenges which we face, based on the outcome of the Summit.
Towards the WSSD
Since the 1992 Rio Earth Summit, the international community has made considerable efforts towards the realization of sustainable development. In environmental aspects, we observed some good progress such as the adoption of the Kyoto Protocol in 1997 and, as you may already know, Japan has recently ratified the Kyoto Protocol. On the other hand, since we face the negative consequences of globalization, such as expanding income disparities, a response to development issues is now urgently needed. In this year that marks the tenth anniversary of the Rio Earth Summit, the World Summit on Sustainable Development (WSSD) will be held in Johannesburg in August. In the run-up to the WSSD, a number of conferences have been held this year, including the International Conference on Financing for Development in Monterrey, Mexico in March and the Kananaskis Summit in Canada in June, at all of which vigorous discussion about the way forward for sustainable development has taken place. Japan has emphasized the importance of enhancing compatibility between environmental preservation and economic development for sustainable development, as well as the need to create a recycling-oriented society and to promote environmental protection through the utilization of science and technology. However, arguments on development issues, in particular on debt relief, official development aid and market access for developing countries have not converged yet. These development issues will be the main focus for the Johannesburg Summit. Japan is determined to do everything in its power to make the WSSD a success, in other words, to realize an agreement by the international community on the plan for implementation of sustainable development.
More specifically, avoiding presentation of some mere abstract objectives, we will do our best to realize that the Johannesburg Summit will be an action-oriented meeting, through which the items that have already been agreed upon in the international arena will be steadily implemented. To this end, it is important for the government to advance cooperation with civil society, such as non-governmental organizations (NGOs) and the business community. It is planned that the Japanese delegation to the Johannesburg Summit will include some representatives of NGOs. I would like to take this opportunity to request the prominent business people on the floor to support our efforts so as to ensure the success of the WSSD.
African Issues
As I have already mentioned, at the Kananaskis Summit, vigorous discussion took place concerning issues surrounding Africa. It is now necessary for this discussion to be translated into action and concrete results. With just over one year remaining until TICAD III to be held in Japan in the second half of 2003, the Government of Japan has designated this period as the Year for Soaring Cooperation with Africa, and will be taking specific measures in order to advance our African policy. Concerning these measures, I would like to stress the following.
First, based on the idea that, ""Nation-building is none other than human resource development,"" we will place emphasis on ""human-centered development"", including education. Specifically, the Government of Japan intends to steadily implement already announced assistance of more than 250 billion yen over a period of five years to low-income countries, including those in Africa.
In addition, we intend to provide Africa with the benefit of Asia's development experiences, and advance Asia-Africa cooperation. One good example of this cooperation includes the successful development of a new type of rice known as NERICA (New Rice for Africa), a hybrid of African and Asia rice that is resilient against disease and bears a high yield, with the aim of achieving a stable supply of food in Africa. NERICA has been further developed and distributed with the cooperation of Japan. This program has become a leading example of Asia-Africa cooperation.
Second, in order to promote poverty reduction and development, it is important not merely to provide aid, but also to mobilize a wide-range of funding including internal savings, trade and investment. In particular, an important method will be to improve market access for goods produced in developing countries. Japan has already provided duty-free and quota-free market access for almost 100% of mining and manufacturing products from least developed countries, and from next year onwards we will promptly review the specific content of additional duty-free products, towards the goal of tariff amendments next year.
Third, Japan is supporting the efforts of African countries in order to ensure that there is no regression in conflict resolution and efforts towards peace. Since my appointment as Minister for Foreign Affairs, I have proposed contributing in the area of the ""consolidation of peace"" in which Japan can utilize its knowledge and experience in the international community. This ""consolidation of peace"" would be implemented based on a three-pillar concept, of peace process, domestic security and reconstruction and humanitarian assistance. As for Africa, this concept has already been realized as we decided on the provision of assistance for the social reintegration of former combatants in the Republic of Sierra Leone through the Human Security Trust Fund, and we are now considering the possibility for similar assistance to the Republic of Angola, which has emerged from long-years of civil war.
In advancing such measures, I would like to use the opportunity of my participation in the Johannesburg Summit in August to visit a number of African countries in addition to the Republic of South Africa. I would like among others to visit the sites of Japan's economic cooperation, and exchange views with NGO personnel and Japan Overseas Cooperation Volunteers (JOCV's).
Official Development Assistance (ODA)
In this way, while Japan is endeavoring to tackle actively a number of issues that are facing the international community, there is no change to the importance of official development assistance (ODA) as a valuable means of diplomacy. Moreover, for such issues as climate change, infectious diseases, and areas such as peace-building and conflict prevention, and the alleviation of poverty, a breeding ground for terrorism, international awareness is growing that those issues require an urgent response through ODA. Based upon such awareness, the United States has announced that by 2006 it will increase its ODA by US$5 billion, and the European Union (EU) has pledged to increase the amount over the same period by US$7 billion. If the United States achieves this pledge, Japan, which is currently facing a severe situation concerning its ODA, will find its ODA to be half that of the United States by 2006 if it were to maintain ODA at current levels.
Japan's ODA is highly evaluated by the international community, which is something I too have recognized afresh after my opportunities to visit such places as Afghanistan. It is therefore important for Japan that the quality and magnitude of ODA be maintained, in order for Japan to fulfill its international responsibilities fully. In order to improve the efficiency of Japan's ODA, I am endeavoring to implement well-focused assistance.
Of course, in Japan the fact remains that ODA is coming under increasing scrutiny and it is therefore vital that we gain the understanding and support of the people of Japan in implementing ODA, which uses a portion of our valuable annual budget. The Government of Japan is accordingly undertaking a thorough reform of ODA. I am serving as Chair of the Board on Comprehensive ODA Strategy, which was recently launched, and in this forum I expect that a good deal of discussion will take place concerning ODA. Currently specific measures of ODA reform are being formulated along the three key concepts - national people's participation, ensuring transparency, and efficiency improvement. It is expected that in the near future these measures will be announced.
Relationship with Neighboring Countries
Speaking about diplomatic issues at present, it goes without saying that not only the aforementioned issues, but also relations with neighboring countries are important. In particular, through the latter half of this year we must aim for further development of our relationships with the People's Republic of China and the Russian Federation. Today I would like to confine myself to our relations with those two countries.
Japan-China Relations
The Japan-China relations have seen some friction in the first half of the year over several issues that seriously provoked the feelings of the two countries' citizens. It is regrettable that such circumstances have emerged this year, which marks the 30th anniversary of the normalization of Japan-China relations. I believe the responsibility of a government is to take an overall view and take care of issues in a calm manner. From this standpoint, we are dealing with the incident at the Japanese Consulate-General in Shenyang. Recently, I met with Minister of Foreign Affairs Tang Jiaxuan in the Kingdom of Thailand, where we agreed to hold consultations between diplomatic authorities in order to prevent future occurrences of similar cases. At the people's level, it is important to further deepen mutual understanding and trust between members of the younger generation, upon whom our future depends, through the ongoing exchanges under the ""Japan Year"" and ""China Year"" in 2002 as well as a wide variety of other exchange programs to make such understanding and trust a firm foundation for the development of our bilateral relationship.
Prime Minister Koizumi has said that China's economic development is in no way a threat to Japan. On the contrary, it is a good opportunity for Japan to upgrade its industries and realize a stronger national economy by raising new industries and seeking opportunities in China's markets. I understand that business circles already share this perception and are moving forward with their strategies on the Chinese market. The further strengthening of interdependence through trade and investment is greatly contributing to the stable development of Japan-China relations.
Of course, it seems as though various occurrences of bilateral friction, as was witnessed over last year's safeguard issues on three agricultural products including Welsh onions, may be inevitable. Certainly, there exists an urgent need for China to develop its trade and investment infrastructure, beginning with the protection of intellectual property rights. On its part, the Government of Japan is doing its best to call upon the Chinese side to address this need. From this point of view, we should strengthen dialogue with China while keeping in mind the prevention of bilateral conflicts on economic matters. In April of this year, Prime Minister Koizumi and Premier of the State Council Zhu Rongji agreed on the establishment of the Japan-China Economic Partnership Consultation. Regarding the themes that should be taken up by this Consultation, I would like to ask everyone present today, as well as the people who are active on the front line of Japan-China economic exchange, for their valuable advice. Your views are welcome and will be gladly heard at any time.
Japan-Russia Relations
Regrettably, recently I often hear voices that point out the stagnation of Japan-Russia relations. With this backdrop, when I attended the G8 Foreign Ministers' Meeting and had talks with Russian Minister for Foreign Affairs Igor Sergeyevich Ivanov at the G8 Foreign Ministers' Meeting, I felt the necessity for two-way political dialogue. The summit talks between Prime Minister Koizumi and President Vladimir Putin of the Russian Federation at the Kananaskis Summit led to agreement on the preparation of a Japan-Russia Action Plan. It was meaningful that a new meeting of minds has been achieved through these talks on the importance of the development of Japan-Russia relations. In particular, I value the agreement on Prime Minister Koizumi's visit to Russia sometime between December and January of next year and on my visit this fall that will precede it, as adding momentum to the future development of our bilateral relations.
In Japan-Russia relations, negotiations on a peace treaty, in other words, the issue of the Northern Territories, is a matter that directly bears upon national sovereignty. It is indeed one of the most important diplomatic issues to Japan. Therefore, it is only natural that the Government continues to work seriously on this issue. The Russian side agrees on the continuation of these negotiations.
At the same time, Japan-Russia relations today do not end within the bounds of a bilateral resolution of the territorial issue. We have the potential and the need for cooperation in wide-ranging areas in the international arena, including counter-terrorism and illegal fishing, as well as regional issues such as those in Afghanistan and the Korean Peninsula. It is upon this way of thinking that before the G8 Foreign Ministers' Meeting I had a telephone conversation with Foreign Minister Ivanov, and exchanged views on the situations in the Middle East and Pakistan.
In addition to the potential in the area of natural resources and energy, Russia's development in technical prowess since the Soviet era and the emergence of new markets illustrate that the potential of its economy provides business chances for Japan. Of course, efforts on the part of Russia itself in such areas as development of the investment environment are indispensable. However, the Government of Japan also should continue to support indirectly Russia's endeavors, and assist as much as possible in the development of Japanese businesses in Russia. As President Putin himself has said repeatedly, Russia is working with a strong political will towards accession to the World Trade Organization (WTO), and Japan should continue to support the effort of Russia towards further integration of the Russian economy into the world economy. Such integration should be also beneficial for Japanese enterprises doing business with Russia.
In advancing this kind of broad-ranging cooperation between Japan and Russia, it is also indispensable to deepen mutual understanding between the two countries, and it is necessary to put further efforts into cultural and human exchange.
From this viewpoint, next year has been designated as the Japan Year in Russia 2003. Numerous cultural events are scheduled to be carried out, and I would like to ask the business community for its cooperation. We also have a Ministry of Foreign Affairs Town Meeting scheduled for late August in Sapporo, and I would like to take up Japan-Russia relations as a topic at this meeting.
Conclusion
I have now provided you with a fleeting overview of diplomatic agenda for the latter half of 2002, and the various diplomatic challenges that we will possibly have to tackle. Of course, in order to address those challenges I have laid out in my speech, it will be vital to strengthen further the relationship with the United States, which forms a pivotal axis in Japan's diplomacy. In addition, there are many other issues and challenges mounting up, including the strengthening of relations with our important neighbor the Republic of Korea, measures towards the resolution of various concerns over North Korea, and the creation of a framework to enhance bilateral and regional economic relations, including free trade agreements, all of which must be dealt with by us diplomatic authorities.
In conclusion, what I would like to emphasize most strongly is the importance of pushing forward with diplomacy that represents ""all Japan"" in facing these various challenges. It is not only Foreign Ministry officials who are responsible for diplomacy. The source of our country's diplomatic priorities and strength of position is the understanding and support of the people of Japan. Since my appointment, the reason why I have been emphasizing such phrases as ""easily understandable"" and ""transparency"" in policies is none other than a manifestation of the awareness of the importance of people's understanding and support.
In particular, I would say to all of you gathered here today, members of the business community, we must be able to share your knowledge about various areas, and receive your support in such global areas as the environment and development, and bilateral relations with various countries. Your networks with business communities and key people in various countries are incredibly valuable assets for Japan as a whole.
Allow me to close by requesting once again your understanding and cooperation in the promotion of our country's diplomacy.
Thank you for your attention.
Back to Index"
794,Yoriko Kawaguchi,2003-09-03,"Top
>
Foreign Policy
>
Arms Control, Disarmament and Non-Proliferation
>
Arms Control, Disarmament and Non-Proliferation
>
Nuclear Disarmament and Non-Proliferation
>
CTBT
> Speech by Minister for Foreign Affairs Yoriko Kawaguchi at the 3rd Conference on Facilitating the Early Entry into Force of the Comprehensive Nuclear-Test-Ban Treaty
Speech by Minister for Foreign Affairs Yoriko Kawaguchi
at the 3rd Conference on Facilitating the Early Entry into Force of the Comprehensive Nuclear-Test-Ban Treaty
September 3, 2003
Japanese
Your Excellency Mr. Touomioja, President of the Conference,
Excellencies, Ladies and gentleman,
I would like to begin by extending my heartfelt congratulations to Your Excellency Mr. Touomioja on your election to the Presidency of this Conference.
Seven years have passed since the CTBT was adopted at the UN General Assembly in 1996. Since then, 104 countries have ratified the CTBT, and the value of this treaty has been widely acknowledged in the international community. However, the requirements for the CTBT to enter into force have yet to be met. While it is encouraging to see delegations from so many countries gathered here today in the ardent hope for the early entry into force of the CTBT, it is at the same time regrettable that it was once again necessary for us to do so.
The CTBT was adopted forty years after India's Prime Minister Nehru first advocated the ban on nuclear testing in April, 1954. Its adoption is a significant landmark in the history of nuclear disarmament and non-proliferation after World War II. The CTBT illegalizes all types of nuclear testing. Thus, it contributes to both nuclear disarmament and nuclear non-proliferation. The early entry into force of the CTBT will tangibly help realize the noble objective of a safe and peaceful world free of nuclear weapons. Since Japan is the only country in the world to have suffered the tragedy of atomic bombings, we Japanese people have a particularly strong desire for a ban on nuclear testing. At this conference, it will be important for us to send a strong message once again, urging states that have not signed or ratified the CTBT to do so at the earliest date possible.
Mr. President,
Some nations in the international community are disheartened by the fact that the CTBT has still not entered into force, and therefore have doubts about the effectiveness of making efforts towards this end. I am not of this view. Rather, I consider it crucial that we maintain our efforts to promote the Treaty's early entry into force. Furthermore, I believe it important to accord due recognition to the beneficial role that the CTBT is already playing in the international community. Prior to the adoption of the CTBT, all nuclear weapons states announced moratoria on nuclear testing. Both India and Pakistan, which conducted nuclear tests in 1998, have faced overwhelming international criticism and consequently announced moratoria on nuclear testing. It is thus clearly apparent for all to see that conducting nuclear tests in defiance of this Treaty will entail severe criticism from the international community. Our efforts toward the early entry into force of the CTBT have permeated international opinion and the norm has taken root that all types of nuclear tests should be banned. Thus, the CTBT, even before entering into force, is playing an important role as a strong deterrent against nuclear testing. It is important that we ceaselessly and tenaciously persevere in our efforts.
Mr. President,
Japan welcomes the fact that Algeria, one of the Annex II countries, deposited its instrument of ratification in July. On the other hand, twelve other Annex II countries have not yet ratified the Treaty, and early ratification by these countries is crucial. Japan has seized every high-level opportunity to convince these nations of the importance of the early ratification of the CTBT. Right before this Conference, together with Your Excellency President Tuomioja and Her Excellency Ms. Ferrero-Waldner, Foreign Minister of Austria, I sent a joint letter to the remaining twelve countries, encouraging them to ratify the Treaty as soon as possible. Documents describing measures taken by Japan to promote the early entry into force of the CTBT have been distributed to your tables.
Japan again urges all countries that have not yet ratified the CTBT to do so at the earliest date possible. Japan urges Annex II countries, whose ratification is required for the CTBT to enter into force, especially those nine countries that have signed but not ratified the Treaty, to ratify it, and those three countries that have neither signed nor ratified the Treaty to sign and ratify it.
Mr. President,
The verification regime prescribed by the CTBT is unprecedented in the history of monitoring technology since it covers the earth with one unified monitoring system. The verification technology of the CTBT makes it extremely difficult to clandestinely conduct nuclear tests without having the world know about it. This verification technology thus represents a significant added deterrent against nuclear testing. The work being done by Mr. Hoffmann , Executive Secretary of the CTBTO Provisional Technical Secretariat (PTS) to set up the CTBT verification regime is highly valued by Japan.
Since Japan experiences earthquakes frequently, it possesses the world's most advanced seismological know-how. Japan has made use of this knowledge to provide technical assistance to developing nations. I would like to announce that Japan launched its ""CTBT National Operation System"" last year and has started constructing and preparing facilities in Japan for the International Monitoring System.
Mr. President,
All the states possessing nuclear weapons have now declared a moratorium on nuclear testing. Although moratoria on nuclear testing will not replace the Treaty, I value them and strongly urge these states to maintain their policies pending the entry into force of the Treaty. I also strongly urge all the states once again not to carry out any nuclear weapon test explosion at any place.
Mr. President,
The CTBT has a crucial role to play in the disarmament and non-proliferation regime built up on the foundation of the NPT. ""The importance and urgency of achieving the early entry into force of the CTBT,"" which was affirmed at the 2000 NPT Review Conference, should certainly be reaffirmed at the 2005 NPT Review Conference. However, I ardently hope that by that time, a major step will have been made toward the full realization of the Treaty. I can assure you that Japan will continue to make every possible effort to promote the early entry into force of the CTBT.
Thank you.
Document to be distributed:
Japan's Initiatives for Facilitating the CTBT's EIF
Commitment for the 3rd Conference on Facilitating the Early EIF of the CTBT
Dispatching a joint letter from Japan, Finland, and Austria, urging high-level participation at the Conference and early signature and ratification of the Treaty (191 countries targeted)
Urging non-signatories and non-ratifiers to sign and ratify the CTBT
Conducting a joint demarche with Finland and Austria to non-signatory and non-ratifier Annex II countries
Hosting a ""Friends of the CTBT"" Foreign Ministers' Meeting (September 2002, New York)
Enhancement of international cooperation on the CTBT
Technological cooperation through Japanese Official Development Assistance (ODA); Japan International Cooperation Agency (JICA) Continuation of the ""Global Seismological Observation Training Course"" (about 10 trainees annually, a total of 75 trainees accepted so far)
On-Site Inspection (OSI) Workshop in Hiroshima (June 30- July 3, 2003) hosted by the CTBTO (50 participants from 14 countries attended the Workshop)
Seminar on Benefits of CTBT Regime Membership dealing with civil and scientific applications of verification technology (September 4, 2003) hosted by the CTBTO - Dr. Fukao, Earthquake Research Institute, University of Tokyo, will attend the seminar.
Verification Regime in Japan
Setting up the CTBT National Operation System of Japan (November 2002)
Commencement of construction and establishment of monitoring facilities in Japan
Related Information (Japan's Efforts on CTBT)
Back to Index"
901,Yoriko Kawaguchi,2004-03-03,"Top
>
Economic Affairs
>
Energy
>
Seminar on Energy Security in Asia
> Remarks by H.E. Ms. Yoriko Kawaguchi, Minister for Foreign Affairs of Japan at the Seminar on Energy Security in Asia
Remarks by H.E. Ms. Yoriko Kawaguchi, Minister for Foreign Affairs of Japan at the Seminar on Energy Security in Asia
- Examining Possible Areas of ASEAN+3 Energy Cooperation -
Japanese
Mr. Robert Priddle, Executive Director of the International Energy Agency,
Dr. Ria Kemper, Secretary-General of the Energy Charter Secretariat,
Distinguished panelists from ASEAN+3 countries and esteemed speakers,
Distinguished guests,
Ladies and Gentlemen,
I have the pleasure of addressing this ""Seminar on Energy Security in Asia,"" the purpose of which is to examine the possible areas of cooperation in the field of energy under the ASEAN+3 framework, with a view to strengthening energy security in Asia.
As is well known to the participants here, this seminar was proposed by Prime Minister Koizumi and enjoyed the support of the leaders of the ASEAN countries, China and the Republic of Korea at the ASEAN+3 Summit Meeting held in Brunei Darussalam last November. The energy demand-supply structure in Asia is vulnerable and will become even more so as the demand for energy increases. Hence the growing need for better emergency preparedness and other effective measures for strengthening energy security. It was this recognition that moved Prime Minister Koizumi to propose this initiative.
It may also be true to say that the Prime Minister's proposal was received positively as more attention is being paid to the issue of energy security in the wake of the heartbreaking terrorist attacks against the United States on September 11th last year.
Diversity prevails in Asia and the energy situation is by no means an exception. Asia, a region which encompasses both net energy exporting and importing countries, has room for enhanced interdependency through increased energy trade and further cooperation in the field of energy. Asia is today experiencing a growth in the demand for energy which is outgrowing supply within the region and is thus becoming increasingly dependent on sources from the outside, particularly the Middle East. The strengthening of energy security in Asia has, therefore, become a pressing issue, and requires a joint effort involving the whole region. Japan believes that it is realistic and effective to make use of the existing ASEAN+3 framework, which comprises key countries from both Southeast Asia and Northeast Asia and which has the potential to develop further in the future.
In examining ASEAN+3 energy cooperation, we have to bear in mind that regional energy cooperation is only viable with close collaboration with countries outside the region, since ASEAN+3 countries alone are not capable of securing the stable supply of energy. Close coordination with international organizations and multilateral frameworks such as the International Energy Agency (IEA), the Energy Charter Secretariat, the Asia Pacific Economic Cooperation (APEC) and the G8 is also instrumental in strengthening the region's energy security.
In his policy speech made in Singapore in January this year, Prime Minister Koizumi listed energy security among the issues to be addressed transnationally by the region. Addressing ASEAN nations, he proposed a community that ""acts together and advances together,"" based on the framework of ASEAN+3 plus Australia and New Zealand, as well as on a partnership with other countries outside the region and international organizations and multilateral frameworks.
This year, among various international meetings, many important meetings on energy will be held, such as the G8 Energy Ministers Meeting in May in Detroit, the APEC Energy Ministers Meeting in July in Mexico, and the 8th International Energy Forum, also known as producer-consumer dialogue in September in Osaka. While interaction among these meetings is desirable especially on the issues of energy security, I hope that this seminar will constitute a part of that interaction by producing some useful input for these meetings.
Let me now turn to the topics of today's seminar. Today's program is a product of consultations among the ASEAN+3 countries. Discussing the international energy situation as well as the Asian energy situation will provide the participants with the background knowledge to move forward on the issue of regional cooperation on energy.
With respect to the issue of emergency preparedness, Japan and the Republic of Korea are the only countries in ASEAN+3 with a sizable emergency oil stockpile, around 160 days of oil consumption and about 90 days of net oil imports respectively. I believe that the IEA's experience in this area can provide us with invaluable know-how and insight in developing emergency preparedness in the region. Cooperation between net energy exporting and importing countries within the region should also be considered from the viewpoint of promoting regional emergency preparedness. As for mid- to long-term energy cooperation, we prepared a menu of energy infrastructure, energy efficiency and conservation, and new and renewable energy for you to digest. In addressing those issues for the purpose of energy security, we also need to consider environmental protection.
We requested Mr. Akihiko Tanaka, Professor of Tokyo University, who is one of the two Japanese members of the East Asia Vision Group, and also serving as Chairman of the Energy Security Working Group of the Advisory Committee for Natural Resources and Energy, to play the role of moderator of this seminar.
With leading energy experts and representative panelists from ASEAN+3 countries, I hope that by the end of the seminar there will be a common understanding on the general direction for regional cooperation on energy among the ASEAN+3 countries. If so, and I hope it will be so, it is the duty of the host of this seminar to feed that back to the ASEAN+3 process.
It is my sincere hope that this seminar will see active and positive interaction which will be useful for all of us present here.
Thank you very much and may I wish you an excellent seminar.
Back to Index"
552,Taro Aso,2004-05-08,"Top
>
Regional Affairs
>
North America
>
The United States
>
Foreign Minister Taro Aso's Visit to the United States of America, Russia and Egypt
> Statement by Foreign Minister Taro Aso at the International Ministerial Conference of the Neighboring Countries of Iraq, Egypt and Bahrain and the Permanent Members of the UN Security Council and the G8
(Tentative translation)
Statement by H.E. Mr. Taro Aso Minister for Foreign Affairs of Japan at The International Ministerial Conference of the Neighboring Countries of Iraq, Egypt and Bahrain and the Permanent Members of the UN Security Council and the G8
May 4, 2007
in Sharm el-Sheikh, Egypt
Japanese
Your Excellency, Prime Minister Maliki,
Your Excellency, Foreign Minister Aboul Gheit,
Distinguished Delegates,
Ladies and Gentlemen,
At the outset, I would like to welcome the holding of the first international ministerial conference on the major issues such as stabilization and national unity of Iraq. Japan highly appreciates the initiative of the Government of Egypt and commitment of the Government of Iraq to hold this conference. Today, the stabilization of Iraq is one of the most urgent issues confronting the international community, and it is especially opportune to hold this conference at this juncture, when the Government of Iraq is making a determined effort to restore security.
Ladies and Gentlemen,
Based on the belief that the successful reconstruction of Iraq contributes to the stabilization of the international community and is directly linked to its own national interest, Japan has proactively supported Iraqi efforts for stabilization through various forms of assistance, including the dispatch of the Ground Self-Defense Force personnel to Iraq and airlift support by the Air Self-Defense Force, as well as the steady implementation of the aid package amounting to US $5 billion announced at the Conference in Madrid and debt relief of approximately US $6 billion and human resource development.
Moreover, Japan decided in February this year to extend new emergency grant aid totaling US$104.5 million through UN organizations, to provide humanitarian and reconstruction assistance in the areas of greatest urgency such as basic human needs, security and capacity-building. US$13.5 million of the pledged amount has been allocated for assistance to refugees and internally displaced persons in Iraq. We have also conveyed to the Government of Iraq our intention to provide a yen loan equivalent to US$ 2.1 billion for 10 projects.
At this point in time, Iraq continues to face a difficult security situation. Japan highly appreciates the Iraqi Government's proactive efforts in taking enhanced security measures under Prime Minister Maliki's strong leadership. Let me reiterate that Japan fully supports Prime Minister Maliki and expects that the Prime Minister's efforts will achieve the early restoration of public security, with the assistance of the United States and other members of the international community.
Ladies and Gentlemen,
Japan believes that, in addition to success in the implementation of the security measures, the promotion of Iraqi national reconciliation is indispensable for the stabilization of Iraq. With that in mind, and wishing to cooperate in the undertaking to the extent of its ability, Japan hosted in March a seminar on national reconciliation in Iraq, inviting a 13-member Iraqi delegation comprising parliamentarians and other influential persons and headed by H.E. Mr. Akram al-Hakim, Minister for National Reconciliation. During the visit, the delegation learned about successful examples of peacebuilding throughout the world and ways in which those experiences of the international community may be applied to the stabilization of Iraq. The delegation also had the opportunity to visit the Atom Bomb Museum in Hiroshima, in order to share in the knowledge and experience gained in the course of Japan's reconstruction and democratization after the Second World War. I was delighted to hear that the members highly appreciated this invitation. Prime Minister Maliki and Vice President al-Hashimi, in their recent visits to Japan, also fully recognized the importance of national reconciliation, and it is encouraging to note their determination to work towards that goal.
In addition to assistance from countries outside the region, the cooperation of the neighboring countries of Iraq is also indispensable for the stabilization of Iraq. Recently, Prime Minister Abe visited Egypt, Saudi Arabia, United Arab Emirates, Kuwait and Qatar. During his trip, the Prime Minister actively exchanged views with the Heads of State of those countries regarding the Iraqi situation, and encouraged their cooperation for the stabilization of Iraq. It is likewise important for countries such as Iran and Syria to play a constructive role for the stabilization of the region and make efforts to this end. Japan, as one of the countries who have provided the largest assistance to Iraq, would like to continue to cooperate with those countries. In this regard, the provision of a framework for dialogue such as this conference can be very beneficial, and I strongly hope that such undertakings will continue.
Ladies and Gentlemen,
The International Compact with Iraq endorsed by the international community yesterday is a comprehensive compact covering the areas of politics, security and the economy, and setting a roadmap for each area. Now it is essential that the Compact be implemented steadily under the responsibility and leadership of the Government of Iraq. Japan will spare no effort to support the efforts of the Government of Iraq to this end.
It is my strong hope that the Iraqi Government and people will achieve stable security and national reconciliation at the earliest possible time, with the support of the international community, and I conclude my remarks by expressing the hope that the day will come very soon when the people of Iraq will enjoy the life as pleasant as the atmosphere of the crystal clear water in Sharm el-Sheikh.
Thank you very much.
Back to Index"
682,Nobutaka Machimura,2004-10-16,"Top
>
Announcement
>
Press Releases (Statements)
>

					Statement by Mr. Nobutaka Machimura, Minister for Foreign Affairs, on Japan's Election as Non-permanent Member in the 2004 United Nations Security Council (UNSC) Election of Five Non-permanent Members
Statement by Mr. Nobutaka Machimura, Minister for Foreign Affairs, on Japan's Election as Non-permanent Member in the 2004 United Nations Security Council (UNSC) Election of Five Non-permanent Members
October 16, 2004
Japanese
Mr. Nobutaka Machimura, Minister for Foreign Affairs, issued today the following statement on the news that Japan had been elected to serve as a non-permanent member of the United Nations Security Council (UNSC).
At the election of five non-permanent members of the United Nations Security Council (UNSC) in the 59th Session of the UN General Assembly held in the morning of October 15 (Japan time: October 15 midnight), Japan was elected to serve as a non-permanent member of the UNSC for a two-year term beginning on January 1, 2005.
Japan, which regards it important to play a proactive and constructive role in the council for the maintenance of international peace and security, had announced its candidacy for the election of non-permanent members of UNSC.  Japan considers that the ballot results show the support and expectations of the international community based on Japan's achievements and attitudes over the years.
The international community in the 21st century is faced with new threats such as proliferation of weapons of mass destruction, terrorism and infectious diseases.  To effectively address these issues by mobilizing all available resources, it is a matter of urgency to reform the UNSC.  The UNSC, which basically has maintained the composition of its membership for 60 years, should reflect the reality of the international community in the 21st century.
Today, the UN reform is gathering momentum toward next year's celebration of its 60th anniversary.  Japan will actively perform its role as a non-permanent member of the UNSC appropriate for a leading candidate for permanent member, and further enhance its international credibility, thereby achieving the reform of the UNSC and becoming a permanent member of the UNSC.
(END)
Related Information (Japan and the United Nations)
Back to Index"
681,Nobutaka Machimura,2004-10-27,"トップページ
＞
各国・地域情勢
＞
中東
｜
アジア
｜
北米
｜
中南米
｜
欧州（NIS諸国を含む）
｜
大洋州
｜
中東
｜
アフリカ
｜
町村外務大臣のメッセージ
平成16年10月27日
イラクで日本人を人質にしているグループへ。
私は、日本の外務大臣の町村信孝です。
日本はイラクの友人で、日本の国民は、イラクの人々に敬意と友情を持っております。日本は、長年病院の建設や学校の建設などで、イラクの国造りに積極的に協力してきました。今も、我が国はイラクの人々の復興努力を支援しております。自衛隊も、こうした復興努力を支援するために派遣されています。
また、日本政府は、イラクの国造りに向けた国際的な協力を推進することにも外交努力を尽くしています。2週間前には、53ヶ国、4つの国際機関の参加を得て、イラク復興信託基金に関する会合を東京で主催したばかりです。
このような中で、日本人が人質になったことに、日本人の全てが驚き、一刻も早い解放を願っています。とくに御家族の御心痛は非常に深いものがあるのです。人質とされている香田さんは、自衛隊とも日本政府とも全く関係がない純粋な民間人です。日本はイラクの友人です。私そして日本国民の全てが、香田さんの一刻も早い解放を願っております。
※27日、外国プレス（アルジャジーラ、APTN、ロイター、CNN）出演の際に呼びかけたもの。（
英語
で放送されたものの仮訳）
目次"
665,Nobutaka Machimura,2005-01-06,"Top
>
Regional Affairs
>
Europe
>
EU
>
EU-Japan Year of People to People Exchanges
> Message from Mr. Nobutaka Machimura, Minister for Foreign Affairs of Japan, on the opening of the 2005 EU-Japan Year of People-to-People Exchanges
Message from Mr. Nobutaka Machimura,
Minister for Foreign Affairs of Japan,
on the opening of the 2005 EU-Japan Year of People-to-People Exchanges
January 2005
Japanese
The year 2005 is the ""EU-Japan Year of People-to-People Exchanges"". As we approach the middle of the ""Decade of EU-Japan Cooperation"" which started in 2001, it is very significant and appropriate that this year has been designated the ""EU-Japan Year of People-to-People Exchanges"", in the hope that Japan-EU relations will be further strengthened in the 21st century. We are to see a variety of events both in Japan and the EU in the framework of the Year.
Japan and Europe have a long history of exchanges. We are familiar with each other's culture in everyday life such as music, the arts, literature, films, food, fashion, manga and animation. There are 242 sister-city links between Japan and the EU. In 2002, about 840,000 people of European nationalities visited Japan, and about 4,690,000 Japanese people visited Europe. Bilateral investment, as well as bilateral trade, has increased in recent years. In fact, the EU has now invested more in Japan than the US, and Japan has become the second largest investor in the EU after the US. The increase in bilateral investment deserves to be welcomed because it not only promotes economic activities but also leads to further exchanges between people.
In the course of the ""2005 EU-Japan Year of People-to-People Exchanges"", many events will be held in a variety of areas such as politics, the economy, society, culture, science and technology, and sports, with the aim of further promoting people-to-people exchanges and deepening mutual understanding. Since July of last year, about 100 events in Japan and about 300 events in the 25 EU Member States have been registered, ranging from cultural events such as Japanese drum concerts and opera to grassroots exchanges organised by local governments or the private sector.
I would like to encourage all of you to actively participate in events during the exchange year organised both in Japan and the EU Member States. I hope these events will provide us with occasions to begin new exchanges. I also hope that the 580 million people in Japan and the EU will strengthen their ties by exchanging information and establishing networks of cooperation.
Back to Index"
652,Nobutaka Machimura,2005-04-29,"本文へ
御意見・御感想
サイトマップ
リンク集
English
Other Languages
検索
文字サイズ変更
小
中
大
外務省について
|
会見・発表・広報
|
外交政策
|
国・地域
|
海外渡航・滞在
|
申請・手続き
トップページ
＞
報道・広報
＞
演説
町村外務大臣演説
町村外務大臣のニューヨークにおける政策スピーチ
（戦後60年を迎えた日本の世界戦略と日米関係）（仮訳）
平成17年4月29日
（英語版はこちら）
（はじめに）
御列席の皆様、こんにちは。ニューヨークに帰って来るのは、いつでもこの上ない喜びです。また、本日ここで皆様にスピーチをする機会を頂戴し、光栄に存じます。ニューヨークに帰るたびに、私的な、そして仕事上での思い出で一杯になります。25年以上も前、私はニューヨークに駐在しており、そこに（日本から）妻と2人の娘を呼び寄せました。子供たちにとっては、初めての渡米でしたが、初めてケネディ空港のロビーに降り立ち、「お父さん、見て！アメリカにもマクドナルドがあるよ！　まるで日本みたい！」と叫んだ時には、彼女たちが抱いていたであろう不安や心配は全て払拭されたのでした。
御列席中のメッツファンの皆様には申し訳ありませんが、こちらに駐在していたとき、私はヤンキースの大ファンでした。当時はスケジュールが許せば、161番通りとリバー通りの交差点にあるブロンクス（地区）の（ヤンキース）スタジアムに通っていたものです。その時は、まさか日本人選手がピンストライプのユニフォームに身を包み、クリーンナップ・バッターとして打席に立つ日が来るとは、夢にも思いませんでした。ちなみに、米国では別のゴジラも映画スクリーン上で暴れ回っていると聞き及んでおります。
一方、日本では、大相撲の世界でも同様のことが見受けられます。約400年もの大相撲の歴史の中で、横綱まで登りつめる力士はこれまで68人しかおりません。しかし、この10年間で2人の米国出身の力士が、この憧れの地位を得ているのです。
さらに、日米両国の若い世代では、「漫画(manga)」が共通の言葉となるほど大変な人気となっていますが、日本のポップ・カルチャーを紹介する「リトル・ボーイ」展が現在ジャパン・ソサイエティーで開催され、好評を博していることは喜ばしい限りです。
（平和主義の下での日本の戦後復興と繁栄）
日米間は、(このように私たちが実際に目にしている)文化面の結びつきや共通の文化的な価値観に留まらず、それを遙かに超える強い絆で結ばれています。米国は、我が国にとって貴重でかけがえのないパートナーであり、最も緊密な同盟国です。こうしたことを背景に、私は（本日）、戦後60周年を迎えた中で、日本外交の今後の進むべき方向性について御説明したいと思います。
御列席の皆様、
東洋では、伝統的に「60年」は節目の意味を持っています。還暦として、60年は一つのサイクルを示し、次のサイクルの始まりでもあるという意味で節目の年というわけです。私自身1944年生まれで、偶然にも還暦を迎えています。
第二次世界大戦後の60年間を振り返ってみると、世界中で起こってきたドラマチックな、そしてある意味では想像を絶する様々な変化に実に驚かされます。60年前の先の大戦の終結直後は、我が国は荒廃の中にありました。その時、救いの手を差しのべてくれたのが、他でもない米国でした。戦時中には不倶戴天の敵国として戦火を交えたにもかかわらず、それこそ米国らしい大らかな寛大さをもって我が国の復興を支援してくれました。日本国民はこのことを決して忘れません。日本は1956年に国連に加盟し、これをもって国際社会に復帰しました。そして、国際社会の支援と協力があって、今や、米国に次ぐ経済大国になることができたのです。このことを常に心に刻み、我が国は平和を愛する国家として外交を展開してまいりました。実際、戦後、我が国は武力に訴えることなく経済発展を遂げています。皆様も御承知かと思いますが、小泉総理大臣は、先週インドネシアにおいて、100か国以上のアジア、アフリカ諸国の代表団の前で、痛切なる反省と心からのお詫びの気持ちを明確に表明するとともに、世界の平和と繁栄に引き続き貢献していくと
の揺るぎない決意を再確認されました。
多くの人々が最近の日中関係や日韓関係の現状を心配していることは私もよく承知しています。私は、過去に対するこれら諸国の感情についてはよく理解しております。この関連で、中国や韓国は、小泉総理大臣の靖国神社参拝が今の状況をもたらしていると主張しています。私はここでその誤解を解いておきたいと思います。すなわち、小泉総理大臣が靖国神社を参拝するのは、日本は二度と戦争をしてはならないことを誓い、そして、戦争の時に心ならずも戦場に赴かなければならなかった方々に哀悼の誠を捧げるためなのです。そして、そういう方々の犠牲の上に今日の日本があることを再確認しているのです。
（アジア太平洋を平和と豊饒の地に）
御列席の皆様、
この60年間、我が国は身をもって発展や平和、そして繁栄を可能にする上での国際協調の重要性を学んできました。我が国は、戦後こうした国際協調の恩恵を受けてきたこともあって、アジア太平洋を中心として世界に貢献してきております。我が国は、アジア太平洋諸国を平和と豊饒の地にすべく、インフラの整備やアジア通貨危機に際しての金融協力を含め、あらゆる分野で最大限の努力をしてきています。
アジア太平洋地域は今や世界経済の成長センターとなるに至りました。そしてその際に我が国のODAや地域協力、特にASEAN諸国を重点に置いて行ってきた地域協力が果たした役割は大きく、我が国としても誇らしく思っています。今日、我が国を含むアジア諸国は、世界貿易機関(WTO)における多国間の枠組みでの努力を補完するものとして、経済連携や自由貿易協定の締結に向けた動きを活発に進めております。
近年、中国の目覚ましい経済発展が注目を集めており、中国は、地域の、そしてグローバルな主要国になりつつあります。我が国としても、中国が今やODAの受け手から、出し手へとなりつつあることを歓迎しています。その際、我が国ODAが実質的にその役に立ってきたこと、また、中国が地域レベル及びグローバルなレベルで国際社会における責任を十分に果たし始めていることを喜ばしく思っております。
日本政府は、日中関係が、経済面や人の交流の面で、ここ数年の間に著しく進展していることを歓迎しています。両国が対話を通じて二国間関係を一層強化し、相互理解と相互の信頼関係を深め、もって常に誠意ある行動をとっていくことを願って止みません。この観点から、我が国は積極的で未来志向の日中関係を目指して努力してきており、それ故に、私自身、二週間前に訪中して李肇星中国外交部長と会談したほか、先週には小泉総理大臣も、胡錦濤中国国家主席と首脳会談を行ったのです。そして、日中両国は、二国間関係を大切にし、更に強化していくべきであることを確認しました。
韓国との関係も極めて重要です。何よりも、両国は自由と民主主義という共通の価値観を共有しています。本年は、「日韓友情年2005」でもあり、国民レベルでの相互理解と交流の促進を図っており、実際、相互理解や交流の進展に向けた動きが草の根レベルで拡大しています。日本では韓国のポップ音楽やテレビドラマ、映画等への関心が高まっており、我々が両国の益々緊密化しつつある絆を構築していく際に依って立つことのできる強固な基盤が生まれてきているのです。
政府間レベルでも、韓国は我が国にとって非常に重要な国です。例えば、種々の北朝鮮に関する問題を解決する上でも、両国が引き続き緊密な連携を通じて一枚岩となっていることが不可欠です。それ故に、両国はいわゆる「シャトル首脳会談」を継続していくことについて強い意志を示しているのです。日韓が直面する懸案を解決するためには、両国がこれまで長きにわたって積み上げてきた未来志向の関係を更に強化させるための努力をしていくことが必要だと考えています。
北朝鮮の核やミサイルの問題は、我が国のみならず、米国を含めアジア太平洋地域全体の安全保障にとって直接の脅威です。この問題の解決には日米韓の連携が不可欠です。我が国は、北朝鮮に対し、六者会合への早期・無条件の復帰を引き続き求めてまいります。我が国としては、「対話と圧力」の考えの下、北朝鮮に関する種々の懸案の早期解決を期待しています。
また、北朝鮮による日本人の拉致の問題も未解決のままであり、依然として重大な人道上の懸案となっています。私としても、この場を借りて、これまで米国政府及び米国民から本件について強い支持と理解を頂いていることに謝意を表します。
このように、重要なことは、日本、米国、中国そして韓国の安定した関係が地域協力の中核をなしていることであり、それこそが、アジア太平洋地域全体の平和と繁栄の実現には不可欠なのです。
同時に、我が国はアジア太平洋地域において地域協力の推進に尽力してきております。アジアには、特に経済・社会分野で相互依存関係が進展しており、ASEANやASEAN+3が進展するにつれてその地域協力の幅も拡がってきました。チェンマイ・イニシアティブを例にとってみましょう。1999年11月、ASEAN+3の首脳は、1997年の通貨危機の教訓から地域における金融協力が重要であることを確認し、翌2000年5月、同イニシアティブに合意しました。これにより、多国間及び二国間のスワップ協定が確立されたのです。このほか、アジア地域には米国も参加しているARFの枠組みがあります。ARFは安全保障問題について議論するためのアジア太平洋地域で唯一の政府間対話の場です。当初は信頼醸成から始まったARFですが、進展をみせており、現在では、予防外交の段階に至っています。
特に本年は、アジアのダイナミックな発展が始まる契機を与える年と言えます。秋には東アジア・サミットがマレーシアで開催される予定ですが、まさにこれは東アジア共同体における地域協力に向けた大きな一歩です。当然のことですが、共同体の構築を目指す上で、アジア地域は、歴史、宗教、文化に加え、政治体制や経済体制が実に多様であることを考えれば、欧州がEUを構築する際に直面してきたよりも、多くの課題に直面することになるでしょう。
アジアにおける地域協力を促進させる上で、東アジアにとって差し迫って必要なことは、まず、開かれた地域主義の原則の下で、開放性、包含性、透明性を確保することです。また、民主主義や人権といった共通の価値観を維持するとともに、WTO等国際機関の国際ルールに準拠する意思を有することも重要です。そのため、我が国としては、このプロセスにおいて米国が関与することは不可欠であり、またインドや豪州、ニュージーランドも重要な役割を果たしうるものと考えています。
（国際社会の主要な責任国家としての一層積極的な国際貢献）
御列席の皆様、
この冷戦後の世界においてもなお、依然として紛争や貧困といった数多くの難題が残存しています。我々は、グローバル化により多くの恩恵を享受している反面、テロ、大量破壊兵器（WMD）の拡散、国際組織犯罪、地球環境問題といった問題に取り組んでいます。
ここニューヨークにあって、2001年9月11日の同時多発テロに言及することなしにテロとの闘いの重要性について語ることはできません。日本国民も少なからず犠牲となっており、我々は決して忘れることはありません。私自身も、かつてニューヨーク在勤中は、世界貿易センターを訪れ、しばしば階上で食事をしたものです。そのような慣れ親しんだ建物が瞬時にして倒壊したのを目の当たりにした時の衝撃といったらありませんでした。テロは人類の最大の暴虐行為の一つです。皆様も御承知のとおり、日本はテロとの闘いにおける米国の最も堅固な同盟国です。例えば、我が国は、アフガニスタンが二度とテロの温床とならないよう民主化と復興を進める米国の努力を、インド洋上の自衛隊の諸活動を通じて支援しています。また、日本は、平和構築の取組として、DDR（元兵士の武装解除、動員解除及び社会復帰）を推進しました。現在、アフガニスタンは一連の選挙を経て民主化されつつあります。まさにこれは日米協力の成功物語と言えるのではないでしょうか。
日米協力のもう一つの例は、イラクにおける人道復興支援です。日本のイラクにおける人道復興支援は、ODAによる協力と自衛隊による人的貢献を両輪として有機的に連携させた日本らしい国際貢献として高い評価を受けています。
また、中東和平プロセスを前進させる歴史的好機であることを踏まえ、日本はこの問題の平和的解決に向けて積極的な役割を果たす決意です。日本の2004年度対パレスチナ支援は総額9,000万ドルに上ります。私は１月の訪問で、この地域の平和に対する日本の関与をアッバース・パレスチナ自治政府長官とシャロン・イスラエル首相に直接伝え、交渉の早期開始を促しました。我が国は両首脳の訪日を招請しており、早期の訪問を期待しています。
大量破壊兵器（WMD）拡散の問題は、日本のみならず全世界にとって焦眉の懸案です。日本は、核兵器不拡散条約（NPT）体制の機能強化への決意を示してきています。核拡散の地下ネットワークが存在することも最近明らかとなっており、我が国としては、「拡散に対する安全保障構想」（PSI）や輸出管理の強化等の取組を通じて、大量破壊兵器の拡散の防止及び阻止のために、米国とも連携しつつ更に尽力してまいります。
御列席の皆様、
貧困の削減は引き続き国際社会の大きな難問の一つです。この問題を解決しなければ平和と持続可能な開発を確保することはできません。過去10年間で日本のODAは、世界全体のODA総額の5分の1に相当する額の貢献をしています。小泉総理大臣が先週のアジア・アフリカ首脳会議で述べたように、我が国としては、ミレニアム開発目標（MDGs）に寄与するため、我が国にふさわしい十分なODAの水準を確保してまいります。
特に、我が国は、和平に向けた進展が見られるアフリカに目を向けてきています。日本は、紛争直後の人道支援のみならず、選挙支援、紛争後のコミュニティー再建、その他の開発援助等、多額の支援を実施しています。さらに、我々は「アフリカ開発会議」（TICAD）プロセスをも通じて、アフリカの開発問題に関する国際的な議論を主導してきています。小泉総理大臣は先週、2008年のTICADⅣ開催を表明するとともに、今後3年間でアフリカ向けODAを倍増し、引き続きその中心を贈与とする考えであることを明らかにしました。
（未来に向けた国際システムの構築）
御列席の皆様、
今日の急速に変貌する世界の要請に最も適切に応えるにあたって、国際システムを如何に再構築していくかという問題は、今後益々関心が高まっていくと思われます。従って、こうした国際社会が抱える問題には国際社会が一丸となって取り組むことが重要です。
国連に代替し得る権威と普遍性を兼ね備えた国際システムは存在しない以上、国連の機能強化を図ることは、国際社会にとって焦眉の課題です。特に平和と安全の確保に責任を持つ安保理をより実効的で、かつ代表性を高めたものとするための改革は不可欠となっております。
我が国としては、これまで国連改革の重要性を主張するとともに、常任理事国として国際社会において一層建設的な役割を果たす用意がある旨述べてまいりました。こうした我が国の立場に対する米国の理解と支持に感謝したいと思います。
幸運にも、国連改革の機運は、過去10年間の行き詰まりを打破するまでにそのモメンタムを高めてきています。コフィ・アナン国連事務総長が本年9月までに安保理改革についての決定を行うよう訴えたことにもあるように、国際社会の政治的英断が今求められているのです。
我が国は、国際社会、とりわけ米国にとって、改革された国連は有益なものであり、米国との協力関係を更に強化するものであると信じています。そしてこうした姿勢が、米国はユニラテラリズムに走っているという言われのない米国への批判を払拭することにもつながっていくものと期待しております。
（日米関係の重要性と更なる強化発展）
御列席の皆様、
今後とも日米関係の重要性が損なわれることは決してありません。特に経済力に関しては、日米両国で何と世界全体の経済の4割を占め、世界のODA総額の約40％を提供しています。しかしながら、日米間には経済力以外にも共通点があります。すなわち、日米は、自由、民主主義、市場経済といった基本的な価値を共有するとともに、安全保障及び国防における、揺るぎない、そして信頼する同盟国でもあります。日本は、米国との関係の更なる発展を外交の最優先課題と考えています。
我々は、これまでも、日米安保体制の強化に向け、弾道ミサイル防衛の導入や有事における国内法制の整備などを推進してまいりました。米軍はトランスフォーメーションを進めていますが、日本側においても、新たな安全保障環境を踏まえ、一般的なあり方を新たに構築するなど、日本版のトランスフォーメーションを進めています。そのような中で、米国との間では、在日米軍の兵力構成見直しを進めています。我が国としては、沖縄を始めとする地元の負担の軽減を図りつつ、在日米軍の抑止力の維持・強化を図っていく考えです。
日米同盟が如何に迅速に発展してきたかを実感する時、その同盟の力にはまさに驚かされるものがあります。150年前、日米は他人でした。その後、まさに100年前の日露戦争の講和の仲介に乗り出したのは、ほかでもないセオドア・ルーズベルト大統領でした。第二次世界大戦後は友人となり、今や、かつてマンスフィールド大使が述べたように、文字通り世界で文句なしに最も重要な二国間関係を誇っています。
（結び）
御列席の皆様、
日本と米国は、実は文化面においてもグローバル・パワーとして互いに協力してきています。日本と米国の文化の融合は、新たにグローバルな文化を創ってきました。最近特に、その様な現象が見受けられます。「千と千尋の神隠し」を始め、宮崎アニメは日本的感性とウォルト・ディズニーのアニメ制作の伝統とが融合して作られた新しい創作物だと思います。また、日本映画の「Shall We Dance？」がハリウッドにおいてリチャード・ギア主演でリメイクされました。将来、皆様の子供たちが「日本にもスシ・バーがある！」と叫ぶ日も近いのではないでしょうか。
本日、私は特に政府が何をすべきかに絞ってお話をしてまいりました。しかし、日米両国の間のしっかりした絆は、まさに我々両国民に支えられているのだと思います。（本日ここにおられる）皆様がそのような意味で（日米関係の強化に）貢献をされているのを私自身の目で確認できる素晴らしい機会を頂きましたことに謝意を表したいと思います。
御静聴ありがとうございました。
このページのトップへ戻る
町村外務大臣演説
｜
平成17年演説
｜
目次へ戻る
外務省について
大臣・副大臣・政務官
組織案内・所在地
在外公館
採用情報・ワークライフバランス等
審議会等
所管の法人
予算・決算・財務
政策評価
国会提出条約・法律案
外交史料館
このサイトについて
会見・発表・広報
記者会見
報道発表
談話
演説
寄稿・インタビュー
広報・パンフレット・刊行物
広報イベント
その他のお知らせ
外交政策
外交青書・白書
主な外交日程
<分野別政策>
日本の安全保障と国際社会の平和と安定
ODAと地球規模の課題
経済外交
広報文化外交
国民と共にある外交
その他の分野
国・地域
地域で探す
アジア
大洋州
北米
中南米
欧州
中東
アフリカ
国名で探す
海外渡航・滞在
海外安全対策
パスポート（旅券）
届出・証明
ハーグ条約
海外教育・年金・保険・運転免許
在外選挙
ビザ
在留外国人施策関連
統計・お知らせ
申請・手続き
電子政府・電子申請・届出
情報公開・個人情報保護
公文書管理・外交記録公開
調達情報
その他の申請
メール配信サービス
国民の皆様からの御意見
法的事項
アクセシビリティ
プライバシーポリシー
Copyright © Ministry of Foreign Affairs of Japan
〒100-8919　東京都千代田区霞が関2-2-1
地図
電話（代表）03-3580-3311"
648,Nobutaka Machimura,2005-05-02,"Top
>
Foreign Policy
>
Japan and the United Nations
>
Foreign Minister Nobutaka Machimura's Visit to the U.S. and France
> STATEMENT BY H.E. MR. NOBUTAKA MACHIMURA
MINISTER FOR FOREIGN AFFAIRS OF JAPAN
AT THE 2005 NPT REVIEW CONFERENCE
STATEMENT BY H.E. MR. NOBUTAKA MACHIMURA
MINISTER FOR FOREIGN AFFAIRS OF JAPAN
AT THE 2005 NPT REVIEW CONFERENCE
New York, May 2, 2005
Japanese
Mr. President,
On behalf of the Japanese government and people, I would like to express my heartfelt congratulations to you on your assumption of the presidency of this Conference.
The NPT is currently facing serious challenges. The proliferation of WMD and their delivery means is one of the most serious security issues. We should make this Conference an opportunity to reinforce the authority and credibility of the NPT.
I have visited Hiroshima and Nagasaki many times and witnessed the tragic effects of atomic bombings. Today, as I entered this hall, I was struck anew by the exhibits of the nuclear devastation. At the 60th anniversary of the atomic bombings, I hope that we will reconfirm our commitment to the NPT so that such a tragedy will never be repeated.
(UN Reform)
Mr. President,
In his Report, Secretary-General Kofi Annan underlined the increasing relevance of disarmament and non-proliferation to international peace and security. I believe that the United Nations should play an essential role in tackling this issue. For this purpose also, reform of the United Nations, in particular the Security Council, is indispensable. To date, Japan has been at the forefront in promoting disarmament and non-proliferation. Japan is resolved to play an ever more active role in a functionally reinforced United Nations to promote these causes and will continue to uphold its ""Three Non-Nuclear Principles"".
(Japan's priority issues)
Mr. President,
I would like to stress the following five points in order to strengthen the functioning of the NPT.
First, it is of paramount importance to correctly deal with regional issues.
In particular, the DPRK's nuclear programs pose a serious challenge to the international nuclear non-proliferation regime as well as a direct threat to the peace and stability of Northeast Asia, including Japan. The declaration by the DPRK in February this year that it had manufactured and possesses nuclear weapons has generated deep concern in the international community. Japan urges the DPRK to comply with its obligations under the NPT, and to completely dismantle all of its nuclear programs, including its uranium enrichment programs, subject to credible international verification. Japan also urges the DPRK to expeditiously return to the Six-Party Talks without preconditions. Japan hopes that this Conference will deliver these clear messages to the DPRK.
As for the Iranian nuclear issue, Japan considers it important that Iran sincerely implement all the requirements of the relevant IAEA resolutions. Japan urges Iran to reach an agreement with France, Germany and the United Kingdom on the ""objective guarantees"" that Iran's nuclear program is exclusively for peaceful purposes.
Japan calls upon India, Pakistan and Israel to accede to the NPT as non-nuclear-weapon States promptly and without conditions. Japan welcomes Libya's decision to abandon its WMD programs. Japan also supports the establishment of a WMD-free zone in the Middle East.
Second, in order to realize a peaceful and safe world free of nuclear weapons, practical nuclear disarmament measures must be implemented incrementally. From this viewpoint, Japan urges those countries whose ratification is required for the CTBT to enter into force to ratify it at the earliest date. Japan also urges an early commencement of negotiations on the FMCT.
While the efforts of nuclear-weapon States to reduce their nuclear arsenals should be duly appreciated, Japan calls upon all the nuclear-weapon States to take further steps towards nuclear disarmament, including deeper reductions of all types of nuclear weapons.
In this respect, we should recall that the ""Principles and Objectives"" was agreed upon in 1995, and the 13 practical steps in the 2000 Review Conference.
Third, Japan strongly believes that the universalization of the IAEA Additional Protocol is the most realistic and effective means to strengthen the nuclear non-proliferation regime, and has been actively promoting this goal. Japan calls on all States that have not yet concluded it to do so without further delay.
Fourth, it is of great value to reinforce the non-proliferation regime as a whole with proactive cooperation of as many states as possible. Japan actively participates in the PSI and calls upon all states to sincerely implement UN Security Council resolution 1540.
Lastly, while the peaceful uses of nuclear energy is increasingly important, it must be carried out with the confidence of the international community. Such confidence should be based upon the faithful fulfillment of NPT obligations and high transparency of nuclear activities. Japan continues to support IAEA's technical cooperation activities based on these considerations.
(Conclusion)
Mr. President,
Japan submits a document entitled 'Twenty-one Measures for the 21st Century' containing the gist of concrete messages that we sincerely hope the Conference will deliver. Japan believes that these measures will contribute to reinforcing the functioning of the NPT regime. I strongly hope that the Conference will issue robust and clear messages enabling the NPT regime to be further consolidated.
Thank you for your attention.
Back to Index"
478,Masahiko Koumura,2008-02-22,"Global Water Governance
-Improving Access to Safe Water and Sanitation-
Ministry of Foreign Affairs
February 22, 2008

“Water” is a part of the UN Millennium Development Goals (MDGs)
MDGs：8 Goals to be achieved by 2015 set in 2000
Goal 1: Eradicate extreme poverty and hunger
Goal 2: Achieve universal primary education
(cid:132)
Goal 3: Promote gender equality and empower women
(cid:132)
Goal 4: Reduce child mortality
(cid:132)
Goal 5: Improve maternal health
(cid:132)
Goal 6: Combat HIV/AIDS, malaria and other diseases
(cid:132)
Goal 7: Ensure Environmental Sustainability
(cid:132)
Goal 8: Develop a global partnership for development
(cid:132)
Concrete target on water under Goal 7
“Reduce by half the proportion of people without
sustainable access to safe drinking water and
improved sanitation by 2015”

Progress of the water-related MDG
(cid:122)1.07 billion people (17% of the world) lack access to safe drinking water (97％ of them live in
developing countries)
(cid:122)More people lack access in Oceania (52%) and sub-Saharan Africa (55%)
Source: WHO/UNICEF

Progress of the sanitation-related MDG
(cid:122)2.62 billion people (42 % of the world) lack access to basic sanitation (97％ of them live in
developing countries)
(cid:122)More people lack access in sub-Saharan Africa (37%), South Asia (37%) and East Asia (51%)
(cid:122)Improvement is especially slow in rural areas, and it will be difficult to achieve this goal by 2015
Source: WHO/UNICEF

An Example of Flooding
Hanoi, the capital of Viet Nam, has historically
been inundated by floods due to its location on
the lower marsh zone surrounded by two rivers.
In addition, because of the economic
development and urbanization, the population of
the city has rapidly increased in recent years.
However, many of the drainage systems in
Hanoi were build under 19th-century French rule,
and their functions have declined from such
causes as deterioration and clogging from
garbage. As a result, temporary floods occur
everywhere after a spell of heavy rain.
Furthermore, since there are no sewerage
treatment plants, the wastewater directly flows
into rivers without being treated.
In order to ameliorate the worsening flood
damage and water environment of Hanoi, Japan
has provided support in repairing drainage
canals, lakes and rivers, and constructing
adjustment reservoirs, pump stations and
sewerage treatment systems. These measures
are expected to mitigate the flood damage and
develop the capacity of wastewater treatment
and contributed to improving the living
conditions of the city.
Source: Water and Sanitation Broad Partnership initiative
(WASABI), Ministry of Foreign Affairs of Japan

Biwako Sosui (Lake Biwa Canal)
Nanzenji Aqueductt
(Photos: Waterworks Bureau, City of Kyoto)

Japan’s contributions to the water and sanitation sector
ODA pf DAC Countries on Water and Sanitation
Breakdown by Reagion(2002-2005)
(2001-2005)
Middle East
Africa
4% Central and
4% Eastern Europe Sweden United Others
Kingdom 11%
1% 2%
1%
Latin America
Denmark
8% 4%
Japan
37%
Netherlands
5%
France
6%
Asia
Germany
83%
Breakdown by Purpose (2002-2005) 14% USA
20%
Multiple uses 1%
Water power 17%
Irrigation 8%
Drinking water and
sanitation
Natural disasters
54%
6%
plantation 14% Source：OECD/DAC

Japan’s contribution to the water and sanitation sector
In Bolivia, Japan’s
grant aid provided
basic water-
supply facilities.
In Zambia, a
public toilet facility
was installed. In
cooperation with
local NGOs, and
awareness raising
on health and
sanitation was
also conducted.
（The River Cal Development and Enlargement of the source
of water supply of the river Cal, JBIC）
Japan’s yen loan project, the River Cal Development
and Enlargement of the source of water supply of the
river Cal, has provided people in Sri Lanka with
access to safe drinking water (the photograph above
is of a treatment plant).
In addition, through cooperation with JICA volunteers
(JOVC) and local NGOs, the project established a
collaborative operation and maintenance scheme by
local residents.
Source： Water and Sanitation Broad Partnership Initiative
(WASABI), Ministry of Foreign Affairs
(Photo：JBIC)

The Koudou Multi-Purpose Dam
Source：Office of Kodo Dam, Yamaguchi prefecture

International Responses to Water Issues UN Secretary-General (UNSG)
International
Advice and proposals
1992 Year of
Sanitation
The Rio Summit 2002 World Summit on 2004～2010 The UNSG’s
Sustainable Development Advisory Board of Water 2008
and Sanitation
Johannesburg Implementation UN MDGs
2000 UN Millennium Summit
Plan Honorary President：
2015
The Crown Prince of Japan
UN MDGs
UN “Reduce by half the proportion of
“Reduce by half the people without sustainable access Chairpersons：
proportion of people to safe drinking water and 2004 – 2006 Former Prime
without sustainable improved sanitation” Minister Mr. Ryutaro
“Establish national Integral Water Hashimoto
access to safe drinking
Resources Management (IWRM) 2006- H.R.H Willem
water and improved
and Water Efficiency Plans by Alexander of the
sanitation by 2015”
2005.” Netherlands
Discussions in UN CSD
2003 2008
Water: G8
G8
Action Plan
G8 Evian G8Hokkaido
Summit Toyako Summit
1st WWF 2nd WWF 3rd WWF 4th WWF 5th WWF
World
Water
2000
Forum 1997 2003 2006 2009
Nether-
Morocco Japan Mexico Turkey
(WWF) lands
2007
Honorary President of the Participation of
3rdWWF: the Crown Prince the Crown The 1st Asia-
of Japan Prince of Japan Pacific Water
Summit 2007

Global Water Governance
- Improving Access to Safe Water and Sanitation-
(cid:122) Pursue sustainable use of water resources through the
application of cyclic water resources management
(cid:122) Share Japan’s advanced-technology and know-how on
water with the people in the world
(cid:122) To ensure human security, improve access to safe
drinking water and dignified sanitation facilities as well as
improved sanitation and hygiene practices such as hand-
washing
(cid:122) Strengthen global responses to the water issues
(cid:122) Promote “a participatory approach” and facilitate
cooperation between central and local government as well
as public-private partnerships locally and globally

The Fourth Tokyo International Conference on African
Development (TICAD IV)
Thank you very much.
11"
469,Masahiko Koumura,2008-03-24,"Top
>
Foreign Policy
>
Japan and the United Nations
>
UN PKO and other International Peace Cooperation
> Keynote Speech by Mr. Masahiko Koumura, Minister for Foreign Affairs of Japan ""Building Peacebuilders for the Future"" at the Tokyo Peacebuilders Symposium 2008
(Provisional Translation)
Keynote Speech by Mr. Masahiko Koumura, Minister for Foreign Affairs of Japan
""Building Peacebuilders for the Future""
Tokyo Peacebuilders Symposium 2008
March 24, 2008
UN House (Elizabeth Rose Hall), Tokyo, Japan
Speech: Japanese
Symposium Summary
Introduction: Witnessing the Success of the First-Year Pilot Program
Distinguished panelists,
Ladies and gentlemen,
Let me begin my remarks today by extending my heartfelt appreciation to you for participating in this Peacebuilders Symposium, co-organized by the United Nations University and the Ministry of Foreign Affairs of Japan. I was originally scheduled to deliver my Keynote Speech tomorrow, but because of my obligations at the Diet and elsewhere I have needed to move my address forward. I am just joining you now, having rushed here from another commitment.
I believe that many of you in attendance today are already aware of this, but the Pilot Program for Human Resource Development in Asia for Peacebuilding launched by the Ministry of Foreign Affairs this past September has successfully graduated all its participants. It is a pleasure to have so many of these trainees joining us here today and I am delighted to see their confident faces, reflecting the fact that every single one of our participants made steady progress to achieve solid results, all without incident.
I would like to take this opportunity to thank most sincerely the young trainees who participated in the Pilot Program with such sincere resolve, as well as Dr. Hideaki Shinoda, Director of the Hiroshima Peacebuilders Center and so many others at Hiroshima University behind the scenes supporting this project, and also the related national and international organizations and lecturers that have endorsed this Program so warmly and extended such generous cooperation.
After passing a very stringent selection process, the Japanese and Asian participants--about 30 in total--undertook coursework in Hiroshima, followed by overseas on-the-job training on peacebuilding-related projects in such field locations as Timor-Leste, Sri Lanka, and Kosovo. Having completed these assignments, they have returned to join us today at this symposium.
One of the major duty stations for trainees was the Sudan. Currently, many unresolved conflicts are concentrated in the area around the Sudan, and as such, it is an acute issue of concern for international community. One of the participants, Ms. Eri Suzuki, made use of her experience in emergency relief and her expertise in child protection, working as a civil affairs officer for the United Nations peacekeeping operation underway in Darfur, western Sudan to help build up the ability of the civil affairs section to operate at the headquarters in El Fasher. In the southern part of the Sudan, Mr. Tatsuhiko Furumoto took up an assignment at the office of the UNHCR in Juba, handling repatriation assistance for refugees returning to their home villages. Ms. Marie Oniwa intends to continue her activities as a member of the UNICEF office in Abyei, Sudan.
We can imagine each and every trainee engaged so naturally in these activities, grounded in a rich sense of humanity and noble ambitions to focus on people suffering in conflict-affected regions, bolstered by the ability to go directly to these hot spots and take action.
Evolving Efforts towards Global Peacekeeping
At the beginning of this year I delivered a policy speech entitled ""Japan: A Builder of Peace,"" in which I stated that Japan ""must demonstrate leadership in building peace in the world."" I also likened the process of peacebuilding to a great river and stated that Japan must be more proactive in engaging in assistance with a Japanese face in the upper reaches of this ""river""--that is, the phase just after a conflict in which the security situation is still unstable.
To give you a more concrete image of just how major an issue this is for Japan, I would like to give you a brief overview of the current situation.
Efforts towards global peacebuilding efforts have been changing dramatically in recent years. Looking at UN Peacekeeping Operations, for example, we see that there are currently 17 missions underway, with a large number of them involving more than just ceasefire monitoring between the parties to the conflict, instead extending to such diverse functions as repatriation of refugees and election assistance. Instead, they are engaged in such diverse functions or support for governance and legal systems to promote nation-building, among others. In addition, missions involving more than 10,000 people are by no means rare. As for financial considerations, the UN PKO budget currently stands at some US$6.7 billion, more than three times the size of the UN's regular budget. What's more, the international community is now also engaged in a variety of efforts outside the auspices of the UN, such as those underway in Mindanao in the Philippines and the Solomon Islands in the Pacific.
Japan's Limited Contributions in the Area of Human Resources
Against this backdrop of the global situation, Japan makes a significant contribution from the perspective of finance, shouldering 16.6% of the total PKO budget, as the second-largest economy in the world. However, with regard to military and police personnel, according to UN statistics, Japan has dispatched only 36 people, constituting a mere 0.04% of the total. This puts Japan at the low rank in the world community of 83rd among 119 nations. With regard to civilian participation as well, the number of people dispatched to UN PKO stood at only 23 as of the end of 2007. Our track record for the number of civilians dispatched under what is commonly called the ""PKO Law"" of Japan, enacted 16 years ago, has remained extremely limited, except for election monitoring activities and so on. Yet, at the same time, we find that Cambodia--the country that Japan first provided assistance to under its PKO Law--now dispatches more than three times the number of personnel to UN PKO that Japan has (with 146 persons dispatched, according to UN statistics current as of the end of February).
As we consider this situation, it can only lead us to think that it is necessary for Japan to participate more proactively in the UN Peacekeeping Operations in which we are able under our current domestic legal framework. In addition, I think you can agree with me that the accomplishments of the graduates of this year's peacebuilders training program were a much more valuable contribution than what the participants themselves might have anticipated.
Future Directions: Building Peacebuilders
Ladies and gentlemen,
I want to look now to the future, to discuss with you what Japan needs to do in the years to come in order to nurture Japanese who will shoulder peacebuilding and engage in peacebuilding efforts in the field.
Even if I were to declare here unequivocally that Japan is determined to strengthen its support for peacebuilding, the fact is that unless we have individuals going into the field to actually engage in peacebuilding, it would never get off the ground. What we need, then, is a collection of actions with foundations in the humanity of each individual. It is this that will collectively comprise the Japanese ""face"" for our efforts.
I intend to make the utmost efforts in providing support so that each of you participants in the peacebuilders training program can continue in the future to shoulder peacebuilding out in the field, helping the local people to create a peaceful future for themselves with their own hands. Prime Minister Fukuda also stated in his recent policy speech to the Diet that ""Japan aspires to become a hub of human resource development as well as for research and intellectual contribution to further promote cooperation in the field of peace-building.""
Here I would like to make a commitment to you. I pledge to continue this human resource development program beyond the next fiscal year, developing it significantly so that more and more people with the same aspirations as yourselves can carry on after you.
We will be continuing the Pilot Program for one more year. However, we will at the same time be fleshing out the ideas that will enable its full-scale activities to begin in earnest. For example, this might include expanding the training course, having experts from relevant ministries, agencies, and organizations participate, creating a pool of human resources able to operate in the field in peacebuilding activities, or maintaining a database.
Among our panelists today we have the distinguished legal specialist Mr. Motoo Noguchi, International Judge in the Supreme Court Chamber of the Khmer Rouge Tribunal. In the future, I hope to make it possible for experts from all fields to enhance their activities in the area of peacebuilding.
In order to do that, even as we work to foster human resources, it will be critical for us to strengthen our systems for dispatching civilian experts to various locations around the world.
Collaboration with Asia and Africa: Support for PKO Centers
Peacebuilding is an issue to be addressed by the international community as a whole, and cooperation with many countries, notably those of Asia and Africa, will be indispensable. In particular, coming from the perspective of building peacebuilders, it is important to provide support that will enable the people of Asia and Africa to maintain peace through their own efforts.
With that in mind, I am aiming to launch proactive cooperative partnership with PKO centers in various countries in the area of human resource development. It is for this reason that during my visit to Tanzania in January, I stated my intention to support PKO centers around Africa. We are currently taking steps to put this project into a concrete form.
The Kofi Annan International Peacekeeping Training Centre, founded in 2003, has already trained over 2,500 personnel from over 100 countries. In the initial stages of peacebuilding, the control of small arms and light weapons is critical. Japan has launched assistance toward this center in cooperation with UNDP to enhance the capabilities of roughly 400 personnel in this area.
In addition, in Kenya, neighboring such conflict-torn areas as Sudan and Somalia, Japan plans to extend assistance to the Kenya Peace Support Training Centre and its International Mine Action Training Centre, supporting training courses in landmine removal and civil-military cooperation.
Currently, Japan is extending assistance first to PKO centers in Africa, with a view to supporting regional self-help efforts. However, there are many PKO centers in Asia as well. One example is the PKO center in Malaysia, which accepts trainees from not only the ASEAN member states but also distant Africa. In the years to come, Japan intends to actively consider expanding its support to Asian PKO centers such as this, as well as promoting Asian regional cooperation or multitiered cooperation with both Asia and Africa, including through the dispatch of lecturers. This would be with a view to fostering various kinds of human resources able to engage in peacebuilding out in the field.
Becoming a Hub for Intellectual Contributions
I have been speaking about fostering human resources until now, but the contributions from Japan and Asia in the area of peacebuilding are certainly not limited to the area of human resources. Japan also has the experiences of the opening of the country during the Meiji Era and reconstruction after World War II, as well as the many types of wisdom that have been gained through those experiences. What's more, many Asian countries have overcome ethnic and religious differences to form nation-states, achieving remarkable economic development in the latter half of the 20th century. These success stories and the lessons gleaned from them constitute valuable hints and encouragement for other countries working towards the consolidation of peace and nation-building both within the Asian region and beyond it.
For example, Japan takes pride in waving the flag to lead the way towards the promotion of self-help efforts, infrastructure improvements, and human security. Within its Plan of Action for 2004 to 2010 towards the creation of a regional community, ASEAN has also expressed its intention to advance regional cooperation to support peacebuilding. I would argue that this represents an excellent opportunity for a still-developing ASEAN to make use of its experiences to assist in the resolution of peacebuilding challenges, which are taken up by international community as a whole.
Japan has been serving as the Chair of the UN Peacebuilding Commission since June 2007. Moreover, we will be hosting the Fourth Tokyo International Conference on African Development in May and holding the G8 Hokkaido Toyako Summit in July. Beyond fostering human resources, Japan also aims to become a hub for peacebuilding by formulating policy for the international community. It can achieve this through intellectual contributions from symposia such as this and from international meetings such as the ones I just mentioned.
Concluding Remarks
As I end my remarks today, I would like to reiterate that Japan does not regard peace as a ""given"" by any means. For Japan, a nation that has been able to travel the road to prosperity thanks to a foundation of peace and stability in international society, global peacebuilding, notably in Asia and Africa, is of extreme importance. Prime Minister Fukuda also stated at the World Economic Forum in Davos that he would consider ways to strengthen Japan's contribution for activities on the ground in conflict-affected zones. Faced with such a major challenge, it is simply unacceptable to be merely a passive onlooker. At the beginning of my remarks today I highlighted the activities of our trainees in the Sudan, but the fact is that we also have Japanese NGO personnel working there in the Sudan in cooperation with international organizations. I feel strongly that we should value the expanding network of such people.
The Program to foster human resources that I spoke of today had its start in Hiroshima, which we can think of as epitomizing Japan's wish for peace. I believe that just as each trainee conducted peacebuilding support in the field, Japan must make further contributions as a country that builds peace. That will be a tremendous achievement lasting for generations to come, helping to bring a radiance to the faces of the local people wishing for peace. I hope that this symposium serves as an opportunity to advance further the contributions to global peacebuilding from Japan and from Asia, making use of our practical actions and wisdom.
Thank you for your kind attention.
Back to Index"
419,Hirofumi Nakasone,2008-11-04,"Top
>
Announcement
>
Press Releases (Statements)
> Statement by Mr. Hirofumi Nakasone, Minister for Foreign Affairs, on the 2008 Presidential Election in the Republic of Zambia
Statement by Mr. Hirofumi Nakasone, Minister for Foreign Affairs, on the 2008 Presidential Election in the Republic of Zambia
November 4, 2008
The Government of Japan welcomes the news that the 2008 presidential 
    election in Zambia was peacefully and smoothly implemented on October 30 
    (Thu) and that H.E. Mr. Rupiah Bwezani BANDA was elected as the new President 
    on November 2 (Sun).  It was also reported by the Election Observation 
    Mission dispatched by Japan that the election was carried out in a smooth 
    and orderly manner as a whole.
The Government of Japan highly regards the efforts made by the government 
    and people of the country, who have surmounted the unexpected sudden death 
    of the former President, H.E. Mr. Levy Mwanawasa, and elected a new president 
    through peaceful and appropriate procedures, as the sign of progress in 
    the democratization and good governance of Zambia.
The Government of Japan strongly expects that Zambia will continue to 
    further develop under the democratization and contribute to the stability 
    of the southern part of Africa under the new President, H.E. Mr. Rupiah 
    Bwezani BANDA. It will also continue its support for these efforts in Zambia.
(END)
Related Information (Japan-Zambia Relations)"
322,Katsuya Okada,2010-03-23,"Top
>
Announcement
>
Press Releases(Statements)
> 
    Submission by the Governments of Japan and Australia of a “New Package of Practical Nuclear Disarmament and Non-proliferation Measures for the 2010 Review Conference of the Parties to the Treaty on the Non-Proliferation of Nuclear Weapons (NPT)”
Submission by the Governments of Japan and Australia of a “New Package of Practical Nuclear Disarmament and Non-proliferation Measures for the 2010 Review Conference of the Parties to the Treaty on the Non-Proliferation of Nuclear Weapons (NPT)”
March 23, 2010
Japanese
On March 23, the Government of Japan and the Government of Australia will be submitting a “New Package of Practical Nuclear Disarmament and Non-proliferation Measures for the 2010 Review Conference of the Parties to the Treaty on the Non-Proliferation of Nuclear Weapons (NPT)” to the office of the United Nations Secretary-General as a working paper for the 2010 NPT Review Conference, which will be held in May.
This package was confirmed by the foreign ministers of both countries as a follow-up item in the Joint Statement by the Australia-Japan Foreign Ministers released at the Ministers’ Meeting (held in Perth) entitled “Toward a World without Nuclear Weapons.” The package is the result of serious considerations being made by both governments while referencing the report of the International Commission on Nuclear Non-Proliferation and Disarmament (ICNND). Following this submission, Japan and Australia will have consultation with other partners, and will make their utmost efforts so that this package will be embodied in the final document of the 2010 NPT Review Conference.
The Government of Japan will deepen discussions with other countries on practical measures that the international community should take now in order to realize the long-term goal of “a world without nuclear weapons” including the reduction of the role of nuclear weapons in national security policies.
Japan will take its leadership in order to achieve positive agreement in each of the three pillars of the NPT – nuclear disarmament, nuclear nonproliferation, and the peaceful use of nuclear energy – so that this package will be taken into serious consideration as an initial step towards this goal by the 2010 NPT Review Conference to be held in May.
(END)
A New Package of Practical Nuclear Disarmament and Non-proliferation Measures for the 2010 Review Conference of the Parties to the Treaty on the Non-Proliferation of Nuclear Weapons[PDF]
Related Information (Japan-Australia Relations)
Related Information (Arms Control, Disarmament and Non-Proliferation)
(Open a New Window)"
332,Katsuya Okada,2010-12-09,"Top
>
Announcement
>
Speeches and Statements by Foreign Minister
> Opening Remarks by H.E. Mr Katsuya Okada, Minister for Foreign Affairs of Japan at the APEC Japan 2010 Symposium
Opening Remarks by H.E. Mr Katsuya Okada,
Minister for Foreign Affairs of Japan
at the APEC Japan 2010 Symposium
9 December 2009
Japanese
Good Morning. I wish to extend a heartfelt welcome, in particular, to the guests who came all the way from abroad to Tokyo . Today, Japan has effectively kicked off its chairmanship of the 2010 APEC  with this symposium. I am delighted to have this valuable opportunity to deliver the opening address.
As Foreign Minister of Japan, which will be chairing APEC in 2010, I have started to think creatively and discuss seriously with various people to figure out what Japan can do to make APEC a more effective forum that can strengthen cooperation within the Asia-Pacific region and further build a sense of solidarity among its members.
APEC was established twenty years ago. Since then, the international community and global economic affairs have experienced various changes that were little anticipated at the time of APECs foundation. As globalization and mutual interdependence have dramatically advanced, we can clearly see its grave impact on countries' economies and societies as well as on their people's livelihood. It is obvious that no single country can control its own fate alone. I believe that now is the time for us to reconsolidate the relevance of APEC so that it can be a framework capable of addressing the challenges faced by the region in the 21st century.
My motto is ""Great talents mature late."" APEC is equivalent to a 20 year-old adult, if it were a human being. The next year is the target year for reaching the Bogor Goals for developed economies in APEC. I believe that we need to pause and look back on the path APEC has travelled. By doing so, APEC will be able to unlock its potential as a truly relevant forum to further the prosperity of the Asia-Pacific region in the 21st century, based upon the accomplishment thus far.
The theme for APEC Japan 2010 is ""Change and Action."" This suggests that we should develop the necessary ""change"" of policies for APEC and put them into concrete ""action"" so that APEC will continue to play a leading role.
Seeking ""change"" does not mean we deny achievements and progress that APEC has made so far. Japan will make sure that it will build upon the discussions from the Singapore APEC. The Bogor Goals have played a leading role like a compass for furthering the core agenda of APEC, which is promoting ""free and open trade and investment."" The industrialized economies of APEC are targeted to achieve the Bogor Goals by 2010. As chair for APEC 2010, it is Japan's primary mission to advance the assessment process of the Bogor Goals with transparency and credibility in picturing the future APEC. Under the Bogor Goals, we should study not only what the developed economies have achieved but also what they failed to accomplish , which would enable us to discuss what kind of goals we should aim for at the next stage. Again, Indonesia's foresight and its strong leadership in setting the Bogor Goals should be commended. Building upon this basis, I would like to discuss what route APEC should take down the road.
Keeping in mind that we will formulate a mid-to-long term growth strategy,, we should deepen discussions on how to sustain the energy coming out of the dynamic   Asia-Pacific region with continuous economic growth, and how to harness or release this energy to further the growth within the entire region.
When it comes to Regional Economic Integration, the APEC Business Advisory Council (ABAC) has strongly proposed that the negotiations of the Free Trade Area of the Asia-Pacific (FTAAP) be initiated. In concretizing the concept of FTAAP, we should put into perspective economic partnerships that are being developed in various forms within the region and figure out how to bundle them. Japan, as chair of 2010 APEC, will listen carefully to the voices calling for  a common recognition that aims at  a free trade agreement forthe APEC region, and will exert leadership in discussing ""exploring a range of possible pathways to achieve economic integration of the Asia Pacific,"" which was instructed by the APEC Leaders in Singapore. I am pleased to note that U.S. President Barack Obama announced during his recent visit to Tokyo that the U.S. would engage in the Trans-Pacific Partnership (TPP). The TPP initiative has a close linkage with the economic partnership in the APEC region, and is something in which Japan has a high interest and will consider ways to be involved in the future.
It is extremely important for APEC to deliver a message that Asia-Pacific is a stable region with and in which to do business while ensuring the dignity of people and communities. Japan intends to make every effort to achieve concrete outcomes regarding human security in various fields, such as food security, disaster preparedness, and public health. Economic and Technical Cooperation (ECOTECH) should also be further enhanced to achieve the equitable economic growth of the region.
""Change for change's sake"" and ""action for action's sake"" are not what we should pursue. But why don't we attempt to discuss APEC Reform in a rather bold manner? It would be important to avoid duplication, and to do the work more effectively to achieve easy-to-follow outcomes.
When I attended the APEC Ministerial Meeting in Singapore last month, I felt the  high expectation of the APEC members towards Japan as the chair for APEC 2010, and how Japan will address the various challenges that APEC is facing. I am determined to do my utmost to ensure Japan's successful Chairmanship of APEC 2010, building upon the achievements made by Singapore, and handing over the baton smoothly to the U.S for APEC 2011.
The APEC Japan 2010 symposium, held today and tomorrow, have brought together experts from various walks of life, including the business sector and academia. I believe this gathering will give participants an opportunity to conduct a free and vigorous discussion on the future of APEC. The topics for discussions may range fromthe future image of the Asia-Pacific region  to concrete results useful for the daily lives of the people . This symposium should be considered as an extremely significant event for the APEC 2010, where discussions will be conduted in line with the theme  ""Change and Action.""
I hope this symposium will serve as a meaningful starting point not only for the Japan APEC but toward a bright future  for the Asia-Pacific region. As a crew member of the ""APEC Ship,"" I would like to enjoy a wonderful voyage, first of all, and will make efforts to draw up a chart for the course that APEC should take, with the help of insights and cooperation from various people, and make the next year a truly fruitful one.
In conclusion, I would like to wholeheartedly wish you an enjoyable and productive stay in Japan.
Back to Index"
261,Seiji Maehara,2011-02-28,"Top
>
Announcement
>
Speeches and Statements by Foreign Minister
> Economic Diplomacy Speech by Seiji Maehara, Minister for Foreign Affairs of Japan, at CLSA Japan Forum 2011
Economic Diplomacy Speech by Seiji Maehara,
Minister for Foreign Affairs of Japan,
at CLSA Japan Forum 2011
February 28, 2011
Grand Hyatt Tokyo
(
Japanese
)
I'm very glad to have been invited to CLSA Japan Forum 2011 and to have the opportunity to present my views on Japan's economic diplomacy to institutional investors from around the world.
1. Achieving Economic Growth
The world economy has been undergoing a dramatic shift --- from the tripolar era centered on Japan, the United States, and Europe through the 1990s to a more multipolar age that also encompasses the emerging economies. Competition has intensified, especially in the East Asian region where Japan is located, as China, the Republic of Korea and others have achieved remarkable growth in recent years.
Against this background, Japan regards investment by both domestic and foreign companies as the engine of national growth. Challenges are being addressed in various sectors, including industry and labor, to encourage such investment. As part of the New Growth Strategy, the Government of Japan is advancing institutional and regulatory reforms to boost Japan's international competitiveness and revitalize local communities. We are also making efforts to promote investments in Japan that will lead to greater corporate competitiveness and encourage foreign companies to establish operations here.
One such measure is the establishment of comprehensive special zones. Support measures, such as preferential regulatory treatment, will be adopted in a comprehensive and focused way. These measures encourage leading-edge initiatives such as international hub formation, distribution, the environment, and biotechnology.
The Government outline for tax revisions in fiscal year 2011 includes provisions for a combined 5 percent cut in the effective rate of local and national corporate taxes.
We're also advancing the liberalization of air transport. In November 2010, we concluded an open skies agreement with the United States, and we have also come to agreements with the Republic of Korea and Singapore.
I'm sure a number of you here have already used Haneda Airport since regular international flights were relaunched there last year. And you must no doubt have felt how close the airport is to downtown Tokyo. As for Narita Airport, discussions are going on the idea of creating a facility to accommodate private business jets. In these ways, the attractiveness of Tokyo as a center for international business is increasing.
I hope to be able to convince all of you here today that Japan is emerging as a truly attractive investment destination.
Japan is also noted for its strengths in technological innovation. Although competition is getting harder, including with emerging economies, Japan still boasts many technologies that can't be found anywhere else. In June last year, many of you may recall, the Hayabusa spacecraft returned to Earth after a very challenging seven-year, 6-billion-kilometer mission to bring back samples from an asteroid. This was achieved for the first time in human history. Space exploration involves a very broad range of industries requiring comprehensive technologies, and there were many small and medium-sized enterprises among the companies participating in the Hayabusa mission. I wish to impress upon you that Japan has many top-notch technologies, yet to be introduced to the world.
2. Economic Diplomacy
Since being appointed Minister for Foreign Affairs, I have put forward the following four pillars of economic diplomacy. The first is the free trade system. The second is the securing of long-term and stable supplies of resources, energy, and food. The third is the international promotion of infrastructure systems. And the fourth is the promotion of Japan as a tourism-oriented nation.
Today, I'm going to start with the fourth pillar-Japan as a tourism-oriented nation- since this is also closely associated with direct investment, which I mentioned earlier. I'll then talk about the other three pillars in order.
2.1. Promotion of Japan as a Tourism-Oriented Nation
The most effective way of conveying Japan's appeal is to actually have people see this country for themselves. Those of you who have already visited various regions in Japan are aware, I'm sure, that Japan is treasure-trove of cultural richness and natural diversity. While I was Minister of Land, Infrastructure, Transport, and Tourism, we strengthened our initiatives to attract more foreign tourists, launching the ""Japan, Endless Discovery"" campaign. As Foreign Minister, too, I'm focusing actively on inbound tourism promotion as one of the four pillars of economic diplomacy.
The number of foreign visitors to Japan in 2010 was the highest ever, but it was still far shy of our target of 30 million visitors annually. We'll be further strengthening our efforts to attract foreign tourists, working closely with the Japan Tourism Agency, through more active promotion of Japan's appeal by our diplomatic missions overseas. . I hope that all of you, too, will visit various locations in Japan and talk to your friends and families about what you have found appealing.
2.1.1. Promoting International Exchange Through Human Resources
Besides attracting tourists, another approach to re-energize Japan is to accept human resources from other countries in a variety of ways. It is necessary to actively accept knowledge workers and other highly skilled laborers, as well as students from other Asian countries and elsewhere.
As a symbol of a nation built on technology, moreover, the Japanese Government is also actively striving to disseminate Japan's industrial technology education abroad. In response to a request from Malaysia, for example, preparations are now underway to establish the Malaysia-Japan International Institute of Technology. In cooperation with Japanese universities, this institute will offer Japan's industrial technology education in English. Japan is also considering the possibility to accept students from other ASEAN countries in the future.
At the same time, the number of Japanese students abroad has been declining in recent years. Working closely with the relevant ministries and private companies, we will promote the development of human resources capable of playing an active role in the global arena.
2.2. Establishing a Free Trade System and Building a Strong Trading Nation
The next pillar of Japan's economic diplomacy is to establish a multilateral free trading system. To achieve this, an early conclusion to the World Trade Organization's Doha Round negotiations is vital.
In parallel with the Doha Round negotiations, it is also important that we work to conclude free trade agreements and economic partnership agreements with more countries and regions. It is a strategic approach that takes the whole Asia Pacific region into view. In November last year, the Government has adopted a decision ""Basic Policy on Comprehensive Economic Partnerships"". According to this policy, Japan will pursue high-level economic partnerships comparable to prevailing international trends. At the same time, we will advance the fundamental reforms necessary at home, such as enhancing competitiveness. According to this basic strategy, we will actively promote bilateral EPAs and broader regional economic partnerships. With respect to the Trans-Pacific Partnership Agreement, or TPP Agreement, it was decided that we were planning to work swiftly to prepare the ground within Japan and to begin consultations with the other countries involved.
With regard to the TPP Agreement, the Government is keeping a close watch on the status of consultations and aims to reach a decision on whether or not to participate in negotiations by around June this year. We will also continue to work on promoting the Joint Research on a Free Trade Agreement among Japan, China, and the Republic of Korea, and will participate actively in discussions on the East Asia Free Trade Area, or EAFTA, and the Comprehensive Economic Partnership in East Asia, or CEPEA.
I hope that Japan can provide leadership in establishing a better free trade system, while making full use of these bilateral and multilateral frameworks.
Pursuing high-level FTAs and EPAs on the one hand, and encouraging a flourishing agricultural sector and prosperous rural districts at home on the other, are not mutually exclusive. These are compatible aims. The European Union and the Republic of Korea are carrying out fundamental agricultural reforms, anticipating the impact that regional market integration and liberalization will have on the agricultural sector. The EU has introduced ambitious reforms, including a system of direct payments to farmers. This measure has succeeded in achieving two goals at once: bringing benefits to the consumer by reducing high tariffs, and making producers more competitive. The individual (household) income support system for agriculture proposed by the Democratic Party of Japan is based on precisely the same kind of thinking as the EU system.
2.3. International Promotion of Infrastructure
The third policy pillar I want to introduce to you today is the international promotion of advanced Japanese infrastructure technology. In emerging and developing countries, rapid economic development and increasing populations mean that demand for infrastructure in these countries is increasing rapidly. In Asia in particular, it has been estimated that the demand for infrastructure will be worth a total of eight trillion dollars over the decade from 2010 to 2020. Promoting Japanese infrastructure overseas will not only contribute to Japan's growth. It will also provide the infrastructure essential for growth in emerging and developing countries. By actively promoting Japan's advanced environmental and energy-saving technology, I hope that we can help not only to create a safe and secure international society, but also to provide support for each country's development, building a win-win relationship with these countries in which we all grow together.
2.4. Securing Stable Supplies of Food, Energy, and Mineral Resources
The fourth policy pillar involves securing reliable and stable supplies of food, energy, and mineral resources. When a young man in Tunisia set fire to himself in protest recently, people's dissatisfaction with the authorities spread rapidly using new communications tools and social networking services like Facebook and Twitter. This led to massive demonstrations that eventually brought down the government. A similar series of events led to the resignation of President Hosni Mubarak in Egypt. The economic impact of this kind of political and social instability in the Middle East can spread to other countries instantly, leading to instability in the world's energy prices. Food prices are also on an upward curve. Given an increasing global population, some estimate that the world will face a food-supply crunch in the medium to long term.
2.4.1. Ensuring a Stable Supply of Food Resources
In order to secure a reliable and stable supply of food, it will be important to increase total world food production and distribute our risks more widely, as well as to develop a strong agricultural sector within Japan. Japan can look to increase both public and private-sector investment in agriculture overseas. The introduction of safe, dependable, and high-quality food production technology would help to increase production in these countries. At the same time, a part of the resulting harvest could be exported to Japan, leading to a win-win situation in the true sense of the term. In Middle Eastern and African countries with scarce water resources, Japan could extend support by using official development assistance to introduce irrigation technology, as well as to help develop and propagate seeds that can tolerate a dry climate and grains that can be grown with limited water. Also by exporting solar-powered vegetable factory technology to these regions, for example, it should be possible for us to contribute not only to solving water and food shortages but to solving environmental problems as well.
2.4.2. Ensuring a Stable Supply of Energy and Mineral Resources
A stable supply of energy and mineral resources is essential to the growth of Japanese industry, to maintain our international competitiveness and to achieve our aim of lower carbon society. Building stronger relationships with producing countries and diversifying our supply of these resources is a pressing issue for Japan. It is especially so, given the rapidly increasing demand for energy and mineral resources in recent years, particularly in emerging economies, and the uneven distribution of rare earths and many other minerals around the world,
The whole Japanese Government-including not only Prime Minister Naoto Kan and myself, but also other Cabinet members and vice ministers-has been working proactively on agreements to build strong collaborative relationships with a number of countries in the area of mineral resources. These include Kazakhstan, Mongolia, Viet Nam, India, the United States, and Australia.
We will continue to draw strategically on ""All-Japan"" efforts as we work to build stronger relationships with resource-rich countries in the years to come.
3. Building Multilayered Networks Through Economic Diplomacy
When developing economic diplomacy, it is important to effectively utilize a variety of networks, including bilateral FTAs and EPAs as well as international frameworks such as the WTO and APEC, while at the same time always being alert to the possibilities of constructing new networks. With bottom-up democracy spreading throughout the Asia Pacific and the world, I think it is important to build multilayered networks and strengthen partnerships.
In the Asia Pacific region, we need to strengthen collaborative ties by utilizing regional cooperation frameworks such as APEC, the East Asia Summit, ASEAN Plus Three, and the ASEAN Regional Forum.
With regard to Japan-US relations, we believe that a robust economy sustains the development of the bilateral alliance. Based on this view, we will conduct consultations regarding the TPP Agreement, as I touched on earlier, and also forging even closer economic ties in such areas as clean energy, high-speed railways and superconducting maglev, and strategic resources like rare earths.
I believe that Japan's relationship of interdependence with China will be strengthened. We will press forward with concrete cooperation with China in a wide range of areas, including economy, thereby materializing ""the Mutually Beneficial Relationship Based on Common Strategic Interests"" that connects the world's second and third economic powers.
Japan has also entered a period in which it will seek to build firm economic relations with its two other key partners in the Asia Pacific region, the Republic of Korea and Australia, by concluding EPAs with them. Our aim is to reach a consensus on regulations and verifications with each partner country entering an economic agreement with Japan, so as to establish a win-win system of free trade with the added benefit of strategically bolstering bilateral relationships.
4. Conclusion
We are entering a period of dynamic change in international affairs. Meanwhile, domestically speaking, Japan's enormous fiscal deficit is becoming an increasingly acute problem, together with our shrinking and graying population. In seeking to envisage Japan ten or twenty years from now, a top priority for the country is to formulate-and then implement-a foreign policy that contributes to economic growth. I believe that by promoting such foreign policy, we will be able to strengthen our bilateral relations and multilateral ties in the region. Formulating the concrete policies to make up our strategy depends, I believe, on mobilizing an ""All Japan"" effort that brings together the views of industry, government, and academia. I would like to conclude my remarks today by expressing my determination to turn the ""challenges"" we face into ""chances"", aiming to revitalizing an attractive Japan.
Thank you very much for your kind attention.
Back to Index"
790,Yoriko Kawaguchi,2011-09-03,"Top
>
Economic Affairs
>
WTO
>
WTO Ministerial Conferences
>
The Fifth Ministerial Conference of WTO
> Statement By H.E. Ms. Yoriko Kawaguchi Minister for Foreign Affairs of Japan
Statement By H.E. Ms. Yoriko Kawaguchi
Minister for Foreign Affairs of Japan
September 11, 2003
Agenda Item 3 ""Accession of Cambodia & Nepal""
Honourable Ministers, distinguished delegates, especially from Cambodia and Nepal, ladies and gentlemen,
Taking this occasion of approving membership of Cambodia and Nepal in the WTO, I would like to say a few words
First, allow me to echo the previous speakers in expressing my heartfelt welcome to the new Asian Members of the WTO. The decision approving their membership is especially significant, as these countries are a first group of the Least Developed Countries to join this world body since its foundation. The accession of Cambodia and Nepal will make the WTO a more global organization with an appropriate representation of LDCs.
Second, I would like to pay high respects to the efforts made by those involved in the accession negotiations, including Director-General of the WTO, Dr. Supachai. Last year, Dr. Supachai drew up the guidelines to facilitate the accession of LDCs. I hope, with these guidelines in place, more countries will follow good examples of the two countries. My thanks also go to Ambassador Meloni of Italy and Ambassador Girard of Switzerland, under whose leadership as the chairpersons of the Working Groups, we were able to conclude the accession negotiations expeditiously.
Cambodia and Nepal now face new challenges to implement their commitments stipulated in the protocols of their accession. Japan continues to support both countries as they take up these challenges. At the same time, I am convinced that Cambodia and Nepal will be able to reap maximum benefits from their membership in the WTO, by enhancing their capacity and capability to be more competitive in the global trade.
Before closing, I would like to congratulate once again on the decision approving membership of the two countries, and I wish them a very best.
Related Information (Japan-Cambodia Relations)
Related Information (Japan-Nepal Relations)
Back to Index"
558,Taro Aso,2012-03-20,"Top
>
Foreign Policy
>
Value Oriented Diplomacy and Strive to Form the ""Arc of Freedom and Prosperity""
> Address by H.E. Mr. Taro Aso, Minister for Foreign Affairs on the Occasion of the 20th Anniversary of the Founding of the Japan Forum on International Relations, Inc. ""Arc of Freedom and Prosperity""
On the ""Arc of Freedom and Prosperity""
An Address by H.E. Mr. Taro Aso, Minister for Foreign Affairs
on the Occasion of the 20th Anniversary of the Founding of the Japan Forum on International Relations, Inc.
International House of Japan, March 12, 2007
Japanese
Thank you very much for inviting me here today.
I understand that today, March 12, marks the exact date on which the Japan Forum on International Relations was founded twenty years ago. To the JFIR's Chairman, Mr. Takashi Imai, and its President, Mr. Kenichi Ito, and to all of you at the JFIR I extend my heartiest congratulations.
Having heard that the first chairman of the JFIR was the late Saburo Okita, I would like to share with you a story.  On March 25, 1980, I was asking questions at the Lower House Cabinet Committee. Now, this happened to be only the second time I had ever asked questions in the Diet since I had been elected to a seat. And the person to whom I was asking questions was the person who at the time was serving in my current position of Foreign Minister, in the second Ohira cabinet--none other than Saburo Okita. Speaking to you here today, it really moves me to think back on that.
Today in my address I would like to explain in greater detail the ""Arc of Freedom and Prosperity,"" a new pillar in diplomacy that Japan is pursuing as a government-wide effort.
To introduce what this Arc entails, let me first give you an understanding of the geography behind it.  This an area that begins with the five nations of Northern Europe and the three Baltic states, then heads through the nations of Central and Eastern Europe that have just recently joined NATO and the EU, and then continues still further into Georgia, where the Russian influence has over the years been quite strong, given it was the birthplace of Josef Stalin, and the other so-called ""GUAM"" states of the Ukraine, Azerbaijan, and Moldova.
The Arc then continues through the countries of Central Asia--an area whose importance will be increasing significantly in the years to come because of the uranium veins that have been discovered--down into Turkey and the Islamic nations of the Middle East.
Heading through Afghanistan, it extends into India and the other nations of South Asia, through to the countries of Indochina, often called the ""CLV"" countries, namely Cambodia, Laos, Vietnam, which are working so tirelessly to catch up with the founding member countries of ASEAN, or the ""CLMV"" countries which include Myanmar.
As the Arc heads northward it crosses the Korean peninsula and extends as far north as Mongolia, and then somewhat on the periphery it includes Japan's partners of Australia and New Zealand. It is this entire area, which forms the shape of an arc as it loosely traces the outer rim of the Eurasian continent.
Next I would like to address what exactly the concepts of ""freedom"" and ""prosperity"" entail.
Each country in the Arc has its own unique characteristics. What's more, whether we look at the GUAM nations or the nations of the CLV, these are countries that have had distinct peoples throughout their long histories.
And yet they all share a greatest common denominator of having stood at the start line within the new globalized world economy--or are now making efforts to stand at that start line--with the desire to develop their economies somehow.
Despite their differences in religion and culture, these countries are all hoping to grow and develop, with the opportunity for greater affluence now right before their eyes. And so, we can say that these countries are trying to find ways towards greater prosperity, plain and simple.
In addition, despite the harsh competitive environment, each of these countries is working to demonstrate its own individuality as a point of national pride. Individuals too are surely of the same thinking, working to better themselves through their pride in themselves and their families. And what lies ahead as the future aim of such ambitions and aspirations can be summed up as nothing other than freedom. The freedom to move about as one pleases, the freedom to state one's opinions, and the freedom to forge one's own future--it is these types of freedom that they seek.
I believe that this is something that hits home quite hard for the people of the former socialist nations within this Arc. However, we must remember that if such freedoms are not secured to some degree, the economy will also surely fail to thrive. In other words, without such freedoms, the dream of prosperity would remain forever elusive.
While we know this to be the case, Japanese struggled with this situation for quite a long time.
And if we consider which political or economic system is ideal for advancing freedom and prosperity, we can say that ultimately it boils down to the question of which system features the greatest degree of equity in its procedures. This leads us to the market economy with regard to economic systems and democracy for political systems, as democracy values the rule of law and basic human rights.
Japan, having cast off the peace and tranquility of the Edo era, joined the age of imperialism underway around the globe, finally settling on democracy after having wavered among a number of approaches. The fact that Japan had to go through so much to reach that point is why Japanese are second to no one in how greatly they value democracy.
Yet, such deep feelings on this topic may perhaps best be left unsaid. Keeping those feelings inside, we want to think of the aspirations of Georgia or the Ukraine, or Laos or Vietnam--countries moving forward, heads held high--as the path towards freedom and prosperity. We also want to run the race together with them, sometimes sharing our water with them. That is our fundamental stance on creating this Arc of Freedom and Prosperity.
What I have shared with you thus far are the conceptual implications of creating an Arc of Freedom and Prosperity, as well as a geographic overview of the initiative.
Another important objective of this policy is to expand the horizons of Japanese diplomacy.
The cornerstone of Japanese diplomacy has been and continues to be the Japan-US alliance. This point remains as true as it ever was. Yet that does not mean we can be content with our present position. On the contrary, I believe that we must continue to invest in this alliance ceaselessly.
Even if the alliance is the cornerstone of our diplomacy, if we take it for granted, it may become difficult for us to understand the critical nature of the alliance and the necessity of constant investment.
Creating an Arc of Freedom and Prosperity is first and foremost an attempt to broaden the horizons of Japan's diplomatic activities and, indeed, Japan's outlook. In addition, it represents the undertaking of a new investment by Japan in the foundations of the Japan-US alliance. One of the main goals of my address today is to clarify this exact point.
Recently, we find that on many occasions Japan and Europe happen to be working in the same fields, with Europe taking a ""West to East"" approach, so to speak, in investing diplomatic resources in Afghanistan and other areas, while Japan has begun approaching the same issues in an ""East to West"" manner.
Besides Afghanistan, we find this happening in the Indian Ocean, and, most notably, in Iraq.
I would like to state here that when we find new ways for interacting with Europe, it is also possible to envision a bridge leading to the United States and Canada over the Atlantic, as can be seen in our cooperation with NATO.
I believe that the best example of this is our ongoing refueling efforts in the Indian Ocean, being conducted by our Maritime Self-Defense Forces towards marine vessels from the US and other NATO countries as well as from Pakistan.
Our Self-Defense Forces are drawing kudos from the navies of many countries for their ability to conduct with ease what is known as ""parallel refueling,"" even though it is one of the most difficult efforts undertaken at sea. From this I have arrived at the awareness that the Japan-US alliance is being further strengthened through these cooperative efforts with NATO countries.
In January, Prime Minister Abe and I both visited Europe, with the Prime Minister visiting the United Kingdom, France, Germany, Belgium, the European Commission and the Headquarters of the North Atlantic Treaty Organisation and I myself heading to Romania, Bulgaria, Hungary, and Slovakia. At the same time I had Senior Vice-Minister for Foreign Affairs Katsuhito Asano attend the Japan-CLV Foreign Ministers' Meeting.
I visited many places to further this goal of creating an Arc of Freedom and Prosperity, but as background to my efforts in Europe, I hope that you can understand and appreciate the enthusiasm I brought to the task, in light of the point I just made a short time ago that the interaction with Europe will become a bridge leading to the United States and Canada.
In any event, when we consider Japan's size, we can see that it is indeed only natural for Japanese diplomacy to head in exactly this direction.
If we take the combined GDP of the entirety of East Asia, including China, as well as that of the nations of the Pacific, the figure amounts to a mere 67.3% of the Japanese economy.  Throw the GDP for the entirety of South Asia into the mix and all told it still reaches only 89.4% of the size of Japan's economy.
In other words, as a country of this size, I would hold that Japan has a duty to support such things as freedom and prosperity. But it is better if whenever possible we undertake such efforts in cooperation with other nations with which we share the same values, such as the nations of Europe.
If Japan will be able to initiate a broader scope of diplomatic activities and acquire a more balanced self-image while further strengthening the Japan-US alliance, then that is clearly killing two birds with one stone. And that, you see, is the goal we have set in proposing to create such an Arc.
As for cooperation with the countries of Central and Eastern Europe, which are holding their foot on the accelerator as they undertake their shift to democratization, this is something that we will be advancing jointly with the principal member states of the EU, the OSCE, or Organization for Security and Co-operation in Europe, and NATO.
Stability in Afghanistan is another issue being addressed in this way. This year Prime Minister Abe addressed NAC, the North Atlantic Council, which I had addressed last year. We spoke of why there should be closer cooperation between Japan and NATO with regard to assistance to Afghanistan, which was very well-received there.
As a point of fact, at the OSCE, Japan is the only country from outside Europe that has for many years been in a position to join its weekly meetings, and it is not too much to say that both the United States and the principal European member states have long awaited a statement of Japan's commitment.
This reminds me of something that happened just this past November, not long before I delivered my initial speech on the Arc of Freedom and Prosperity. The Prime Minister of Denmark, Mr. Anders Fogh Rasmussen, had paid a visit to Japan, and he was interested in knowing more about what exactly this new pillar in Japanese diplomacy would entail, so I immediately went to pay a courtesy call on him. Just as I was finishing my explanation, the Prime Minister stated that Denmark would support this proposal right across the board, and that served to strengthen my will to see this initiative through. He then expressed his idea in support of stronger relationship between NATO and Japan.
Looking back on this, this was the first reaction I had received to this initiative, and while I will not go into details of other countries' responses, I can say that during my visit to Eastern Europe and also after returning to Japan, the proposal for an Arc of Freedom and Prosperity was welcomed enthusiastically by persons of authority from not only the United States but also the major nations of Europe. If you took all the telegrams that I received conveying such messages you would be looking at quite a stack indeed.
At the same time, there is the possibility that we could work together with not only the countries of Europe but also Russia and China.
In addition to Japan, the United States, and Europe, Russia and China are major powers that have the ability to affect the shape of the world order. And as for India, popularly referred to as the largest democracy in the world, there is ample opportunity from the Japanese perspective for cooperation between us, as two major nations sharing common values.
We should move forward decisively to make what efforts we can in cooperation with key countries towards the objective of creating an Arc of Freedom and Prosperity.
I want to use my remaining time here today to discuss the methodology we will take, addressing what efforts in concrete terms will help bring about this Arc.
That said, diplomacy is of course a patient discipline; for these issues there is no such thing as a ""quick fix."" In some respects, our menu of options can be said to offer no great innovations in overall approach. One point of particular importance is that we will be engaging in dialogue.
We will be providing ODA to countries needing it, with particular attention going to human resource development, which Japan considers very important and also excels at.
One area in which Japan has built up a significant track record is in various meetings with ASEAN. The framework of the East Asia Summit represents the realization of a vision for Asia held by Japan, along with the democratic nations of Australia, New Zealand, and India.
In Europe, we can take the example of the ""Visegrad Four and Japan"" talks, also known as the ""V4+1."" Japan has already begun dialogue with the V4, a group whose name comes from the ""V"" in ""Visegrad,"" a village on the Danube, and which is comprised of four Central European nations: the Czech Republic, Hungary, Poland, and Slovakia.
I also hope to have Japan on track to conduct dialogue with the GUAM states. The ""G"" in ""GUAM"" stands for Georgia, and Georgian President Mr. Mikheil Saakashvili and his wife just departed Japan yesterday after a five-day visit.
Georgia is an important country that has the potential to serve as a model in the Arc of Freedom and Prosperity, and it has already established an embassy in Tokyo, which opened on February 1. Yet Japan does not yet have an embassy in Tbilisi, the capital of Georgia.  If you will forgive me for digressing here a bit, let me say that I very much look forward for your support for our efforts to enhance our diplomatic capacity.
Georgia, the Ukraine, Lithuania, and Romania came together in 2005 to form the CDC, or the Community of Democratic Choice. The CDC aims at democratic nation-building in the area between the Baltic, Black, and Caspian Seas, and Japan wants to strengthen its dialogue with these CDC states.
Incidentally, in envisioning this Arc, I have included the nations of Northern Europe for good reason. Norway ranks first in the world in the amount of official development assistance disbursed per capita. Furthermore the Swedish Armed Forces International Centre and the Folke Bernadotte Academy rank right along side Canada's Pearson Peacekeeping Centre as being among the world's premier institutes for the training of experts to conduct peace-related activities.
I want to create a system modeled on the traditional Japanese
terakoya
schools to develop specialists in the area of peacebuilding, and we can look to centers such as these as examples of excellence.
Japan would like to increase its cooperation with the countries such as those in Northern Europe, not only because of the fundamental values we share, but also because these are countries from which we have much to learn, such as their approach to ODA.
I believe that rooted in the concept of the Arc of Freedom and Prosperity we can together support countries striving to grow, and for this reason I think that a dialogue framework of ""Northern Europe + 1"" may be worth pursuing.
Looking at Asia next, there is a forum known as SAARC, which is the South Asian Association for Regional Cooperation. SAARC is made up of seven member nations, namely India, Pakistan, Bangladesh, Sri Lanka, Nepal, Bhutan, and the Maldives, and Afghanistan is scheduled to become a full member in the near future.
In November 2005, SAARC agreed to welcome Japan as an observer of the Association. Next month, SAARC's 14th Summit will be convened in India. In addition to Japan, the United States, China, Korea, and the EU will also participate in the Summit as observers.
The Arc of Freedom and Prosperity can therefore be seen as an open and flexible concept.
If we remain firm in our sense of purpose, we will be able to pursue this goal hand in hand with other key nations.
In addition to the various fora for dialogues that I just mentioned, the ""Central Asia + Japan"" Dialogue already has a record of achievement, and Japan hopes to make other meetings we have held, such as the Japan-GCC (Gulf Cooperation Council) Foreign Ministers' Meeting with nations of the Middle East, the Japan-CLV Summit, and the Japan-CLV Foreign Ministers' Meeting, regularly-scheduled opportunities for ongoing dialogue.
At the risk of repeating myself, let me again state that each country that would be part of the Arc of Freedom and Prosperity is characterized by a truly unique state of affairs. As a result there is no way to take a one-size-fits-all approach. For that reason, dialogue will be critical, and it will be through dialogue that we will be able to consider what Japan is able to undertake.
In some cases, countries have the foundations on which democracy can thrive, yet they are lacking in infrastructure. In countries in which there is a need to establish government stability and bring peace before we talk of freedom and prosperity, there are ways in which we can assist in peacebuilding. I believe that what is most important in any country is the fostering of human resource development through education.
In Poland, the Czech Republic, and Hungary, many Japanese companies have already undertaken investments, including, for example, automobile manufacturers. We can easily assume that active on-site on-the-job training at factories and plants, and therefore by extension human resource development, will advance further in the years to come.
In the city of Fukui, there is a company named Japan AMC that specializes in the manufacturing of joints and fittings for pipes. The President says that the precision of the products they manufacture can be measured with instruments. Yet the power of the cutting edges of NC lathes can only be determined by observing the finished pieces of metal produced with these lathes. That is, you need to look at the beauty of the outside of a finished piece and simply use your intuition to act or react, and that is where expertise becomes critical.
When Japanese companies start operations abroad, this expertise, or more precisely, the dedication to job performance that fosters this expertise, is invariably transferred over as well. As a result, first-rate Japanese work ethics, in which work is seen as having virtue, come to be handed down too. Over the long run, this becomes a kind of infrastructure that will support future societies of freedom and prosperity.
In our diplomacy in the future I intend to take an ""all-Japan"" approach, by which I mean I will be making sure that the private sector is well incorporated.
There is a very good example that I would like to introduce from Cambodia, in which Japan assisted in formulating the legal system for the civil code and for the code of civil procedure. The result has been that it is easier for Japanese companies to do business there, while at the same time, social systems ensuring fairness in proceedings can now begin to take hold.
We can say, then, that freedom and prosperity lead to a virtuous circle.
Today in my address I spoke of a number of countries, and in most of these countries, it is not the public servants from the Foreign Ministry so much as the JICA workers, including the senior volunteers, and the young Japan Overseas Cooperation Volunteers, and the young JC entrepreneurs from the Junior Chamber that are able to penetrate local communities most deeply and sow seeds of good will there.
One young Japanese person tells the story of going to Moldova, one of the GUAM countries, to teach Japanese. He found upon heading to his first class that his assigned classroom had some 50 or 60 seats in it. It never occurred to him that all those seats might actually be used, but sure enough, when class time came every single seat was taken, and to top that off, the Tomomi Kahara song
I'm Proud
was playing as background music.
In relaying this story to you I would like to leave you with a final thought as I bring my remarks to a close, and that is the fact that there already exists a considerable amount of the ""psychological infrastructure""--the infrastructure of the heart--upon which Japanese diplomacy will advance the Arc of Freedom and Prosperity.
In closing today let me once again extend my best wishes for many more years of continued success at the Japan Forum on International Relations.
Thank you all for listening today.
Back to Index"
94,Fumio Kishida,2014-06-16,"June 17, 2014
Japanese
Tweet
Your Excellency Mr. Zannier, Secretary General of the OSCE,
Your Excellencies and distinguished delegates
from the OSCE Participating States and the Partners for Co-operation,
Ladies and Gentlemen,
On behalf of the host country of the 2014 OSCE-Japan Conference, please allow me to extend a few words at this session.
The security environments in Asia and Europe have become mutually more inseparable and increasingly severe. Any actions to unilaterally change the status quo by coercive measures, and how to deal with such attempts are grave and shared challenges to the international order. Moreover, the global challenges in sea,  cyberspace etc are becoming even more serious.
Under such circumstances, Japan is resolved to promote freedom and democracy and uphold the rule of law in the international community under the banner of  “Proactive Contribution to Peace” based on the principle of international cooperation, together with every country that shares fundamental values.
From this standpoint, Japan has been proposing the three principles for ensuring “the rule of law” at sea: e.i. (i) making and clarifying claims  based on international law, (ii) not  using force or coercion in trying to drive their claims, and (iii) seeking to settle disputes by peaceful means.
We must never condone the attempt to change the status quo by coercive measures. In this regard, Japan does not see the situation in Ukraine as “someone else’s problem”. Japan welcomes the election of the new president through a democratic process in Ukraine as a vital foundation for the stability of the country as well as for the region and the world at large.
The most important challenge in the months ahead is to ensure the political and economic stability of Ukraine. Japan highly values that the OSCE has offered a forum where all relevant countries gather and consult face-to-face regularly even in difficult situations, and has played a pivotal role in stabilizing Ukraine, and in the areas of confidence-building and promoting the rule of law.
In addition to Japan's economic assistance of 1.5 billion dollars to Ukraine, we have provided financial and personnel assistance to the OSCE in their dispatch of the Mission for promoting national dialogue in Ukraine, the Special Monitoring Mission to Ukraine and the Presidential Election Monitoring Mission there. Japan intends to continue to proactively support these efforts by Ukraine and the OSCE.
In order to fully ensure the rule of law as well as to promote confidence-building and dispute-resolution through peaceful means, Asia and Europe need to mutually share their wisdom and lessons learnt and make proactive contributions together to these goals. The OSCE is an important partner for Japan in putting into practice the policy of  “Proactive Contribution to Peace”. I would like to close my remark by assuring that Japan will further contribute  in ensuring peace, stability and prosperity of the region and the international community hand in hand with the OSCE.
Thank you very much for your kind attention.
Related Links
Organization for Security and Cooperation in Europe (OSCE)"
878,Yoriko Kawaguchi,2014-06-21,"Top
>
Regional Affairs
>
North America
>
Canada
>
CANADA AND JAPAN A GLOBAL PARTNERSHIP FOR THE 21st CENTURY
> Common Opportunities: Japan and Canada in the 21st Century
Common Opportunities: Japan and Canada in the 21st Century
Japanese
Minister for Foreign Affairs Yoriko Kawaguchi
Vancouver Board of Trade
Vancouver, Canada
June 14, 2002,
Ladies and gentlemen, thank you and good morning. And, Mr. John Powles, thank you for your kind introduction. A note for the soccer fans here: several hours ago, Japan won against Tunisia, and now, Team Japan will be proceeding to the next round as one of the best 16 teams.
I've always liked what the late Prime Minister Trudeau said. He said, ""Canada is not a country for the cold of heart or the cold of feet.""
I have found that observation to be quite true. My family and I enjoyed skiing at Whistler twice. Once 10 years ago and once 5 years ago. We returned not only because of the grand scale of the ski-slopes and the beautiful scenery. We returned because of the warmth of the Canadian people. Both times we passed by the elegant Chateau Whistler Hotel but ended up in a less expensive condominium. I said to myself, ""Some day I am going to stay at that Chateau.""
How happy I was when I found out that the G8 meeting would be held at Chateau Whistler Hotel!
And let me say right at the beginning that the G8 Foreign Ministers' meeting at Whistler was very successful thanks to the wise and creative chairmanship of Foreign Minister Graham.
Today, I want to talk to you about our common opportunities in relation to economics, to foreign affairs and to cooperation between our two nations.
Let me start with the economic agenda in Japan. First of all, even with all its current difficulties, the Japanese economy is still the second biggest in the world after the US, occupying some 14% of the world GDP. Japan's per capita GDP is among the highest in the world and comparable to that of the US. Both its Net External Assets and Foreign Currency Reserves are absolutely the largest in the world.
We realize our responsibility is tremendous for sustained world growth. This is why Prime Minister Koizumi has vigorously pursued structural reforms under the slogan of ""No growth without reform."" We are determined to revitalize our economy. Japan seeks an economy that is dynamic and adaptable to the rapidly changing socio-economic environment, not because we are told to do so, but because we need to do it.
For example, out of the 118 special public corporations, 45 will be privatized, 17 will be abolished and 38 will become independent entities. We have addressed the problem of the increasing burden of government bonds, and funds are being redirected from unessential public works to such priorities as environment, science and technology. We are working on expediting disposal of non-performing loans. Our efforts are producing results, and signs of recovery are appearing. Japan's economy grew at 1.4 % in the first quarter of this year over the previous quarter, which translates into a 5.7 % annual growth. Consumer confidence is recovering. The recovery will be centered on private demand in the second half of this year, and we will see more positive growth in 2003.
We know that ""we have no choice but to transform ourselves from a government-led society to a private-sector-led society with more decentralization of power from central government to local governments."" We know that this transformation is accompanied by a great deal of pain. Doesn't this sound familiar to you?
Prime Minister Koizumi is now working on a new package of economic revitalization including tax reform, which will be announced shortly.
With further progress in our structural reform, the growth is expected to be at a steady pace of at least 1.5% in real terms after 2004. The budget deficit of central and local governments will shrink. Eventually, a budget surplus is expected in the early 2010s.
We are undergoing a process of painful adjustment.
Ladies and gentlemen, I am convinced that we will overcome this challenge.
Let me talk a little about Japan's neighbor, China. Some see the economic development of China as a threat to Japan's future. Developing economic relations with China should not be seen as a hollowing-out of Japanese industry. Instead, it can provide an opportunity to nurture new industries in Japan to develop their activities in the Chinese market. It can provide an opportunity for Canadian industry as well.
There are also challenges for China. For example, the income gap between coastal and inland regions and environmental problems such as yellow sand and acid rain are becoming more and more serious. Some regions and industries in China are expected to face challenges as a result of China's accession to the WTO. It will be beneficial to all if China manages to overcome these challenges and become a rule-based, open market economy. I hope that Canada and other nations in the region will join Japan in helping China overcome these challenges.
Let me now turn to another opportunity: Japan's foreign policy.
In February, Prime Minister Koizumi asked me to change my portfolio from Environment Minister to Foreign Minister. On assuming this job, I stressed that Japan's foreign policy should be ""strong,"" ""caring"" and ""straightforward."" We need to be ""strong"" in standing against lawlessness and chaos. We must look with ""caring"" eyes at every human being. And we must be ""straightforward"" so that we can be understood.
As we look out across the world, we face the challenge of instability caused by terrorism, regional conflicts and weapons of mass destruction. The incidents of September 11th have made us aware that terrorists are no longer far away. They are here. Japan is fighting terrorism on a variety of fronts together with the international community. Japan has shown solidarity by dispatching Self Defense Force escort ships to the Indian Ocean and cargo planes to Pakistan.
Japan is playing a leading role in the reconstruction of Afghanistan. I visited Kabul in May and saw the situation with my own eyes. It is clear that Afghanistan has three pressing needs. It requires domestic security. It requires a peace process. And it requires reconstruction and humanitarian assistance. Japan will continue to do its utmost to address these needs.
On India and Pakistan, Japan is joining the international efforts to urge the two countries to de-escalate the tension and resume dialogue. I have personally talked to the Indian and Pakistan foreign ministers and dispatched my Senior Vice-Minister to both countries. Japan is the sole country in the world that has suffered from the devastation of atomic bombs, and this is why we have been deeply concerned with the situation in this region. I am encouraged by constructive signals emanating from the region with the visits by US Deputy Secretary of State Armitage and Secretary of Defense Rumsfeld. Japan will redouble its efforts, along with those of other G8 partners, for de-escalation and for a more stable future of the region.
On the Middle-East, processes of restoring security, providing humanitarian and reconstruction assistance and accelerating peace negotiation must go hand in hand. I told Prime Minister Sharon and Chairman Arafat that Japan is ready to play an active role in promoting these steps. Also, I presented to them Japan's roadmap for peace, which combines progress in the peace process with Japan's assistance to the Palestinians, and also our plan to assist rebuilding and reforming the Palestinian Authority.
We also face the more indirect threats to humanity such as poverty, refugees, environmental destruction and infectious diseases. In recent years, Japan has stressed the need for the international community to tackle the threats to the survival, dignity and livelihood of individual human beings. Issues like anti-personnel land mines, African development or prevention of global warming are very important. Japan ratified the Kyoto Protocol last week. Japan, together with Canada and other nations, must continue our efforts to establish a common rule for this area.
Finally, let me talk about the last but not the least opportunity: revitalizing our bilateral relationship.
Japan and Canada share a similar international outlook. We are both active in promoting peace, and we both believe in what might be called ""soft power."" Canada has a long history of participating in UN peacekeeping operations, and Japan is now becoming more and more involved in such operations. Japan and Canada have worked together on the Golan Heights as part of United Nations Disengagement Observation Forces. Recently, Japan has dispatched 690 Self Defense Force personnel to PKO missions in East Timor. Japan and Canada together strongly advocate arms control, disarmament and non-proliferation. Both countries support the Comprehensive Test Ban Treaty. The anti-personnel land mine ban convention was a home run for bilateral cooperation. On countering infectious diseases, Japan and Canada sent a joint research mission to Malawi in Africa to counter HIV/AIDS and other infectious diseases and to promote hygiene education. From all of this, you can see how closely we cooperate on international political and global issues.
On international economic issues, Japan and Canada have deepened our cooperation in WTO, OECD, APEC and other multinational fora.
Our bilateral relations are excellent, especially if we look at the strong grassroots ties, exchanges of youth and cultural ties. There are 70 sister city relations between Japan and Canada, including the one between Yokohama and Vancouver. These sister-city relations are supported by links between colleges and high schools, home stay arrangements and ties between Rotary Clubs and Lions Clubs. The Japanese Government implements the JET program, The Japan Exchange and Teaching Program, which invites Canadian youth to teach English in Japanese schools and municipalities. Since 1988, about 4,800 Canadian youth have spent over a year, usually 2-3 years, in Japan. The working-holiday visa program is extremely successful for attracting youth in both countries to visit each other. About 5,000 Japanese youth come to Canada annually and about 1,000 Canadian youth come to Japan.
We need to revitalize our economic relations. As a follow-up to Prime Minister Chretien's Team Canada's visit to Japan in 1999, Japan has sent 2 IT missions to Canada. Today, a 25-member Bio-tech mission from Japan is networking with Bio-tech start-up companies in BC at UBC. Our governments are working together to promote more recognition in Japan of new Canadian high-tech industries. I certainly hope that businessmen in the private sector heed this message and look into the new opportunities in each other's markets.
Ladies and gentlemen, I would like to conclude my remarks by recalling one of the most respected internationalists in the history of Japan: Dr. Inazo Nitobe. He served as Deputy Secretary General of the League of Nations soon after its inception during the 1920s. His portrait is printed on the 5,000 yen bill. He once stated, ""I wish to be the bridge across the Pacific."" He then literally devoted himself to this cause for the rest of his life. In fact, after exhausting himself participating in an international conference held in Banff, he died here in Victoria, BC, in 1933.
Thanks to the efforts made by Dr. Nitobe and those who followed him, we are now enjoying a sea of people-to-people exchanges across the Pacific. We understand each other better than ever in our history. Our economic and political links are stronger than ever in our history. Our common opportunities are more real than ever in our history.
Ladies and gentlemen, let us continue to build Dr. Nitobe's bridge over the Pacific.
Thank you for inviting me, and thank you for your attention.
Back to Index"
92,Fumio Kishida,2014-09-13,"Speech by H.E. Mr. Fumio Kishida, Minister for Foreign Affairs of Japan,
World Assembly for Women in Tokyo: WAW! Tokyo 2014
September 13, 2014 Tokyo, Japan
Today, it is my great pleasure to join with top leaders from Japan and around the world.
I would like to express my sincere gratitude to everyone who is attending this event.
Before getting started, let me introduce the story of one brave Japanese woman. Her
name is Ms. Marie Oniwa. She works in the Democratic Republic of the Congo as the
Head of the Sexual Violence Unit of the United Nations Peacekeeping mission. Her
goal is to realize freedom from sexual violence for the entire country. Toward such a
goal, she liaises with government officials, collaborates with civil society, and engages
in discussion with religious leaders, to involve all of the local society.
She persuades ministers to visit places where violent acts have occurred, but she never
forces local women to take up activism or start protests. However, whenever those
women raise their own voice, she is there to support them, fighting alongside them
against sexual violence.
Ms. Oniwa’s story has provided us with an important lesson. I would like to propose
that we start our discussion from there.
The 21st century has to be a century that is free from violations of the human rights of
women. Building on this strong commitment, Japan has strengthened our cooperation
with the Office of the SRSG on Sexual Violence in Conflict. Let me renew and
strengthen my commitment to tackle those challenges with Special Representative Ms.
Zainab Bangura, who joins us today.
Let’s once again remind ourselves that the participation of women in society, including
in peacetime, is the foundation for preventing conflicts and building peace. The
Government of Japan is about to complete its action plan pursuant to Security Council
Resolution 1325 (thirteen twenty-five) in close cooperation with civil society, so that
this plan can become truly effective.
Women play a crucial role also in creating a society that is resilient to disasters as well
as in the process of post-disaster reconstruction. Japan has experienced countless
hardships due to natural disasters, but we have recovered from such tragedies each and
every time. Just recently, we saw yet another disaster in Hiroshima, where I am from.

However, I believe that the community empowered by women, can successfully
reconstruct itself.
When we joined CSW held in March, Japan once again submitted a resolution on
""Gender Equality and the Empowerment of Women in Natural Disasters,"" building on
the lessons learned from the Great East Japan Earthquake. In March next year, Japan
will host the Third UN World Conference on Disaster Risk Reduction in Sendai, all to
share our experience with the world, including women’s perspectives.
The concept of “human security” constitutes one of the key pillars of our international
cooperation strategy. Unless we take a serious look at individuals, there is always the
risk that those who tend to face social vulnerabilities, such as women, are left behind
in receiving our assistance. Japan has been committed to “leave no one behind” and
has provided a wide range of support methods to empower women, protect and
promote their rights, and improve their access to medical services by promoting
universal health coverage.
If we succeed in mainstreaming the idea of “human security” throughout the world
and if we properly reflect this idea in the Post-2015 Development Agenda, I am
confident that our support will be endured to reach women.
Cooperation with the international community is essential. Japan thus remains
committed to deepening our cooperation with international organizations, including
UNDP, led by Ms. Helen Clark, who is joining us today.
I am delighted to see UN Women continuing to expand its scope of operations under
the leadership of Executive Director Ms. Mlambo-Ngcuka, who is also joining us
today. Japan has succeeded in increasing our contributions five times over the past
year. I will renew my commitment here that we become one of its leading donors,
supporting many more projects. This brings us to another piece of great news: The
opening of a UN Women’s office in Tokyo. I would like to express my deep respect to
Ms. Mlambo-Ngcuka and Mayor Hironobu Narisawa of Tokyo’s Bunkyo Ward who is
also joining us today for their great work.
If you empower women, that will empower children, then men, and then communities.
This is the positive chain reaction that women’s empowerment can bring for the
future.

I look forward to your discussions today, and I hope that you can come up with many
useful proposals that can build links in this chain reaction."
949,Makiko Tanaka,2014-10-01,"October 1, 2014
Speeches by the Prime Minister
Speeches by the Foreign Minister
Other Speeches
Speeches by State Ministers for Foreign Affairs
Speeches by Parliamentary Vice-Ministers for Foreign Affairs
Major Speeches/Documents of Japanese Representatives"
205,Koichiro Gemba,2014-10-01,"October 1, 2014
Speeches by the Prime Minister
Speeches by the Foreign Minister
Other Speeches
Speeches by State Ministers for Foreign Affairs
Speeches by Parliamentary Vice-Ministers for Foreign Affairs
Major Speeches/Documents of Japanese Representatives"
910,Yoriko Kawaguchi,2014-10-01,"October 1, 2014
Speeches by the Prime Minister
Speeches by the Foreign Minister
Other Speeches
Speeches by State Ministers for Foreign Affairs
Speeches by Parliamentary Vice-Ministers for Foreign Affairs
Major Speeches/Documents of Japanese Representatives"
248,Takeaki Matsumoto,2014-10-01,"October 1, 2014
Speeches by the Prime Minister
Speeches by the Foreign Minister
Other Speeches
Speeches by State Ministers for Foreign Affairs
Speeches by Parliamentary Vice-Ministers for Foreign Affairs
Major Speeches/Documents of Japanese Representatives"
351,Katsuya Okada,2014-10-01,"October 1, 2014
Speeches by the Prime Minister
Speeches by the Foreign Minister
Other Speeches
Speeches by State Ministers for Foreign Affairs
Speeches by Parliamentary Vice-Ministers for Foreign Affairs
Major Speeches/Documents of Japanese Representatives"
691,Nobutaka Machimura,2014-10-01,"October 1, 2014
Speeches by the Prime Minister
Speeches by the Foreign Minister
Other Speeches
Speeches by State Ministers for Foreign Affairs
Speeches by Parliamentary Vice-Ministers for Foreign Affairs
Major Speeches/Documents of Japanese Representatives"
526,Nobutaka Machimura,2014-10-01,"October 1, 2014
Speeches by the Prime Minister
Speeches by the Foreign Minister
Other Speeches
Speeches by State Ministers for Foreign Affairs
Speeches by Parliamentary Vice-Ministers for Foreign Affairs
Major Speeches/Documents of Japanese Representatives"
433,Hirofumi Nakasone,2014-10-01,"October 1, 2014
Speeches by the Prime Minister
Speeches by the Foreign Minister
Other Speeches
Speeches by State Ministers for Foreign Affairs
Speeches by Parliamentary Vice-Ministers for Foreign Affairs
Major Speeches/Documents of Japanese Representatives"
985,Yohei Kono,2014-10-01,"October 1, 2014
Speeches by the Prime Minister
Speeches by the Foreign Minister
Other Speeches
Speeches by State Ministers for Foreign Affairs
Speeches by Parliamentary Vice-Ministers for Foreign Affairs
Major Speeches/Documents of Japanese Representatives"
62,Fumio Kishida,2014-10-01,"October 1, 2014
Speeches by the Prime Minister
Speeches by the Foreign Minister
Other Speeches
Speeches by State Ministers for Foreign Affairs
Speeches by Parliamentary Vice-Ministers for Foreign Affairs
Major Speeches/Documents of Japanese Representatives"
506,Masahiko Koumura,2014-10-01,"October 1, 2014
Speeches by the Prime Minister
Speeches by the Foreign Minister
Other Speeches
Speeches by State Ministers for Foreign Affairs
Speeches by Parliamentary Vice-Ministers for Foreign Affairs
Major Speeches/Documents of Japanese Representatives"
293,Seiji Maehara,2014-10-01,"October 1, 2014
Speeches by the Prime Minister
Speeches by the Foreign Minister
Other Speeches
Speeches by State Ministers for Foreign Affairs
Speeches by Parliamentary Vice-Ministers for Foreign Affairs
Major Speeches/Documents of Japanese Representatives"
617,Taro Aso,2014-10-01,"October 1, 2014
Speeches by the Prime Minister
Speeches by the Foreign Minister
Other Speeches
Speeches by State Ministers for Foreign Affairs
Speeches by Parliamentary Vice-Ministers for Foreign Affairs
Major Speeches/Documents of Japanese Representatives"
1011,Masahiko Koumura,2014-10-01,"October 1, 2014
Speeches by the Prime Minister
Speeches by the Foreign Minister
Other Speeches
Speeches by State Ministers for Foreign Affairs
Speeches by Parliamentary Vice-Ministers for Foreign Affairs
Major Speeches/Documents of Japanese Representatives"
29,Taro Kono,2014-10-01,"October 1, 2014
Speeches by the Prime Minister
Speeches by the Foreign Minister
Other Speeches
Speeches by State Ministers for Foreign Affairs
Speeches by Parliamentary Vice-Ministers for Foreign Affairs
Major Speeches/Documents of Japanese Representatives"
2,Current Foreign Minister,2014-10-01,"October 1, 2014
Speeches by the Prime Minister
Speeches by the Foreign Minister
Other Speeches
Speeches by State Ministers for Foreign Affairs
Speeches by Parliamentary Vice-Ministers for Foreign Affairs
Major Speeches/Documents of Japanese Representatives"
82,Fumio Kishida,2015-03-15,"March 15, 2015
Japanese
Tweet
Chair,
Distinguished guests,
Ladies and gentlemen,
As a country which has suffered from numerous disasters throughout its history, including the Great East Japan Earthquake, Japan has accumulated great knowledge and technology for disaster risk reduction. Against this background, Japan has been the top donor in this field internationally, and has led international cooperation by sharing its knowledge and technology.
For example, when Typhoon Yolanda caused enormous damage in the Philippines in 2013, Japan immediately and seamlessly provided a series of assistance measures, including the dispatch of a Japan Disaster Relief team, the provision of emergency relief goods, financial cooperation, humanitarian assistance through NGOs, and the designing of a longer-term recovery and reconstruction plan. The concept of ""Build Back Better,"" which has been put into practice here in East Japan, is also reflected in the reconstruction plan of the Government of the Philippines.
Based on the ""Sendai Cooperation Initiative for Disaster Risk Reduction,"" announced by Prime Minister Shinzo Abe yesterday, Japan will contribute to the mainstreaming of disaster risk reduction. In the four years from 2015 to 2018, Japan will provide financial cooperation of 4 billion US dollars and train 40 thousand government officials and local leaders to play a leading role in national efforts for disaster risk reduction and post-disaster ""Build Back Better"".
Japan's specific cooperation will effectively include the following elements: (i) non-material assistance, including assistance for establishing legislation, institutions and systems, as well as human resource development, (ii) material assistance, centering on the development of economic and social foundations through quality infrastructure and (iii) global and region-wide cooperation.
Disaster risk reduction is a universal challenge involving all countries, both developing and developed. And the national governments of all countries have the primary responsibility to protect their people and assets from disasters. With this in mind, let me explain the ""three keys"" to which Japan attaches importance in international cooperation for disaster risk reduction.
The first key is prior investment in disaster risk reduction based on a long-term perspective. If only emergency response and recovery measures are taken each time a disaster occurs, sustainable development cannot be achieved. This idea is backed up by Japan's own experience of economic development despite suffering from numerous disasters.
The second key is global partnership. International cooperation for disaster risk reduction is not a one-way street of assistance from developed to developing countries. Japan will never forget the assistance provided by both developed and developing countries in the wake of the Great East Japan Earthquake. Developed countries also have a lot to learn from the experiences of disasters in developing countries. Furthermore, it is necessary to build an implementation system involving all stakeholders, including local governments, civil society and private companies, in addition to central governments.
The third key is the human security approach. In implementing cooperation for disaster risk reduction, it is important to focus on each individual and to include the perspectives of women and of those who face particular vulnerabilities, such as persons with disabilities and the elderly.
Japan is determined to play a leading role in formulating and implementing the post-2015 framework for disaster risk reduction and promote international cooperation towards a world that is resilient to disasters with these ""three keys."" We would also like to stress the outcome of this Conference will be an indispensable contribution to the post-2015 development agenda.
Thank you for your attention.
Related Links
Third UN World Conference on Disaster Risk Reduction (March 14-18, 2015)"
80,Fumio Kishida,2015-04-28,"April 28, 2015
Japanese
Tweet
Before I begin, I would like to express my deepest condolences to the victims as well as their families and friends in Nepal and other countries affected by the massive earthquake.
Madam President,
70 years ago, in my hometown Hiroshima, a single bomb took more than one hundred and thirty thousand precious lives. Those who initially survived developed health problems and many of them lost their lives in later years. Many survivors have said that even though they do not want to remember their experience of the atomic bombings, they will never allow themselves to forget so that such an experience is never repeated.
Political leaders must have an objective assessment of the security environment of their country. But at the same time I believe it is important that we all clearly understand the humanitarian consequences of the use of nuclear weapons and stand by our ideals.
As Minister of Foreign Affairs from Hiroshima, I keep close to my heart the hopes of atomic bomb survivors, and I am determined to achieve progress towards a world free of nuclear weapons at this Review Conference.
Madam President,
Over 16,000 nuclear weapons still exist in the world today, and there are also developments that run counter to nuclear disarmament and non-proliferation efforts. It is time to accelerate nuclear disarmament.
As the only country to have ever suffered atomic bombings, Japan attaches great importance to strengthening the NPT regime on all three pillars of the Treaty, and moving closer towards a world free of nuclear weapons. To this end, I urge both nuclear-weapon States and non-nuclear-weapon States to take joint action. In particular, I urge the nuclear-weapon States to faithfully fulfill their special responsibility pursuant to Article VI of the NPT.
There are no shortcuts to nuclear disarmament and non-proliferation. Cooperation between nuclear-weapon States and non-nuclear-weapon States in advancing practical and concrete measures, which are outlined in the NPDI proposal, is the way forward.
Madam President,
I attach particular importance to the following five issues at this Review Conference.
The first issue is transparency of nuclear force. Nuclear weapons reduction negotiations are not possible if the number of nuclear warheads is not known. Furthermore, transparency builds confidence at the regional and international levels. We call on the nuclear-weapon States to make concrete and regular reports with numerical information.
The second issue is deeper reduction of all types of nuclear weapons and eventual multilateralization of nuclear weapons reduction negotiations. To date, reductions have been limited to strategic nuclear weapons possessed by the United States and Russia, but all nuclear weapons of all States possessing nuclear weapons will need to be reduced.
The third issue is our common recognition of humanitarian consequences of nuclear weapons and the unity of the international community to achieve a world free of nuclear weapons. This serves as a driving force for nuclear disarmament. In this regard, I would like to mention that young Japanese are here today as “Youth Communicators for a World without Nuclear Weapons,” which is a program that I established a few years ago. They are conveying beyond generations and across borders the tragedy that occurred in Hiroshima and Nagasaki.
Fourth is the visit to Hiroshima and Nagasaki by political leaders and youth. I would like to invite political leaders and youth, including those from nuclear-weapon States, to visit Hiroshima and Nagasaki and witness with their own eyes the reality of atomic bombings. Between July 30th and August 6th, Japan will welcome in Hiroshima and Nagasaki, approximately 24,000 young people from around the world as part of the Hiroshima-Nagasaki Peace Program. We will do so in cooperation with these municipalities and civil society. Furthermore, Japan will host the United Nations Disarmament Conference as well as a meeting of the CTBT Group of Eminent Persons in Hiroshima at the end of August. We will also host the Pugwash Conference on Science and World Affairs in Nagasaki in November. In addition, as Japan assumes the Presidency of the G7 next year, we will host the G7 Summit and relevant ministerial meetings. The details are yet to be determined, but I hope political leaders visiting Japan will extend their journey to Hiroshima and Nagasaki.
The fifth point is resolving regional nuclear proliferation issues. North Korea's continued development of nuclear weapons and missiles programs poses a serious threat to international peace and security and represents a serious challenge to the NPT regime. We must send a robust message to North Korea. Japan welcomes the political understanding recently reached on key parameters of a final agreement on the Iranian nuclear issue. Japan will also redouble its international diplomatic efforts to achieve a final agreement. In order to deal with these issues, it is important to strengthen export controls and IAEA safeguards, including universalization of the IAEA Additional Protocol. Furthermore, Japan hopes for progress in the establishment of a Middle East Weapons of Mass Destruction Free Zone, and continues to make efforts in this regard.
Madam President,
To ensure the success of this Conference, the importance of peaceful uses of nuclear energy must be highlighted as one of the three pillars of the Treaty. Japan will contribute a total of 25 million dollars over the next 5 years to the Peaceful Uses Initiative to actively deliver, in a safer way, benefits of nuclear application to a larger number of people in broader areas, such as medicine, agriculture and water management. In light of the accident at the Fukushima Daiichi Nuclear Power Station, Japan is determined to contribute to the enhancement of international nuclear safety.
Madam President,
We hope that all of you here today share the desire of atomic bomb survivors to live in a world free of nuclear weapons, and that this Review Conference will achieve a substantial outcome. As Minister for Foreign Affairs of the only country that suffered atomic bombings, and as chair of the Conference on Facilitating the Entry into Force of the CTBT that will be held in September, I reaffirm my determination to advance nuclear disarmament.
Thank you for your attention.
Related Links
Foreign Minister Fumio Kishida Visits the United States and Cuba (April 26 - May 3, 2015)
Speeches by the Foreign Minister
The Nuclear Non-Proliferation Treaty (NPT)"
78,Fumio Kishida,2015-08-29,"August 29, 2015
Japanese
Tweet
Ladies and Gentlemen,
I would like to warmly welcome you all to the second World Assembly for Women. This year, we have an attendance of approximately 150 people from about 40 countries, nearly doubled compared to last year. I feel grateful that more and more people are interested in WAW!.
The Abe administration decided that Japan would take a lead in the field of women. WAW! shows such a commitment in a concrete way. Making it possible for women to exert their great potential is Japan’s immediate challenge as we will enter into an aging society faster than any other countries.
Japan has been transforming our determination into action. In our new Development Cooperation Charter, which we formulated last year, we stipulated for the first time ever the importance of promoting the participation of women as a bearer of development.
On disaster risk reduction, Japan proposed to attach importance to women’s participation in this field, at the Third UN World Conference on Disaster Risk Reduction.
Today, we have prepared a handout on Japan’s implementation of “WAW! To Do,” which I summarized as a chair last year. I would like to underline that “WAW! To Do” is a document presented to the world. So I hope not only Japanese people but also people around the world will follow-up this list.
“WAW! for All” is this year's theme. At today’s high-level roundtable, we have a table to discuss the issues of men’s participation and another to address challenges women with great difficulty face. We are also providing a place for discussion among young people.
On global issues, we have three tables with the themes of education, peacebuilding, and international cooperation. Japan will do its utmost to make the 21st century a world with no human rights violations against women. I hope today’s discussion will contribute to creating such a world.
Promoting women’s active participation in the society serves everyone including men, children and the elderly. I would like to close my remarks by hoping that all of you will have frank exchanges of views today and make this year’s conference productive.
Related Links
World Assembly for Women in Tokyo: WAW! 2015"
72,Fumio Kishida,2016-02-02,"2nd International Symposium on the Law of the Sea
“International Law for the Resources of the Sea:
Scientific Advances, Preservation of Environment,
Equity in Benefit Sharing”
Remarks by Mr. Fumio Kishida, Minister for Foreign Affairs at
the reception in the evening of 16 February
Thank you very much for your participation in the 2nd International
Symposium on the Law of the Sea. I also extend my deep
appreciation to the key note speaker, as well as the coordinators and
panelists.
For Japan, enhancing the “rule of law” within the international
community is one of the pillars of our foreign policy. On various
occasions, we have made our case on the importance of resolving
disputes not by force or coercion, but by peaceful means based on
law.
This year will mark the 20th anniversary since the establishment of
the International Tribunal for the Law of the Sea (ITLOS). Japan has,
and will continue to, contribute to the promotion of the “rule of law at
sea” through our cooperation with the ITLOS, both in terms of human
resources and finance.
In recent years, there has been growing interest in resource

development at sea, or the conservation and sustainable use of
marine biological diversity within the areas beyond national
jurisdiction.
I am aware that such issues will be discussed in this Symposium.
Japan takes on the presidency of the G7 this year. Japan is
committed to furthering our robust efforts to promote the “rule of law
at sea,” and to sustain and develop an “open and stable sea.”
My hope is that everyone gathered here today will engage in
vibrant and insightful discussions again tomorrow, towards
strengthening the “rule of law at sea.”
I would like to propose a toast. Please join me. Cheers.
（了）"
301,Seiji Maehara,2016-03-01,"March 1, 2016
Japanese
Tweet
1. Using the content on this website
Information made available on this website (hereinafter   referred to as “Content”) may be freely used, copied, publicly   transmitted, translated or otherwise modified on condition that the user   complies with provisions 1) to 6) below, with the exception of Content   where other terms of use are applied. Commercial use of Content is also   permitted.According the terms of use does not apply to such data, and   may be used freely.
Use of the Content constitutes agreement by the   user with these terms of use for using the Content described herein   (hereinafter referred to as “Terms of Use”).
1) Source citation
The user must cite the source when using the Content. Sources should be cited in the following manner:
(Examples of source citation)
Source: Website of the Ministry of Foreign Affairs of Japan (URL of the relevant page)
Source: XX Survey (Ministry of Foreign Affairs of Japan) (URL of the relevant page) (accessed on year/month/day)
If you have edited the Content for use, you must include a statement   expressing that the content has been edited, in addition to the   abovementioned source citation, but not any way that making public or   using edited information in a format that may be misconstrued as having   been created by the Government of Japan (or its ministries and/or   agencies).
(Example of citation when using edited content)
Created by editing the XX Survey (Ministry of Foreign Affairs of Japan) (URL of the relevant page)
Created by Company YY based on XX Survey (Ministry of Foreign Affairs of Japan) (URL of the relevant page)
2) No infringement of third party rights
In some cases, a third party (refers to a party other than the state.   Hereinafter referred to as “Third Party”) may hold copyrights or other   rights to a part of the Content. For Content where a Third Party holds   copyrights or other rights (e.g. portrait rights in a photograph,   publicity rights etc.), it is the responsibility of the user to obtain   consent for use from the Third Party unless there is explicit indication   that the rights have already been cleared.
If a Third Party   holds rights to a part of the Content, said fact may be directly or   indirectly stated or indicated through source citations, but in some   cases the part of the Content to which the Third Party holds the rights   may not be clear or may not be explicitly stated. It is the   responsibility of the user to confirm the rights pertaining to use of   the Content.
Even if a Third Party holds copyrights to the   Content, some use of the Content, such as quoting, may be allowed   without the consent of the copyright holder, under the Copyright Act of   Japan.
3) Content where the Terms of Use does not reply.
The Terms of Use herein does not apply to the following Content.
Symbol mark, Logo, and Character Design which represent the organization or specific business.
4) Governing law and jurisdiction
The Terms of Use shall be governed by and construed in accordance with the laws of Japan.
In case of disputes relating to the use of the Content based on the   Terms of Use, or the Terms of Use, the user agrees that the exclusive   court of first instance shall be the district court with jurisdiction in   the place where the organization that has published the disputed   Content or Terms of Use is located.
5) Disclaimer
The state bears absolutely no responsibility for any action taken by   the user involving the use of the Content (including use of information   based on edited Content).
The Content may be modified, moved or deleted without prior notice.
6) Other
The Terms of Use does not limit those types of uses for which, under   Copyright Act of Japan, license from the right holders are not required.
The Terms of Use was established on Feb 29, 2016. The Terms of Use is   based on the Government of Japan Standard Terms and Conditions (Version   2.0). The Terms of Use may be modified in the future. If you are already   using Content under previous version of the Government of Japan   Standard Terms of Use, these terms and conditions will continue to   apply.
The Terms of Use are compatible with the Creative   Commons Attribution License 4.0 (hereinafter referred to as the CC   License). This means that Content based on the Terms of Use may be used   under the CC License in lieu of the Terms of Use.
2. Disclaimer
The Ministry of Foreign Affairs of Japan provides information on this website with every possible care to ensure the accuracy of information contained in this website. However, the Ministry shall not assume any responsibility for any consequences whatsoever that may result from actions taken by users based on the information of this website.
3. Links
1) As a rule, users are not required to ask permission to link to pages on this website. The above-mentioned rule applies when the users provide a link to any page of this website including the top page, unless otherwise indicated on this website. In addition, it is not necessary to notify us of the fact of providing links. Users must, however, indicate clearly on their web pages that they are link(s) to this website. When the link is created, users are requested to ensure that the link to this website does not open as a frame within another website.
2) There will be a change of this website's URL including the top page without prior notice. The Ministry of Foreign Affairs of Japan is not responsible to users for any damages or consequences such as inconveniences related to indicators of broken links caused by changes or deletions of information on this website or changes of this website's URL."
441,Hirofumi Nakasone,2016-03-01,"March 1, 2016
Japanese
Tweet
1. Using the content on this website
Information made available on this website (hereinafter   referred to as “Content”) may be freely used, copied, publicly   transmitted, translated or otherwise modified on condition that the user   complies with provisions 1) to 6) below, with the exception of Content   where other terms of use are applied. Commercial use of Content is also   permitted.According the terms of use does not apply to such data, and   may be used freely.
Use of the Content constitutes agreement by the   user with these terms of use for using the Content described herein   (hereinafter referred to as “Terms of Use”).
1) Source citation
The user must cite the source when using the Content. Sources should be cited in the following manner:
(Examples of source citation)
Source: Website of the Ministry of Foreign Affairs of Japan (URL of the relevant page)
Source: XX Survey (Ministry of Foreign Affairs of Japan) (URL of the relevant page) (accessed on year/month/day)
If you have edited the Content for use, you must include a statement   expressing that the content has been edited, in addition to the   abovementioned source citation, but not any way that making public or   using edited information in a format that may be misconstrued as having   been created by the Government of Japan (or its ministries and/or   agencies).
(Example of citation when using edited content)
Created by editing the XX Survey (Ministry of Foreign Affairs of Japan) (URL of the relevant page)
Created by Company YY based on XX Survey (Ministry of Foreign Affairs of Japan) (URL of the relevant page)
2) No infringement of third party rights
In some cases, a third party (refers to a party other than the state.   Hereinafter referred to as “Third Party”) may hold copyrights or other   rights to a part of the Content. For Content where a Third Party holds   copyrights or other rights (e.g. portrait rights in a photograph,   publicity rights etc.), it is the responsibility of the user to obtain   consent for use from the Third Party unless there is explicit indication   that the rights have already been cleared.
If a Third Party   holds rights to a part of the Content, said fact may be directly or   indirectly stated or indicated through source citations, but in some   cases the part of the Content to which the Third Party holds the rights   may not be clear or may not be explicitly stated. It is the   responsibility of the user to confirm the rights pertaining to use of   the Content.
Even if a Third Party holds copyrights to the   Content, some use of the Content, such as quoting, may be allowed   without the consent of the copyright holder, under the Copyright Act of   Japan.
3) Content where the Terms of Use does not reply.
The Terms of Use herein does not apply to the following Content.
Symbol mark, Logo, and Character Design which represent the organization or specific business.
4) Governing law and jurisdiction
The Terms of Use shall be governed by and construed in accordance with the laws of Japan.
In case of disputes relating to the use of the Content based on the   Terms of Use, or the Terms of Use, the user agrees that the exclusive   court of first instance shall be the district court with jurisdiction in   the place where the organization that has published the disputed   Content or Terms of Use is located.
5) Disclaimer
The state bears absolutely no responsibility for any action taken by   the user involving the use of the Content (including use of information   based on edited Content).
The Content may be modified, moved or deleted without prior notice.
6) Other
The Terms of Use does not limit those types of uses for which, under   Copyright Act of Japan, license from the right holders are not required.
The Terms of Use was established on Feb 29, 2016. The Terms of Use is   based on the Government of Japan Standard Terms and Conditions (Version   2.0). The Terms of Use may be modified in the future. If you are already   using Content under previous version of the Government of Japan   Standard Terms of Use, these terms and conditions will continue to   apply.
The Terms of Use are compatible with the Creative   Commons Attribution License 4.0 (hereinafter referred to as the CC   License). This means that Content based on the Terms of Use may be used   under the CC License in lieu of the Terms of Use.
2. Disclaimer
The Ministry of Foreign Affairs of Japan provides information on this website with every possible care to ensure the accuracy of information contained in this website. However, the Ministry shall not assume any responsibility for any consequences whatsoever that may result from actions taken by users based on the information of this website.
3. Links
1) As a rule, users are not required to ask permission to link to pages on this website. The above-mentioned rule applies when the users provide a link to any page of this website including the top page, unless otherwise indicated on this website. In addition, it is not necessary to notify us of the fact of providing links. Users must, however, indicate clearly on their web pages that they are link(s) to this website. When the link is created, users are requested to ensure that the link to this website does not open as a frame within another website.
2) There will be a change of this website's URL including the top page without prior notice. The Ministry of Foreign Affairs of Japan is not responsible to users for any damages or consequences such as inconveniences related to indicators of broken links caused by changes or deletions of information on this website or changes of this website's URL."
57,Taro Kono,2016-03-01,"March 1, 2016
Japanese
Tweet
1. Using the content on this website
Information made available on this website (hereinafter   referred to as “Content”) may be freely used, copied, publicly   transmitted, translated or otherwise modified on condition that the user   complies with provisions 1) to 6) below, with the exception of Content   where other terms of use are applied. Commercial use of Content is also   permitted.According the terms of use does not apply to such data, and   may be used freely.
Use of the Content constitutes agreement by the   user with these terms of use for using the Content described herein   (hereinafter referred to as “Terms of Use”).
1) Source citation
The user must cite the source when using the Content. Sources should be cited in the following manner:
(Examples of source citation)
Source: Website of the Ministry of Foreign Affairs of Japan (URL of the relevant page)
Source: XX Survey (Ministry of Foreign Affairs of Japan) (URL of the relevant page) (accessed on year/month/day)
If you have edited the Content for use, you must include a statement   expressing that the content has been edited, in addition to the   abovementioned source citation, but not any way that making public or   using edited information in a format that may be misconstrued as having   been created by the Government of Japan (or its ministries and/or   agencies).
(Example of citation when using edited content)
Created by editing the XX Survey (Ministry of Foreign Affairs of Japan) (URL of the relevant page)
Created by Company YY based on XX Survey (Ministry of Foreign Affairs of Japan) (URL of the relevant page)
2) No infringement of third party rights
In some cases, a third party (refers to a party other than the state.   Hereinafter referred to as “Third Party”) may hold copyrights or other   rights to a part of the Content. For Content where a Third Party holds   copyrights or other rights (e.g. portrait rights in a photograph,   publicity rights etc.), it is the responsibility of the user to obtain   consent for use from the Third Party unless there is explicit indication   that the rights have already been cleared.
If a Third Party   holds rights to a part of the Content, said fact may be directly or   indirectly stated or indicated through source citations, but in some   cases the part of the Content to which the Third Party holds the rights   may not be clear or may not be explicitly stated. It is the   responsibility of the user to confirm the rights pertaining to use of   the Content.
Even if a Third Party holds copyrights to the   Content, some use of the Content, such as quoting, may be allowed   without the consent of the copyright holder, under the Copyright Act of   Japan.
3) Content where the Terms of Use does not reply.
The Terms of Use herein does not apply to the following Content.
Symbol mark, Logo, and Character Design which represent the organization or specific business.
4) Governing law and jurisdiction
The Terms of Use shall be governed by and construed in accordance with the laws of Japan.
In case of disputes relating to the use of the Content based on the   Terms of Use, or the Terms of Use, the user agrees that the exclusive   court of first instance shall be the district court with jurisdiction in   the place where the organization that has published the disputed   Content or Terms of Use is located.
5) Disclaimer
The state bears absolutely no responsibility for any action taken by   the user involving the use of the Content (including use of information   based on edited Content).
The Content may be modified, moved or deleted without prior notice.
6) Other
The Terms of Use does not limit those types of uses for which, under   Copyright Act of Japan, license from the right holders are not required.
The Terms of Use was established on Feb 29, 2016. The Terms of Use is   based on the Government of Japan Standard Terms and Conditions (Version   2.0). The Terms of Use may be modified in the future. If you are already   using Content under previous version of the Government of Japan   Standard Terms of Use, these terms and conditions will continue to   apply.
The Terms of Use are compatible with the Creative   Commons Attribution License 4.0 (hereinafter referred to as the CC   License). This means that Content based on the Terms of Use may be used   under the CC License in lieu of the Terms of Use.
2. Disclaimer
The Ministry of Foreign Affairs of Japan provides information on this website with every possible care to ensure the accuracy of information contained in this website. However, the Ministry shall not assume any responsibility for any consequences whatsoever that may result from actions taken by users based on the information of this website.
3. Links
1) As a rule, users are not required to ask permission to link to pages on this website. The above-mentioned rule applies when the users provide a link to any page of this website including the top page, unless otherwise indicated on this website. In addition, it is not necessary to notify us of the fact of providing links. Users must, however, indicate clearly on their web pages that they are link(s) to this website. When the link is created, users are requested to ensure that the link to this website does not open as a frame within another website.
2) There will be a change of this website's URL including the top page without prior notice. The Ministry of Foreign Affairs of Japan is not responsible to users for any damages or consequences such as inconveniences related to indicators of broken links caused by changes or deletions of information on this website or changes of this website's URL."
534,Nobutaka Machimura,2016-03-01,"March 1, 2016
Japanese
Tweet
1. Using the content on this website
Information made available on this website (hereinafter   referred to as “Content”) may be freely used, copied, publicly   transmitted, translated or otherwise modified on condition that the user   complies with provisions 1) to 6) below, with the exception of Content   where other terms of use are applied. Commercial use of Content is also   permitted.According the terms of use does not apply to such data, and   may be used freely.
Use of the Content constitutes agreement by the   user with these terms of use for using the Content described herein   (hereinafter referred to as “Terms of Use”).
1) Source citation
The user must cite the source when using the Content. Sources should be cited in the following manner:
(Examples of source citation)
Source: Website of the Ministry of Foreign Affairs of Japan (URL of the relevant page)
Source: XX Survey (Ministry of Foreign Affairs of Japan) (URL of the relevant page) (accessed on year/month/day)
If you have edited the Content for use, you must include a statement   expressing that the content has been edited, in addition to the   abovementioned source citation, but not any way that making public or   using edited information in a format that may be misconstrued as having   been created by the Government of Japan (or its ministries and/or   agencies).
(Example of citation when using edited content)
Created by editing the XX Survey (Ministry of Foreign Affairs of Japan) (URL of the relevant page)
Created by Company YY based on XX Survey (Ministry of Foreign Affairs of Japan) (URL of the relevant page)
2) No infringement of third party rights
In some cases, a third party (refers to a party other than the state.   Hereinafter referred to as “Third Party”) may hold copyrights or other   rights to a part of the Content. For Content where a Third Party holds   copyrights or other rights (e.g. portrait rights in a photograph,   publicity rights etc.), it is the responsibility of the user to obtain   consent for use from the Third Party unless there is explicit indication   that the rights have already been cleared.
If a Third Party   holds rights to a part of the Content, said fact may be directly or   indirectly stated or indicated through source citations, but in some   cases the part of the Content to which the Third Party holds the rights   may not be clear or may not be explicitly stated. It is the   responsibility of the user to confirm the rights pertaining to use of   the Content.
Even if a Third Party holds copyrights to the   Content, some use of the Content, such as quoting, may be allowed   without the consent of the copyright holder, under the Copyright Act of   Japan.
3) Content where the Terms of Use does not reply.
The Terms of Use herein does not apply to the following Content.
Symbol mark, Logo, and Character Design which represent the organization or specific business.
4) Governing law and jurisdiction
The Terms of Use shall be governed by and construed in accordance with the laws of Japan.
In case of disputes relating to the use of the Content based on the   Terms of Use, or the Terms of Use, the user agrees that the exclusive   court of first instance shall be the district court with jurisdiction in   the place where the organization that has published the disputed   Content or Terms of Use is located.
5) Disclaimer
The state bears absolutely no responsibility for any action taken by   the user involving the use of the Content (including use of information   based on edited Content).
The Content may be modified, moved or deleted without prior notice.
6) Other
The Terms of Use does not limit those types of uses for which, under   Copyright Act of Japan, license from the right holders are not required.
The Terms of Use was established on Feb 29, 2016. The Terms of Use is   based on the Government of Japan Standard Terms and Conditions (Version   2.0). The Terms of Use may be modified in the future. If you are already   using Content under previous version of the Government of Japan   Standard Terms of Use, these terms and conditions will continue to   apply.
The Terms of Use are compatible with the Creative   Commons Attribution License 4.0 (hereinafter referred to as the CC   License). This means that Content based on the Terms of Use may be used   under the CC License in lieu of the Terms of Use.
2. Disclaimer
The Ministry of Foreign Affairs of Japan provides information on this website with every possible care to ensure the accuracy of information contained in this website. However, the Ministry shall not assume any responsibility for any consequences whatsoever that may result from actions taken by users based on the information of this website.
3. Links
1) As a rule, users are not required to ask permission to link to pages on this website. The above-mentioned rule applies when the users provide a link to any page of this website including the top page, unless otherwise indicated on this website. In addition, it is not necessary to notify us of the fact of providing links. Users must, however, indicate clearly on their web pages that they are link(s) to this website. When the link is created, users are requested to ensure that the link to this website does not open as a frame within another website.
2) There will be a change of this website's URL including the top page without prior notice. The Ministry of Foreign Affairs of Japan is not responsible to users for any damages or consequences such as inconveniences related to indicators of broken links caused by changes or deletions of information on this website or changes of this website's URL."
1019,Masahiko Koumura,2016-03-01,"March 1, 2016
Japanese
Tweet
1. Using the content on this website
Information made available on this website (hereinafter   referred to as “Content”) may be freely used, copied, publicly   transmitted, translated or otherwise modified on condition that the user   complies with provisions 1) to 6) below, with the exception of Content   where other terms of use are applied. Commercial use of Content is also   permitted.According the terms of use does not apply to such data, and   may be used freely.
Use of the Content constitutes agreement by the   user with these terms of use for using the Content described herein   (hereinafter referred to as “Terms of Use”).
1) Source citation
The user must cite the source when using the Content. Sources should be cited in the following manner:
(Examples of source citation)
Source: Website of the Ministry of Foreign Affairs of Japan (URL of the relevant page)
Source: XX Survey (Ministry of Foreign Affairs of Japan) (URL of the relevant page) (accessed on year/month/day)
If you have edited the Content for use, you must include a statement   expressing that the content has been edited, in addition to the   abovementioned source citation, but not any way that making public or   using edited information in a format that may be misconstrued as having   been created by the Government of Japan (or its ministries and/or   agencies).
(Example of citation when using edited content)
Created by editing the XX Survey (Ministry of Foreign Affairs of Japan) (URL of the relevant page)
Created by Company YY based on XX Survey (Ministry of Foreign Affairs of Japan) (URL of the relevant page)
2) No infringement of third party rights
In some cases, a third party (refers to a party other than the state.   Hereinafter referred to as “Third Party”) may hold copyrights or other   rights to a part of the Content. For Content where a Third Party holds   copyrights or other rights (e.g. portrait rights in a photograph,   publicity rights etc.), it is the responsibility of the user to obtain   consent for use from the Third Party unless there is explicit indication   that the rights have already been cleared.
If a Third Party   holds rights to a part of the Content, said fact may be directly or   indirectly stated or indicated through source citations, but in some   cases the part of the Content to which the Third Party holds the rights   may not be clear or may not be explicitly stated. It is the   responsibility of the user to confirm the rights pertaining to use of   the Content.
Even if a Third Party holds copyrights to the   Content, some use of the Content, such as quoting, may be allowed   without the consent of the copyright holder, under the Copyright Act of   Japan.
3) Content where the Terms of Use does not reply.
The Terms of Use herein does not apply to the following Content.
Symbol mark, Logo, and Character Design which represent the organization or specific business.
4) Governing law and jurisdiction
The Terms of Use shall be governed by and construed in accordance with the laws of Japan.
In case of disputes relating to the use of the Content based on the   Terms of Use, or the Terms of Use, the user agrees that the exclusive   court of first instance shall be the district court with jurisdiction in   the place where the organization that has published the disputed   Content or Terms of Use is located.
5) Disclaimer
The state bears absolutely no responsibility for any action taken by   the user involving the use of the Content (including use of information   based on edited Content).
The Content may be modified, moved or deleted without prior notice.
6) Other
The Terms of Use does not limit those types of uses for which, under   Copyright Act of Japan, license from the right holders are not required.
The Terms of Use was established on Feb 29, 2016. The Terms of Use is   based on the Government of Japan Standard Terms and Conditions (Version   2.0). The Terms of Use may be modified in the future. If you are already   using Content under previous version of the Government of Japan   Standard Terms of Use, these terms and conditions will continue to   apply.
The Terms of Use are compatible with the Creative   Commons Attribution License 4.0 (hereinafter referred to as the CC   License). This means that Content based on the Terms of Use may be used   under the CC License in lieu of the Terms of Use.
2. Disclaimer
The Ministry of Foreign Affairs of Japan provides information on this website with every possible care to ensure the accuracy of information contained in this website. However, the Ministry shall not assume any responsibility for any consequences whatsoever that may result from actions taken by users based on the information of this website.
3. Links
1) As a rule, users are not required to ask permission to link to pages on this website. The above-mentioned rule applies when the users provide a link to any page of this website including the top page, unless otherwise indicated on this website. In addition, it is not necessary to notify us of the fact of providing links. Users must, however, indicate clearly on their web pages that they are link(s) to this website. When the link is created, users are requested to ensure that the link to this website does not open as a frame within another website.
2) There will be a change of this website's URL including the top page without prior notice. The Ministry of Foreign Affairs of Japan is not responsible to users for any damages or consequences such as inconveniences related to indicators of broken links caused by changes or deletions of information on this website or changes of this website's URL."
359,Katsuya Okada,2016-03-01,"March 1, 2016
Japanese
Tweet
1. Using the content on this website
Information made available on this website (hereinafter   referred to as “Content”) may be freely used, copied, publicly   transmitted, translated or otherwise modified on condition that the user   complies with provisions 1) to 6) below, with the exception of Content   where other terms of use are applied. Commercial use of Content is also   permitted.According the terms of use does not apply to such data, and   may be used freely.
Use of the Content constitutes agreement by the   user with these terms of use for using the Content described herein   (hereinafter referred to as “Terms of Use”).
1) Source citation
The user must cite the source when using the Content. Sources should be cited in the following manner:
(Examples of source citation)
Source: Website of the Ministry of Foreign Affairs of Japan (URL of the relevant page)
Source: XX Survey (Ministry of Foreign Affairs of Japan) (URL of the relevant page) (accessed on year/month/day)
If you have edited the Content for use, you must include a statement   expressing that the content has been edited, in addition to the   abovementioned source citation, but not any way that making public or   using edited information in a format that may be misconstrued as having   been created by the Government of Japan (or its ministries and/or   agencies).
(Example of citation when using edited content)
Created by editing the XX Survey (Ministry of Foreign Affairs of Japan) (URL of the relevant page)
Created by Company YY based on XX Survey (Ministry of Foreign Affairs of Japan) (URL of the relevant page)
2) No infringement of third party rights
In some cases, a third party (refers to a party other than the state.   Hereinafter referred to as “Third Party”) may hold copyrights or other   rights to a part of the Content. For Content where a Third Party holds   copyrights or other rights (e.g. portrait rights in a photograph,   publicity rights etc.), it is the responsibility of the user to obtain   consent for use from the Third Party unless there is explicit indication   that the rights have already been cleared.
If a Third Party   holds rights to a part of the Content, said fact may be directly or   indirectly stated or indicated through source citations, but in some   cases the part of the Content to which the Third Party holds the rights   may not be clear or may not be explicitly stated. It is the   responsibility of the user to confirm the rights pertaining to use of   the Content.
Even if a Third Party holds copyrights to the   Content, some use of the Content, such as quoting, may be allowed   without the consent of the copyright holder, under the Copyright Act of   Japan.
3) Content where the Terms of Use does not reply.
The Terms of Use herein does not apply to the following Content.
Symbol mark, Logo, and Character Design which represent the organization or specific business.
4) Governing law and jurisdiction
The Terms of Use shall be governed by and construed in accordance with the laws of Japan.
In case of disputes relating to the use of the Content based on the   Terms of Use, or the Terms of Use, the user agrees that the exclusive   court of first instance shall be the district court with jurisdiction in   the place where the organization that has published the disputed   Content or Terms of Use is located.
5) Disclaimer
The state bears absolutely no responsibility for any action taken by   the user involving the use of the Content (including use of information   based on edited Content).
The Content may be modified, moved or deleted without prior notice.
6) Other
The Terms of Use does not limit those types of uses for which, under   Copyright Act of Japan, license from the right holders are not required.
The Terms of Use was established on Feb 29, 2016. The Terms of Use is   based on the Government of Japan Standard Terms and Conditions (Version   2.0). The Terms of Use may be modified in the future. If you are already   using Content under previous version of the Government of Japan   Standard Terms of Use, these terms and conditions will continue to   apply.
The Terms of Use are compatible with the Creative   Commons Attribution License 4.0 (hereinafter referred to as the CC   License). This means that Content based on the Terms of Use may be used   under the CC License in lieu of the Terms of Use.
2. Disclaimer
The Ministry of Foreign Affairs of Japan provides information on this website with every possible care to ensure the accuracy of information contained in this website. However, the Ministry shall not assume any responsibility for any consequences whatsoever that may result from actions taken by users based on the information of this website.
3. Links
1) As a rule, users are not required to ask permission to link to pages on this website. The above-mentioned rule applies when the users provide a link to any page of this website including the top page, unless otherwise indicated on this website. In addition, it is not necessary to notify us of the fact of providing links. Users must, however, indicate clearly on their web pages that they are link(s) to this website. When the link is created, users are requested to ensure that the link to this website does not open as a frame within another website.
2) There will be a change of this website's URL including the top page without prior notice. The Ministry of Foreign Affairs of Japan is not responsible to users for any damages or consequences such as inconveniences related to indicators of broken links caused by changes or deletions of information on this website or changes of this website's URL."
213,Koichiro Gemba,2016-03-01,"March 1, 2016
Japanese
Tweet
1. Using the content on this website
Information made available on this website (hereinafter   referred to as “Content”) may be freely used, copied, publicly   transmitted, translated or otherwise modified on condition that the user   complies with provisions 1) to 6) below, with the exception of Content   where other terms of use are applied. Commercial use of Content is also   permitted.According the terms of use does not apply to such data, and   may be used freely.
Use of the Content constitutes agreement by the   user with these terms of use for using the Content described herein   (hereinafter referred to as “Terms of Use”).
1) Source citation
The user must cite the source when using the Content. Sources should be cited in the following manner:
(Examples of source citation)
Source: Website of the Ministry of Foreign Affairs of Japan (URL of the relevant page)
Source: XX Survey (Ministry of Foreign Affairs of Japan) (URL of the relevant page) (accessed on year/month/day)
If you have edited the Content for use, you must include a statement   expressing that the content has been edited, in addition to the   abovementioned source citation, but not any way that making public or   using edited information in a format that may be misconstrued as having   been created by the Government of Japan (or its ministries and/or   agencies).
(Example of citation when using edited content)
Created by editing the XX Survey (Ministry of Foreign Affairs of Japan) (URL of the relevant page)
Created by Company YY based on XX Survey (Ministry of Foreign Affairs of Japan) (URL of the relevant page)
2) No infringement of third party rights
In some cases, a third party (refers to a party other than the state.   Hereinafter referred to as “Third Party”) may hold copyrights or other   rights to a part of the Content. For Content where a Third Party holds   copyrights or other rights (e.g. portrait rights in a photograph,   publicity rights etc.), it is the responsibility of the user to obtain   consent for use from the Third Party unless there is explicit indication   that the rights have already been cleared.
If a Third Party   holds rights to a part of the Content, said fact may be directly or   indirectly stated or indicated through source citations, but in some   cases the part of the Content to which the Third Party holds the rights   may not be clear or may not be explicitly stated. It is the   responsibility of the user to confirm the rights pertaining to use of   the Content.
Even if a Third Party holds copyrights to the   Content, some use of the Content, such as quoting, may be allowed   without the consent of the copyright holder, under the Copyright Act of   Japan.
3) Content where the Terms of Use does not reply.
The Terms of Use herein does not apply to the following Content.
Symbol mark, Logo, and Character Design which represent the organization or specific business.
4) Governing law and jurisdiction
The Terms of Use shall be governed by and construed in accordance with the laws of Japan.
In case of disputes relating to the use of the Content based on the   Terms of Use, or the Terms of Use, the user agrees that the exclusive   court of first instance shall be the district court with jurisdiction in   the place where the organization that has published the disputed   Content or Terms of Use is located.
5) Disclaimer
The state bears absolutely no responsibility for any action taken by   the user involving the use of the Content (including use of information   based on edited Content).
The Content may be modified, moved or deleted without prior notice.
6) Other
The Terms of Use does not limit those types of uses for which, under   Copyright Act of Japan, license from the right holders are not required.
The Terms of Use was established on Feb 29, 2016. The Terms of Use is   based on the Government of Japan Standard Terms and Conditions (Version   2.0). The Terms of Use may be modified in the future. If you are already   using Content under previous version of the Government of Japan   Standard Terms of Use, these terms and conditions will continue to   apply.
The Terms of Use are compatible with the Creative   Commons Attribution License 4.0 (hereinafter referred to as the CC   License). This means that Content based on the Terms of Use may be used   under the CC License in lieu of the Terms of Use.
2. Disclaimer
The Ministry of Foreign Affairs of Japan provides information on this website with every possible care to ensure the accuracy of information contained in this website. However, the Ministry shall not assume any responsibility for any consequences whatsoever that may result from actions taken by users based on the information of this website.
3. Links
1) As a rule, users are not required to ask permission to link to pages on this website. The above-mentioned rule applies when the users provide a link to any page of this website including the top page, unless otherwise indicated on this website. In addition, it is not necessary to notify us of the fact of providing links. Users must, however, indicate clearly on their web pages that they are link(s) to this website. When the link is created, users are requested to ensure that the link to this website does not open as a frame within another website.
2) There will be a change of this website's URL including the top page without prior notice. The Ministry of Foreign Affairs of Japan is not responsible to users for any damages or consequences such as inconveniences related to indicators of broken links caused by changes or deletions of information on this website or changes of this website's URL."
256,Takeaki Matsumoto,2016-03-01,"March 1, 2016
Japanese
Tweet
1. Using the content on this website
Information made available on this website (hereinafter   referred to as “Content”) may be freely used, copied, publicly   transmitted, translated or otherwise modified on condition that the user   complies with provisions 1) to 6) below, with the exception of Content   where other terms of use are applied. Commercial use of Content is also   permitted.According the terms of use does not apply to such data, and   may be used freely.
Use of the Content constitutes agreement by the   user with these terms of use for using the Content described herein   (hereinafter referred to as “Terms of Use”).
1) Source citation
The user must cite the source when using the Content. Sources should be cited in the following manner:
(Examples of source citation)
Source: Website of the Ministry of Foreign Affairs of Japan (URL of the relevant page)
Source: XX Survey (Ministry of Foreign Affairs of Japan) (URL of the relevant page) (accessed on year/month/day)
If you have edited the Content for use, you must include a statement   expressing that the content has been edited, in addition to the   abovementioned source citation, but not any way that making public or   using edited information in a format that may be misconstrued as having   been created by the Government of Japan (or its ministries and/or   agencies).
(Example of citation when using edited content)
Created by editing the XX Survey (Ministry of Foreign Affairs of Japan) (URL of the relevant page)
Created by Company YY based on XX Survey (Ministry of Foreign Affairs of Japan) (URL of the relevant page)
2) No infringement of third party rights
In some cases, a third party (refers to a party other than the state.   Hereinafter referred to as “Third Party”) may hold copyrights or other   rights to a part of the Content. For Content where a Third Party holds   copyrights or other rights (e.g. portrait rights in a photograph,   publicity rights etc.), it is the responsibility of the user to obtain   consent for use from the Third Party unless there is explicit indication   that the rights have already been cleared.
If a Third Party   holds rights to a part of the Content, said fact may be directly or   indirectly stated or indicated through source citations, but in some   cases the part of the Content to which the Third Party holds the rights   may not be clear or may not be explicitly stated. It is the   responsibility of the user to confirm the rights pertaining to use of   the Content.
Even if a Third Party holds copyrights to the   Content, some use of the Content, such as quoting, may be allowed   without the consent of the copyright holder, under the Copyright Act of   Japan.
3) Content where the Terms of Use does not reply.
The Terms of Use herein does not apply to the following Content.
Symbol mark, Logo, and Character Design which represent the organization or specific business.
4) Governing law and jurisdiction
The Terms of Use shall be governed by and construed in accordance with the laws of Japan.
In case of disputes relating to the use of the Content based on the   Terms of Use, or the Terms of Use, the user agrees that the exclusive   court of first instance shall be the district court with jurisdiction in   the place where the organization that has published the disputed   Content or Terms of Use is located.
5) Disclaimer
The state bears absolutely no responsibility for any action taken by   the user involving the use of the Content (including use of information   based on edited Content).
The Content may be modified, moved or deleted without prior notice.
6) Other
The Terms of Use does not limit those types of uses for which, under   Copyright Act of Japan, license from the right holders are not required.
The Terms of Use was established on Feb 29, 2016. The Terms of Use is   based on the Government of Japan Standard Terms and Conditions (Version   2.0). The Terms of Use may be modified in the future. If you are already   using Content under previous version of the Government of Japan   Standard Terms of Use, these terms and conditions will continue to   apply.
The Terms of Use are compatible with the Creative   Commons Attribution License 4.0 (hereinafter referred to as the CC   License). This means that Content based on the Terms of Use may be used   under the CC License in lieu of the Terms of Use.
2. Disclaimer
The Ministry of Foreign Affairs of Japan provides information on this website with every possible care to ensure the accuracy of information contained in this website. However, the Ministry shall not assume any responsibility for any consequences whatsoever that may result from actions taken by users based on the information of this website.
3. Links
1) As a rule, users are not required to ask permission to link to pages on this website. The above-mentioned rule applies when the users provide a link to any page of this website including the top page, unless otherwise indicated on this website. In addition, it is not necessary to notify us of the fact of providing links. Users must, however, indicate clearly on their web pages that they are link(s) to this website. When the link is created, users are requested to ensure that the link to this website does not open as a frame within another website.
2) There will be a change of this website's URL including the top page without prior notice. The Ministry of Foreign Affairs of Japan is not responsible to users for any damages or consequences such as inconveniences related to indicators of broken links caused by changes or deletions of information on this website or changes of this website's URL."
699,Nobutaka Machimura,2016-03-01,"March 1, 2016
Japanese
Tweet
1. Using the content on this website
Information made available on this website (hereinafter   referred to as “Content”) may be freely used, copied, publicly   transmitted, translated or otherwise modified on condition that the user   complies with provisions 1) to 6) below, with the exception of Content   where other terms of use are applied. Commercial use of Content is also   permitted.According the terms of use does not apply to such data, and   may be used freely.
Use of the Content constitutes agreement by the   user with these terms of use for using the Content described herein   (hereinafter referred to as “Terms of Use”).
1) Source citation
The user must cite the source when using the Content. Sources should be cited in the following manner:
(Examples of source citation)
Source: Website of the Ministry of Foreign Affairs of Japan (URL of the relevant page)
Source: XX Survey (Ministry of Foreign Affairs of Japan) (URL of the relevant page) (accessed on year/month/day)
If you have edited the Content for use, you must include a statement   expressing that the content has been edited, in addition to the   abovementioned source citation, but not any way that making public or   using edited information in a format that may be misconstrued as having   been created by the Government of Japan (or its ministries and/or   agencies).
(Example of citation when using edited content)
Created by editing the XX Survey (Ministry of Foreign Affairs of Japan) (URL of the relevant page)
Created by Company YY based on XX Survey (Ministry of Foreign Affairs of Japan) (URL of the relevant page)
2) No infringement of third party rights
In some cases, a third party (refers to a party other than the state.   Hereinafter referred to as “Third Party”) may hold copyrights or other   rights to a part of the Content. For Content where a Third Party holds   copyrights or other rights (e.g. portrait rights in a photograph,   publicity rights etc.), it is the responsibility of the user to obtain   consent for use from the Third Party unless there is explicit indication   that the rights have already been cleared.
If a Third Party   holds rights to a part of the Content, said fact may be directly or   indirectly stated or indicated through source citations, but in some   cases the part of the Content to which the Third Party holds the rights   may not be clear or may not be explicitly stated. It is the   responsibility of the user to confirm the rights pertaining to use of   the Content.
Even if a Third Party holds copyrights to the   Content, some use of the Content, such as quoting, may be allowed   without the consent of the copyright holder, under the Copyright Act of   Japan.
3) Content where the Terms of Use does not reply.
The Terms of Use herein does not apply to the following Content.
Symbol mark, Logo, and Character Design which represent the organization or specific business.
4) Governing law and jurisdiction
The Terms of Use shall be governed by and construed in accordance with the laws of Japan.
In case of disputes relating to the use of the Content based on the   Terms of Use, or the Terms of Use, the user agrees that the exclusive   court of first instance shall be the district court with jurisdiction in   the place where the organization that has published the disputed   Content or Terms of Use is located.
5) Disclaimer
The state bears absolutely no responsibility for any action taken by   the user involving the use of the Content (including use of information   based on edited Content).
The Content may be modified, moved or deleted without prior notice.
6) Other
The Terms of Use does not limit those types of uses for which, under   Copyright Act of Japan, license from the right holders are not required.
The Terms of Use was established on Feb 29, 2016. The Terms of Use is   based on the Government of Japan Standard Terms and Conditions (Version   2.0). The Terms of Use may be modified in the future. If you are already   using Content under previous version of the Government of Japan   Standard Terms of Use, these terms and conditions will continue to   apply.
The Terms of Use are compatible with the Creative   Commons Attribution License 4.0 (hereinafter referred to as the CC   License). This means that Content based on the Terms of Use may be used   under the CC License in lieu of the Terms of Use.
2. Disclaimer
The Ministry of Foreign Affairs of Japan provides information on this website with every possible care to ensure the accuracy of information contained in this website. However, the Ministry shall not assume any responsibility for any consequences whatsoever that may result from actions taken by users based on the information of this website.
3. Links
1) As a rule, users are not required to ask permission to link to pages on this website. The above-mentioned rule applies when the users provide a link to any page of this website including the top page, unless otherwise indicated on this website. In addition, it is not necessary to notify us of the fact of providing links. Users must, however, indicate clearly on their web pages that they are link(s) to this website. When the link is created, users are requested to ensure that the link to this website does not open as a frame within another website.
2) There will be a change of this website's URL including the top page without prior notice. The Ministry of Foreign Affairs of Japan is not responsible to users for any damages or consequences such as inconveniences related to indicators of broken links caused by changes or deletions of information on this website or changes of this website's URL."
514,Masahiko Koumura,2016-03-01,"March 1, 2016
Japanese
Tweet
1. Using the content on this website
Information made available on this website (hereinafter   referred to as “Content”) may be freely used, copied, publicly   transmitted, translated or otherwise modified on condition that the user   complies with provisions 1) to 6) below, with the exception of Content   where other terms of use are applied. Commercial use of Content is also   permitted.According the terms of use does not apply to such data, and   may be used freely.
Use of the Content constitutes agreement by the   user with these terms of use for using the Content described herein   (hereinafter referred to as “Terms of Use”).
1) Source citation
The user must cite the source when using the Content. Sources should be cited in the following manner:
(Examples of source citation)
Source: Website of the Ministry of Foreign Affairs of Japan (URL of the relevant page)
Source: XX Survey (Ministry of Foreign Affairs of Japan) (URL of the relevant page) (accessed on year/month/day)
If you have edited the Content for use, you must include a statement   expressing that the content has been edited, in addition to the   abovementioned source citation, but not any way that making public or   using edited information in a format that may be misconstrued as having   been created by the Government of Japan (or its ministries and/or   agencies).
(Example of citation when using edited content)
Created by editing the XX Survey (Ministry of Foreign Affairs of Japan) (URL of the relevant page)
Created by Company YY based on XX Survey (Ministry of Foreign Affairs of Japan) (URL of the relevant page)
2) No infringement of third party rights
In some cases, a third party (refers to a party other than the state.   Hereinafter referred to as “Third Party”) may hold copyrights or other   rights to a part of the Content. For Content where a Third Party holds   copyrights or other rights (e.g. portrait rights in a photograph,   publicity rights etc.), it is the responsibility of the user to obtain   consent for use from the Third Party unless there is explicit indication   that the rights have already been cleared.
If a Third Party   holds rights to a part of the Content, said fact may be directly or   indirectly stated or indicated through source citations, but in some   cases the part of the Content to which the Third Party holds the rights   may not be clear or may not be explicitly stated. It is the   responsibility of the user to confirm the rights pertaining to use of   the Content.
Even if a Third Party holds copyrights to the   Content, some use of the Content, such as quoting, may be allowed   without the consent of the copyright holder, under the Copyright Act of   Japan.
3) Content where the Terms of Use does not reply.
The Terms of Use herein does not apply to the following Content.
Symbol mark, Logo, and Character Design which represent the organization or specific business.
4) Governing law and jurisdiction
The Terms of Use shall be governed by and construed in accordance with the laws of Japan.
In case of disputes relating to the use of the Content based on the   Terms of Use, or the Terms of Use, the user agrees that the exclusive   court of first instance shall be the district court with jurisdiction in   the place where the organization that has published the disputed   Content or Terms of Use is located.
5) Disclaimer
The state bears absolutely no responsibility for any action taken by   the user involving the use of the Content (including use of information   based on edited Content).
The Content may be modified, moved or deleted without prior notice.
6) Other
The Terms of Use does not limit those types of uses for which, under   Copyright Act of Japan, license from the right holders are not required.
The Terms of Use was established on Feb 29, 2016. The Terms of Use is   based on the Government of Japan Standard Terms and Conditions (Version   2.0). The Terms of Use may be modified in the future. If you are already   using Content under previous version of the Government of Japan   Standard Terms of Use, these terms and conditions will continue to   apply.
The Terms of Use are compatible with the Creative   Commons Attribution License 4.0 (hereinafter referred to as the CC   License). This means that Content based on the Terms of Use may be used   under the CC License in lieu of the Terms of Use.
2. Disclaimer
The Ministry of Foreign Affairs of Japan provides information on this website with every possible care to ensure the accuracy of information contained in this website. However, the Ministry shall not assume any responsibility for any consequences whatsoever that may result from actions taken by users based on the information of this website.
3. Links
1) As a rule, users are not required to ask permission to link to pages on this website. The above-mentioned rule applies when the users provide a link to any page of this website including the top page, unless otherwise indicated on this website. In addition, it is not necessary to notify us of the fact of providing links. Users must, however, indicate clearly on their web pages that they are link(s) to this website. When the link is created, users are requested to ensure that the link to this website does not open as a frame within another website.
2) There will be a change of this website's URL including the top page without prior notice. The Ministry of Foreign Affairs of Japan is not responsible to users for any damages or consequences such as inconveniences related to indicators of broken links caused by changes or deletions of information on this website or changes of this website's URL."
957,Makiko Tanaka,2016-03-01,"March 1, 2016
Japanese
Tweet
1. Using the content on this website
Information made available on this website (hereinafter   referred to as “Content”) may be freely used, copied, publicly   transmitted, translated or otherwise modified on condition that the user   complies with provisions 1) to 6) below, with the exception of Content   where other terms of use are applied. Commercial use of Content is also   permitted.According the terms of use does not apply to such data, and   may be used freely.
Use of the Content constitutes agreement by the   user with these terms of use for using the Content described herein   (hereinafter referred to as “Terms of Use”).
1) Source citation
The user must cite the source when using the Content. Sources should be cited in the following manner:
(Examples of source citation)
Source: Website of the Ministry of Foreign Affairs of Japan (URL of the relevant page)
Source: XX Survey (Ministry of Foreign Affairs of Japan) (URL of the relevant page) (accessed on year/month/day)
If you have edited the Content for use, you must include a statement   expressing that the content has been edited, in addition to the   abovementioned source citation, but not any way that making public or   using edited information in a format that may be misconstrued as having   been created by the Government of Japan (or its ministries and/or   agencies).
(Example of citation when using edited content)
Created by editing the XX Survey (Ministry of Foreign Affairs of Japan) (URL of the relevant page)
Created by Company YY based on XX Survey (Ministry of Foreign Affairs of Japan) (URL of the relevant page)
2) No infringement of third party rights
In some cases, a third party (refers to a party other than the state.   Hereinafter referred to as “Third Party”) may hold copyrights or other   rights to a part of the Content. For Content where a Third Party holds   copyrights or other rights (e.g. portrait rights in a photograph,   publicity rights etc.), it is the responsibility of the user to obtain   consent for use from the Third Party unless there is explicit indication   that the rights have already been cleared.
If a Third Party   holds rights to a part of the Content, said fact may be directly or   indirectly stated or indicated through source citations, but in some   cases the part of the Content to which the Third Party holds the rights   may not be clear or may not be explicitly stated. It is the   responsibility of the user to confirm the rights pertaining to use of   the Content.
Even if a Third Party holds copyrights to the   Content, some use of the Content, such as quoting, may be allowed   without the consent of the copyright holder, under the Copyright Act of   Japan.
3) Content where the Terms of Use does not reply.
The Terms of Use herein does not apply to the following Content.
Symbol mark, Logo, and Character Design which represent the organization or specific business.
4) Governing law and jurisdiction
The Terms of Use shall be governed by and construed in accordance with the laws of Japan.
In case of disputes relating to the use of the Content based on the   Terms of Use, or the Terms of Use, the user agrees that the exclusive   court of first instance shall be the district court with jurisdiction in   the place where the organization that has published the disputed   Content or Terms of Use is located.
5) Disclaimer
The state bears absolutely no responsibility for any action taken by   the user involving the use of the Content (including use of information   based on edited Content).
The Content may be modified, moved or deleted without prior notice.
6) Other
The Terms of Use does not limit those types of uses for which, under   Copyright Act of Japan, license from the right holders are not required.
The Terms of Use was established on Feb 29, 2016. The Terms of Use is   based on the Government of Japan Standard Terms and Conditions (Version   2.0). The Terms of Use may be modified in the future. If you are already   using Content under previous version of the Government of Japan   Standard Terms of Use, these terms and conditions will continue to   apply.
The Terms of Use are compatible with the Creative   Commons Attribution License 4.0 (hereinafter referred to as the CC   License). This means that Content based on the Terms of Use may be used   under the CC License in lieu of the Terms of Use.
2. Disclaimer
The Ministry of Foreign Affairs of Japan provides information on this website with every possible care to ensure the accuracy of information contained in this website. However, the Ministry shall not assume any responsibility for any consequences whatsoever that may result from actions taken by users based on the information of this website.
3. Links
1) As a rule, users are not required to ask permission to link to pages on this website. The above-mentioned rule applies when the users provide a link to any page of this website including the top page, unless otherwise indicated on this website. In addition, it is not necessary to notify us of the fact of providing links. Users must, however, indicate clearly on their web pages that they are link(s) to this website. When the link is created, users are requested to ensure that the link to this website does not open as a frame within another website.
2) There will be a change of this website's URL including the top page without prior notice. The Ministry of Foreign Affairs of Japan is not responsible to users for any damages or consequences such as inconveniences related to indicators of broken links caused by changes or deletions of information on this website or changes of this website's URL."
993,Yohei Kono,2016-03-01,"March 1, 2016
Japanese
Tweet
1. Using the content on this website
Information made available on this website (hereinafter   referred to as “Content”) may be freely used, copied, publicly   transmitted, translated or otherwise modified on condition that the user   complies with provisions 1) to 6) below, with the exception of Content   where other terms of use are applied. Commercial use of Content is also   permitted.According the terms of use does not apply to such data, and   may be used freely.
Use of the Content constitutes agreement by the   user with these terms of use for using the Content described herein   (hereinafter referred to as “Terms of Use”).
1) Source citation
The user must cite the source when using the Content. Sources should be cited in the following manner:
(Examples of source citation)
Source: Website of the Ministry of Foreign Affairs of Japan (URL of the relevant page)
Source: XX Survey (Ministry of Foreign Affairs of Japan) (URL of the relevant page) (accessed on year/month/day)
If you have edited the Content for use, you must include a statement   expressing that the content has been edited, in addition to the   abovementioned source citation, but not any way that making public or   using edited information in a format that may be misconstrued as having   been created by the Government of Japan (or its ministries and/or   agencies).
(Example of citation when using edited content)
Created by editing the XX Survey (Ministry of Foreign Affairs of Japan) (URL of the relevant page)
Created by Company YY based on XX Survey (Ministry of Foreign Affairs of Japan) (URL of the relevant page)
2) No infringement of third party rights
In some cases, a third party (refers to a party other than the state.   Hereinafter referred to as “Third Party”) may hold copyrights or other   rights to a part of the Content. For Content where a Third Party holds   copyrights or other rights (e.g. portrait rights in a photograph,   publicity rights etc.), it is the responsibility of the user to obtain   consent for use from the Third Party unless there is explicit indication   that the rights have already been cleared.
If a Third Party   holds rights to a part of the Content, said fact may be directly or   indirectly stated or indicated through source citations, but in some   cases the part of the Content to which the Third Party holds the rights   may not be clear or may not be explicitly stated. It is the   responsibility of the user to confirm the rights pertaining to use of   the Content.
Even if a Third Party holds copyrights to the   Content, some use of the Content, such as quoting, may be allowed   without the consent of the copyright holder, under the Copyright Act of   Japan.
3) Content where the Terms of Use does not reply.
The Terms of Use herein does not apply to the following Content.
Symbol mark, Logo, and Character Design which represent the organization or specific business.
4) Governing law and jurisdiction
The Terms of Use shall be governed by and construed in accordance with the laws of Japan.
In case of disputes relating to the use of the Content based on the   Terms of Use, or the Terms of Use, the user agrees that the exclusive   court of first instance shall be the district court with jurisdiction in   the place where the organization that has published the disputed   Content or Terms of Use is located.
5) Disclaimer
The state bears absolutely no responsibility for any action taken by   the user involving the use of the Content (including use of information   based on edited Content).
The Content may be modified, moved or deleted without prior notice.
6) Other
The Terms of Use does not limit those types of uses for which, under   Copyright Act of Japan, license from the right holders are not required.
The Terms of Use was established on Feb 29, 2016. The Terms of Use is   based on the Government of Japan Standard Terms and Conditions (Version   2.0). The Terms of Use may be modified in the future. If you are already   using Content under previous version of the Government of Japan   Standard Terms of Use, these terms and conditions will continue to   apply.
The Terms of Use are compatible with the Creative   Commons Attribution License 4.0 (hereinafter referred to as the CC   License). This means that Content based on the Terms of Use may be used   under the CC License in lieu of the Terms of Use.
2. Disclaimer
The Ministry of Foreign Affairs of Japan provides information on this website with every possible care to ensure the accuracy of information contained in this website. However, the Ministry shall not assume any responsibility for any consequences whatsoever that may result from actions taken by users based on the information of this website.
3. Links
1) As a rule, users are not required to ask permission to link to pages on this website. The above-mentioned rule applies when the users provide a link to any page of this website including the top page, unless otherwise indicated on this website. In addition, it is not necessary to notify us of the fact of providing links. Users must, however, indicate clearly on their web pages that they are link(s) to this website. When the link is created, users are requested to ensure that the link to this website does not open as a frame within another website.
2) There will be a change of this website's URL including the top page without prior notice. The Ministry of Foreign Affairs of Japan is not responsible to users for any damages or consequences such as inconveniences related to indicators of broken links caused by changes or deletions of information on this website or changes of this website's URL."
24,Current Foreign Minister,2016-03-01,"March 1, 2016
Japanese
Tweet
1. Using the content on this website
Information made available on this website (hereinafter   referred to as “Content”) may be freely used, copied, publicly   transmitted, translated or otherwise modified on condition that the user   complies with provisions 1) to 6) below, with the exception of Content   where other terms of use are applied. Commercial use of Content is also   permitted.According the terms of use does not apply to such data, and   may be used freely.
Use of the Content constitutes agreement by the   user with these terms of use for using the Content described herein   (hereinafter referred to as “Terms of Use”).
1) Source citation
The user must cite the source when using the Content. Sources should be cited in the following manner:
(Examples of source citation)
Source: Website of the Ministry of Foreign Affairs of Japan (URL of the relevant page)
Source: XX Survey (Ministry of Foreign Affairs of Japan) (URL of the relevant page) (accessed on year/month/day)
If you have edited the Content for use, you must include a statement   expressing that the content has been edited, in addition to the   abovementioned source citation, but not any way that making public or   using edited information in a format that may be misconstrued as having   been created by the Government of Japan (or its ministries and/or   agencies).
(Example of citation when using edited content)
Created by editing the XX Survey (Ministry of Foreign Affairs of Japan) (URL of the relevant page)
Created by Company YY based on XX Survey (Ministry of Foreign Affairs of Japan) (URL of the relevant page)
2) No infringement of third party rights
In some cases, a third party (refers to a party other than the state.   Hereinafter referred to as “Third Party”) may hold copyrights or other   rights to a part of the Content. For Content where a Third Party holds   copyrights or other rights (e.g. portrait rights in a photograph,   publicity rights etc.), it is the responsibility of the user to obtain   consent for use from the Third Party unless there is explicit indication   that the rights have already been cleared.
If a Third Party   holds rights to a part of the Content, said fact may be directly or   indirectly stated or indicated through source citations, but in some   cases the part of the Content to which the Third Party holds the rights   may not be clear or may not be explicitly stated. It is the   responsibility of the user to confirm the rights pertaining to use of   the Content.
Even if a Third Party holds copyrights to the   Content, some use of the Content, such as quoting, may be allowed   without the consent of the copyright holder, under the Copyright Act of   Japan.
3) Content where the Terms of Use does not reply.
The Terms of Use herein does not apply to the following Content.
Symbol mark, Logo, and Character Design which represent the organization or specific business.
4) Governing law and jurisdiction
The Terms of Use shall be governed by and construed in accordance with the laws of Japan.
In case of disputes relating to the use of the Content based on the   Terms of Use, or the Terms of Use, the user agrees that the exclusive   court of first instance shall be the district court with jurisdiction in   the place where the organization that has published the disputed   Content or Terms of Use is located.
5) Disclaimer
The state bears absolutely no responsibility for any action taken by   the user involving the use of the Content (including use of information   based on edited Content).
The Content may be modified, moved or deleted without prior notice.
6) Other
The Terms of Use does not limit those types of uses for which, under   Copyright Act of Japan, license from the right holders are not required.
The Terms of Use was established on Feb 29, 2016. The Terms of Use is   based on the Government of Japan Standard Terms and Conditions (Version   2.0). The Terms of Use may be modified in the future. If you are already   using Content under previous version of the Government of Japan   Standard Terms of Use, these terms and conditions will continue to   apply.
The Terms of Use are compatible with the Creative   Commons Attribution License 4.0 (hereinafter referred to as the CC   License). This means that Content based on the Terms of Use may be used   under the CC License in lieu of the Terms of Use.
2. Disclaimer
The Ministry of Foreign Affairs of Japan provides information on this website with every possible care to ensure the accuracy of information contained in this website. However, the Ministry shall not assume any responsibility for any consequences whatsoever that may result from actions taken by users based on the information of this website.
3. Links
1) As a rule, users are not required to ask permission to link to pages on this website. The above-mentioned rule applies when the users provide a link to any page of this website including the top page, unless otherwise indicated on this website. In addition, it is not necessary to notify us of the fact of providing links. Users must, however, indicate clearly on their web pages that they are link(s) to this website. When the link is created, users are requested to ensure that the link to this website does not open as a frame within another website.
2) There will be a change of this website's URL including the top page without prior notice. The Ministry of Foreign Affairs of Japan is not responsible to users for any damages or consequences such as inconveniences related to indicators of broken links caused by changes or deletions of information on this website or changes of this website's URL."
625,Taro Aso,2016-03-01,"March 1, 2016
Japanese
Tweet
1. Using the content on this website
Information made available on this website (hereinafter   referred to as “Content”) may be freely used, copied, publicly   transmitted, translated or otherwise modified on condition that the user   complies with provisions 1) to 6) below, with the exception of Content   where other terms of use are applied. Commercial use of Content is also   permitted.According the terms of use does not apply to such data, and   may be used freely.
Use of the Content constitutes agreement by the   user with these terms of use for using the Content described herein   (hereinafter referred to as “Terms of Use”).
1) Source citation
The user must cite the source when using the Content. Sources should be cited in the following manner:
(Examples of source citation)
Source: Website of the Ministry of Foreign Affairs of Japan (URL of the relevant page)
Source: XX Survey (Ministry of Foreign Affairs of Japan) (URL of the relevant page) (accessed on year/month/day)
If you have edited the Content for use, you must include a statement   expressing that the content has been edited, in addition to the   abovementioned source citation, but not any way that making public or   using edited information in a format that may be misconstrued as having   been created by the Government of Japan (or its ministries and/or   agencies).
(Example of citation when using edited content)
Created by editing the XX Survey (Ministry of Foreign Affairs of Japan) (URL of the relevant page)
Created by Company YY based on XX Survey (Ministry of Foreign Affairs of Japan) (URL of the relevant page)
2) No infringement of third party rights
In some cases, a third party (refers to a party other than the state.   Hereinafter referred to as “Third Party”) may hold copyrights or other   rights to a part of the Content. For Content where a Third Party holds   copyrights or other rights (e.g. portrait rights in a photograph,   publicity rights etc.), it is the responsibility of the user to obtain   consent for use from the Third Party unless there is explicit indication   that the rights have already been cleared.
If a Third Party   holds rights to a part of the Content, said fact may be directly or   indirectly stated or indicated through source citations, but in some   cases the part of the Content to which the Third Party holds the rights   may not be clear or may not be explicitly stated. It is the   responsibility of the user to confirm the rights pertaining to use of   the Content.
Even if a Third Party holds copyrights to the   Content, some use of the Content, such as quoting, may be allowed   without the consent of the copyright holder, under the Copyright Act of   Japan.
3) Content where the Terms of Use does not reply.
The Terms of Use herein does not apply to the following Content.
Symbol mark, Logo, and Character Design which represent the organization or specific business.
4) Governing law and jurisdiction
The Terms of Use shall be governed by and construed in accordance with the laws of Japan.
In case of disputes relating to the use of the Content based on the   Terms of Use, or the Terms of Use, the user agrees that the exclusive   court of first instance shall be the district court with jurisdiction in   the place where the organization that has published the disputed   Content or Terms of Use is located.
5) Disclaimer
The state bears absolutely no responsibility for any action taken by   the user involving the use of the Content (including use of information   based on edited Content).
The Content may be modified, moved or deleted without prior notice.
6) Other
The Terms of Use does not limit those types of uses for which, under   Copyright Act of Japan, license from the right holders are not required.
The Terms of Use was established on Feb 29, 2016. The Terms of Use is   based on the Government of Japan Standard Terms and Conditions (Version   2.0). The Terms of Use may be modified in the future. If you are already   using Content under previous version of the Government of Japan   Standard Terms of Use, these terms and conditions will continue to   apply.
The Terms of Use are compatible with the Creative   Commons Attribution License 4.0 (hereinafter referred to as the CC   License). This means that Content based on the Terms of Use may be used   under the CC License in lieu of the Terms of Use.
2. Disclaimer
The Ministry of Foreign Affairs of Japan provides information on this website with every possible care to ensure the accuracy of information contained in this website. However, the Ministry shall not assume any responsibility for any consequences whatsoever that may result from actions taken by users based on the information of this website.
3. Links
1) As a rule, users are not required to ask permission to link to pages on this website. The above-mentioned rule applies when the users provide a link to any page of this website including the top page, unless otherwise indicated on this website. In addition, it is not necessary to notify us of the fact of providing links. Users must, however, indicate clearly on their web pages that they are link(s) to this website. When the link is created, users are requested to ensure that the link to this website does not open as a frame within another website.
2) There will be a change of this website's URL including the top page without prior notice. The Ministry of Foreign Affairs of Japan is not responsible to users for any damages or consequences such as inconveniences related to indicators of broken links caused by changes or deletions of information on this website or changes of this website's URL."
918,Yoriko Kawaguchi,2016-03-01,"March 1, 2016
Japanese
Tweet
1. Using the content on this website
Information made available on this website (hereinafter   referred to as “Content”) may be freely used, copied, publicly   transmitted, translated or otherwise modified on condition that the user   complies with provisions 1) to 6) below, with the exception of Content   where other terms of use are applied. Commercial use of Content is also   permitted.According the terms of use does not apply to such data, and   may be used freely.
Use of the Content constitutes agreement by the   user with these terms of use for using the Content described herein   (hereinafter referred to as “Terms of Use”).
1) Source citation
The user must cite the source when using the Content. Sources should be cited in the following manner:
(Examples of source citation)
Source: Website of the Ministry of Foreign Affairs of Japan (URL of the relevant page)
Source: XX Survey (Ministry of Foreign Affairs of Japan) (URL of the relevant page) (accessed on year/month/day)
If you have edited the Content for use, you must include a statement   expressing that the content has been edited, in addition to the   abovementioned source citation, but not any way that making public or   using edited information in a format that may be misconstrued as having   been created by the Government of Japan (or its ministries and/or   agencies).
(Example of citation when using edited content)
Created by editing the XX Survey (Ministry of Foreign Affairs of Japan) (URL of the relevant page)
Created by Company YY based on XX Survey (Ministry of Foreign Affairs of Japan) (URL of the relevant page)
2) No infringement of third party rights
In some cases, a third party (refers to a party other than the state.   Hereinafter referred to as “Third Party”) may hold copyrights or other   rights to a part of the Content. For Content where a Third Party holds   copyrights or other rights (e.g. portrait rights in a photograph,   publicity rights etc.), it is the responsibility of the user to obtain   consent for use from the Third Party unless there is explicit indication   that the rights have already been cleared.
If a Third Party   holds rights to a part of the Content, said fact may be directly or   indirectly stated or indicated through source citations, but in some   cases the part of the Content to which the Third Party holds the rights   may not be clear or may not be explicitly stated. It is the   responsibility of the user to confirm the rights pertaining to use of   the Content.
Even if a Third Party holds copyrights to the   Content, some use of the Content, such as quoting, may be allowed   without the consent of the copyright holder, under the Copyright Act of   Japan.
3) Content where the Terms of Use does not reply.
The Terms of Use herein does not apply to the following Content.
Symbol mark, Logo, and Character Design which represent the organization or specific business.
4) Governing law and jurisdiction
The Terms of Use shall be governed by and construed in accordance with the laws of Japan.
In case of disputes relating to the use of the Content based on the   Terms of Use, or the Terms of Use, the user agrees that the exclusive   court of first instance shall be the district court with jurisdiction in   the place where the organization that has published the disputed   Content or Terms of Use is located.
5) Disclaimer
The state bears absolutely no responsibility for any action taken by   the user involving the use of the Content (including use of information   based on edited Content).
The Content may be modified, moved or deleted without prior notice.
6) Other
The Terms of Use does not limit those types of uses for which, under   Copyright Act of Japan, license from the right holders are not required.
The Terms of Use was established on Feb 29, 2016. The Terms of Use is   based on the Government of Japan Standard Terms and Conditions (Version   2.0). The Terms of Use may be modified in the future. If you are already   using Content under previous version of the Government of Japan   Standard Terms of Use, these terms and conditions will continue to   apply.
The Terms of Use are compatible with the Creative   Commons Attribution License 4.0 (hereinafter referred to as the CC   License). This means that Content based on the Terms of Use may be used   under the CC License in lieu of the Terms of Use.
2. Disclaimer
The Ministry of Foreign Affairs of Japan provides information on this website with every possible care to ensure the accuracy of information contained in this website. However, the Ministry shall not assume any responsibility for any consequences whatsoever that may result from actions taken by users based on the information of this website.
3. Links
1) As a rule, users are not required to ask permission to link to pages on this website. The above-mentioned rule applies when the users provide a link to any page of this website including the top page, unless otherwise indicated on this website. In addition, it is not necessary to notify us of the fact of providing links. Users must, however, indicate clearly on their web pages that they are link(s) to this website. When the link is created, users are requested to ensure that the link to this website does not open as a frame within another website.
2) There will be a change of this website's URL including the top page without prior notice. The Ministry of Foreign Affairs of Japan is not responsible to users for any damages or consequences such as inconveniences related to indicators of broken links caused by changes or deletions of information on this website or changes of this website's URL."
119,Fumio Kishida,2016-03-01,"March 1, 2016
Japanese
Tweet
1. Using the content on this website
Information made available on this website (hereinafter   referred to as “Content”) may be freely used, copied, publicly   transmitted, translated or otherwise modified on condition that the user   complies with provisions 1) to 6) below, with the exception of Content   where other terms of use are applied. Commercial use of Content is also   permitted.According the terms of use does not apply to such data, and   may be used freely.
Use of the Content constitutes agreement by the   user with these terms of use for using the Content described herein   (hereinafter referred to as “Terms of Use”).
1) Source citation
The user must cite the source when using the Content. Sources should be cited in the following manner:
(Examples of source citation)
Source: Website of the Ministry of Foreign Affairs of Japan (URL of the relevant page)
Source: XX Survey (Ministry of Foreign Affairs of Japan) (URL of the relevant page) (accessed on year/month/day)
If you have edited the Content for use, you must include a statement   expressing that the content has been edited, in addition to the   abovementioned source citation, but not any way that making public or   using edited information in a format that may be misconstrued as having   been created by the Government of Japan (or its ministries and/or   agencies).
(Example of citation when using edited content)
Created by editing the XX Survey (Ministry of Foreign Affairs of Japan) (URL of the relevant page)
Created by Company YY based on XX Survey (Ministry of Foreign Affairs of Japan) (URL of the relevant page)
2) No infringement of third party rights
In some cases, a third party (refers to a party other than the state.   Hereinafter referred to as “Third Party”) may hold copyrights or other   rights to a part of the Content. For Content where a Third Party holds   copyrights or other rights (e.g. portrait rights in a photograph,   publicity rights etc.), it is the responsibility of the user to obtain   consent for use from the Third Party unless there is explicit indication   that the rights have already been cleared.
If a Third Party   holds rights to a part of the Content, said fact may be directly or   indirectly stated or indicated through source citations, but in some   cases the part of the Content to which the Third Party holds the rights   may not be clear or may not be explicitly stated. It is the   responsibility of the user to confirm the rights pertaining to use of   the Content.
Even if a Third Party holds copyrights to the   Content, some use of the Content, such as quoting, may be allowed   without the consent of the copyright holder, under the Copyright Act of   Japan.
3) Content where the Terms of Use does not reply.
The Terms of Use herein does not apply to the following Content.
Symbol mark, Logo, and Character Design which represent the organization or specific business.
4) Governing law and jurisdiction
The Terms of Use shall be governed by and construed in accordance with the laws of Japan.
In case of disputes relating to the use of the Content based on the   Terms of Use, or the Terms of Use, the user agrees that the exclusive   court of first instance shall be the district court with jurisdiction in   the place where the organization that has published the disputed   Content or Terms of Use is located.
5) Disclaimer
The state bears absolutely no responsibility for any action taken by   the user involving the use of the Content (including use of information   based on edited Content).
The Content may be modified, moved or deleted without prior notice.
6) Other
The Terms of Use does not limit those types of uses for which, under   Copyright Act of Japan, license from the right holders are not required.
The Terms of Use was established on Feb 29, 2016. The Terms of Use is   based on the Government of Japan Standard Terms and Conditions (Version   2.0). The Terms of Use may be modified in the future. If you are already   using Content under previous version of the Government of Japan   Standard Terms of Use, these terms and conditions will continue to   apply.
The Terms of Use are compatible with the Creative   Commons Attribution License 4.0 (hereinafter referred to as the CC   License). This means that Content based on the Terms of Use may be used   under the CC License in lieu of the Terms of Use.
2. Disclaimer
The Ministry of Foreign Affairs of Japan provides information on this website with every possible care to ensure the accuracy of information contained in this website. However, the Ministry shall not assume any responsibility for any consequences whatsoever that may result from actions taken by users based on the information of this website.
3. Links
1) As a rule, users are not required to ask permission to link to pages on this website. The above-mentioned rule applies when the users provide a link to any page of this website including the top page, unless otherwise indicated on this website. In addition, it is not necessary to notify us of the fact of providing links. Users must, however, indicate clearly on their web pages that they are link(s) to this website. When the link is created, users are requested to ensure that the link to this website does not open as a frame within another website.
2) There will be a change of this website's URL including the top page without prior notice. The Ministry of Foreign Affairs of Japan is not responsible to users for any damages or consequences such as inconveniences related to indicators of broken links caused by changes or deletions of information on this website or changes of this website's URL."
214,Koichiro Gemba,2016-06-15,"June 15, 2016
Tweet
Basic policy
The Ministry of Foreign Affairs (MOFA) will work to realize an easily accessible MOFA Website, which allows the elderly and people with disabilities to use the information and services provided on the site without any difficulties. For that purpose, this site will aim to conform to the guideline stipulated in JIS X8341-3 (""Guidelines for older persons and persons with disabilities - Information and communications equipment, software and services - Part 3: Web content""), which is provided by the Japanese Standards Association.
In order to achieve this goal, we have established specific accessibility standards for this site corresponding to each JIS guideline. Furthermore, we relevant personnel received training on web accessibility, so as to establish a system which enables creation of a website satisfying the above goal.
We will continue to work to create a website that conforms to accessibility standards, as well as modify existing pages, as needed, and make efforts to realize a more accessible website."
58,Taro Kono,2016-06-15,"June 15, 2016
Tweet
Basic policy
The Ministry of Foreign Affairs (MOFA) will work to realize an easily accessible MOFA Website, which allows the elderly and people with disabilities to use the information and services provided on the site without any difficulties. For that purpose, this site will aim to conform to the guideline stipulated in JIS X8341-3 (""Guidelines for older persons and persons with disabilities - Information and communications equipment, software and services - Part 3: Web content""), which is provided by the Japanese Standards Association.
In order to achieve this goal, we have established specific accessibility standards for this site corresponding to each JIS guideline. Furthermore, we relevant personnel received training on web accessibility, so as to establish a system which enables creation of a website satisfying the above goal.
We will continue to work to create a website that conforms to accessibility standards, as well as modify existing pages, as needed, and make efforts to realize a more accessible website."
257,Takeaki Matsumoto,2016-06-15,"June 15, 2016
Tweet
Basic policy
The Ministry of Foreign Affairs (MOFA) will work to realize an easily accessible MOFA Website, which allows the elderly and people with disabilities to use the information and services provided on the site without any difficulties. For that purpose, this site will aim to conform to the guideline stipulated in JIS X8341-3 (""Guidelines for older persons and persons with disabilities - Information and communications equipment, software and services - Part 3: Web content""), which is provided by the Japanese Standards Association.
In order to achieve this goal, we have established specific accessibility standards for this site corresponding to each JIS guideline. Furthermore, we relevant personnel received training on web accessibility, so as to establish a system which enables creation of a website satisfying the above goal.
We will continue to work to create a website that conforms to accessibility standards, as well as modify existing pages, as needed, and make efforts to realize a more accessible website."
535,Nobutaka Machimura,2016-06-15,"June 15, 2016
Tweet
Basic policy
The Ministry of Foreign Affairs (MOFA) will work to realize an easily accessible MOFA Website, which allows the elderly and people with disabilities to use the information and services provided on the site without any difficulties. For that purpose, this site will aim to conform to the guideline stipulated in JIS X8341-3 (""Guidelines for older persons and persons with disabilities - Information and communications equipment, software and services - Part 3: Web content""), which is provided by the Japanese Standards Association.
In order to achieve this goal, we have established specific accessibility standards for this site corresponding to each JIS guideline. Furthermore, we relevant personnel received training on web accessibility, so as to establish a system which enables creation of a website satisfying the above goal.
We will continue to work to create a website that conforms to accessibility standards, as well as modify existing pages, as needed, and make efforts to realize a more accessible website."
25,Current Foreign Minister,2016-06-15,"June 15, 2016
Tweet
Basic policy
The Ministry of Foreign Affairs (MOFA) will work to realize an easily accessible MOFA Website, which allows the elderly and people with disabilities to use the information and services provided on the site without any difficulties. For that purpose, this site will aim to conform to the guideline stipulated in JIS X8341-3 (""Guidelines for older persons and persons with disabilities - Information and communications equipment, software and services - Part 3: Web content""), which is provided by the Japanese Standards Association.
In order to achieve this goal, we have established specific accessibility standards for this site corresponding to each JIS guideline. Furthermore, we relevant personnel received training on web accessibility, so as to establish a system which enables creation of a website satisfying the above goal.
We will continue to work to create a website that conforms to accessibility standards, as well as modify existing pages, as needed, and make efforts to realize a more accessible website."
302,Seiji Maehara,2016-06-15,"June 15, 2016
Tweet
Basic policy
The Ministry of Foreign Affairs (MOFA) will work to realize an easily accessible MOFA Website, which allows the elderly and people with disabilities to use the information and services provided on the site without any difficulties. For that purpose, this site will aim to conform to the guideline stipulated in JIS X8341-3 (""Guidelines for older persons and persons with disabilities - Information and communications equipment, software and services - Part 3: Web content""), which is provided by the Japanese Standards Association.
In order to achieve this goal, we have established specific accessibility standards for this site corresponding to each JIS guideline. Furthermore, we relevant personnel received training on web accessibility, so as to establish a system which enables creation of a website satisfying the above goal.
We will continue to work to create a website that conforms to accessibility standards, as well as modify existing pages, as needed, and make efforts to realize a more accessible website."
919,Yoriko Kawaguchi,2016-06-15,"June 15, 2016
Tweet
Basic policy
The Ministry of Foreign Affairs (MOFA) will work to realize an easily accessible MOFA Website, which allows the elderly and people with disabilities to use the information and services provided on the site without any difficulties. For that purpose, this site will aim to conform to the guideline stipulated in JIS X8341-3 (""Guidelines for older persons and persons with disabilities - Information and communications equipment, software and services - Part 3: Web content""), which is provided by the Japanese Standards Association.
In order to achieve this goal, we have established specific accessibility standards for this site corresponding to each JIS guideline. Furthermore, we relevant personnel received training on web accessibility, so as to establish a system which enables creation of a website satisfying the above goal.
We will continue to work to create a website that conforms to accessibility standards, as well as modify existing pages, as needed, and make efforts to realize a more accessible website."
442,Hirofumi Nakasone,2016-06-15,"June 15, 2016
Tweet
Basic policy
The Ministry of Foreign Affairs (MOFA) will work to realize an easily accessible MOFA Website, which allows the elderly and people with disabilities to use the information and services provided on the site without any difficulties. For that purpose, this site will aim to conform to the guideline stipulated in JIS X8341-3 (""Guidelines for older persons and persons with disabilities - Information and communications equipment, software and services - Part 3: Web content""), which is provided by the Japanese Standards Association.
In order to achieve this goal, we have established specific accessibility standards for this site corresponding to each JIS guideline. Furthermore, we relevant personnel received training on web accessibility, so as to establish a system which enables creation of a website satisfying the above goal.
We will continue to work to create a website that conforms to accessibility standards, as well as modify existing pages, as needed, and make efforts to realize a more accessible website."
626,Taro Aso,2016-06-15,"June 15, 2016
Tweet
Basic policy
The Ministry of Foreign Affairs (MOFA) will work to realize an easily accessible MOFA Website, which allows the elderly and people with disabilities to use the information and services provided on the site without any difficulties. For that purpose, this site will aim to conform to the guideline stipulated in JIS X8341-3 (""Guidelines for older persons and persons with disabilities - Information and communications equipment, software and services - Part 3: Web content""), which is provided by the Japanese Standards Association.
In order to achieve this goal, we have established specific accessibility standards for this site corresponding to each JIS guideline. Furthermore, we relevant personnel received training on web accessibility, so as to establish a system which enables creation of a website satisfying the above goal.
We will continue to work to create a website that conforms to accessibility standards, as well as modify existing pages, as needed, and make efforts to realize a more accessible website."
360,Katsuya Okada,2016-06-15,"June 15, 2016
Tweet
Basic policy
The Ministry of Foreign Affairs (MOFA) will work to realize an easily accessible MOFA Website, which allows the elderly and people with disabilities to use the information and services provided on the site without any difficulties. For that purpose, this site will aim to conform to the guideline stipulated in JIS X8341-3 (""Guidelines for older persons and persons with disabilities - Information and communications equipment, software and services - Part 3: Web content""), which is provided by the Japanese Standards Association.
In order to achieve this goal, we have established specific accessibility standards for this site corresponding to each JIS guideline. Furthermore, we relevant personnel received training on web accessibility, so as to establish a system which enables creation of a website satisfying the above goal.
We will continue to work to create a website that conforms to accessibility standards, as well as modify existing pages, as needed, and make efforts to realize a more accessible website."
994,Yohei Kono,2016-06-15,"June 15, 2016
Tweet
Basic policy
The Ministry of Foreign Affairs (MOFA) will work to realize an easily accessible MOFA Website, which allows the elderly and people with disabilities to use the information and services provided on the site without any difficulties. For that purpose, this site will aim to conform to the guideline stipulated in JIS X8341-3 (""Guidelines for older persons and persons with disabilities - Information and communications equipment, software and services - Part 3: Web content""), which is provided by the Japanese Standards Association.
In order to achieve this goal, we have established specific accessibility standards for this site corresponding to each JIS guideline. Furthermore, we relevant personnel received training on web accessibility, so as to establish a system which enables creation of a website satisfying the above goal.
We will continue to work to create a website that conforms to accessibility standards, as well as modify existing pages, as needed, and make efforts to realize a more accessible website."
1020,Masahiko Koumura,2016-06-15,"June 15, 2016
Tweet
Basic policy
The Ministry of Foreign Affairs (MOFA) will work to realize an easily accessible MOFA Website, which allows the elderly and people with disabilities to use the information and services provided on the site without any difficulties. For that purpose, this site will aim to conform to the guideline stipulated in JIS X8341-3 (""Guidelines for older persons and persons with disabilities - Information and communications equipment, software and services - Part 3: Web content""), which is provided by the Japanese Standards Association.
In order to achieve this goal, we have established specific accessibility standards for this site corresponding to each JIS guideline. Furthermore, we relevant personnel received training on web accessibility, so as to establish a system which enables creation of a website satisfying the above goal.
We will continue to work to create a website that conforms to accessibility standards, as well as modify existing pages, as needed, and make efforts to realize a more accessible website."
700,Nobutaka Machimura,2016-06-15,"June 15, 2016
Tweet
Basic policy
The Ministry of Foreign Affairs (MOFA) will work to realize an easily accessible MOFA Website, which allows the elderly and people with disabilities to use the information and services provided on the site without any difficulties. For that purpose, this site will aim to conform to the guideline stipulated in JIS X8341-3 (""Guidelines for older persons and persons with disabilities - Information and communications equipment, software and services - Part 3: Web content""), which is provided by the Japanese Standards Association.
In order to achieve this goal, we have established specific accessibility standards for this site corresponding to each JIS guideline. Furthermore, we relevant personnel received training on web accessibility, so as to establish a system which enables creation of a website satisfying the above goal.
We will continue to work to create a website that conforms to accessibility standards, as well as modify existing pages, as needed, and make efforts to realize a more accessible website."
958,Makiko Tanaka,2016-06-15,"June 15, 2016
Tweet
Basic policy
The Ministry of Foreign Affairs (MOFA) will work to realize an easily accessible MOFA Website, which allows the elderly and people with disabilities to use the information and services provided on the site without any difficulties. For that purpose, this site will aim to conform to the guideline stipulated in JIS X8341-3 (""Guidelines for older persons and persons with disabilities - Information and communications equipment, software and services - Part 3: Web content""), which is provided by the Japanese Standards Association.
In order to achieve this goal, we have established specific accessibility standards for this site corresponding to each JIS guideline. Furthermore, we relevant personnel received training on web accessibility, so as to establish a system which enables creation of a website satisfying the above goal.
We will continue to work to create a website that conforms to accessibility standards, as well as modify existing pages, as needed, and make efforts to realize a more accessible website."
120,Fumio Kishida,2016-06-15,"June 15, 2016
Tweet
Basic policy
The Ministry of Foreign Affairs (MOFA) will work to realize an easily accessible MOFA Website, which allows the elderly and people with disabilities to use the information and services provided on the site without any difficulties. For that purpose, this site will aim to conform to the guideline stipulated in JIS X8341-3 (""Guidelines for older persons and persons with disabilities - Information and communications equipment, software and services - Part 3: Web content""), which is provided by the Japanese Standards Association.
In order to achieve this goal, we have established specific accessibility standards for this site corresponding to each JIS guideline. Furthermore, we relevant personnel received training on web accessibility, so as to establish a system which enables creation of a website satisfying the above goal.
We will continue to work to create a website that conforms to accessibility standards, as well as modify existing pages, as needed, and make efforts to realize a more accessible website."
515,Masahiko Koumura,2016-06-15,"June 15, 2016
Tweet
Basic policy
The Ministry of Foreign Affairs (MOFA) will work to realize an easily accessible MOFA Website, which allows the elderly and people with disabilities to use the information and services provided on the site without any difficulties. For that purpose, this site will aim to conform to the guideline stipulated in JIS X8341-3 (""Guidelines for older persons and persons with disabilities - Information and communications equipment, software and services - Part 3: Web content""), which is provided by the Japanese Standards Association.
In order to achieve this goal, we have established specific accessibility standards for this site corresponding to each JIS guideline. Furthermore, we relevant personnel received training on web accessibility, so as to establish a system which enables creation of a website satisfying the above goal.
We will continue to work to create a website that conforms to accessibility standards, as well as modify existing pages, as needed, and make efforts to realize a more accessible website."
75,Fumio Kishida,2017-12-05,"December 17, 2015
Japanese
Tweet
Good morning, Excellences, ladies and gentlemen.
It is my pleasure to speak here today at the opening of the Global Fund's Fifth Replenishment Preparatory Meeting. This is the first meeting of its kind held in Asia apart from Europe and North America. I am delighted to see all stakeholders gathered here together.
In 2000, the G8 Okinawa Summit paved the way for the establishment of the Global Fund, and since then the Fund has played a central role to combat AIDS, tuberculosis and malaria. The Global Fund's work has saved 17 million lives. This is a great achievement, realized by all stakeholders' efforts and public private partnerships. As Foreign Minister of Japan, a country known as a founding father of the Fund, I would like to extend my deepest appreciation to all stakeholders involved.
The 2030 Agenda for Sustainable Development was adopted this year. Among its targets is to end the epidemic of three major infectious diseases. With the great results achieved so far, it is becoming important that the Global Fund's support generates greater ownership on the part of implementers and encourages realization of sustained provision of medical services.
The realization of resilient, inclusive and sustainable health systems along with universal health coverage is indispensable to our efforts to end these three infectious diseases. I very much hope that the Global Fund will play a leading role in establishing health systems in implementing countries.
I strongly commend that the Global Fund focuses on each and every individual and tackles the social challenges the vulnerable face. This is in line with the concept of human security.
In 2016, Japan will assume the G7 Presidency. Let me conclude by expressing our determination that Japan will continue to proactively address various issues regarding global health in collaboration with the Global Fund and other relevant international organizations.
Related Links
Foreign Minister Kishida to Attend 5th Replenishment Preparatory Meeting of the Global Fund to Fight AIDS, Tuberculosis and Malaria (Press Releases) (December 11, 2015)"
274,Seiji Maehara,2017-12-16,"December 17, 2010
Japanese
12:30-13:30 Plenary Meeting
- Closing Statement
Japan, as the President, has organized the 8th Plenary Meeting of the Leading Group on Innovative Financing for Development for two days. I am very much pleased that a number of new countries have attended this Plenary Meeting and the participating countries and organization have had a fruitful discussion. In particular, I would like to note that participation from the Asia-Pacific region has greatly increased. I feel that Japan has been able to play its part, as a President from Asia, in expanding the discussion on innovative financing.
At this Plenary Meeting, presentations were made on a number of innovative financing mechanisms in the health sector. These presentations highlighted the remarkable results achieved in the health sector and proved the added value of such mechanisms.
This meeting has demonstrated the high potential of innovative financing on international financial transactions for development. The Declaration presented and supported by Japan, France, Belgium, Spain, Norway and Brazil at the MDGs Summit Side Event was marked as a positive posture for future action.
Moreover, we had a fruitful discussion on innovative financing in the education sector including the report presented by the writing committee of the Task Force on Innovative Financing for Education. We welcomed the efforts by the committee to produce the report.
In addition, we acknowledged the negative impact of illicit flows on development and international efforts against illicit flows. We also reconfirmed the necessity of reducing the cost of migrants' remittances and shared ideas on financing mechanisms for climate change, reducing poverty, and ensuring food security.
At the Side Event in September, I proposed the following principles as the basis for discussing innovative financing:
(1) Firstly, it should utilize new and innovative mechanisms.
(2) Secondly, it should mobilize additional funds that supplement the existing resources.
(3) Thirdly, it should be sustainable and predictable to enable stable financing.
I am pleased that we had an active discussion in line with these principles at this Plenary Meeting. Based on these principles, Japan hopes that each country will make possible efforts to advance consideration on innovative financing.
At this Meeting, more countries have joined discussion on innovative financing, while transcending differences in their individual positions and opinions. Japan will turn over the Presidency of the Leading Group to Mali in January, 2011. I would like to express my heartfelt gratitude for the cooperation of member countries and the participation of new countries during the half year under the Japan's Presidency. Japan will support Mali's new Presidency and continue its active contribution to the further advancement of discussion at the Leading Group.
I sincerely hope that discussion at the Leading Group will further develop and the international ""solidarity"" will expand even wider.
Thank you very much."
33,Taro Kono,2018-09-24,"Statement by Mr. Taro Kono, Minister for Foreign
Affairs of Japan, Nelson Mandela Peace Summit
(24 September 2018, General Assembly Hall, United Nations Headquarters)
Mr. President,
Mr. Nelson Rolihlahla Mandela was a man of
conviction, a promoter of reconciliation and a beacon of
hope for the future.
100 years ago, in 1918, a tireless fighter, a man who
would change history, was born. In the following month, the
Japanese Consulate was established in Cape Town: Japan’s
first official mission on the African continent.
More than 70 years later, Mr. Mandela was at a
reception hosted by Japan: his first appearance of this kind
after his release in 1990. Later that year, he was in Japan as
the first African leader to address the Parliament of Japan.
He stressed the need to unite not only South Africa but also
the international community to solve apartheid problems
through negotiations and support the efforts by the people of
South Africa through providing necessary resources. He
once said, “an injury to one is an injury to all,” “none of us
acting alone can achieve success, we must therefore act
together as a united people, for national reconciliation, for
nation building, for the birth of a new world”.
1

Mr. Mandela visited Japan three times. During those
visits, he demonstrated strong interest in the history of
Japan’s development. This history would lead to the concept
of human security, which is consistent with Mr. Mandela’s
conviction, as it is a people-centered, comprehensive and
preventive approach that empowers vulnerable individuals.
Mr. President,
We think about how much hope we placed in Mr.
Mandela for our future. On the contrary, his will and deed
indicate that it is upon us whom he placed his hope for the
future. Japan has been committed to fulfilling the hope that
Mr. Mandela placed in us. Next year, Japan will host the 7th
meeting of TICAD, Tokyo International Conference on
African Development, which was initiated a quarter century
ago. In preparation, Japan launched discussions with former
African Presidents to gain insights into peace, security and
stability in Africa. TICAD 7 will offer another important
venue to promote peacebuilding based on African ownership
and a broad partnership with the United Nations and other
international bodies.
After 100 years since Mr. Mandela’s birth and more
than 70 years since the UN’s foundation, we need to act
more quickly and effectively for the benefit of all. To this
end, the UN, including the Security Council, needs to be
reformed, and Japan supports the Secretary-General’s
initiative to rebalance UN peace activities from “reacting”
towards “preventing.”
2

Together with the international community, especially
with Africa, Japan will steadily continue to take steps
toward making the world a better place, following the path
Mr. Mandela walked, which has now been passed on to each
one of us. We will never forget Mr. Mandela’s words. ”It
always seems impossible until it’s done”.
I thank you, Mr. President.
(END)
3"
32,Taro Kono,2018-10-19,"Speech by H. E. Mr. Taro Kono, Minister for Foreign Affairs of Japan
at the Arctic Circle 2018
Opening Session
19 October 2018, Reykjavik, Iceland
Good morning.
His Excellency Mr. Grímsson, Chairman of the Arctic Circle,
Her Excellency Ms. Jakobsdóttir, Prime Minister of Iceland,
Distinguished Guests,
Ladies and Gentlemen,
I would like to express my sincere appreciation to Chairman Grímsson
for giving me the opportunity to speak here today. It is my great honor to visit
Iceland, especially when you celebrate one hundred years as a sovereign state,
and to speak at this important forum for the first time as the Foreign Minister of
Japan.
In May of last year, I visited the Ilulissat Icefjord in Greenland. There, I
saw a number of icebergs from melting glaciers floating in the icefjord, and
witnessed firsthand the result of rising temperature and how it was making the
climate unstable. But, honestly speaking, I was freezing to death on a ship. I
have never thought about global warming. But the captain of the ship told me
all the story that he recognized from twenty years of his life on ship.
Global warming and its effects are accelerating, especially in the Arctic.
It has created new “opportunities” for natural resource development and the use
of the Northern Sea Route. These effects, however, pose serious “challenges”,
such as negative impacts on the ecosystem and the life of indigenous peoples in
the Arctic.
The challenges in the Arctic are common concerns shared by the
international community, regardless of whether or not they are Arctic states. We
need to tackle these challenges together. I believe that minimizing the negative
effects and maximizing the “opportunities” of the Arctic can benefit us all. For
achieving this goal, we should understand how the Arctic environment has been
changing and what impacts these changes have on human communities and
economies. Therefore, it is particularly important to reveal the mechanisms of
the Arctic environmental change which are yet unclear.
1

I have come all the way to Reykjavik with one message: Japan is
determined to cooperate with all stakeholders to realize our common view on
an “Ideal Arctic”.
So, what is an “Ideal Arctic” for all of us?
I think it has three elements;
First, the mechanism of environmental changes in the Arctic must be
clarified and well understood, and the necessary responses to these changes
must be shared with the international community. We need to further advance
scientific research in this regard.
Second, sustainable economic activities are to be pursued in the Arctic,
while respecting the ecosystem and the life of indigenous peoples.
Third, “the rule of law” must be ensured and international cooperation
must be promoted in a peaceful and orderly manner.
We put these points in “Japan’s Arctic Policy”, which is our first-ever
comprehensive, strategic Arctic policy adopted in 2015.
Now let me explain Japan’s strategy to achieve an “Ideal Arctic”.
First, on scientific research. Understanding the climate change
mechanisms in the Arctic based on solid scientific data allows us to make
appropriate responses and to pursue sustainable development in the area. Japan
has been contributing to research and scientific observations in the Arctic since
the 1950s, and promoting scientific cooperation in the Arctic with the relevant
countries. By making use of this scientific research, Japan continues to play a
role in this area.
One good example of our efforts is its Arctic research project called
ArCS, or “Arctic Challenge for Sustainability”, which was initiated in 2015 as
our national flagship project. The participating Japanese institutes have
promoted research in such areas as climate, weather, ocean environments,
biodiversity and community in the Arctic. ArCS contributes to clarifying the
2

climate changes and environmental effects in the Arctic and to improving
projections, environmental assessment and the life of community in the Arctic.
Another example is the Arctic Data archive System, which Japan has
been operating since 2012. This system allows all of us to get an access to
multiple observational and model simulation datasets, which are collected and
analyzed by Japanese scientists. The data is open to all on the website and
contributes to enhancing scientific research in the Arctic. We hope that other
countries will also become open for further international cooperation in Arctic
scientific research.
Collecting maritime data in the Arctic Ocean is essential to
understanding the Arctic’s environmental change mechanisms. With this in
mind, the Government of Japan is considering building a new icebreaker for the
Arctic research as a new international Arctic research platform.
Besides the control of greenhouse gas emissions, Japan is also working
to mitigate black carbon emissions to curb the ongoing warming in the Arctic.
Monitoring system developed by Japan has been used for scientific cooperation
on black carbon in cooperation with Russia and Canada. Furthermore, a joint
data-comparing project on black carbon with Finland will be launched in the
near future. Through these efforts, I believe we can achieve the sustainable
development goals in the Arctic.
The Second Arctic Science Ministerial to be held next week will be a
good opportunity to discuss international scientific cooperation. It highlights
the importance of promoting Arctic related data sharing, and we fully support
the idea. I am pleased to share with you that Japan is seeking to host the Arctic
Science Ministerial in the near future.
Second, on the pursuit of sustainable economic use. The issue has two
aspects, namely, the “opportunities” and “challenges”.
The “opportunities” are expanding. Geographically, Hokkaido, our
northernmost island, is a gateway from Asia to the Northern Sea Route. We see
potential opportunities for this route and I will encourage more Japanese
companies to pay attention to Arctic businesses.
We are promoting comprehensive energy development cooperation with
3

Russia in its Arctic regions, while fully taking account of the environment. We
welcome the fact that Japan Oil, Gas and Metals National Corporation
(JOGMEC) and NOVATEK signed a Memorandum of Understanding last
month. They intend to explore opportunities for cooperation on NOVATEK’s
projects in the Yamal and Gydan Peninsulas in Russia, including the Arctic
LNG 2 project.
We also need to deal with the “challenges” the international community
faces in the Arctic. Increased shipping in the Arctic Ocean could raise the risk
of accidents that may lead to Arctic pollution. In particular, oil pollution
incidents could cause tremendous environmental damage across a vast area.
Data on the status of the sea ice is essential for safe and effective navigation in
the Arctic. The National Institute of Polar Research of Japan has been
developing the VEssel Navigation Unit support System, so-called VENUS. The
system provides an overview of destination-specific information on sea ice and
weather conditions in quasi-real time manner, covering a thousand kilometers
from any ship that may access to this VENUS system. I hope that VENUS will
be put to practical use as soon as possible.
Third, on the rule of law in the Arctic.
How should we act when we see expanding “opportunities” in the
Arctic, such as the development of natural resources? No one wants the Arctic
to be a place where interests collide and conflicts are solved by power. I would
like to stress that free and open maritime order based on the rule of law is
indispensable. The Arctic Ocean is no exception.
The international community needs to respect a rule-based maritime
order built on international law in the Arctic as well. The importance of “a
rule-based maritime order” was affirmed by Japan, China and the Republic of
Korea at the Second Trilateral High-Level Dialogue on the Arctic in 2017.
Japan hopes that all states become party to the UNCLOS (United Nations
Convention on the Law of the Sea).
Japan will actively participate in the formulation process of new
international rules for the Arctic. For instance, we have discussed with other
stakeholders how to effectively address the issue of unregulated high seas
fisheries in the Central Arctic Ocean, and as a result of this discussion a new
international legal instrument was created and we already signed it this month.
4

Cooperation among law enforcement authorities can also play an
important role in maintaining a rule-based maritime order. We appreciate the
cooperation through the Arctic Coast Guard Forum by the Arctic States. Japan
will seek to reinforce the cooperation between the Japan Coast Guard and its
counterparts in the Arctic States.
In closing, I truly appreciate the ongoing cooperation among the Arctic
States in areas such as maritime search and rescue, marine oil pollution
response and scientific research, including through the Arctic Council. In order
to realize an “Ideal Arctic”, Japan will further promote cooperation with the
Arctic States and other stakeholders.
I hope that today’s discussions will provide fruitful inputs for our future
Arctic.
Thank you very much.
5"
912,Yoriko Kawaguchi,2019-10-25,"October 25, 2019
Climate Change
Disaster Risk Reduction
Environment
Health and Medical Care
Human Security
Maritime Affairs
The 2030 Agenda for Sustainable Development
Official Development Assistance (ODA)
Outer Space
Science and Technology
Other Specialized Agencies"
50,Taro Kono,2019-10-25,"October 25, 2019
Climate Change
Disaster Risk Reduction
Environment
Health and Medical Care
Human Security
Maritime Affairs
The 2030 Agenda for Sustainable Development
Official Development Assistance (ODA)
Outer Space
Science and Technology
Other Specialized Agencies"
295,Seiji Maehara,2019-10-25,"October 25, 2019
Climate Change
Disaster Risk Reduction
Environment
Health and Medical Care
Human Security
Maritime Affairs
The 2030 Agenda for Sustainable Development
Official Development Assistance (ODA)
Outer Space
Science and Technology
Other Specialized Agencies"
528,Nobutaka Machimura,2019-10-25,"October 25, 2019
Climate Change
Disaster Risk Reduction
Environment
Health and Medical Care
Human Security
Maritime Affairs
The 2030 Agenda for Sustainable Development
Official Development Assistance (ODA)
Outer Space
Science and Technology
Other Specialized Agencies"
987,Yohei Kono,2019-10-25,"October 25, 2019
Climate Change
Disaster Risk Reduction
Environment
Health and Medical Care
Human Security
Maritime Affairs
The 2030 Agenda for Sustainable Development
Official Development Assistance (ODA)
Outer Space
Science and Technology
Other Specialized Agencies"
250,Takeaki Matsumoto,2019-10-25,"October 25, 2019
Climate Change
Disaster Risk Reduction
Environment
Health and Medical Care
Human Security
Maritime Affairs
The 2030 Agenda for Sustainable Development
Official Development Assistance (ODA)
Outer Space
Science and Technology
Other Specialized Agencies"
619,Taro Aso,2019-10-25,"October 25, 2019
Climate Change
Disaster Risk Reduction
Environment
Health and Medical Care
Human Security
Maritime Affairs
The 2030 Agenda for Sustainable Development
Official Development Assistance (ODA)
Outer Space
Science and Technology
Other Specialized Agencies"
435,Hirofumi Nakasone,2019-10-25,"October 25, 2019
Climate Change
Disaster Risk Reduction
Environment
Health and Medical Care
Human Security
Maritime Affairs
The 2030 Agenda for Sustainable Development
Official Development Assistance (ODA)
Outer Space
Science and Technology
Other Specialized Agencies"
951,Makiko Tanaka,2019-10-25,"October 25, 2019
Climate Change
Disaster Risk Reduction
Environment
Health and Medical Care
Human Security
Maritime Affairs
The 2030 Agenda for Sustainable Development
Official Development Assistance (ODA)
Outer Space
Science and Technology
Other Specialized Agencies"
353,Katsuya Okada,2019-10-25,"October 25, 2019
Climate Change
Disaster Risk Reduction
Environment
Health and Medical Care
Human Security
Maritime Affairs
The 2030 Agenda for Sustainable Development
Official Development Assistance (ODA)
Outer Space
Science and Technology
Other Specialized Agencies"
693,Nobutaka Machimura,2019-10-25,"October 25, 2019
Climate Change
Disaster Risk Reduction
Environment
Health and Medical Care
Human Security
Maritime Affairs
The 2030 Agenda for Sustainable Development
Official Development Assistance (ODA)
Outer Space
Science and Technology
Other Specialized Agencies"
1013,Masahiko Koumura,2019-10-25,"October 25, 2019
Climate Change
Disaster Risk Reduction
Environment
Health and Medical Care
Human Security
Maritime Affairs
The 2030 Agenda for Sustainable Development
Official Development Assistance (ODA)
Outer Space
Science and Technology
Other Specialized Agencies"
207,Koichiro Gemba,2019-10-25,"October 25, 2019
Climate Change
Disaster Risk Reduction
Environment
Health and Medical Care
Human Security
Maritime Affairs
The 2030 Agenda for Sustainable Development
Official Development Assistance (ODA)
Outer Space
Science and Technology
Other Specialized Agencies"
508,Masahiko Koumura,2019-10-25,"October 25, 2019
Climate Change
Disaster Risk Reduction
Environment
Health and Medical Care
Human Security
Maritime Affairs
The 2030 Agenda for Sustainable Development
Official Development Assistance (ODA)
Outer Space
Science and Technology
Other Specialized Agencies"
17,Current Foreign Minister,2019-10-25,"October 25, 2019
Climate Change
Disaster Risk Reduction
Environment
Health and Medical Care
Human Security
Maritime Affairs
The 2030 Agenda for Sustainable Development
Official Development Assistance (ODA)
Outer Space
Science and Technology
Other Specialized Agencies"
112,Fumio Kishida,2019-10-25,"October 25, 2019
Climate Change
Disaster Risk Reduction
Environment
Health and Medical Care
Human Security
Maritime Affairs
The 2030 Agenda for Sustainable Development
Official Development Assistance (ODA)
Outer Space
Science and Technology
Other Specialized Agencies"
36,Taro Kono,2020-07-06,"STATEMENT BY H.E. MR. TARO KONO,
MINISTER FOR FOREIGN AFFAIRS OF JAPAN
2018 Second Preparatory Committee for the NPT Review Conference
24 April 2018, Geneva, Switzerland
Mr. Chairman,
Your Excellencies, ladies and gentlemen,
The Treaty of Non-proliferation of Nuclear Weapons (NPT) is a cornerstone of
international nuclear disarmament and non-proliferation. We have overcome several
crises and fortunately, during the past 73 years, no nuclear weapon has been used
since the atomic bombings in Hiroshima and Nagasaki. Approximately 85% of
nuclear weapons have been reduced from its peak during the Cold War. Although
there are some regrettable cases, nuclear proliferation has been limited more than it
had been foreseen at the time of the establishment of the NPT. For example, South
Africa abandoned its nuclear development program and joined the NPT to
demonstrate its return to the international community. The reduction of weapons and
slowing of their proliferation are without a doubt the outcomes contemplated by the
enactment of the NPT. Nobody wants nuclear weapons to be used. The international
community shares the common goal to eliminate nuclear weapons towards “a safer
world free of nuclear weapons.”
Once nuclear weapons are used, they would cause tremendous devastation. As the
only country that experienced nuclear devastation during war, Japan knows how
catastrophic the consequences would be. Thus, Japan has responsibility to lead
international efforts towards the elimination of nuclear weapons. Threats of nuclear
weapons still exist, however and the security environment is deteriorating. A
sovereign State must protect lives and properties of her people. We need to seek
security and nuclear disarmament simultaneously. We need to avoid the humanitarian
consequences of the use of nuclear weapons and to deal with real security threats. We
need to strike a balance of these two viewpoints, creating concrete and practical
measures under the cooperation of both nuclear-weapon states and
non-nuclear-weapon states. As the most universal framework that enables such
balance, maintaining and strengthening the NPT will be the core of Japan’s efforts.
Mr. Chairman,
Today, I come all the way to Geneva with one text of recommendations. They are
１

the recommendations that I myself, as the Foreign Minister of Japan received on
March 29th from the “Group of Eminent Persons for Substantive Advancement of
Nuclear Disarmament” or “EPG.”
The group is composed of 16 members from both nuclear-weapon and
non-nuclear-weapon States. Japan announced the launch of the EPG at the First
Preparatory Committee last year.
In the recommendations, the EPG presents its views that the States with divergent
views are currently unable to engage with each other in dialogue. This divergent trend
has occurred in the deteriorating strategic environment in recent years. In pursuing “a
world free of nuclear weapons” in line with the Article VI of the NPT while
improving the security environment, the recommendations stress the necessity of
“civility in discourse” and respect for divergent views must be restored, rather than
criticizing others with different positions. The recommendations also stress that all
NPT parties should demonstrate their “ownership” of the treaty. They proposed
concrete measures to lay the groundwork to converge different approaches and
pointed out several issues that need to be solved in pursuit of “a world free of nuclear
weapons.” The recommendations are an attempt to converge different views through
free and active discussions by experts in their personal capacities, from both
nuclear-weapon and non-nuclear-weapon States. I am confident that the
recommendations are a meaningful reference for the international community.
Let me draw your attention to three points today from the bridge-building
measures proposed in the recommendations. Based on the following points, Japan
would like to call upon the international community for concrete actions.
First: Efforts to increase transparency. Transparency contributes to communication,
avoiding distrust and misunderstanding among states, thereby leading to risk
reduction. Transparency contributes to confidence building among states.
Transparency contributes to a stronger NPT review process. With the member states
of the NPDI, Japan has called for an agreement on a standardized form and regular
reports by nuclear-weapon States. This year, Japan has submitted a new working
paper as a member of the NPDI. Japan will continuously promote measures to
improve transparency of nuclear forces.
Second: Nuclear disarmament verification. An effective verification mechanism is
an essential component in order to realize total elimination of nuclear weapons. This
also applies to the complete, verifiable, irreversible dismantlement (CVID) of North
２

Korea, including the dismantlement of all weapons of mass destruction and ballistic
missiles. The process of developing such an effective verification mechanism itself
helps confidence building among the international community. Japan views this issue
as an urgent task and will actively contribute to the discussion of the UN Group of
Governmental Experts on nuclear disarmament verification which is to be held in
May.
Third: Interactive discussion involving both nuclear-weapon States and
non-nuclear-weapon States. From medium- to long-term perspectives, it is necessary
to discuss what is called “hard questions,” such as how to effectively contribute to
threat reduction or how to address security concerns that may emerge from the
nuclear disarmament process. To promote fruitful dialogue in the international
community, Japan expects the EPG to continue its discussions to further identify
“hard questions”, and also consider benchmarks in nuclear disarmament, including
“minimization point” that Japan has been suggesting.
Further details will be explained by a member of the EPG at the side event held at
this assembly hall during today’s lunch time. I am looking forward to see many of
you at the event.
Mr. Chairman,
It is the shared responsibility of all NPT state parties to increase momentum of the
international community towards the 2020 NPT Review Conference. Japan will lead
the effort, together with the NPDI, a cross-regional group of twelve non-nuclear
weapon states. With regards to the Comprehensive Nuclear-Test-Ban Treaty (CTBT),
Japan will further promote its early entry into force and its universalization, which
has received widespread support. While making use of Ministerial Meeting of the
Friends of the CTBT, Japan will continuously ask all non-signing and non-ratifying
states of the CTBT for their commitment to the treaty. Japan will also call for further
participation to the International Monitoring System (IMS). With regards to the
FMCT, the Fissile Materials Cut-Off Treaty, Japan is committed to early
commencement of its negotiation. Japan will contribute to discussions on substantive
components of a treaty at a high-level FMCT preparatory group.
It is also the priority of Japan to convey to the world the reality of atomic bombing.
Japan will invite the world leaders and young generations to visit Hiroshima and
Nagasaki. Japan will also promote disarmament education and capacity building of
practitioners on nuclear disarmament. I would like to renew my respect for the
３

tireless efforts of the Hibakusha, the Atomic Bomb survivors of Hiroshima and
Nagasaki, who have conveyed to the world the reality of the atomic bombings.
Mr. Chairman,
To maintain and strengthen the NPT, along with nuclear disarmament, accelerating
efforts on the other pillars of the NPT, in particular, nuclear non-proliferation is
essential.
North Korea’s nuclear and missile programs pose a grave challenge to the
international nuclear non-proliferation regime. North Korea’s moves toward
dialogues from their side are the outcome of the international community’s
coordinated efforts of the maximum pressure campaign against North Korea. Last
week, North Korea announced discontinuation of nuclear test and ICBM test-fire as
well as dismantlement of northern nuclear test ground. We welcome the
announcement as a positive development and hope that it will lead to North Korea’s
concrete actions to dismantle its nuclear weapons and ballistic missiles. We need to
urge North Korea, however, to do more than what was announced. A nuclear armed
North Korea will never be accepted. The international community demands North
Korea to sign and ratify the CTBT, as well.
Based upon our past experiences, it is important not to ease pressures at a wrong
timing. To realize CVID of all weapons of mass destruction and ballistic missiles by
North Korea, the international community as a whole must maintain the maximum
pressure campaign against North Korea.
The Joint Comprehensive Plan of Action (JCPOA) contributes to strengthening the
international non-proliferation regime centered on the NPT. Its continued and full
implementation is important. We expect that the issue of ballistic missiles of Iran will
be solved through the consultations among related countries.
The International Atomic Energy Agency (IAEA)'s safeguards are essential tool in
the efforts to strengthen the international nuclear non-proliferation regime and Japan
supports the IAEA's efforts to enhance the mechanism and improve its efficiency. As
the most practical and effective way to enhance the mechanism, it is necessary to
universalize the Comprehensive Safeguards Agreements and Additional Protocol.
Mr. Chairman,
Pledging shared commitments by nuclear-weapon and non-nuclear-weapon States
４

to achieve the goal of the NPT will be a meaningful starting point for bridge-building
towards nuclear disarmament. I sincerely hope that all NPT state parties and civil
society will act unitedly so that the future generation would recall the 2020 NPT
review process, as the process which has created the momentum to overcome
different approaches and has made significant step forward towards “a world free of
nuclear weapons.”
Thank You.
- End -
５"
432,Hirofumi Nakasone,2020-07-20,"July 20, 2020
Legal Matters
About Accessibility
Privacy Policy
FAQ
Social Media List (Ministry of Foreign Affairs, Embassies & Consulates)
Newsletter
Ministry of Foreign Affairs Website applies Always-on SSL Encryption (https)
How to view PDF files"
350,Katsuya Okada,2020-07-20,"July 20, 2020
Legal Matters
About Accessibility
Privacy Policy
FAQ
Social Media List (Ministry of Foreign Affairs, Embassies & Consulates)
Newsletter
Ministry of Foreign Affairs Website applies Always-on SSL Encryption (https)
How to view PDF files"
1010,Masahiko Koumura,2020-07-20,"July 20, 2020
Legal Matters
About Accessibility
Privacy Policy
FAQ
Social Media List (Ministry of Foreign Affairs, Embassies & Consulates)
Newsletter
Ministry of Foreign Affairs Website applies Always-on SSL Encryption (https)
How to view PDF files"
909,Yoriko Kawaguchi,2020-07-20,"July 20, 2020
Legal Matters
About Accessibility
Privacy Policy
FAQ
Social Media List (Ministry of Foreign Affairs, Embassies & Consulates)
Newsletter
Ministry of Foreign Affairs Website applies Always-on SSL Encryption (https)
How to view PDF files"
292,Seiji Maehara,2020-07-20,"July 20, 2020
Legal Matters
About Accessibility
Privacy Policy
FAQ
Social Media List (Ministry of Foreign Affairs, Embassies & Consulates)
Newsletter
Ministry of Foreign Affairs Website applies Always-on SSL Encryption (https)
How to view PDF files"
15,Current Foreign Minister,2020-07-20,"July 20, 2020
Legal Matters
About Accessibility
Privacy Policy
FAQ
Social Media List (Ministry of Foreign Affairs, Embassies & Consulates)
Newsletter
Ministry of Foreign Affairs Website applies Always-on SSL Encryption (https)
How to view PDF files"
247,Takeaki Matsumoto,2020-07-20,"July 20, 2020
Legal Matters
About Accessibility
Privacy Policy
FAQ
Social Media List (Ministry of Foreign Affairs, Embassies & Consulates)
Newsletter
Ministry of Foreign Affairs Website applies Always-on SSL Encryption (https)
How to view PDF files"
48,Taro Kono,2020-07-20,"July 20, 2020
Legal Matters
About Accessibility
Privacy Policy
FAQ
Social Media List (Ministry of Foreign Affairs, Embassies & Consulates)
Newsletter
Ministry of Foreign Affairs Website applies Always-on SSL Encryption (https)
How to view PDF files"
616,Taro Aso,2020-07-20,"July 20, 2020
Legal Matters
About Accessibility
Privacy Policy
FAQ
Social Media List (Ministry of Foreign Affairs, Embassies & Consulates)
Newsletter
Ministry of Foreign Affairs Website applies Always-on SSL Encryption (https)
How to view PDF files"
984,Yohei Kono,2020-07-20,"July 20, 2020
Legal Matters
About Accessibility
Privacy Policy
FAQ
Social Media List (Ministry of Foreign Affairs, Embassies & Consulates)
Newsletter
Ministry of Foreign Affairs Website applies Always-on SSL Encryption (https)
How to view PDF files"
525,Nobutaka Machimura,2020-07-20,"July 20, 2020
Legal Matters
About Accessibility
Privacy Policy
FAQ
Social Media List (Ministry of Foreign Affairs, Embassies & Consulates)
Newsletter
Ministry of Foreign Affairs Website applies Always-on SSL Encryption (https)
How to view PDF files"
110,Fumio Kishida,2020-07-20,"July 20, 2020
Legal Matters
About Accessibility
Privacy Policy
FAQ
Social Media List (Ministry of Foreign Affairs, Embassies & Consulates)
Newsletter
Ministry of Foreign Affairs Website applies Always-on SSL Encryption (https)
How to view PDF files"
690,Nobutaka Machimura,2020-07-20,"July 20, 2020
Legal Matters
About Accessibility
Privacy Policy
FAQ
Social Media List (Ministry of Foreign Affairs, Embassies & Consulates)
Newsletter
Ministry of Foreign Affairs Website applies Always-on SSL Encryption (https)
How to view PDF files"
505,Masahiko Koumura,2020-07-20,"July 20, 2020
Legal Matters
About Accessibility
Privacy Policy
FAQ
Social Media List (Ministry of Foreign Affairs, Embassies & Consulates)
Newsletter
Ministry of Foreign Affairs Website applies Always-on SSL Encryption (https)
How to view PDF files"
948,Makiko Tanaka,2020-07-20,"July 20, 2020
Legal Matters
About Accessibility
Privacy Policy
FAQ
Social Media List (Ministry of Foreign Affairs, Embassies & Consulates)
Newsletter
Ministry of Foreign Affairs Website applies Always-on SSL Encryption (https)
How to view PDF files"
204,Koichiro Gemba,2020-07-20,"July 20, 2020
Legal Matters
About Accessibility
Privacy Policy
FAQ
Social Media List (Ministry of Foreign Affairs, Embassies & Consulates)
Newsletter
Ministry of Foreign Affairs Website applies Always-on SSL Encryption (https)
How to view PDF files"
34,Taro Kono,2020-08-04,"Statement by Mr. Taro Kono, Minister for Foreign
Affairs of Japan, at Arms Trade Treaty 4th Conference
of States Parties
(20 August 2018, Hotel Chinzanso Tokyo)
Mr. President,
Excellencies,
Ladies and Gentlemen,
On behalf of the Government of Japan, I would like to
warmly welcome everyone and thank you all for travelling
to Tokyo to attend the Fourth Conference of States Parties
(CSP4) to Arms Trade Treaty (ATT). I would also like to
express my sincere appreciation for the cooperation and
support the stakeholders of this conference, including civil
society, academia and industry, have extended to Japan.
The unregulated or illicit trade of conventional
weapons has caused devastating human suffering and
regional instability which undermines social and economic
development. Japan has been actively engaged in the
rule-making process with regard to conventional weapons.
The ATT represents such efforts and its fulfillment as a
treaty is undoubtedly a landmark achievement.
The Treaty aims to enhance regional and international
peace and security through the appropriate control of the
international trade and the prevention of illicit transfer of
conventional weapons, including small arms and light
weapons. Given such objectives, the ATT is now facing two
imminent challenges, universalization of the Treaty and its
effective implementation.
1

As the first country in Asia to serve as President, Japan
has actively pursued the ATT’s universalization in
cooperation with the ATT Secretariat, co-chair of the
Working Group on Universalization, Finland, and other
like-minded countries. I welcome the news that the number
of States Parties has increased by five, including one from
Asia. To continue to increase the number of States Parties,
we should work together to promote the value and role of
ATT.
As for the steady and effective implementation, Japan
has submitted two working papers we hope to be
incorporated into the outcome of CSP4.
Japan has financially contributed to Voluntary Trust
Fund (VTF) in March of this year to promote the treaty’s
effective and transparent implementation.
Japan provided support to countries in need for
capacity building as well.
We believe we need to work with the Reporting to the
UN Register of Conventional Arms (UNROCA) and the UN
Programme of Action on Small Arms and Light Weapons
(UNPOA) for the effective implementation. Both the
UNPOA and ATT discussed diversion, which affects a
number of stakeholders. I hope the thematic discussion on
diversion planned in this conference will contribute to
effectively addressing and countering the issue.
During the Third Review Conference of the UNPOA
and the CSP4 preparatory process, we had active and fruitful
2

discussions regarding the close linkages between ATT and
the Sustainable Development Goals (SDGs). We believe the
implementation of the ATT promotes the achievement of the
SDGs.
In closing, I would like to once again thank civil
society, NGOs, the private sector, and the other various
stakeholders for their contribution to the Treaty.
I hope you will have fruitful discussions in Tokyo.
Thank you very much.
(END)
3"
44,Taro Kono,2020-10-12,"October 12, 2020
Japanese
Minister for Foreign Affairs
Mr. MOTEGI Toshimitsu
Profile
Press Conferences
Meetings and Conferences
Speeches and Statements
Contributed Articles / Interviews
State Ministers for Foreign Affairs
Mr. WASHIO Eiichiro
Profile
Mr. UTO Takashi
Profile
Parliamentary Vice-Ministers for Foreign Affairs
Mr. KOKUBA Konosuke
Profile
Mr. SUZUKI Hayato
Profile
Mr. NAKANISHI Satoshi
Profile"
106,Fumio Kishida,2020-10-12,"October 12, 2020
Japanese
Minister for Foreign Affairs
Mr. MOTEGI Toshimitsu
Profile
Press Conferences
Meetings and Conferences
Speeches and Statements
Contributed Articles / Interviews
State Ministers for Foreign Affairs
Mr. WASHIO Eiichiro
Profile
Mr. UTO Takashi
Profile
Parliamentary Vice-Ministers for Foreign Affairs
Mr. KOKUBA Konosuke
Profile
Mr. SUZUKI Hayato
Profile
Mr. NAKANISHI Satoshi
Profile"
521,Nobutaka Machimura,2020-10-12,"October 12, 2020
Japanese
Minister for Foreign Affairs
Mr. MOTEGI Toshimitsu
Profile
Press Conferences
Meetings and Conferences
Speeches and Statements
Contributed Articles / Interviews
State Ministers for Foreign Affairs
Mr. WASHIO Eiichiro
Profile
Mr. UTO Takashi
Profile
Parliamentary Vice-Ministers for Foreign Affairs
Mr. KOKUBA Konosuke
Profile
Mr. SUZUKI Hayato
Profile
Mr. NAKANISHI Satoshi
Profile"
11,Current Foreign Minister,2020-10-12,"October 12, 2020
Japanese
Minister for Foreign Affairs
Mr. MOTEGI Toshimitsu
Profile
Press Conferences
Meetings and Conferences
Speeches and Statements
Contributed Articles / Interviews
State Ministers for Foreign Affairs
Mr. WASHIO Eiichiro
Profile
Mr. UTO Takashi
Profile
Parliamentary Vice-Ministers for Foreign Affairs
Mr. KOKUBA Konosuke
Profile
Mr. SUZUKI Hayato
Profile
Mr. NAKANISHI Satoshi
Profile"
980,Yohei Kono,2020-10-12,"October 12, 2020
Japanese
Minister for Foreign Affairs
Mr. MOTEGI Toshimitsu
Profile
Press Conferences
Meetings and Conferences
Speeches and Statements
Contributed Articles / Interviews
State Ministers for Foreign Affairs
Mr. WASHIO Eiichiro
Profile
Mr. UTO Takashi
Profile
Parliamentary Vice-Ministers for Foreign Affairs
Mr. KOKUBA Konosuke
Profile
Mr. SUZUKI Hayato
Profile
Mr. NAKANISHI Satoshi
Profile"
612,Taro Aso,2020-10-12,"October 12, 2020
Japanese
Minister for Foreign Affairs
Mr. MOTEGI Toshimitsu
Profile
Press Conferences
Meetings and Conferences
Speeches and Statements
Contributed Articles / Interviews
State Ministers for Foreign Affairs
Mr. WASHIO Eiichiro
Profile
Mr. UTO Takashi
Profile
Parliamentary Vice-Ministers for Foreign Affairs
Mr. KOKUBA Konosuke
Profile
Mr. SUZUKI Hayato
Profile
Mr. NAKANISHI Satoshi
Profile"
200,Koichiro Gemba,2020-10-12,"October 12, 2020
Japanese
Minister for Foreign Affairs
Mr. MOTEGI Toshimitsu
Profile
Press Conferences
Meetings and Conferences
Speeches and Statements
Contributed Articles / Interviews
State Ministers for Foreign Affairs
Mr. WASHIO Eiichiro
Profile
Mr. UTO Takashi
Profile
Parliamentary Vice-Ministers for Foreign Affairs
Mr. KOKUBA Konosuke
Profile
Mr. SUZUKI Hayato
Profile
Mr. NAKANISHI Satoshi
Profile"
428,Hirofumi Nakasone,2020-10-12,"October 12, 2020
Japanese
Minister for Foreign Affairs
Mr. MOTEGI Toshimitsu
Profile
Press Conferences
Meetings and Conferences
Speeches and Statements
Contributed Articles / Interviews
State Ministers for Foreign Affairs
Mr. WASHIO Eiichiro
Profile
Mr. UTO Takashi
Profile
Parliamentary Vice-Ministers for Foreign Affairs
Mr. KOKUBA Konosuke
Profile
Mr. SUZUKI Hayato
Profile
Mr. NAKANISHI Satoshi
Profile"
686,Nobutaka Machimura,2020-10-12,"October 12, 2020
Japanese
Minister for Foreign Affairs
Mr. MOTEGI Toshimitsu
Profile
Press Conferences
Meetings and Conferences
Speeches and Statements
Contributed Articles / Interviews
State Ministers for Foreign Affairs
Mr. WASHIO Eiichiro
Profile
Mr. UTO Takashi
Profile
Parliamentary Vice-Ministers for Foreign Affairs
Mr. KOKUBA Konosuke
Profile
Mr. SUZUKI Hayato
Profile
Mr. NAKANISHI Satoshi
Profile"
346,Katsuya Okada,2020-10-12,"October 12, 2020
Japanese
Minister for Foreign Affairs
Mr. MOTEGI Toshimitsu
Profile
Press Conferences
Meetings and Conferences
Speeches and Statements
Contributed Articles / Interviews
State Ministers for Foreign Affairs
Mr. WASHIO Eiichiro
Profile
Mr. UTO Takashi
Profile
Parliamentary Vice-Ministers for Foreign Affairs
Mr. KOKUBA Konosuke
Profile
Mr. SUZUKI Hayato
Profile
Mr. NAKANISHI Satoshi
Profile"
243,Takeaki Matsumoto,2020-10-12,"October 12, 2020
Japanese
Minister for Foreign Affairs
Mr. MOTEGI Toshimitsu
Profile
Press Conferences
Meetings and Conferences
Speeches and Statements
Contributed Articles / Interviews
State Ministers for Foreign Affairs
Mr. WASHIO Eiichiro
Profile
Mr. UTO Takashi
Profile
Parliamentary Vice-Ministers for Foreign Affairs
Mr. KOKUBA Konosuke
Profile
Mr. SUZUKI Hayato
Profile
Mr. NAKANISHI Satoshi
Profile"
905,Yoriko Kawaguchi,2020-10-12,"October 12, 2020
Japanese
Minister for Foreign Affairs
Mr. MOTEGI Toshimitsu
Profile
Press Conferences
Meetings and Conferences
Speeches and Statements
Contributed Articles / Interviews
State Ministers for Foreign Affairs
Mr. WASHIO Eiichiro
Profile
Mr. UTO Takashi
Profile
Parliamentary Vice-Ministers for Foreign Affairs
Mr. KOKUBA Konosuke
Profile
Mr. SUZUKI Hayato
Profile
Mr. NAKANISHI Satoshi
Profile"
944,Makiko Tanaka,2020-10-12,"October 12, 2020
Japanese
Minister for Foreign Affairs
Mr. MOTEGI Toshimitsu
Profile
Press Conferences
Meetings and Conferences
Speeches and Statements
Contributed Articles / Interviews
State Ministers for Foreign Affairs
Mr. WASHIO Eiichiro
Profile
Mr. UTO Takashi
Profile
Parliamentary Vice-Ministers for Foreign Affairs
Mr. KOKUBA Konosuke
Profile
Mr. SUZUKI Hayato
Profile
Mr. NAKANISHI Satoshi
Profile"
501,Masahiko Koumura,2020-10-12,"October 12, 2020
Japanese
Minister for Foreign Affairs
Mr. MOTEGI Toshimitsu
Profile
Press Conferences
Meetings and Conferences
Speeches and Statements
Contributed Articles / Interviews
State Ministers for Foreign Affairs
Mr. WASHIO Eiichiro
Profile
Mr. UTO Takashi
Profile
Parliamentary Vice-Ministers for Foreign Affairs
Mr. KOKUBA Konosuke
Profile
Mr. SUZUKI Hayato
Profile
Mr. NAKANISHI Satoshi
Profile"
288,Seiji Maehara,2020-10-12,"October 12, 2020
Japanese
Minister for Foreign Affairs
Mr. MOTEGI Toshimitsu
Profile
Press Conferences
Meetings and Conferences
Speeches and Statements
Contributed Articles / Interviews
State Ministers for Foreign Affairs
Mr. WASHIO Eiichiro
Profile
Mr. UTO Takashi
Profile
Parliamentary Vice-Ministers for Foreign Affairs
Mr. KOKUBA Konosuke
Profile
Mr. SUZUKI Hayato
Profile
Mr. NAKANISHI Satoshi
Profile"
1006,Masahiko Koumura,2020-10-12,"October 12, 2020
Japanese
Minister for Foreign Affairs
Mr. MOTEGI Toshimitsu
Profile
Press Conferences
Meetings and Conferences
Speeches and Statements
Contributed Articles / Interviews
State Ministers for Foreign Affairs
Mr. WASHIO Eiichiro
Profile
Mr. UTO Takashi
Profile
Parliamentary Vice-Ministers for Foreign Affairs
Mr. KOKUBA Konosuke
Profile
Mr. SUZUKI Hayato
Profile
Mr. NAKANISHI Satoshi
Profile"
516,Masahiko Koumura,2020-12-01,"December 1, 2020
Japanese
Tweet
1. Basic premise
The Ministry of Foreign Affairs (hereinafter referred to as ""the Ministry""), collects necessary information from those using the Official Website of the Ministry of Foreign Affairs (including the websites of its overseas establishments) (hereinafter referred to as &quotthe Site"") for the purpose of the smooth operation of the services (such as information provision) provided by the Site. Information acquired will be handled appropriately within the scope of the purposes of use.
2. Scope of information acquisition
(1) The Site automatically collects and stores Internet domain names, IP addresses, information about access to the Site (i.e., the date and time you access the Site and the pages you visit) etc. Cookies (information transmitted from the server to the user's browser and stored on the user's computer in order for the server to identify users) may be used to the purposes to figure out the accurate number of accesses and to improve convenience of the browser display function.
(2) Mail services such as ""What's New"" ask users to register their e-mail address.
3. Purposes of use
(1) The information acquired in 2. (1) will be used as a reference for the smooth operation of the service provided by the Site.
(2) The information collected in 2. (2) will be used for the delivery of e-mail magazines.
4. Limitations on use and provision
Except for cases of legal disclosure requests as well as cases of illegal access, threats and other unlawful acts or other special reasons, the Ministry will not use the acquired infometion  for any purposes other than those described in 3., nor will provide the infomation  to any third party. However, statistical information regarding access to the Site or information on users' attributes may be made public.
5. Measures to ensure security
The Ministry takes measures necessary to handle acquired information appropriately to prevent the leakage, loss or destruction of acquired information.
6. Disclosure of personal information
We do not collect names, birth dates or other information which can identify individuals on the Site. Therefore, we do not respond to requests for disclosure of personal information by the users of mail services.
7. Scope of application
This privacy policy applies only to the Site.Responsibility for the handling of the information of other ministries and agencies lies in the respective organizations. For third-party services, including social media,being used by the Site, please review the respective privacy policies on the websites of these third-party providers."
443,Hirofumi Nakasone,2020-12-01,"December 1, 2020
Japanese
Tweet
1. Basic premise
The Ministry of Foreign Affairs (hereinafter referred to as ""the Ministry""), collects necessary information from those using the Official Website of the Ministry of Foreign Affairs (including the websites of its overseas establishments) (hereinafter referred to as &quotthe Site"") for the purpose of the smooth operation of the services (such as information provision) provided by the Site. Information acquired will be handled appropriately within the scope of the purposes of use.
2. Scope of information acquisition
(1) The Site automatically collects and stores Internet domain names, IP addresses, information about access to the Site (i.e., the date and time you access the Site and the pages you visit) etc. Cookies (information transmitted from the server to the user's browser and stored on the user's computer in order for the server to identify users) may be used to the purposes to figure out the accurate number of accesses and to improve convenience of the browser display function.
(2) Mail services such as ""What's New"" ask users to register their e-mail address.
3. Purposes of use
(1) The information acquired in 2. (1) will be used as a reference for the smooth operation of the service provided by the Site.
(2) The information collected in 2. (2) will be used for the delivery of e-mail magazines.
4. Limitations on use and provision
Except for cases of legal disclosure requests as well as cases of illegal access, threats and other unlawful acts or other special reasons, the Ministry will not use the acquired infometion  for any purposes other than those described in 3., nor will provide the infomation  to any third party. However, statistical information regarding access to the Site or information on users' attributes may be made public.
5. Measures to ensure security
The Ministry takes measures necessary to handle acquired information appropriately to prevent the leakage, loss or destruction of acquired information.
6. Disclosure of personal information
We do not collect names, birth dates or other information which can identify individuals on the Site. Therefore, we do not respond to requests for disclosure of personal information by the users of mail services.
7. Scope of application
This privacy policy applies only to the Site.Responsibility for the handling of the information of other ministries and agencies lies in the respective organizations. For third-party services, including social media,being used by the Site, please review the respective privacy policies on the websites of these third-party providers."
627,Taro Aso,2020-12-01,"December 1, 2020
Japanese
Tweet
1. Basic premise
The Ministry of Foreign Affairs (hereinafter referred to as ""the Ministry""), collects necessary information from those using the Official Website of the Ministry of Foreign Affairs (including the websites of its overseas establishments) (hereinafter referred to as &quotthe Site"") for the purpose of the smooth operation of the services (such as information provision) provided by the Site. Information acquired will be handled appropriately within the scope of the purposes of use.
2. Scope of information acquisition
(1) The Site automatically collects and stores Internet domain names, IP addresses, information about access to the Site (i.e., the date and time you access the Site and the pages you visit) etc. Cookies (information transmitted from the server to the user's browser and stored on the user's computer in order for the server to identify users) may be used to the purposes to figure out the accurate number of accesses and to improve convenience of the browser display function.
(2) Mail services such as ""What's New"" ask users to register their e-mail address.
3. Purposes of use
(1) The information acquired in 2. (1) will be used as a reference for the smooth operation of the service provided by the Site.
(2) The information collected in 2. (2) will be used for the delivery of e-mail magazines.
4. Limitations on use and provision
Except for cases of legal disclosure requests as well as cases of illegal access, threats and other unlawful acts or other special reasons, the Ministry will not use the acquired infometion  for any purposes other than those described in 3., nor will provide the infomation  to any third party. However, statistical information regarding access to the Site or information on users' attributes may be made public.
5. Measures to ensure security
The Ministry takes measures necessary to handle acquired information appropriately to prevent the leakage, loss or destruction of acquired information.
6. Disclosure of personal information
We do not collect names, birth dates or other information which can identify individuals on the Site. Therefore, we do not respond to requests for disclosure of personal information by the users of mail services.
7. Scope of application
This privacy policy applies only to the Site.Responsibility for the handling of the information of other ministries and agencies lies in the respective organizations. For third-party services, including social media,being used by the Site, please review the respective privacy policies on the websites of these third-party providers."
536,Nobutaka Machimura,2020-12-01,"December 1, 2020
Japanese
Tweet
1. Basic premise
The Ministry of Foreign Affairs (hereinafter referred to as ""the Ministry""), collects necessary information from those using the Official Website of the Ministry of Foreign Affairs (including the websites of its overseas establishments) (hereinafter referred to as &quotthe Site"") for the purpose of the smooth operation of the services (such as information provision) provided by the Site. Information acquired will be handled appropriately within the scope of the purposes of use.
2. Scope of information acquisition
(1) The Site automatically collects and stores Internet domain names, IP addresses, information about access to the Site (i.e., the date and time you access the Site and the pages you visit) etc. Cookies (information transmitted from the server to the user's browser and stored on the user's computer in order for the server to identify users) may be used to the purposes to figure out the accurate number of accesses and to improve convenience of the browser display function.
(2) Mail services such as ""What's New"" ask users to register their e-mail address.
3. Purposes of use
(1) The information acquired in 2. (1) will be used as a reference for the smooth operation of the service provided by the Site.
(2) The information collected in 2. (2) will be used for the delivery of e-mail magazines.
4. Limitations on use and provision
Except for cases of legal disclosure requests as well as cases of illegal access, threats and other unlawful acts or other special reasons, the Ministry will not use the acquired infometion  for any purposes other than those described in 3., nor will provide the infomation  to any third party. However, statistical information regarding access to the Site or information on users' attributes may be made public.
5. Measures to ensure security
The Ministry takes measures necessary to handle acquired information appropriately to prevent the leakage, loss or destruction of acquired information.
6. Disclosure of personal information
We do not collect names, birth dates or other information which can identify individuals on the Site. Therefore, we do not respond to requests for disclosure of personal information by the users of mail services.
7. Scope of application
This privacy policy applies only to the Site.Responsibility for the handling of the information of other ministries and agencies lies in the respective organizations. For third-party services, including social media,being used by the Site, please review the respective privacy policies on the websites of these third-party providers."
1021,Masahiko Koumura,2020-12-01,"December 1, 2020
Japanese
Tweet
1. Basic premise
The Ministry of Foreign Affairs (hereinafter referred to as ""the Ministry""), collects necessary information from those using the Official Website of the Ministry of Foreign Affairs (including the websites of its overseas establishments) (hereinafter referred to as &quotthe Site"") for the purpose of the smooth operation of the services (such as information provision) provided by the Site. Information acquired will be handled appropriately within the scope of the purposes of use.
2. Scope of information acquisition
(1) The Site automatically collects and stores Internet domain names, IP addresses, information about access to the Site (i.e., the date and time you access the Site and the pages you visit) etc. Cookies (information transmitted from the server to the user's browser and stored on the user's computer in order for the server to identify users) may be used to the purposes to figure out the accurate number of accesses and to improve convenience of the browser display function.
(2) Mail services such as ""What's New"" ask users to register their e-mail address.
3. Purposes of use
(1) The information acquired in 2. (1) will be used as a reference for the smooth operation of the service provided by the Site.
(2) The information collected in 2. (2) will be used for the delivery of e-mail magazines.
4. Limitations on use and provision
Except for cases of legal disclosure requests as well as cases of illegal access, threats and other unlawful acts or other special reasons, the Ministry will not use the acquired infometion  for any purposes other than those described in 3., nor will provide the infomation  to any third party. However, statistical information regarding access to the Site or information on users' attributes may be made public.
5. Measures to ensure security
The Ministry takes measures necessary to handle acquired information appropriately to prevent the leakage, loss or destruction of acquired information.
6. Disclosure of personal information
We do not collect names, birth dates or other information which can identify individuals on the Site. Therefore, we do not respond to requests for disclosure of personal information by the users of mail services.
7. Scope of application
This privacy policy applies only to the Site.Responsibility for the handling of the information of other ministries and agencies lies in the respective organizations. For third-party services, including social media,being used by the Site, please review the respective privacy policies on the websites of these third-party providers."
258,Takeaki Matsumoto,2020-12-01,"December 1, 2020
Japanese
Tweet
1. Basic premise
The Ministry of Foreign Affairs (hereinafter referred to as ""the Ministry""), collects necessary information from those using the Official Website of the Ministry of Foreign Affairs (including the websites of its overseas establishments) (hereinafter referred to as &quotthe Site"") for the purpose of the smooth operation of the services (such as information provision) provided by the Site. Information acquired will be handled appropriately within the scope of the purposes of use.
2. Scope of information acquisition
(1) The Site automatically collects and stores Internet domain names, IP addresses, information about access to the Site (i.e., the date and time you access the Site and the pages you visit) etc. Cookies (information transmitted from the server to the user's browser and stored on the user's computer in order for the server to identify users) may be used to the purposes to figure out the accurate number of accesses and to improve convenience of the browser display function.
(2) Mail services such as ""What's New"" ask users to register their e-mail address.
3. Purposes of use
(1) The information acquired in 2. (1) will be used as a reference for the smooth operation of the service provided by the Site.
(2) The information collected in 2. (2) will be used for the delivery of e-mail magazines.
4. Limitations on use and provision
Except for cases of legal disclosure requests as well as cases of illegal access, threats and other unlawful acts or other special reasons, the Ministry will not use the acquired infometion  for any purposes other than those described in 3., nor will provide the infomation  to any third party. However, statistical information regarding access to the Site or information on users' attributes may be made public.
5. Measures to ensure security
The Ministry takes measures necessary to handle acquired information appropriately to prevent the leakage, loss or destruction of acquired information.
6. Disclosure of personal information
We do not collect names, birth dates or other information which can identify individuals on the Site. Therefore, we do not respond to requests for disclosure of personal information by the users of mail services.
7. Scope of application
This privacy policy applies only to the Site.Responsibility for the handling of the information of other ministries and agencies lies in the respective organizations. For third-party services, including social media,being used by the Site, please review the respective privacy policies on the websites of these third-party providers."
995,Yohei Kono,2020-12-01,"December 1, 2020
Japanese
Tweet
1. Basic premise
The Ministry of Foreign Affairs (hereinafter referred to as ""the Ministry""), collects necessary information from those using the Official Website of the Ministry of Foreign Affairs (including the websites of its overseas establishments) (hereinafter referred to as &quotthe Site"") for the purpose of the smooth operation of the services (such as information provision) provided by the Site. Information acquired will be handled appropriately within the scope of the purposes of use.
2. Scope of information acquisition
(1) The Site automatically collects and stores Internet domain names, IP addresses, information about access to the Site (i.e., the date and time you access the Site and the pages you visit) etc. Cookies (information transmitted from the server to the user's browser and stored on the user's computer in order for the server to identify users) may be used to the purposes to figure out the accurate number of accesses and to improve convenience of the browser display function.
(2) Mail services such as ""What's New"" ask users to register their e-mail address.
3. Purposes of use
(1) The information acquired in 2. (1) will be used as a reference for the smooth operation of the service provided by the Site.
(2) The information collected in 2. (2) will be used for the delivery of e-mail magazines.
4. Limitations on use and provision
Except for cases of legal disclosure requests as well as cases of illegal access, threats and other unlawful acts or other special reasons, the Ministry will not use the acquired infometion  for any purposes other than those described in 3., nor will provide the infomation  to any third party. However, statistical information regarding access to the Site or information on users' attributes may be made public.
5. Measures to ensure security
The Ministry takes measures necessary to handle acquired information appropriately to prevent the leakage, loss or destruction of acquired information.
6. Disclosure of personal information
We do not collect names, birth dates or other information which can identify individuals on the Site. Therefore, we do not respond to requests for disclosure of personal information by the users of mail services.
7. Scope of application
This privacy policy applies only to the Site.Responsibility for the handling of the information of other ministries and agencies lies in the respective organizations. For third-party services, including social media,being used by the Site, please review the respective privacy policies on the websites of these third-party providers."
26,Current Foreign Minister,2020-12-01,"December 1, 2020
Japanese
Tweet
1. Basic premise
The Ministry of Foreign Affairs (hereinafter referred to as ""the Ministry""), collects necessary information from those using the Official Website of the Ministry of Foreign Affairs (including the websites of its overseas establishments) (hereinafter referred to as &quotthe Site"") for the purpose of the smooth operation of the services (such as information provision) provided by the Site. Information acquired will be handled appropriately within the scope of the purposes of use.
2. Scope of information acquisition
(1) The Site automatically collects and stores Internet domain names, IP addresses, information about access to the Site (i.e., the date and time you access the Site and the pages you visit) etc. Cookies (information transmitted from the server to the user's browser and stored on the user's computer in order for the server to identify users) may be used to the purposes to figure out the accurate number of accesses and to improve convenience of the browser display function.
(2) Mail services such as ""What's New"" ask users to register their e-mail address.
3. Purposes of use
(1) The information acquired in 2. (1) will be used as a reference for the smooth operation of the service provided by the Site.
(2) The information collected in 2. (2) will be used for the delivery of e-mail magazines.
4. Limitations on use and provision
Except for cases of legal disclosure requests as well as cases of illegal access, threats and other unlawful acts or other special reasons, the Ministry will not use the acquired infometion  for any purposes other than those described in 3., nor will provide the infomation  to any third party. However, statistical information regarding access to the Site or information on users' attributes may be made public.
5. Measures to ensure security
The Ministry takes measures necessary to handle acquired information appropriately to prevent the leakage, loss or destruction of acquired information.
6. Disclosure of personal information
We do not collect names, birth dates or other information which can identify individuals on the Site. Therefore, we do not respond to requests for disclosure of personal information by the users of mail services.
7. Scope of application
This privacy policy applies only to the Site.Responsibility for the handling of the information of other ministries and agencies lies in the respective organizations. For third-party services, including social media,being used by the Site, please review the respective privacy policies on the websites of these third-party providers."
215,Koichiro Gemba,2020-12-01,"December 1, 2020
Japanese
Tweet
1. Basic premise
The Ministry of Foreign Affairs (hereinafter referred to as ""the Ministry""), collects necessary information from those using the Official Website of the Ministry of Foreign Affairs (including the websites of its overseas establishments) (hereinafter referred to as &quotthe Site"") for the purpose of the smooth operation of the services (such as information provision) provided by the Site. Information acquired will be handled appropriately within the scope of the purposes of use.
2. Scope of information acquisition
(1) The Site automatically collects and stores Internet domain names, IP addresses, information about access to the Site (i.e., the date and time you access the Site and the pages you visit) etc. Cookies (information transmitted from the server to the user's browser and stored on the user's computer in order for the server to identify users) may be used to the purposes to figure out the accurate number of accesses and to improve convenience of the browser display function.
(2) Mail services such as ""What's New"" ask users to register their e-mail address.
3. Purposes of use
(1) The information acquired in 2. (1) will be used as a reference for the smooth operation of the service provided by the Site.
(2) The information collected in 2. (2) will be used for the delivery of e-mail magazines.
4. Limitations on use and provision
Except for cases of legal disclosure requests as well as cases of illegal access, threats and other unlawful acts or other special reasons, the Ministry will not use the acquired infometion  for any purposes other than those described in 3., nor will provide the infomation  to any third party. However, statistical information regarding access to the Site or information on users' attributes may be made public.
5. Measures to ensure security
The Ministry takes measures necessary to handle acquired information appropriately to prevent the leakage, loss or destruction of acquired information.
6. Disclosure of personal information
We do not collect names, birth dates or other information which can identify individuals on the Site. Therefore, we do not respond to requests for disclosure of personal information by the users of mail services.
7. Scope of application
This privacy policy applies only to the Site.Responsibility for the handling of the information of other ministries and agencies lies in the respective organizations. For third-party services, including social media,being used by the Site, please review the respective privacy policies on the websites of these third-party providers."
920,Yoriko Kawaguchi,2020-12-01,"December 1, 2020
Japanese
Tweet
1. Basic premise
The Ministry of Foreign Affairs (hereinafter referred to as ""the Ministry""), collects necessary information from those using the Official Website of the Ministry of Foreign Affairs (including the websites of its overseas establishments) (hereinafter referred to as &quotthe Site"") for the purpose of the smooth operation of the services (such as information provision) provided by the Site. Information acquired will be handled appropriately within the scope of the purposes of use.
2. Scope of information acquisition
(1) The Site automatically collects and stores Internet domain names, IP addresses, information about access to the Site (i.e., the date and time you access the Site and the pages you visit) etc. Cookies (information transmitted from the server to the user's browser and stored on the user's computer in order for the server to identify users) may be used to the purposes to figure out the accurate number of accesses and to improve convenience of the browser display function.
(2) Mail services such as ""What's New"" ask users to register their e-mail address.
3. Purposes of use
(1) The information acquired in 2. (1) will be used as a reference for the smooth operation of the service provided by the Site.
(2) The information collected in 2. (2) will be used for the delivery of e-mail magazines.
4. Limitations on use and provision
Except for cases of legal disclosure requests as well as cases of illegal access, threats and other unlawful acts or other special reasons, the Ministry will not use the acquired infometion  for any purposes other than those described in 3., nor will provide the infomation  to any third party. However, statistical information regarding access to the Site or information on users' attributes may be made public.
5. Measures to ensure security
The Ministry takes measures necessary to handle acquired information appropriately to prevent the leakage, loss or destruction of acquired information.
6. Disclosure of personal information
We do not collect names, birth dates or other information which can identify individuals on the Site. Therefore, we do not respond to requests for disclosure of personal information by the users of mail services.
7. Scope of application
This privacy policy applies only to the Site.Responsibility for the handling of the information of other ministries and agencies lies in the respective organizations. For third-party services, including social media,being used by the Site, please review the respective privacy policies on the websites of these third-party providers."
59,Taro Kono,2020-12-01,"December 1, 2020
Japanese
Tweet
1. Basic premise
The Ministry of Foreign Affairs (hereinafter referred to as ""the Ministry""), collects necessary information from those using the Official Website of the Ministry of Foreign Affairs (including the websites of its overseas establishments) (hereinafter referred to as &quotthe Site"") for the purpose of the smooth operation of the services (such as information provision) provided by the Site. Information acquired will be handled appropriately within the scope of the purposes of use.
2. Scope of information acquisition
(1) The Site automatically collects and stores Internet domain names, IP addresses, information about access to the Site (i.e., the date and time you access the Site and the pages you visit) etc. Cookies (information transmitted from the server to the user's browser and stored on the user's computer in order for the server to identify users) may be used to the purposes to figure out the accurate number of accesses and to improve convenience of the browser display function.
(2) Mail services such as ""What's New"" ask users to register their e-mail address.
3. Purposes of use
(1) The information acquired in 2. (1) will be used as a reference for the smooth operation of the service provided by the Site.
(2) The information collected in 2. (2) will be used for the delivery of e-mail magazines.
4. Limitations on use and provision
Except for cases of legal disclosure requests as well as cases of illegal access, threats and other unlawful acts or other special reasons, the Ministry will not use the acquired infometion  for any purposes other than those described in 3., nor will provide the infomation  to any third party. However, statistical information regarding access to the Site or information on users' attributes may be made public.
5. Measures to ensure security
The Ministry takes measures necessary to handle acquired information appropriately to prevent the leakage, loss or destruction of acquired information.
6. Disclosure of personal information
We do not collect names, birth dates or other information which can identify individuals on the Site. Therefore, we do not respond to requests for disclosure of personal information by the users of mail services.
7. Scope of application
This privacy policy applies only to the Site.Responsibility for the handling of the information of other ministries and agencies lies in the respective organizations. For third-party services, including social media,being used by the Site, please review the respective privacy policies on the websites of these third-party providers."
303,Seiji Maehara,2020-12-01,"December 1, 2020
Japanese
Tweet
1. Basic premise
The Ministry of Foreign Affairs (hereinafter referred to as ""the Ministry""), collects necessary information from those using the Official Website of the Ministry of Foreign Affairs (including the websites of its overseas establishments) (hereinafter referred to as &quotthe Site"") for the purpose of the smooth operation of the services (such as information provision) provided by the Site. Information acquired will be handled appropriately within the scope of the purposes of use.
2. Scope of information acquisition
(1) The Site automatically collects and stores Internet domain names, IP addresses, information about access to the Site (i.e., the date and time you access the Site and the pages you visit) etc. Cookies (information transmitted from the server to the user's browser and stored on the user's computer in order for the server to identify users) may be used to the purposes to figure out the accurate number of accesses and to improve convenience of the browser display function.
(2) Mail services such as ""What's New"" ask users to register their e-mail address.
3. Purposes of use
(1) The information acquired in 2. (1) will be used as a reference for the smooth operation of the service provided by the Site.
(2) The information collected in 2. (2) will be used for the delivery of e-mail magazines.
4. Limitations on use and provision
Except for cases of legal disclosure requests as well as cases of illegal access, threats and other unlawful acts or other special reasons, the Ministry will not use the acquired infometion  for any purposes other than those described in 3., nor will provide the infomation  to any third party. However, statistical information regarding access to the Site or information on users' attributes may be made public.
5. Measures to ensure security
The Ministry takes measures necessary to handle acquired information appropriately to prevent the leakage, loss or destruction of acquired information.
6. Disclosure of personal information
We do not collect names, birth dates or other information which can identify individuals on the Site. Therefore, we do not respond to requests for disclosure of personal information by the users of mail services.
7. Scope of application
This privacy policy applies only to the Site.Responsibility for the handling of the information of other ministries and agencies lies in the respective organizations. For third-party services, including social media,being used by the Site, please review the respective privacy policies on the websites of these third-party providers."
361,Katsuya Okada,2020-12-01,"December 1, 2020
Japanese
Tweet
1. Basic premise
The Ministry of Foreign Affairs (hereinafter referred to as ""the Ministry""), collects necessary information from those using the Official Website of the Ministry of Foreign Affairs (including the websites of its overseas establishments) (hereinafter referred to as &quotthe Site"") for the purpose of the smooth operation of the services (such as information provision) provided by the Site. Information acquired will be handled appropriately within the scope of the purposes of use.
2. Scope of information acquisition
(1) The Site automatically collects and stores Internet domain names, IP addresses, information about access to the Site (i.e., the date and time you access the Site and the pages you visit) etc. Cookies (information transmitted from the server to the user's browser and stored on the user's computer in order for the server to identify users) may be used to the purposes to figure out the accurate number of accesses and to improve convenience of the browser display function.
(2) Mail services such as ""What's New"" ask users to register their e-mail address.
3. Purposes of use
(1) The information acquired in 2. (1) will be used as a reference for the smooth operation of the service provided by the Site.
(2) The information collected in 2. (2) will be used for the delivery of e-mail magazines.
4. Limitations on use and provision
Except for cases of legal disclosure requests as well as cases of illegal access, threats and other unlawful acts or other special reasons, the Ministry will not use the acquired infometion  for any purposes other than those described in 3., nor will provide the infomation  to any third party. However, statistical information regarding access to the Site or information on users' attributes may be made public.
5. Measures to ensure security
The Ministry takes measures necessary to handle acquired information appropriately to prevent the leakage, loss or destruction of acquired information.
6. Disclosure of personal information
We do not collect names, birth dates or other information which can identify individuals on the Site. Therefore, we do not respond to requests for disclosure of personal information by the users of mail services.
7. Scope of application
This privacy policy applies only to the Site.Responsibility for the handling of the information of other ministries and agencies lies in the respective organizations. For third-party services, including social media,being used by the Site, please review the respective privacy policies on the websites of these third-party providers."
701,Nobutaka Machimura,2020-12-01,"December 1, 2020
Japanese
Tweet
1. Basic premise
The Ministry of Foreign Affairs (hereinafter referred to as ""the Ministry""), collects necessary information from those using the Official Website of the Ministry of Foreign Affairs (including the websites of its overseas establishments) (hereinafter referred to as &quotthe Site"") for the purpose of the smooth operation of the services (such as information provision) provided by the Site. Information acquired will be handled appropriately within the scope of the purposes of use.
2. Scope of information acquisition
(1) The Site automatically collects and stores Internet domain names, IP addresses, information about access to the Site (i.e., the date and time you access the Site and the pages you visit) etc. Cookies (information transmitted from the server to the user's browser and stored on the user's computer in order for the server to identify users) may be used to the purposes to figure out the accurate number of accesses and to improve convenience of the browser display function.
(2) Mail services such as ""What's New"" ask users to register their e-mail address.
3. Purposes of use
(1) The information acquired in 2. (1) will be used as a reference for the smooth operation of the service provided by the Site.
(2) The information collected in 2. (2) will be used for the delivery of e-mail magazines.
4. Limitations on use and provision
Except for cases of legal disclosure requests as well as cases of illegal access, threats and other unlawful acts or other special reasons, the Ministry will not use the acquired infometion  for any purposes other than those described in 3., nor will provide the infomation  to any third party. However, statistical information regarding access to the Site or information on users' attributes may be made public.
5. Measures to ensure security
The Ministry takes measures necessary to handle acquired information appropriately to prevent the leakage, loss or destruction of acquired information.
6. Disclosure of personal information
We do not collect names, birth dates or other information which can identify individuals on the Site. Therefore, we do not respond to requests for disclosure of personal information by the users of mail services.
7. Scope of application
This privacy policy applies only to the Site.Responsibility for the handling of the information of other ministries and agencies lies in the respective organizations. For third-party services, including social media,being used by the Site, please review the respective privacy policies on the websites of these third-party providers."
121,Fumio Kishida,2020-12-01,"December 1, 2020
Japanese
Tweet
1. Basic premise
The Ministry of Foreign Affairs (hereinafter referred to as ""the Ministry""), collects necessary information from those using the Official Website of the Ministry of Foreign Affairs (including the websites of its overseas establishments) (hereinafter referred to as &quotthe Site"") for the purpose of the smooth operation of the services (such as information provision) provided by the Site. Information acquired will be handled appropriately within the scope of the purposes of use.
2. Scope of information acquisition
(1) The Site automatically collects and stores Internet domain names, IP addresses, information about access to the Site (i.e., the date and time you access the Site and the pages you visit) etc. Cookies (information transmitted from the server to the user's browser and stored on the user's computer in order for the server to identify users) may be used to the purposes to figure out the accurate number of accesses and to improve convenience of the browser display function.
(2) Mail services such as ""What's New"" ask users to register their e-mail address.
3. Purposes of use
(1) The information acquired in 2. (1) will be used as a reference for the smooth operation of the service provided by the Site.
(2) The information collected in 2. (2) will be used for the delivery of e-mail magazines.
4. Limitations on use and provision
Except for cases of legal disclosure requests as well as cases of illegal access, threats and other unlawful acts or other special reasons, the Ministry will not use the acquired infometion  for any purposes other than those described in 3., nor will provide the infomation  to any third party. However, statistical information regarding access to the Site or information on users' attributes may be made public.
5. Measures to ensure security
The Ministry takes measures necessary to handle acquired information appropriately to prevent the leakage, loss or destruction of acquired information.
6. Disclosure of personal information
We do not collect names, birth dates or other information which can identify individuals on the Site. Therefore, we do not respond to requests for disclosure of personal information by the users of mail services.
7. Scope of application
This privacy policy applies only to the Site.Responsibility for the handling of the information of other ministries and agencies lies in the respective organizations. For third-party services, including social media,being used by the Site, please review the respective privacy policies on the websites of these third-party providers."
959,Makiko Tanaka,2020-12-01,"December 1, 2020
Japanese
Tweet
1. Basic premise
The Ministry of Foreign Affairs (hereinafter referred to as ""the Ministry""), collects necessary information from those using the Official Website of the Ministry of Foreign Affairs (including the websites of its overseas establishments) (hereinafter referred to as &quotthe Site"") for the purpose of the smooth operation of the services (such as information provision) provided by the Site. Information acquired will be handled appropriately within the scope of the purposes of use.
2. Scope of information acquisition
(1) The Site automatically collects and stores Internet domain names, IP addresses, information about access to the Site (i.e., the date and time you access the Site and the pages you visit) etc. Cookies (information transmitted from the server to the user's browser and stored on the user's computer in order for the server to identify users) may be used to the purposes to figure out the accurate number of accesses and to improve convenience of the browser display function.
(2) Mail services such as ""What's New"" ask users to register their e-mail address.
3. Purposes of use
(1) The information acquired in 2. (1) will be used as a reference for the smooth operation of the service provided by the Site.
(2) The information collected in 2. (2) will be used for the delivery of e-mail magazines.
4. Limitations on use and provision
Except for cases of legal disclosure requests as well as cases of illegal access, threats and other unlawful acts or other special reasons, the Ministry will not use the acquired infometion  for any purposes other than those described in 3., nor will provide the infomation  to any third party. However, statistical information regarding access to the Site or information on users' attributes may be made public.
5. Measures to ensure security
The Ministry takes measures necessary to handle acquired information appropriately to prevent the leakage, loss or destruction of acquired information.
6. Disclosure of personal information
We do not collect names, birth dates or other information which can identify individuals on the Site. Therefore, we do not respond to requests for disclosure of personal information by the users of mail services.
7. Scope of application
This privacy policy applies only to the Site.Responsibility for the handling of the information of other ministries and agencies lies in the respective organizations. For third-party services, including social media,being used by the Site, please review the respective privacy policies on the websites of these third-party providers."
689,Nobutaka Machimura,2021-01-15,"January 15, 2021
Japanese
Ministry of Foreign Affairs (Headquarters)
2-2-1 Kasumigaseki, Chiyoda-ku, Tokyo 100-8919, Japan
TEL: +81-(0)3-3580-3311
Access:
Tokyo Metro Kasumigaseki Station
Exit A4 or A8
Embassies & Consulates
Osaka Liaison Office
4th Floor, Osaka National Government Building No. 4
4-1-76 Otemae, Chuo-ku, Osaka 540-0008, Japan
TEL:+81-(0)66941-4700
Access:
Osaka Municipal Subway Tanimachi 4-chome Station
Exit 5
（NOTICE）To prevent the spread of COVID19, we ask your cooperation on followings when entering our office.
Wear a mask all the time
Disinfect your hands with hand sanitizer and check your temperature.
Please fill in an application for admission card and health questionnaire at the entrance.
Okinawa Liaison Office
5th Floor, Daidokasai Kume Building
2-2-20 Kume, Naha, Okinawa 900-0033, Japan
TEL: +81-(0)98-860-3611
Narita Liason Office
3rd Floor, Car Park P2, Narita International Airport
1-1 Furugome, Narita,Chiba 282-0004, Japan
(P.O.Box 2201, Narita Airport Terminal 2 Post Office)
TEL: +81-(0)476-34-2271
Diplomatic Archives
1-5-3 Azabudai, Minato-ku, Tokyo 106-0041, Japan
TEL: +81-(0)3-3585-4511
Foreign Service Training Institute
4-2-1 Sagamiono, Minami-ku, Sagamihara, Kanagawa 252-0303, Japan
TEL: +81-(0)42-766-8101,
Map（
Japanese（PDF）
／
English（PDF）
）"
947,Makiko Tanaka,2021-01-15,"January 15, 2021
Japanese
Ministry of Foreign Affairs (Headquarters)
2-2-1 Kasumigaseki, Chiyoda-ku, Tokyo 100-8919, Japan
TEL: +81-(0)3-3580-3311
Access:
Tokyo Metro Kasumigaseki Station
Exit A4 or A8
Embassies & Consulates
Osaka Liaison Office
4th Floor, Osaka National Government Building No. 4
4-1-76 Otemae, Chuo-ku, Osaka 540-0008, Japan
TEL:+81-(0)66941-4700
Access:
Osaka Municipal Subway Tanimachi 4-chome Station
Exit 5
（NOTICE）To prevent the spread of COVID19, we ask your cooperation on followings when entering our office.
Wear a mask all the time
Disinfect your hands with hand sanitizer and check your temperature.
Please fill in an application for admission card and health questionnaire at the entrance.
Okinawa Liaison Office
5th Floor, Daidokasai Kume Building
2-2-20 Kume, Naha, Okinawa 900-0033, Japan
TEL: +81-(0)98-860-3611
Narita Liason Office
3rd Floor, Car Park P2, Narita International Airport
1-1 Furugome, Narita,Chiba 282-0004, Japan
(P.O.Box 2201, Narita Airport Terminal 2 Post Office)
TEL: +81-(0)476-34-2271
Diplomatic Archives
1-5-3 Azabudai, Minato-ku, Tokyo 106-0041, Japan
TEL: +81-(0)3-3585-4511
Foreign Service Training Institute
4-2-1 Sagamiono, Minami-ku, Sagamihara, Kanagawa 252-0303, Japan
TEL: +81-(0)42-766-8101,
Map（
Japanese（PDF）
／
English（PDF）
）"
524,Nobutaka Machimura,2021-01-15,"January 15, 2021
Japanese
Ministry of Foreign Affairs (Headquarters)
2-2-1 Kasumigaseki, Chiyoda-ku, Tokyo 100-8919, Japan
TEL: +81-(0)3-3580-3311
Access:
Tokyo Metro Kasumigaseki Station
Exit A4 or A8
Embassies & Consulates
Osaka Liaison Office
4th Floor, Osaka National Government Building No. 4
4-1-76 Otemae, Chuo-ku, Osaka 540-0008, Japan
TEL:+81-(0)66941-4700
Access:
Osaka Municipal Subway Tanimachi 4-chome Station
Exit 5
（NOTICE）To prevent the spread of COVID19, we ask your cooperation on followings when entering our office.
Wear a mask all the time
Disinfect your hands with hand sanitizer and check your temperature.
Please fill in an application for admission card and health questionnaire at the entrance.
Okinawa Liaison Office
5th Floor, Daidokasai Kume Building
2-2-20 Kume, Naha, Okinawa 900-0033, Japan
TEL: +81-(0)98-860-3611
Narita Liason Office
3rd Floor, Car Park P2, Narita International Airport
1-1 Furugome, Narita,Chiba 282-0004, Japan
(P.O.Box 2201, Narita Airport Terminal 2 Post Office)
TEL: +81-(0)476-34-2271
Diplomatic Archives
1-5-3 Azabudai, Minato-ku, Tokyo 106-0041, Japan
TEL: +81-(0)3-3585-4511
Foreign Service Training Institute
4-2-1 Sagamiono, Minami-ku, Sagamihara, Kanagawa 252-0303, Japan
TEL: +81-(0)42-766-8101,
Map（
Japanese（PDF）
／
English（PDF）
）"
504,Masahiko Koumura,2021-01-15,"January 15, 2021
Japanese
Ministry of Foreign Affairs (Headquarters)
2-2-1 Kasumigaseki, Chiyoda-ku, Tokyo 100-8919, Japan
TEL: +81-(0)3-3580-3311
Access:
Tokyo Metro Kasumigaseki Station
Exit A4 or A8
Embassies & Consulates
Osaka Liaison Office
4th Floor, Osaka National Government Building No. 4
4-1-76 Otemae, Chuo-ku, Osaka 540-0008, Japan
TEL:+81-(0)66941-4700
Access:
Osaka Municipal Subway Tanimachi 4-chome Station
Exit 5
（NOTICE）To prevent the spread of COVID19, we ask your cooperation on followings when entering our office.
Wear a mask all the time
Disinfect your hands with hand sanitizer and check your temperature.
Please fill in an application for admission card and health questionnaire at the entrance.
Okinawa Liaison Office
5th Floor, Daidokasai Kume Building
2-2-20 Kume, Naha, Okinawa 900-0033, Japan
TEL: +81-(0)98-860-3611
Narita Liason Office
3rd Floor, Car Park P2, Narita International Airport
1-1 Furugome, Narita,Chiba 282-0004, Japan
(P.O.Box 2201, Narita Airport Terminal 2 Post Office)
TEL: +81-(0)476-34-2271
Diplomatic Archives
1-5-3 Azabudai, Minato-ku, Tokyo 106-0041, Japan
TEL: +81-(0)3-3585-4511
Foreign Service Training Institute
4-2-1 Sagamiono, Minami-ku, Sagamihara, Kanagawa 252-0303, Japan
TEL: +81-(0)42-766-8101,
Map（
Japanese（PDF）
／
English（PDF）
）"
203,Koichiro Gemba,2021-01-15,"January 15, 2021
Japanese
Ministry of Foreign Affairs (Headquarters)
2-2-1 Kasumigaseki, Chiyoda-ku, Tokyo 100-8919, Japan
TEL: +81-(0)3-3580-3311
Access:
Tokyo Metro Kasumigaseki Station
Exit A4 or A8
Embassies & Consulates
Osaka Liaison Office
4th Floor, Osaka National Government Building No. 4
4-1-76 Otemae, Chuo-ku, Osaka 540-0008, Japan
TEL:+81-(0)66941-4700
Access:
Osaka Municipal Subway Tanimachi 4-chome Station
Exit 5
（NOTICE）To prevent the spread of COVID19, we ask your cooperation on followings when entering our office.
Wear a mask all the time
Disinfect your hands with hand sanitizer and check your temperature.
Please fill in an application for admission card and health questionnaire at the entrance.
Okinawa Liaison Office
5th Floor, Daidokasai Kume Building
2-2-20 Kume, Naha, Okinawa 900-0033, Japan
TEL: +81-(0)98-860-3611
Narita Liason Office
3rd Floor, Car Park P2, Narita International Airport
1-1 Furugome, Narita,Chiba 282-0004, Japan
(P.O.Box 2201, Narita Airport Terminal 2 Post Office)
TEL: +81-(0)476-34-2271
Diplomatic Archives
1-5-3 Azabudai, Minato-ku, Tokyo 106-0041, Japan
TEL: +81-(0)3-3585-4511
Foreign Service Training Institute
4-2-1 Sagamiono, Minami-ku, Sagamihara, Kanagawa 252-0303, Japan
TEL: +81-(0)42-766-8101,
Map（
Japanese（PDF）
／
English（PDF）
）"
47,Taro Kono,2021-01-15,"January 15, 2021
Japanese
Ministry of Foreign Affairs (Headquarters)
2-2-1 Kasumigaseki, Chiyoda-ku, Tokyo 100-8919, Japan
TEL: +81-(0)3-3580-3311
Access:
Tokyo Metro Kasumigaseki Station
Exit A4 or A8
Embassies & Consulates
Osaka Liaison Office
4th Floor, Osaka National Government Building No. 4
4-1-76 Otemae, Chuo-ku, Osaka 540-0008, Japan
TEL:+81-(0)66941-4700
Access:
Osaka Municipal Subway Tanimachi 4-chome Station
Exit 5
（NOTICE）To prevent the spread of COVID19, we ask your cooperation on followings when entering our office.
Wear a mask all the time
Disinfect your hands with hand sanitizer and check your temperature.
Please fill in an application for admission card and health questionnaire at the entrance.
Okinawa Liaison Office
5th Floor, Daidokasai Kume Building
2-2-20 Kume, Naha, Okinawa 900-0033, Japan
TEL: +81-(0)98-860-3611
Narita Liason Office
3rd Floor, Car Park P2, Narita International Airport
1-1 Furugome, Narita,Chiba 282-0004, Japan
(P.O.Box 2201, Narita Airport Terminal 2 Post Office)
TEL: +81-(0)476-34-2271
Diplomatic Archives
1-5-3 Azabudai, Minato-ku, Tokyo 106-0041, Japan
TEL: +81-(0)3-3585-4511
Foreign Service Training Institute
4-2-1 Sagamiono, Minami-ku, Sagamihara, Kanagawa 252-0303, Japan
TEL: +81-(0)42-766-8101,
Map（
Japanese（PDF）
／
English（PDF）
）"
246,Takeaki Matsumoto,2021-01-15,"January 15, 2021
Japanese
Ministry of Foreign Affairs (Headquarters)
2-2-1 Kasumigaseki, Chiyoda-ku, Tokyo 100-8919, Japan
TEL: +81-(0)3-3580-3311
Access:
Tokyo Metro Kasumigaseki Station
Exit A4 or A8
Embassies & Consulates
Osaka Liaison Office
4th Floor, Osaka National Government Building No. 4
4-1-76 Otemae, Chuo-ku, Osaka 540-0008, Japan
TEL:+81-(0)66941-4700
Access:
Osaka Municipal Subway Tanimachi 4-chome Station
Exit 5
（NOTICE）To prevent the spread of COVID19, we ask your cooperation on followings when entering our office.
Wear a mask all the time
Disinfect your hands with hand sanitizer and check your temperature.
Please fill in an application for admission card and health questionnaire at the entrance.
Okinawa Liaison Office
5th Floor, Daidokasai Kume Building
2-2-20 Kume, Naha, Okinawa 900-0033, Japan
TEL: +81-(0)98-860-3611
Narita Liason Office
3rd Floor, Car Park P2, Narita International Airport
1-1 Furugome, Narita,Chiba 282-0004, Japan
(P.O.Box 2201, Narita Airport Terminal 2 Post Office)
TEL: +81-(0)476-34-2271
Diplomatic Archives
1-5-3 Azabudai, Minato-ku, Tokyo 106-0041, Japan
TEL: +81-(0)3-3585-4511
Foreign Service Training Institute
4-2-1 Sagamiono, Minami-ku, Sagamihara, Kanagawa 252-0303, Japan
TEL: +81-(0)42-766-8101,
Map（
Japanese（PDF）
／
English（PDF）
）"
109,Fumio Kishida,2021-01-15,"January 15, 2021
Japanese
Ministry of Foreign Affairs (Headquarters)
2-2-1 Kasumigaseki, Chiyoda-ku, Tokyo 100-8919, Japan
TEL: +81-(0)3-3580-3311
Access:
Tokyo Metro Kasumigaseki Station
Exit A4 or A8
Embassies & Consulates
Osaka Liaison Office
4th Floor, Osaka National Government Building No. 4
4-1-76 Otemae, Chuo-ku, Osaka 540-0008, Japan
TEL:+81-(0)66941-4700
Access:
Osaka Municipal Subway Tanimachi 4-chome Station
Exit 5
（NOTICE）To prevent the spread of COVID19, we ask your cooperation on followings when entering our office.
Wear a mask all the time
Disinfect your hands with hand sanitizer and check your temperature.
Please fill in an application for admission card and health questionnaire at the entrance.
Okinawa Liaison Office
5th Floor, Daidokasai Kume Building
2-2-20 Kume, Naha, Okinawa 900-0033, Japan
TEL: +81-(0)98-860-3611
Narita Liason Office
3rd Floor, Car Park P2, Narita International Airport
1-1 Furugome, Narita,Chiba 282-0004, Japan
(P.O.Box 2201, Narita Airport Terminal 2 Post Office)
TEL: +81-(0)476-34-2271
Diplomatic Archives
1-5-3 Azabudai, Minato-ku, Tokyo 106-0041, Japan
TEL: +81-(0)3-3585-4511
Foreign Service Training Institute
4-2-1 Sagamiono, Minami-ku, Sagamihara, Kanagawa 252-0303, Japan
TEL: +81-(0)42-766-8101,
Map（
Japanese（PDF）
／
English（PDF）
）"
291,Seiji Maehara,2021-01-15,"January 15, 2021
Japanese
Ministry of Foreign Affairs (Headquarters)
2-2-1 Kasumigaseki, Chiyoda-ku, Tokyo 100-8919, Japan
TEL: +81-(0)3-3580-3311
Access:
Tokyo Metro Kasumigaseki Station
Exit A4 or A8
Embassies & Consulates
Osaka Liaison Office
4th Floor, Osaka National Government Building No. 4
4-1-76 Otemae, Chuo-ku, Osaka 540-0008, Japan
TEL:+81-(0)66941-4700
Access:
Osaka Municipal Subway Tanimachi 4-chome Station
Exit 5
（NOTICE）To prevent the spread of COVID19, we ask your cooperation on followings when entering our office.
Wear a mask all the time
Disinfect your hands with hand sanitizer and check your temperature.
Please fill in an application for admission card and health questionnaire at the entrance.
Okinawa Liaison Office
5th Floor, Daidokasai Kume Building
2-2-20 Kume, Naha, Okinawa 900-0033, Japan
TEL: +81-(0)98-860-3611
Narita Liason Office
3rd Floor, Car Park P2, Narita International Airport
1-1 Furugome, Narita,Chiba 282-0004, Japan
(P.O.Box 2201, Narita Airport Terminal 2 Post Office)
TEL: +81-(0)476-34-2271
Diplomatic Archives
1-5-3 Azabudai, Minato-ku, Tokyo 106-0041, Japan
TEL: +81-(0)3-3585-4511
Foreign Service Training Institute
4-2-1 Sagamiono, Minami-ku, Sagamihara, Kanagawa 252-0303, Japan
TEL: +81-(0)42-766-8101,
Map（
Japanese（PDF）
／
English（PDF）
）"
908,Yoriko Kawaguchi,2021-01-15,"January 15, 2021
Japanese
Ministry of Foreign Affairs (Headquarters)
2-2-1 Kasumigaseki, Chiyoda-ku, Tokyo 100-8919, Japan
TEL: +81-(0)3-3580-3311
Access:
Tokyo Metro Kasumigaseki Station
Exit A4 or A8
Embassies & Consulates
Osaka Liaison Office
4th Floor, Osaka National Government Building No. 4
4-1-76 Otemae, Chuo-ku, Osaka 540-0008, Japan
TEL:+81-(0)66941-4700
Access:
Osaka Municipal Subway Tanimachi 4-chome Station
Exit 5
（NOTICE）To prevent the spread of COVID19, we ask your cooperation on followings when entering our office.
Wear a mask all the time
Disinfect your hands with hand sanitizer and check your temperature.
Please fill in an application for admission card and health questionnaire at the entrance.
Okinawa Liaison Office
5th Floor, Daidokasai Kume Building
2-2-20 Kume, Naha, Okinawa 900-0033, Japan
TEL: +81-(0)98-860-3611
Narita Liason Office
3rd Floor, Car Park P2, Narita International Airport
1-1 Furugome, Narita,Chiba 282-0004, Japan
(P.O.Box 2201, Narita Airport Terminal 2 Post Office)
TEL: +81-(0)476-34-2271
Diplomatic Archives
1-5-3 Azabudai, Minato-ku, Tokyo 106-0041, Japan
TEL: +81-(0)3-3585-4511
Foreign Service Training Institute
4-2-1 Sagamiono, Minami-ku, Sagamihara, Kanagawa 252-0303, Japan
TEL: +81-(0)42-766-8101,
Map（
Japanese（PDF）
／
English（PDF）
）"
1009,Masahiko Koumura,2021-01-15,"January 15, 2021
Japanese
Ministry of Foreign Affairs (Headquarters)
2-2-1 Kasumigaseki, Chiyoda-ku, Tokyo 100-8919, Japan
TEL: +81-(0)3-3580-3311
Access:
Tokyo Metro Kasumigaseki Station
Exit A4 or A8
Embassies & Consulates
Osaka Liaison Office
4th Floor, Osaka National Government Building No. 4
4-1-76 Otemae, Chuo-ku, Osaka 540-0008, Japan
TEL:+81-(0)66941-4700
Access:
Osaka Municipal Subway Tanimachi 4-chome Station
Exit 5
（NOTICE）To prevent the spread of COVID19, we ask your cooperation on followings when entering our office.
Wear a mask all the time
Disinfect your hands with hand sanitizer and check your temperature.
Please fill in an application for admission card and health questionnaire at the entrance.
Okinawa Liaison Office
5th Floor, Daidokasai Kume Building
2-2-20 Kume, Naha, Okinawa 900-0033, Japan
TEL: +81-(0)98-860-3611
Narita Liason Office
3rd Floor, Car Park P2, Narita International Airport
1-1 Furugome, Narita,Chiba 282-0004, Japan
(P.O.Box 2201, Narita Airport Terminal 2 Post Office)
TEL: +81-(0)476-34-2271
Diplomatic Archives
1-5-3 Azabudai, Minato-ku, Tokyo 106-0041, Japan
TEL: +81-(0)3-3585-4511
Foreign Service Training Institute
4-2-1 Sagamiono, Minami-ku, Sagamihara, Kanagawa 252-0303, Japan
TEL: +81-(0)42-766-8101,
Map（
Japanese（PDF）
／
English（PDF）
）"
14,Current Foreign Minister,2021-01-15,"January 15, 2021
Japanese
Ministry of Foreign Affairs (Headquarters)
2-2-1 Kasumigaseki, Chiyoda-ku, Tokyo 100-8919, Japan
TEL: +81-(0)3-3580-3311
Access:
Tokyo Metro Kasumigaseki Station
Exit A4 or A8
Embassies & Consulates
Osaka Liaison Office
4th Floor, Osaka National Government Building No. 4
4-1-76 Otemae, Chuo-ku, Osaka 540-0008, Japan
TEL:+81-(0)66941-4700
Access:
Osaka Municipal Subway Tanimachi 4-chome Station
Exit 5
（NOTICE）To prevent the spread of COVID19, we ask your cooperation on followings when entering our office.
Wear a mask all the time
Disinfect your hands with hand sanitizer and check your temperature.
Please fill in an application for admission card and health questionnaire at the entrance.
Okinawa Liaison Office
5th Floor, Daidokasai Kume Building
2-2-20 Kume, Naha, Okinawa 900-0033, Japan
TEL: +81-(0)98-860-3611
Narita Liason Office
3rd Floor, Car Park P2, Narita International Airport
1-1 Furugome, Narita,Chiba 282-0004, Japan
(P.O.Box 2201, Narita Airport Terminal 2 Post Office)
TEL: +81-(0)476-34-2271
Diplomatic Archives
1-5-3 Azabudai, Minato-ku, Tokyo 106-0041, Japan
TEL: +81-(0)3-3585-4511
Foreign Service Training Institute
4-2-1 Sagamiono, Minami-ku, Sagamihara, Kanagawa 252-0303, Japan
TEL: +81-(0)42-766-8101,
Map（
Japanese（PDF）
／
English（PDF）
）"
349,Katsuya Okada,2021-01-15,"January 15, 2021
Japanese
Ministry of Foreign Affairs (Headquarters)
2-2-1 Kasumigaseki, Chiyoda-ku, Tokyo 100-8919, Japan
TEL: +81-(0)3-3580-3311
Access:
Tokyo Metro Kasumigaseki Station
Exit A4 or A8
Embassies & Consulates
Osaka Liaison Office
4th Floor, Osaka National Government Building No. 4
4-1-76 Otemae, Chuo-ku, Osaka 540-0008, Japan
TEL:+81-(0)66941-4700
Access:
Osaka Municipal Subway Tanimachi 4-chome Station
Exit 5
（NOTICE）To prevent the spread of COVID19, we ask your cooperation on followings when entering our office.
Wear a mask all the time
Disinfect your hands with hand sanitizer and check your temperature.
Please fill in an application for admission card and health questionnaire at the entrance.
Okinawa Liaison Office
5th Floor, Daidokasai Kume Building
2-2-20 Kume, Naha, Okinawa 900-0033, Japan
TEL: +81-(0)98-860-3611
Narita Liason Office
3rd Floor, Car Park P2, Narita International Airport
1-1 Furugome, Narita,Chiba 282-0004, Japan
(P.O.Box 2201, Narita Airport Terminal 2 Post Office)
TEL: +81-(0)476-34-2271
Diplomatic Archives
1-5-3 Azabudai, Minato-ku, Tokyo 106-0041, Japan
TEL: +81-(0)3-3585-4511
Foreign Service Training Institute
4-2-1 Sagamiono, Minami-ku, Sagamihara, Kanagawa 252-0303, Japan
TEL: +81-(0)42-766-8101,
Map（
Japanese（PDF）
／
English（PDF）
）"
431,Hirofumi Nakasone,2021-01-15,"January 15, 2021
Japanese
Ministry of Foreign Affairs (Headquarters)
2-2-1 Kasumigaseki, Chiyoda-ku, Tokyo 100-8919, Japan
TEL: +81-(0)3-3580-3311
Access:
Tokyo Metro Kasumigaseki Station
Exit A4 or A8
Embassies & Consulates
Osaka Liaison Office
4th Floor, Osaka National Government Building No. 4
4-1-76 Otemae, Chuo-ku, Osaka 540-0008, Japan
TEL:+81-(0)66941-4700
Access:
Osaka Municipal Subway Tanimachi 4-chome Station
Exit 5
（NOTICE）To prevent the spread of COVID19, we ask your cooperation on followings when entering our office.
Wear a mask all the time
Disinfect your hands with hand sanitizer and check your temperature.
Please fill in an application for admission card and health questionnaire at the entrance.
Okinawa Liaison Office
5th Floor, Daidokasai Kume Building
2-2-20 Kume, Naha, Okinawa 900-0033, Japan
TEL: +81-(0)98-860-3611
Narita Liason Office
3rd Floor, Car Park P2, Narita International Airport
1-1 Furugome, Narita,Chiba 282-0004, Japan
(P.O.Box 2201, Narita Airport Terminal 2 Post Office)
TEL: +81-(0)476-34-2271
Diplomatic Archives
1-5-3 Azabudai, Minato-ku, Tokyo 106-0041, Japan
TEL: +81-(0)3-3585-4511
Foreign Service Training Institute
4-2-1 Sagamiono, Minami-ku, Sagamihara, Kanagawa 252-0303, Japan
TEL: +81-(0)42-766-8101,
Map（
Japanese（PDF）
／
English（PDF）
）"
615,Taro Aso,2021-01-15,"January 15, 2021
Japanese
Ministry of Foreign Affairs (Headquarters)
2-2-1 Kasumigaseki, Chiyoda-ku, Tokyo 100-8919, Japan
TEL: +81-(0)3-3580-3311
Access:
Tokyo Metro Kasumigaseki Station
Exit A4 or A8
Embassies & Consulates
Osaka Liaison Office
4th Floor, Osaka National Government Building No. 4
4-1-76 Otemae, Chuo-ku, Osaka 540-0008, Japan
TEL:+81-(0)66941-4700
Access:
Osaka Municipal Subway Tanimachi 4-chome Station
Exit 5
（NOTICE）To prevent the spread of COVID19, we ask your cooperation on followings when entering our office.
Wear a mask all the time
Disinfect your hands with hand sanitizer and check your temperature.
Please fill in an application for admission card and health questionnaire at the entrance.
Okinawa Liaison Office
5th Floor, Daidokasai Kume Building
2-2-20 Kume, Naha, Okinawa 900-0033, Japan
TEL: +81-(0)98-860-3611
Narita Liason Office
3rd Floor, Car Park P2, Narita International Airport
1-1 Furugome, Narita,Chiba 282-0004, Japan
(P.O.Box 2201, Narita Airport Terminal 2 Post Office)
TEL: +81-(0)476-34-2271
Diplomatic Archives
1-5-3 Azabudai, Minato-ku, Tokyo 106-0041, Japan
TEL: +81-(0)3-3585-4511
Foreign Service Training Institute
4-2-1 Sagamiono, Minami-ku, Sagamihara, Kanagawa 252-0303, Japan
TEL: +81-(0)42-766-8101,
Map（
Japanese（PDF）
／
English（PDF）
）"
983,Yohei Kono,2021-01-15,"January 15, 2021
Japanese
Ministry of Foreign Affairs (Headquarters)
2-2-1 Kasumigaseki, Chiyoda-ku, Tokyo 100-8919, Japan
TEL: +81-(0)3-3580-3311
Access:
Tokyo Metro Kasumigaseki Station
Exit A4 or A8
Embassies & Consulates
Osaka Liaison Office
4th Floor, Osaka National Government Building No. 4
4-1-76 Otemae, Chuo-ku, Osaka 540-0008, Japan
TEL:+81-(0)66941-4700
Access:
Osaka Municipal Subway Tanimachi 4-chome Station
Exit 5
（NOTICE）To prevent the spread of COVID19, we ask your cooperation on followings when entering our office.
Wear a mask all the time
Disinfect your hands with hand sanitizer and check your temperature.
Please fill in an application for admission card and health questionnaire at the entrance.
Okinawa Liaison Office
5th Floor, Daidokasai Kume Building
2-2-20 Kume, Naha, Okinawa 900-0033, Japan
TEL: +81-(0)98-860-3611
Narita Liason Office
3rd Floor, Car Park P2, Narita International Airport
1-1 Furugome, Narita,Chiba 282-0004, Japan
(P.O.Box 2201, Narita Airport Terminal 2 Post Office)
TEL: +81-(0)476-34-2271
Diplomatic Archives
1-5-3 Azabudai, Minato-ku, Tokyo 106-0041, Japan
TEL: +81-(0)3-3585-4511
Foreign Service Training Institute
4-2-1 Sagamiono, Minami-ku, Sagamihara, Kanagawa 252-0303, Japan
TEL: +81-(0)42-766-8101,
Map（
Japanese（PDF）
／
English（PDF）
）"
1008,Masahiko Koumura,2021-02-01,"Overseas Security Information Section, Center for Consular Services
Visa Information Section, Center for Consular Services
Functions
The Consular Affairs Bureau takes charge of the following matters: protection of Japanese nationals and their property abroad (except matters dealt with by other bureaus); matters relating to the civil status of Japanese nationals abroad; certification of documents issued by Japanese or foreign authorities with regard to matters relating to civil status or other matters related to both Japan and a foreign country; issuance of passports and other documents necessary for travel abroad; visas; planning general diplomatic policies regarding foreign nationals residing in Japan; planning and handling of emigration affairs; assistance and protection of emigrants and promotion of emigration programmes, etc., liaison and coordination with other governmental organizations connected with emigration and supervision of the relevant function of the Japan International Cooperation Agency.
Intelligence and Analysis Service
Organization
First Division
Second Division
Third Division
Fourth Division
Functions
The Intelligence and Analysis Service takes charge of the following matters: general management of information on the international situation; general administration of research affairs; research and surveys on foreign countries (except matters under the charge of other bureaus), and; general analysis of the international situation and collection of necessary information.
Foreign Service Training Institute
Organization
Lectures Section
Language Section
Accounting / General Affairs Section
Functions
The Foreign Service Training Institute takes charge of providing training programs that can be classified into three main categories: Training for Newly-recruited Foreign Ministry Officials, Training for Overseas Pre-Postings, and Training for Mid-career Personnel."
13,Current Foreign Minister,2021-02-01,"Overseas Security Information Section, Center for Consular Services
Visa Information Section, Center for Consular Services
Functions
The Consular Affairs Bureau takes charge of the following matters: protection of Japanese nationals and their property abroad (except matters dealt with by other bureaus); matters relating to the civil status of Japanese nationals abroad; certification of documents issued by Japanese or foreign authorities with regard to matters relating to civil status or other matters related to both Japan and a foreign country; issuance of passports and other documents necessary for travel abroad; visas; planning general diplomatic policies regarding foreign nationals residing in Japan; planning and handling of emigration affairs; assistance and protection of emigrants and promotion of emigration programmes, etc., liaison and coordination with other governmental organizations connected with emigration and supervision of the relevant function of the Japan International Cooperation Agency.
Intelligence and Analysis Service
Organization
First Division
Second Division
Third Division
Fourth Division
Functions
The Intelligence and Analysis Service takes charge of the following matters: general management of information on the international situation; general administration of research affairs; research and surveys on foreign countries (except matters under the charge of other bureaus), and; general analysis of the international situation and collection of necessary information.
Foreign Service Training Institute
Organization
Lectures Section
Language Section
Accounting / General Affairs Section
Functions
The Foreign Service Training Institute takes charge of providing training programs that can be classified into three main categories: Training for Newly-recruited Foreign Ministry Officials, Training for Overseas Pre-Postings, and Training for Mid-career Personnel."
108,Fumio Kishida,2021-02-01,"Overseas Security Information Section, Center for Consular Services
Visa Information Section, Center for Consular Services
Functions
The Consular Affairs Bureau takes charge of the following matters: protection of Japanese nationals and their property abroad (except matters dealt with by other bureaus); matters relating to the civil status of Japanese nationals abroad; certification of documents issued by Japanese or foreign authorities with regard to matters relating to civil status or other matters related to both Japan and a foreign country; issuance of passports and other documents necessary for travel abroad; visas; planning general diplomatic policies regarding foreign nationals residing in Japan; planning and handling of emigration affairs; assistance and protection of emigrants and promotion of emigration programmes, etc., liaison and coordination with other governmental organizations connected with emigration and supervision of the relevant function of the Japan International Cooperation Agency.
Intelligence and Analysis Service
Organization
First Division
Second Division
Third Division
Fourth Division
Functions
The Intelligence and Analysis Service takes charge of the following matters: general management of information on the international situation; general administration of research affairs; research and surveys on foreign countries (except matters under the charge of other bureaus), and; general analysis of the international situation and collection of necessary information.
Foreign Service Training Institute
Organization
Lectures Section
Language Section
Accounting / General Affairs Section
Functions
The Foreign Service Training Institute takes charge of providing training programs that can be classified into three main categories: Training for Newly-recruited Foreign Ministry Officials, Training for Overseas Pre-Postings, and Training for Mid-career Personnel."
614,Taro Aso,2021-02-01,"Overseas Security Information Section, Center for Consular Services
Visa Information Section, Center for Consular Services
Functions
The Consular Affairs Bureau takes charge of the following matters: protection of Japanese nationals and their property abroad (except matters dealt with by other bureaus); matters relating to the civil status of Japanese nationals abroad; certification of documents issued by Japanese or foreign authorities with regard to matters relating to civil status or other matters related to both Japan and a foreign country; issuance of passports and other documents necessary for travel abroad; visas; planning general diplomatic policies regarding foreign nationals residing in Japan; planning and handling of emigration affairs; assistance and protection of emigrants and promotion of emigration programmes, etc., liaison and coordination with other governmental organizations connected with emigration and supervision of the relevant function of the Japan International Cooperation Agency.
Intelligence and Analysis Service
Organization
First Division
Second Division
Third Division
Fourth Division
Functions
The Intelligence and Analysis Service takes charge of the following matters: general management of information on the international situation; general administration of research affairs; research and surveys on foreign countries (except matters under the charge of other bureaus), and; general analysis of the international situation and collection of necessary information.
Foreign Service Training Institute
Organization
Lectures Section
Language Section
Accounting / General Affairs Section
Functions
The Foreign Service Training Institute takes charge of providing training programs that can be classified into three main categories: Training for Newly-recruited Foreign Ministry Officials, Training for Overseas Pre-Postings, and Training for Mid-career Personnel."
523,Nobutaka Machimura,2021-02-01,"Overseas Security Information Section, Center for Consular Services
Visa Information Section, Center for Consular Services
Functions
The Consular Affairs Bureau takes charge of the following matters: protection of Japanese nationals and their property abroad (except matters dealt with by other bureaus); matters relating to the civil status of Japanese nationals abroad; certification of documents issued by Japanese or foreign authorities with regard to matters relating to civil status or other matters related to both Japan and a foreign country; issuance of passports and other documents necessary for travel abroad; visas; planning general diplomatic policies regarding foreign nationals residing in Japan; planning and handling of emigration affairs; assistance and protection of emigrants and promotion of emigration programmes, etc., liaison and coordination with other governmental organizations connected with emigration and supervision of the relevant function of the Japan International Cooperation Agency.
Intelligence and Analysis Service
Organization
First Division
Second Division
Third Division
Fourth Division
Functions
The Intelligence and Analysis Service takes charge of the following matters: general management of information on the international situation; general administration of research affairs; research and surveys on foreign countries (except matters under the charge of other bureaus), and; general analysis of the international situation and collection of necessary information.
Foreign Service Training Institute
Organization
Lectures Section
Language Section
Accounting / General Affairs Section
Functions
The Foreign Service Training Institute takes charge of providing training programs that can be classified into three main categories: Training for Newly-recruited Foreign Ministry Officials, Training for Overseas Pre-Postings, and Training for Mid-career Personnel."
46,Taro Kono,2021-02-01,"Overseas Security Information Section, Center for Consular Services
Visa Information Section, Center for Consular Services
Functions
The Consular Affairs Bureau takes charge of the following matters: protection of Japanese nationals and their property abroad (except matters dealt with by other bureaus); matters relating to the civil status of Japanese nationals abroad; certification of documents issued by Japanese or foreign authorities with regard to matters relating to civil status or other matters related to both Japan and a foreign country; issuance of passports and other documents necessary for travel abroad; visas; planning general diplomatic policies regarding foreign nationals residing in Japan; planning and handling of emigration affairs; assistance and protection of emigrants and promotion of emigration programmes, etc., liaison and coordination with other governmental organizations connected with emigration and supervision of the relevant function of the Japan International Cooperation Agency.
Intelligence and Analysis Service
Organization
First Division
Second Division
Third Division
Fourth Division
Functions
The Intelligence and Analysis Service takes charge of the following matters: general management of information on the international situation; general administration of research affairs; research and surveys on foreign countries (except matters under the charge of other bureaus), and; general analysis of the international situation and collection of necessary information.
Foreign Service Training Institute
Organization
Lectures Section
Language Section
Accounting / General Affairs Section
Functions
The Foreign Service Training Institute takes charge of providing training programs that can be classified into three main categories: Training for Newly-recruited Foreign Ministry Officials, Training for Overseas Pre-Postings, and Training for Mid-career Personnel."
202,Koichiro Gemba,2021-02-01,"Overseas Security Information Section, Center for Consular Services
Visa Information Section, Center for Consular Services
Functions
The Consular Affairs Bureau takes charge of the following matters: protection of Japanese nationals and their property abroad (except matters dealt with by other bureaus); matters relating to the civil status of Japanese nationals abroad; certification of documents issued by Japanese or foreign authorities with regard to matters relating to civil status or other matters related to both Japan and a foreign country; issuance of passports and other documents necessary for travel abroad; visas; planning general diplomatic policies regarding foreign nationals residing in Japan; planning and handling of emigration affairs; assistance and protection of emigrants and promotion of emigration programmes, etc., liaison and coordination with other governmental organizations connected with emigration and supervision of the relevant function of the Japan International Cooperation Agency.
Intelligence and Analysis Service
Organization
First Division
Second Division
Third Division
Fourth Division
Functions
The Intelligence and Analysis Service takes charge of the following matters: general management of information on the international situation; general administration of research affairs; research and surveys on foreign countries (except matters under the charge of other bureaus), and; general analysis of the international situation and collection of necessary information.
Foreign Service Training Institute
Organization
Lectures Section
Language Section
Accounting / General Affairs Section
Functions
The Foreign Service Training Institute takes charge of providing training programs that can be classified into three main categories: Training for Newly-recruited Foreign Ministry Officials, Training for Overseas Pre-Postings, and Training for Mid-career Personnel."
290,Seiji Maehara,2021-02-01,"Overseas Security Information Section, Center for Consular Services
Visa Information Section, Center for Consular Services
Functions
The Consular Affairs Bureau takes charge of the following matters: protection of Japanese nationals and their property abroad (except matters dealt with by other bureaus); matters relating to the civil status of Japanese nationals abroad; certification of documents issued by Japanese or foreign authorities with regard to matters relating to civil status or other matters related to both Japan and a foreign country; issuance of passports and other documents necessary for travel abroad; visas; planning general diplomatic policies regarding foreign nationals residing in Japan; planning and handling of emigration affairs; assistance and protection of emigrants and promotion of emigration programmes, etc., liaison and coordination with other governmental organizations connected with emigration and supervision of the relevant function of the Japan International Cooperation Agency.
Intelligence and Analysis Service
Organization
First Division
Second Division
Third Division
Fourth Division
Functions
The Intelligence and Analysis Service takes charge of the following matters: general management of information on the international situation; general administration of research affairs; research and surveys on foreign countries (except matters under the charge of other bureaus), and; general analysis of the international situation and collection of necessary information.
Foreign Service Training Institute
Organization
Lectures Section
Language Section
Accounting / General Affairs Section
Functions
The Foreign Service Training Institute takes charge of providing training programs that can be classified into three main categories: Training for Newly-recruited Foreign Ministry Officials, Training for Overseas Pre-Postings, and Training for Mid-career Personnel."
688,Nobutaka Machimura,2021-02-01,"Overseas Security Information Section, Center for Consular Services
Visa Information Section, Center for Consular Services
Functions
The Consular Affairs Bureau takes charge of the following matters: protection of Japanese nationals and their property abroad (except matters dealt with by other bureaus); matters relating to the civil status of Japanese nationals abroad; certification of documents issued by Japanese or foreign authorities with regard to matters relating to civil status or other matters related to both Japan and a foreign country; issuance of passports and other documents necessary for travel abroad; visas; planning general diplomatic policies regarding foreign nationals residing in Japan; planning and handling of emigration affairs; assistance and protection of emigrants and promotion of emigration programmes, etc., liaison and coordination with other governmental organizations connected with emigration and supervision of the relevant function of the Japan International Cooperation Agency.
Intelligence and Analysis Service
Organization
First Division
Second Division
Third Division
Fourth Division
Functions
The Intelligence and Analysis Service takes charge of the following matters: general management of information on the international situation; general administration of research affairs; research and surveys on foreign countries (except matters under the charge of other bureaus), and; general analysis of the international situation and collection of necessary information.
Foreign Service Training Institute
Organization
Lectures Section
Language Section
Accounting / General Affairs Section
Functions
The Foreign Service Training Institute takes charge of providing training programs that can be classified into three main categories: Training for Newly-recruited Foreign Ministry Officials, Training for Overseas Pre-Postings, and Training for Mid-career Personnel."
430,Hirofumi Nakasone,2021-02-01,"Overseas Security Information Section, Center for Consular Services
Visa Information Section, Center for Consular Services
Functions
The Consular Affairs Bureau takes charge of the following matters: protection of Japanese nationals and their property abroad (except matters dealt with by other bureaus); matters relating to the civil status of Japanese nationals abroad; certification of documents issued by Japanese or foreign authorities with regard to matters relating to civil status or other matters related to both Japan and a foreign country; issuance of passports and other documents necessary for travel abroad; visas; planning general diplomatic policies regarding foreign nationals residing in Japan; planning and handling of emigration affairs; assistance and protection of emigrants and promotion of emigration programmes, etc., liaison and coordination with other governmental organizations connected with emigration and supervision of the relevant function of the Japan International Cooperation Agency.
Intelligence and Analysis Service
Organization
First Division
Second Division
Third Division
Fourth Division
Functions
The Intelligence and Analysis Service takes charge of the following matters: general management of information on the international situation; general administration of research affairs; research and surveys on foreign countries (except matters under the charge of other bureaus), and; general analysis of the international situation and collection of necessary information.
Foreign Service Training Institute
Organization
Lectures Section
Language Section
Accounting / General Affairs Section
Functions
The Foreign Service Training Institute takes charge of providing training programs that can be classified into three main categories: Training for Newly-recruited Foreign Ministry Officials, Training for Overseas Pre-Postings, and Training for Mid-career Personnel."
348,Katsuya Okada,2021-02-01,"Overseas Security Information Section, Center for Consular Services
Visa Information Section, Center for Consular Services
Functions
The Consular Affairs Bureau takes charge of the following matters: protection of Japanese nationals and their property abroad (except matters dealt with by other bureaus); matters relating to the civil status of Japanese nationals abroad; certification of documents issued by Japanese or foreign authorities with regard to matters relating to civil status or other matters related to both Japan and a foreign country; issuance of passports and other documents necessary for travel abroad; visas; planning general diplomatic policies regarding foreign nationals residing in Japan; planning and handling of emigration affairs; assistance and protection of emigrants and promotion of emigration programmes, etc., liaison and coordination with other governmental organizations connected with emigration and supervision of the relevant function of the Japan International Cooperation Agency.
Intelligence and Analysis Service
Organization
First Division
Second Division
Third Division
Fourth Division
Functions
The Intelligence and Analysis Service takes charge of the following matters: general management of information on the international situation; general administration of research affairs; research and surveys on foreign countries (except matters under the charge of other bureaus), and; general analysis of the international situation and collection of necessary information.
Foreign Service Training Institute
Organization
Lectures Section
Language Section
Accounting / General Affairs Section
Functions
The Foreign Service Training Institute takes charge of providing training programs that can be classified into three main categories: Training for Newly-recruited Foreign Ministry Officials, Training for Overseas Pre-Postings, and Training for Mid-career Personnel."
503,Masahiko Koumura,2021-02-01,"Overseas Security Information Section, Center for Consular Services
Visa Information Section, Center for Consular Services
Functions
The Consular Affairs Bureau takes charge of the following matters: protection of Japanese nationals and their property abroad (except matters dealt with by other bureaus); matters relating to the civil status of Japanese nationals abroad; certification of documents issued by Japanese or foreign authorities with regard to matters relating to civil status or other matters related to both Japan and a foreign country; issuance of passports and other documents necessary for travel abroad; visas; planning general diplomatic policies regarding foreign nationals residing in Japan; planning and handling of emigration affairs; assistance and protection of emigrants and promotion of emigration programmes, etc., liaison and coordination with other governmental organizations connected with emigration and supervision of the relevant function of the Japan International Cooperation Agency.
Intelligence and Analysis Service
Organization
First Division
Second Division
Third Division
Fourth Division
Functions
The Intelligence and Analysis Service takes charge of the following matters: general management of information on the international situation; general administration of research affairs; research and surveys on foreign countries (except matters under the charge of other bureaus), and; general analysis of the international situation and collection of necessary information.
Foreign Service Training Institute
Organization
Lectures Section
Language Section
Accounting / General Affairs Section
Functions
The Foreign Service Training Institute takes charge of providing training programs that can be classified into three main categories: Training for Newly-recruited Foreign Ministry Officials, Training for Overseas Pre-Postings, and Training for Mid-career Personnel."
946,Makiko Tanaka,2021-02-01,"Overseas Security Information Section, Center for Consular Services
Visa Information Section, Center for Consular Services
Functions
The Consular Affairs Bureau takes charge of the following matters: protection of Japanese nationals and their property abroad (except matters dealt with by other bureaus); matters relating to the civil status of Japanese nationals abroad; certification of documents issued by Japanese or foreign authorities with regard to matters relating to civil status or other matters related to both Japan and a foreign country; issuance of passports and other documents necessary for travel abroad; visas; planning general diplomatic policies regarding foreign nationals residing in Japan; planning and handling of emigration affairs; assistance and protection of emigrants and promotion of emigration programmes, etc., liaison and coordination with other governmental organizations connected with emigration and supervision of the relevant function of the Japan International Cooperation Agency.
Intelligence and Analysis Service
Organization
First Division
Second Division
Third Division
Fourth Division
Functions
The Intelligence and Analysis Service takes charge of the following matters: general management of information on the international situation; general administration of research affairs; research and surveys on foreign countries (except matters under the charge of other bureaus), and; general analysis of the international situation and collection of necessary information.
Foreign Service Training Institute
Organization
Lectures Section
Language Section
Accounting / General Affairs Section
Functions
The Foreign Service Training Institute takes charge of providing training programs that can be classified into three main categories: Training for Newly-recruited Foreign Ministry Officials, Training for Overseas Pre-Postings, and Training for Mid-career Personnel."
245,Takeaki Matsumoto,2021-02-01,"Overseas Security Information Section, Center for Consular Services
Visa Information Section, Center for Consular Services
Functions
The Consular Affairs Bureau takes charge of the following matters: protection of Japanese nationals and their property abroad (except matters dealt with by other bureaus); matters relating to the civil status of Japanese nationals abroad; certification of documents issued by Japanese or foreign authorities with regard to matters relating to civil status or other matters related to both Japan and a foreign country; issuance of passports and other documents necessary for travel abroad; visas; planning general diplomatic policies regarding foreign nationals residing in Japan; planning and handling of emigration affairs; assistance and protection of emigrants and promotion of emigration programmes, etc., liaison and coordination with other governmental organizations connected with emigration and supervision of the relevant function of the Japan International Cooperation Agency.
Intelligence and Analysis Service
Organization
First Division
Second Division
Third Division
Fourth Division
Functions
The Intelligence and Analysis Service takes charge of the following matters: general management of information on the international situation; general administration of research affairs; research and surveys on foreign countries (except matters under the charge of other bureaus), and; general analysis of the international situation and collection of necessary information.
Foreign Service Training Institute
Organization
Lectures Section
Language Section
Accounting / General Affairs Section
Functions
The Foreign Service Training Institute takes charge of providing training programs that can be classified into three main categories: Training for Newly-recruited Foreign Ministry Officials, Training for Overseas Pre-Postings, and Training for Mid-career Personnel."
907,Yoriko Kawaguchi,2021-02-01,"Overseas Security Information Section, Center for Consular Services
Visa Information Section, Center for Consular Services
Functions
The Consular Affairs Bureau takes charge of the following matters: protection of Japanese nationals and their property abroad (except matters dealt with by other bureaus); matters relating to the civil status of Japanese nationals abroad; certification of documents issued by Japanese or foreign authorities with regard to matters relating to civil status or other matters related to both Japan and a foreign country; issuance of passports and other documents necessary for travel abroad; visas; planning general diplomatic policies regarding foreign nationals residing in Japan; planning and handling of emigration affairs; assistance and protection of emigrants and promotion of emigration programmes, etc., liaison and coordination with other governmental organizations connected with emigration and supervision of the relevant function of the Japan International Cooperation Agency.
Intelligence and Analysis Service
Organization
First Division
Second Division
Third Division
Fourth Division
Functions
The Intelligence and Analysis Service takes charge of the following matters: general management of information on the international situation; general administration of research affairs; research and surveys on foreign countries (except matters under the charge of other bureaus), and; general analysis of the international situation and collection of necessary information.
Foreign Service Training Institute
Organization
Lectures Section
Language Section
Accounting / General Affairs Section
Functions
The Foreign Service Training Institute takes charge of providing training programs that can be classified into three main categories: Training for Newly-recruited Foreign Ministry Officials, Training for Overseas Pre-Postings, and Training for Mid-career Personnel."
982,Yohei Kono,2021-02-01,"Overseas Security Information Section, Center for Consular Services
Visa Information Section, Center for Consular Services
Functions
The Consular Affairs Bureau takes charge of the following matters: protection of Japanese nationals and their property abroad (except matters dealt with by other bureaus); matters relating to the civil status of Japanese nationals abroad; certification of documents issued by Japanese or foreign authorities with regard to matters relating to civil status or other matters related to both Japan and a foreign country; issuance of passports and other documents necessary for travel abroad; visas; planning general diplomatic policies regarding foreign nationals residing in Japan; planning and handling of emigration affairs; assistance and protection of emigrants and promotion of emigration programmes, etc., liaison and coordination with other governmental organizations connected with emigration and supervision of the relevant function of the Japan International Cooperation Agency.
Intelligence and Analysis Service
Organization
First Division
Second Division
Third Division
Fourth Division
Functions
The Intelligence and Analysis Service takes charge of the following matters: general management of information on the international situation; general administration of research affairs; research and surveys on foreign countries (except matters under the charge of other bureaus), and; general analysis of the international situation and collection of necessary information.
Foreign Service Training Institute
Organization
Lectures Section
Language Section
Accounting / General Affairs Section
Functions
The Foreign Service Training Institute takes charge of providing training programs that can be classified into three main categories: Training for Newly-recruited Foreign Ministry Officials, Training for Overseas Pre-Postings, and Training for Mid-career Personnel."
4,Current Foreign Minister,2021-02-25,"February 25, 2021
Japanese
Tweet
Let me express my sincere gratitude to the organizer for the opportunity to make a keynote speech at the Tokyo Global Dialogue for the second time, following the first meeting in December 2019.  I am not sure whether my previous remarks were received favorably, or the organizer kindly gave me a second chance, but whatever the reason is, I am appreciative of the offer.
May I respectfully offer my congratulations to President SASAE Kenichiro and all the staff members of the Japan Institute of International Affairs (JIIA) for successfully holding this Dialogue despite the odds under the COVID-19 pandemic.
Last month, the JIIA was named the ""2020 Think Tank of the Year"" in the annual global think tank ranking by the University of Pennsylvania.  I would like to offer my wholehearted congratulations and compliments to the JIIA for this remarkable achievement, especially given that Japan has not been performing very well in a number of global rankings.
I would also like to take this opportunity to send another set of congratulations to Ms. Avril Haines, a distinguished participant of the first Tokyo Global Dialogue, who recently assumed the position of Director of National Intelligence under the new U.S. administration.  Her appointment to such an important post is a clear testimony that the speakers of this Dialogue are leading figures in their respective fields and countries.
1 Pandemic as a game changer for the international order
During the 15 months since I made the keynote speech at the first Tokyo Global Dialogue, the novel coronavirus has hit mankind, and the world has completely changed.
Since ancient times, pandemics of unknown diseases have tormented mankind.  They also became game changers that shook the global power balance.
Let us take the example of the plague.  Pre-modern Europe experienced at least two pandemics of the plague, both of which shifted the center of gravity of the intra-European relations from areas that were severely infected by the disease to those relatively unscathed: from Greece and the Byzantine world to Western Europe in the 6th century, and from the Mediterranean coast to Europe north of the Alps in the 14th century.
The plague in the 14th century cost the lives of one third of the population of Europe.  In an abyss of despair, people began to doubt the authenticity of the absolute authority, namely the Roman Catholic Church.  This eventually paved the way for the Renaissance, the Reformation, and the birth of secular absolute monarchism.
Here in Japan as well, the smallpox pandemic in the 8th century that killed 30 percent of the population changed the balance of power among the powerful aristocracy, impelled the central government to lift the ban on the private ownership of paddy fields to improve productivity, and eventually brought the rise of a professional military nobility (the samurai) and Japan's own feudal system.  In the course of these developments, Buddhism established its position as the official religion.  It was indeed a fundamental transformation of Japan's politics, economy, and society.
At the first Tokyo Global Dialogue, I shared my views on the direction Japan's foreign policy should take in the midst of the dynamic change in the global power balance.
Since then, the COVID-19 pandemic has been driving us into a time of historic transformation faster than I had anticipated.  The power balance is swinging yet more violently in a wide range of areas, including security, technological competition and digital transformation, and the fight against the pandemic.  In parallel, we are also witnessing some initiatives seeking for multilateral cooperation to address common challenges such as COVID-19 and climate change.
By taking proactive measures against such challenges and utilizing various opportunities, Japan is determined to take the lead in building a post-COVID-19 global order, and thus to further enhance Japan's presence in the international community.
Against this backdrop, today I would like to talk about some initiatives we have taken and the future direction of Japan's foreign policy.
Before moving on to my main topic, allow me to touch upon a series of actions that the Ministry of Foreign Affairs took last year to address the COVID-19 crisis, particularly for facilitating the repatriation of Japanese nationals overseas.
Upon the outbreak of COVID-19, I immediately established and presided over an emergency operation team in the Ministry.  We took extensive measures to combat the pandemic, such as issuing the Travel Advice and Warning on Infectious Diseases as well as enforcing border controls by restricting foreign citizens' entry into Japan and reinforcing quarantine measures.
In particular, I fully devoted myself to protecting and ensuring the safety of Japanese nationals overseas as one of the most important responsibilities of the Ministry.
For example, in late January of last year, Japan carried out repatriation operations in Wuhan, China.  We were the first to send five chartered flights and transported as many as 828 Japanese nationals and their families who wished to return to Japan.
Following these successful operations, Japanese embassies and consulate-generals around the world did their utmost to help Japanese nationals return to Japan, even going further than travel agencies.  For instance, in Africa, we successfully carried out highly complicated operations by bringing together a group of Japanese nationals from 15 African countries in Addis Ababa, the capital of Ethiopia, the only place in Africa from where regular commercial flights still flew, and helped them return to Japan.
With such efforts, more than 12,000 Japanese nationals overseas returned to Japan from 101 countries.
I had been closely watching the situation of Japanese nationals overseas who had encountered difficulties in departing from other countries, particularly developing countries, bearing in mind the possibility of sending chartered planes for their evacuation when necessary.  It is my great pleasure to report that, by last November, the number of Japanese nationals stranded due to restrictions on their movement had been reduced to zero.  I remain fully committed to ensuring the safety of Japanese nationals residing in or travelling to foreign countries.
2 A post-COVID-19 international order and the geographical expansion of a ""Free and Open Indo-Pacific"" which serves as its foundation
Now back to today's main topic: a post-COVID-19 international order.
While the COVID-19 crisis has emerged as a game changer out of the blue, we are also facing the rise of another game changer that has become increasingly conspicuous over a longer period of time: China.
At the first Dialogue, I emphasized that, in an increasingly unstable and unpredictable world, we should seek solutions on the firm basis of international rules instead of asserting one's own interests by resorting to force.  We should also transform the present international order into a more sustainable one by making new rules that can respond to the ongoing changes, including digitalization.
If an emerging power behaves in accordance with internationally established rules and cooperates in building a new international order, the post-COVID-19 world will be able to regain stability.
In reality, however, we have long been witnessing attempts by one party to coerce others into accepting one's self-declared positions and alter international norms in accordance with its own principles by changing the status quo in a manner inconsistent with international law and by accumulating faits accomplis.  Such behavior is driven not by the common interests of mankind but by that party's pursuit of its own perceived benefit.
Moreover, we also need to be aware of the fact that COVID-19 as a game changer has also provided those who attempt to create an international environment that is uniquely convenient for them with the motivation to take more ambitious actions.
Here, I must reemphasize the importance of acting in accordance with international rules and driving the efforts at rulemaking that will ensure stability for the coming age.  This is exactly what a ""Free and Open Indo-Pacific"" (FOIP) envisions, and I believe it is part of the mission of Japan's foreign policy to harness this philosophy into tangible outcomes and promote it to even wider areas of the world.  This approach has been delivering concrete results one by one.
The vision of FOIP consists of three elements: first, the promotion of the fundamental principles of the international community such as the rule of law, freedom of navigation, and free trade; second, the pursuit of economic prosperity through the enhancement of connectivity including through quality infrastructure development consistent with international standards; and third, the commitment to peace and stability in fields such as capacity building for maritime law enforcement, disaster risk reduction, and nuclear non-proliferation.
Let me give you some examples of achievements in materializing this vision.
First, ASEAN, which is located in a strategic position in the Indo-Pacific, issued the ""ASEAN Outlook on the Indo-Pacific"" (AOIP) in 2019.  The Japan-ASEAN Summit that took place last November adopted a leaders' joint statement on cooperation on the AOIP.
This joint statement confirmed that the AOIP and FOIP share relevant fundamental principles in promoting peace and cooperation.  It also articulated ASEAN's commitment to playing a central and strategic role in developing and shaping an open, transparent, inclusive and rules-based regional architecture.
Based on this, the leaders agreed to explore a yet more profound partnership between Japan and ASEAN in the four key fields identified in the AOIP: maritime cooperation, connectivity, the Sustainable Development Goals (SDGs), and economic and other possible areas.
Second, at the second Japan-Australia-India-U.S. Foreign Ministers' Meeting that I hosted in Tokyo last October, we reaffirmed the strong will of the four countries to promote a ""Free and Open Indo-Pacific"" in a concrete way and to broaden cooperation with like-minded countries.  We will deepen our cooperation in such prioritized areas as quality infrastructure, maritime security, counterterrorism, cybersecurity, disaster relief, and education and human resources development.
As for the enhancement of connectivity through quality infrastructure, Japan, the United States, and Australia announced in October a joint project for financing an undersea fiber optic cable to Palau, as the first project to be delivered under the Trilateral Partnership for Infrastructure Investment in the Indo-Pacific.
Meanwhile, last week I had a meeting with the Foreign Ministers of the United States, Australia, and India, including Mr. Antony Blinken, the newly appointed U.S. Secretary of State.  Under Secretary Blinken's initiative, this telephone meeting was convened shortly after the inauguration of the Biden administration.  I highly appreciate this as a demonstration of that administration's strong commitment to the achievement of a ""Free and Open Indo-Pacific"" and the four countries' cooperation.
Turning to the geographical expansion of support for FOIP, I should touch upon some recent developments in Europe.  Last year, Germany and the Netherlands followed France in announcing their commitment to the Indo-Pacific by publishing policy guidelines.
In January, I participated in the EU Foreign Affairs Council online for the first time as a Japanese Foreign Minister.  There I elaborated on the ideas of a ""Free and Open Indo-Pacific"" and earned understanding and support broadly from my European counterparts.
Also, at the Japan-UK Foreign and Defence Ministers' Meeting held on February 3, we shared our vision towards a ""Free and Open Indo-Pacific"" and confirmed that Japan and the United Kingdom would continue exercising leadership to uphold the rules-based international order and oppose any attempts at coercion in the region.  The United Kingdom also expressed its further commitment to the Indo-Pacific, including through the visit of HMS Queen Elizabeth, the Royal Navy's aircraft carrier, to East Asia.
I also visited six African and five Latin American countries from December to January to discuss the vision of a ""Free and Open Indo-Pacific"" with those countries' leaders and foreign ministers.
For my trips abroad, I have gone through more than 30 PCR tests under the quarantine requirements of the countries concerned.  The results have always been negative, which makes me proud of being one of the safest people in Japan.
Let us get back to the subject.  What was most impressive to me in the course of the meetings I had in Africa and Latin America was that all my counterparts nodded in unequivocal agreement with my views on a ""Free and Open Indo-Pacific.""  This is a clear indication that an increasing number of countries now share the recognition of the importance of the rule of law and rules-based actions instead of rule by force.
I am confident that it was indeed against this backdrop that they offered their full support for my belief that we should build a multilayered network of rules-based partnerships and for my proposals on concrete cooperation with Japan.
3 Promoting economic partnership agreements towards the recovery of the world economy
Among the responsibilities we share in building a post-COVID-19 world order, the most crucial is to bring about the recovery of the world economy that tanked due to the pandemic.
In 2009, a year after the global financial crisis, while the advanced economies shrank by 3.3 percent, the overall world economy edged down by only 0.1 percent thanks to the positive growth of emerging economies.  On the other hand, in the ongoing crisis, the 2020 world economy suffered a 3.5 percent contraction, as the advanced, emerging and developing economies together plunged into negative growth, causing damage far more serious than that wrought by the global financial crisis.
Unlike the 2008 crisis, which was an isolated challenge attributed to the collapse of financial bubbles, the ongoing crisis is extremely serious in the sense that real economic activities have been halted extensively and intentionally and that the prospect of recovery remains unpredictable as we are not certain about the outlook for containing this pandemic.
In the midst of this crisis, we have also come to realize the danger of depending on a specific supply chain.
There will be no problem as long as we stand firm on free trade and seek to add layers to existing supply chains to avoid such a risk.  It will be dangerous, however, if someone takes advantage of the COVID-19 crisis to justify the already existing protectionist sentiments that have surfaced in many parts of the world.
Furthermore, what we potentially face is not limited to traditional protectionism in the form of higher tariffs and investment restrictions.
Let us take the example of vaccines, which have the greatest strategic value at this moment.  If a country used the provision of vaccines as an arbitrary diplomatic means to leverage recipient countries towards taking a position favorable to it, such conduct will clearly be against the common interests of mankind.
To make sure the world will not fall prey to such actions, Japan has been leading a series of international discussions.  For example, at the WTO Informal Ministerial Meeting held on January 29, I emphasized that any trade restrictive measures taken in response to the COVID-19 crisis should be temporary, transparent, and consistent with the WTO Agreement.
In fact, Japan has been leading the way in the foundation of high-standard economic rules that are open and inclusive and ensure the free global movement of people, goods, and capital.
As I elaborated at the first Dialogue, Japan took the initiative in framing two major economic partnership agreements, namely the TPP11 and the Regional Comprehensive Economic Partnership (RCEP) Agreement, and established high-standard economic rules with the United States and the European Union.  As a result, a free economic zone that covers 80 percent of global GDP is emerging with Japan at its hub.
A more recent outcome is our economic partnership agreement (EPA) with the United Kingdom.  Last August, I myself visited London in the middle of the pandemic to have face-to-face negotiations with my counterpart, which contributed to concluding the agreement in only four and a half months.
The fact that the world's third- and fifth-largest economies, despite being weighed down by the pandemic, reached agreement on the world's most advanced and high-standard rules covering a variety of areas, including the digital economy and financial services, has sent a clear and strong message to the rest of the world that Japan and the United Kingdom are ready to formulate global economic rules befitting the post-COVID-19 world in accordance with existing rules.
By ""imagining the unimaginable,"" Japan will become the first country to recognize potential challenges that may eventually face the world.  We will set forth and give clear shape to visions and rules that will enable the world to address such challenges.
4 A new key to development and evolution: going ""green"" and ""digital""
In addition to the rule-making initiatives, from my experience as Minister for Economic Revitalization, creating aggregate demand is indispensable for the world economy to recover.  In this COVID-19 crisis, a tremendous amount of demand, including consumer spending, evaporated all of sudden.  The figure reached 45 trillion yen, or approximately USD 430 billion, in Japan alone, and we must take robust measures to prop up demand geared to the private sector.  In doing so, we must elevate the level of immediate demand and future growth and transform our economic structure towards the post-COVID-19 world.
How are we going to achieve this?  I believe the key is to go ""green"" and ""digital.""
Human beings have single-mindedly sought material abundance by improving the productivity of commodities.  Climate change demonstrated, however, that such historical dynamism will soon lead us to a dead end due to the constraints of the global environment and the finite nature of resources, eventually halting the growth of human prosperity.
We should change our mindset to encompass the notion that addressing environmental issues is not a constraint on economic growth; rather, ensuring the sustainability of the environment and natural resources will create new business opportunities and become a growth engine.
Climate change is drawing growing attention in the context of the economic recovery from the COVID-19 crisis as well.  Looking ahead to the post-COVID-19 world, it is critical to develop and utilize technologies needed for the green economy in order to boost potential growth.
In recognition of this situation, last October Japan declared that it aims to realize carbon neutrality by 2050.  In December, Japan adopted the Green Growth Strategy, which sets an extremely ambitious goal with specific numerical targets in as many as 14 fields.
Buoyed by its experience of tackling pollution, Japan ranks alongside the United States in leading the world in green technology, making the green economy an extremely promising frontier for us.
Regarding the digital economy, the other key to economic growth, COVID-19 and the resulting restrictions on mobility prompted us to rethink our old working styles and ways of providing services and to shift to new practices such as working from home, remote medical services, and online education.  In fact, the shift towards unmanned, remote and online services was exactly what I, as Minister for Economic Revitalization, continuously advocated for Japan's growth strategy.
The global stay-at-home requirements are increasing the volume of online transactions.  More intensive efforts are under way to provide online services such as remote medical treatment and to automate the distribution system from upstream to downstream.  All these innovations will only become possible with advanced digital processing technology.
We must take this chance to accelerate digitalization and the related regulatory reforms and get the world economy back to a growth track with the private sector's inspiration and creativity.
In short, while the pandemic is wreaking havoc on the world economy, it is also shedding light on the significance of the digital economy as a new growth engine.
As you can see, the COVID-19 crisis as a game changer is fundamentally expanding the frontiers of the green and digital economies.  Japan is determined to rev up these two engines to lead global economic growth.
Let me share some examples of Japan's initiatives with you.  Regarding the green economy, hydrogen is key to a carbon-neutral society, and Japan is equipped with advanced technologies for hydrogen production and power generation.  We also have a long record of achievements in developing storage batteries, which are prerequisites for the full electrification of automobiles.  Japan will make the most of all these technologies to become a global front runner in the green economy.
Japan keeps its promises, and so do I.  As I vowed at the first Dialogue, Japan has started a new investment and loan initiative that aims to mobilize approximately USD 3 billion from the public and private sectors between 2020 and 2022 for ASEAN countries.  One of the three priority areas of this initiative is green investment.  On top of that, last December, Japan announced its commitment to provide public and private funds equivalent to USD 11.8 billion to facilitate global decarbonization.
In addition, Japan will contribute to making rules and standards pertaining to the digital economy.
Japan has already been taking the leadership in rulemaking for ""Data Free Flow with Trust"" (DFFT), and it led the global efforts in this area by launching the ""Osaka Track"" on the sidelines of the G20 Osaka Summit in 2019.  The Japan-U.S. Digital Trade Agreement, which contains extremely advanced provisions, is also a compelling illustration of Japan's global leadership in this field.
The Japan-UK Comprehensive Economic Partnership Agreement I touched upon earlier also stipulates highly advanced rules that aim to ensure both liberation and safety in the data domain, such as prohibitions against restricting data flow and requiring the disclosure of source codes including algorithms.  This is Japan's notable achievement in the pursuit of DFFT.
On February 1, I chaired the second meeting of the Japan-EU EPA Joint Committee, where the two sides coincided to engage in exploratory talks to reassess the need for the inclusion of provisions on the free flow of data in the EPA.
Furthermore, at the recent WTO Informal Ministerial Meeting, I expressed my willingness to share my experience of negotiating the TPP11, the Japan-U.S. Digital Trade Agreement, and the Japan-UK EPA to provide inputs on rule-making on e-commerce.  This is actually one of the four pillars of WTO reform together with setting requirements for trade restrictive measures, the reform of the Appellate Body, and the review of special and differential treatment in favor of developing countries.
Japan will continue to lead global efforts to make free and fair rules and standards in the two areas of green and digital economies, making full use of its technological prowess and coordination abilities.
5 Changing the future and the world with the wisdom of humanity
The COVID-19 pandemic is a grave crisis of our time, and we are still coming up against the headwind.  But the history of mankind and past civilizations tells us that times of difficulty are in fact times of innovation.
Since I first aspired to devote myself to politics, I have maintained a firm belief: humans cannot change the past or the nature but can change the future and society.  Now is the time for us to turn the ongoing crisis into an opportunity to change our future and society.
It is my sincere hope that this period of the 21st century will be valued, in retrospect, as the time when the wisdom of humanity successfully steered the world that was on a course beset by division and self-interest onto one characterized by solidarity and shared values, and as the time when human beings leaped onto a new stage of development by boosting innovation in every aspect of life, including politics, economy, culture, and science and technology.
To this end, I am determined to play an even more active role.
Thank you very much.
Related Links
Prime Minister SUGA and Foreign Minister MOTEGI’s Attendance at the 2nd Tokyo Global Dialogue"
392,Hirofumi Nakasone,2021-03-01,"Top
>
Regional Affairs
>
Africa
>
TICAD
>
TICAD IV
>
TICAD Ministerial Follow-up Meeting
> Speech by Mr. Hirofumi Nakasone, Minister for Foreign Affairs of Japan At the Plenary Session 1 of the First TICAD Ministerial Follow-up Meeting: ""Progress status of implementation of Yokohama Action Plan and future challenges""
Speech by Mr. Hirofumi Nakasone, Minister for Foreign Affairs of Japan
At the Plenary Session 1 of the First TICAD Ministerial Follow-up Meeting:
""Progress status of implementation of Yokohama Action Plan
and future challenges""
Gaborone, Botswana March 21, 2009
French [PDF]
/
Japanese
Your Excellencies, honorable Ministers, and distinguished delegates,
Ladies and gentlemen,
Introduction
It was May of last year that TICAD IV was held and the Yokohama Declaration and the Yokohama Action Plan were announced. A few months later, the world was beset by a financial and economic crisis said to occur once in a century. The international community is currently engaged in all-out efforts to overcome this crisis. The week after next, the second Summit on Financial Markets and the World Economy will be convened in London. Amidst such developments, we have come together here at Gaborone to undertake follow-up on TICAD IV.
First of all today, as one of this meeting's co-chairs, I would like to provide a general overview of the status of implementation of the Yokohama Action Plan thus far. On that basis, I would then like to share my thoughts on how the countries of Africa and development partners who share the TICAD spirit should advance their cooperation amidst this crisis.
The impact of the Global Financial and Economic Crisis on Africa
With regard to the impact of the global financial and economic crisis on Africa, what is now of the greatest concern is that there is a possibility that Africa will be profoundly affected by this crisis and that its economy, which has attained such striking growth in recent years, will suffer a slowdown while achievement of the Millennium Development Goals (MDGs) is dramatically delayed.
This would mean that the efforts of the development partners and the countries of Africa would come to naught, so this must be avoided at all costs.
Status of Implementation of the Yokohama Action Plan
The Annual Progress Report 2008 that you have in front summarizes the status of implementation of the Yokohama Action Plan over the approximately nine months since TICAD IV was convened.
Even though the financial and economic crisis has dramatically shaken the economies of development partner countries, progress has been seen in a large number of fields. I am firmly convinced that the first year of the follow-up constitutes a very positive start.
Boosting Economic Growth
To begin with, I would like to speak about the area of boosting economic growth, which is the first pillar of TICAD IV.
First, missions constituted by a total of 180 participants from both private sector and the government visited twelve African countries in order to promote trade and investment with Africa, and an independent report has been compiled that incorporates their recommendations on measures to be taken. The Japanese government also held a symposium in this regard in Tokyo to which six African countries were invited.
In addition, we are planning to dispatch additional missions this year. Moreover, in the field of tourism, a seminar is scheduled to be held in Uganda in June this year under the framework of the Africa-Asia Business Forum (AABF).
Second, in order to double Japanese private investment in Africa by 2012, financial assistance on a scale of 2.5 billion US dollars was pledged at TICAD IV, and the Japan Bank for International Cooperation (JBIC) has already authorized a total of 740 million dollars for the promotion of investment and its environment by Japanese companies.
Third, 300 million US dollars in soft loans have already been extended to the African Development Bank (AfDB), thereby providing a facility that can be utilized by the African private sector, which is facing cash flow problems.
Fourth, 70% of the poor in sub-Saharan Africa are dependent on agriculture for their livelihood. The Coalition for African Rice Development (CARD), which plays a role in promoting agriculture by aiming to double rice production output over the next ten years, has already commenced steady activities.
Fifth, with regard to developing regional transport and power infrastructure, as an example, Japan has already made commitment for projects amounting equivalent to approximately 36% of the total amount of assistance that we announced to provide over the next five years in the form of grant aid and technical cooperation.
Achievement of the MDGs and the Consolidation of Peace
Next, I will address progress in areas of achieving the MDGs, which is the second pillar of TICAD IV, and the consolidation of peace, the third pillar. A large number of projects have been launched in order to support these extremely important goals for ensuring human security. While I will not touch on them in any detail in my remarks today, roughly half of the 25-page Progress Status List is comprised of progress made in these two areas.
Addressing Environmental Issues and Climate Change
Looking now at progress in environmental issues and climate change, the fourth pillar of TICAD IV, I would like to talk about the Cool Earth Partnership. This is a Japanese initiative to assist developing countries that aim to contribute to the stabilization of the climate by working to achieve both greenhouse gas emissions reductions and economic growth in a compatible way. I am pleased that 27 African nations -more than half of the countries on the African continent- have become Cool Earth partners.
Broadening Partnerships
In the TICAD process, emphasis is placed on South-South cooperation, particularly on enhancing the promotion of Asia-Africa cooperation. During these nine months, efforts have been underway to expand new partnerships, such as cooperation between African countries and emerging donors and collaboration with civil society and the private sector. The fact that we have private sector and NGO representatives from both Japan and Africa participating as speakers at this meeting is also evidence of this.
Distinguished delegates,
Japanese Assistance Hereafter
Because the Yokohama Action Plan was originally formulated aiming ""towards a Vibrant Africa,"" having looked at progress thus far, it causes us to realize once again that this Action Plan provides us with an effective prescription, even when faced with the new situation like the current global financial and economic crisis.
At TICAD IV, Japan announced that it would double its ODA for Africa by 2012 and that it would assist in doubling Japanese private investment there by then.
Among my African colleagues there may be some who are worried whether these pledges will be honored, as Japan is also heavily impacted by this crisis. However, taking this opportunity, I would like to state once again that Japan is determined to carry out its commitments made at TICAD IV without fail. In particular, I would like to confirm once more that Japan will indeed be providing up to 4 billion US dollars in concessional loans to Africa over the five year period.
The global financial and economic crisis that has arisen since this past autumn can be expected to impact the countries of Africa for at least two years to come. With this in mind, in this period of crisis, we will actively mobilize the consessional loans that I just mentioned, while expediting the implementation as early as possible of 2 billion US dollars of grant and technical assistance, in order to steadily carry out our commitments.
By doing so, we will be able to advance economic growth in the fields of infrastructure development, human resource development, and agriculture with greater impact. With a view to the attainment of the MDGs, Japan will more strongly support the efforts of African countries in such areas as community development, education, health, and water and sanitation, while also further scaling up and reinforcing our assistance in the field of the environment in order to realize sustainable development.
Japan intends to intensively conduct more than one hundred preparatory surveys by the first half of this year so as to concretize and realize these assistance measures.
Distinguish delegates,
Japan will also undertake assistance that addresses more directly the impacts of the financial and economic crisis on Africa.
For example, this March, Japan provided to Africa food and humanitarian related assistance of approximately 300 million US dollars, recognizing that the socially vulnerable people are the ones who will be most severely impacted as this crisis expands.
In addition, as countermeasures to infectious diseases, next week Japan will be disbursing approximately 200 million US dollars to the Global Fund to Fight AIDS, Tuberculosis and Malaria, of which Africa is a major beneficiary.
Furthermore, Japan has made available such measures as up to 100 billion US dollars equivalent lending to the International Monetary Fund (IMF) and 3 billion US dollars Bank Recapitalization Fund initiated by International Finance Corporation (IFC) and Japan Bank for International Corporation (JBIC), and African countries are welcome to utilize these. Japan will also provide assistance for human resource development in the finance sector in order to reinforce Africa's financial systems and so on.
Distinguished delegates,
The Roles of Africa and Other Donors
Until now I have been speaking of what Japan stands ready to do. And yet, TICAD is not a conference at which development partners unilaterally make pledges and commitments. The basic principle of the TICAD process, and, indeed, a principle now held in common by the international community, is for the international community to support, as partners, Africa's self-help efforts-that is, ""ownership"" by Africa itself.
Swift and close cooperation by African countries is critical for carrying out the commitments made at TICAD IV efficiently and effectively. There are concerns that public revenues, foreign direct investment, private capital inflows, and remittances from abroad will all decrease henceforth, as repercussions of the financial and economic crisis. It goes without saying that the efforts of my African colleagues present here, will be indispensable in order not to decrease these and to use development resources in the most effective way.
I strongly hope that all African countries will take the initiative in undertaking necessary measures, such as prioritizing allocations of resource to push national development policies forward and identifying appropriate projects that contribute to growth, thereby engaging in ""ownership"" to the greatest possible extent.
At this juncture, I emphatically call upon other development partner countries and organizations, not to reduce their assistance to Africa, but instead to be engaged even more proactively than before, with the same determination being shown by Japan.
Distinguished delegates,
Towards the London Summit
I would like to propose to send out a message to the London Summit at the end of this Meeting, based on the discussions over the next two days. Prime Minister Aso intends to take this message to the Summit and, along with the representatives from Africa, reflect the ""voices of Africa"" in the discussions of the heads of state and government.
I would like to close my remarks today with my sincere hope that at this meeting that we are about to begin, valuable and constructive discussions take place and a robust message is sent out.
Thank you very much for listening.
Back to Index"
393,Hirofumi Nakasone,2021-03-01,"Discours du Ministre des Affaires étrangères, Monsieur Hirofumi NAKASONE,
pour la session plénière
Vos Excellences,
Mesdames et Messieurs les membres des délégations,
(Introduction)
C’est en mai dernier que fut organisée la conférence de la TICAD IV et que la
« Déclaration de Yokohama » ainsi que le « Plan d’action de Yokohama » furent adoptés.
Quelques mois plus tard, le monde a connu une crise financière et économique comme il
ne s’en produit qu’une fois tous les cent ans. La communauté internationale s’efforce
maintenant de surmonter cette crise. Dans deux semaines, le deuxième sommet du G20
se tiendra à Londres. Ainsi nous nous réunissons aujourd’hui à Gaborone, pour tenter
d’organiser une réunion de suivi de la TICAD IV .
En tant que coprésident de la conférence, je souhaiterais tout d’abord faire le bilan de
l’état d’avancement du Plan d’action de Yokohama. Ensuite, je vais vous faire part de ma
pensée concernant la poursuite de la coopération, dans le contexte de crise actuelle,
entre les pays d’Afrique et leurs partenaires de développement qui partagent l’esprit de
la TICAD.
(Impact de la crise financière et économique mondiale sur l’Afrique)
Concernant l’impact de la crise financière et économique sur l’Afrique, notre première
crainte aujourd’hui est que l’Afrique ne subisse en profondeur les effets de cette crise,
que l’économie, qui a enregistré un développement remarquable ces dernières années,
ne ralentisse, et que le processus de réalisation des Objectifs du Millénaire pour le
Développement ne connaisse un recul considérable.
Cela compromettrait grandement les efforts réalisés par les pays d’Afrique et leurs
partenaires de développement, ce que nous devons à tout prix éviter.
(Etat d’avancement du Plan d’action de Yokohama)

Le « Rapport d’avancement annuel 2008 » que vous avez sous les yeux présente le
bilan de l’état d’exécution du Plan d’action de Yokohama durant les 9 mois qui ont suivi
la TICAD IV.
Bien que la crise financière et économique ait fortement affecté l’économie des pays
donateurs, on peut constater des progrès dans de nombreux domaines. Je suis convaincu
que c’est là un très bon départ pour la première année du mécanisme de suivi.
(Accélération de la croissance)
Je vais tout d’abord vous parler du premier thème majeur de la TICAD : l’accélération
de la croissance.
Premièrement, des missions composées de 180 personnes représentant des
entreprises et des organes gouvernementaux se sont rendues dans 12 pays africains
pour promouvoir les échanges commerciaux et les investissements, et ont établi des
rapports avec des suggestions de mesures à prendre. Le gouvernement japonais a
également invité 6 pays à participer à Tokyo à un forum.
De plus nous comptons envoyer de nouvelles délégations en mission au cours de cette
année. Et concernant le secteur du tourisme, un séminaire se tiendra en Ouganda en juin
prochain dans le cadre de l’Africa-Asia Business Forum.
Deuxièmement, au titre de l’aide financière globale de 2,5 milliards de dollars
promise lors de la TICAD IV destinée à permettre un doublement des investissements
privés en Afrique d’ici 2012, la Banque Japonaise pour la Coopération Internationale
(JBIC) a déjà accordé 740 millions de dollars pour la promotion des investissements des
entreprises japonaises vers l’Afrique.
Troisièmement, un prêt de 300 millions de US$ a été octroyé à la Banque africaine de
développement pour permettre une reprise des activités du secteur privé africain, qui
doit actuellement faire face à un manque de liquidités.
Quatrièmement, 70 % de la population pauvre d’Afrique subsaharienne dépend de
l’agriculture. «La Coalition pour le développement de la riziculture en Afrique » mise sur
un doublement en dix ans de la production rizicole, qui joue un rôle de premier ordre

dans le développement de l’agriculture, et l’on peut déjà voir un solide début d’activité
dans ce domaine.
Cinquièmement, en ce qui concerne les infrastructures du transport à grande distance
et de l’électricité, le Japon a par exemple déjà honoré ses engagements à hauteur de
36 % du montant de l’aide annoncée pour les 5 ans à venir sous la forme de dons et
d’assistance technique.
(Objectifs du Millénaire pour le développement et stabilisation de la paix)
Je voudrais vous parler maintenant des deuxième et troisième thèmes majeurs, à
savoir les Objectifs du Millénaire pour le Développement et la stabilisation de la paix. De
nombreux projets ont été mis en œuvre pour soutenir ces objectifs extrêmement
importants pour le renforcement de la sécurité des personnes. Je ne traiterai pas ici en
détail de ces projets, mais les avancées constatées dans ces deux domaines occupent
près de la moitié de la liste de 25 pages du Rapport annuel.
(Mesures pour l’environnement et contre les changements climatiques)
Concernant les avancées dans les domaines de l’environnement et du changement
climatique, qui constituent le quatrième thème majeur, je souhaiterais citer le
partenariat « Cool Earth ». Il s’agit d’une initiative prise par le Japon pour aider les pays
en développement qui souhaitent faire coïncider la réduction des émissions de gaz à
effet de serre avec leur croissance économique, et contribuer ainsi à la stabilisation du
climat. Je me félicite que plus de la moitié des pays africains, soit 27 pays, aient adhéré à
ce partenariat.
(Elargissement du partenariat)
Le processus de la TICAD attache une grande importance au renforcement de la
promotion de la coopération sud-sud, et tout particulièrement de la coopération Asie-
Afrique. Pendant ces neuf mois, on a pu voir des initiatives pour un développement de
nouveaux partenariats comme la coopération entre les pays d’Afrique et de nouveaux
pays donateurs, et des coordinations avec la société civile et le secteur privé. La preuve
en est donnée par la participation en tant qu’intervenants à cette réunion de suivi, de
Mesdames et Messieurs les représentants du secteur privé et d’organisations non
gouvernementales, japonais et africains.

Mesdames et Messieurs,
(Aide du Japon à l’avenir)
Les résultats obtenus, et ce malgré la crise financière et économique mondiale, loin de
dévaloriser le Plan d’action de Yokohama, nous confirment à nouveau le bien-fondé des
prescriptions de ce Plan, et cela parce qu’il a été établi au départ dans le but de
promouvoir une « Afrique qui gagne ».
Lors de la TICAD IV, le Japon a annoncé qu’il doublerait, d’ici 2012, le montant de son
aide publique au développement destinée à l’Afrique et qu’il ferait en sorte que le
montant des investissements privés vers l’Afrique soit multiplié par deux.
Dans cette assistance, nombreux sont sans doute les représentants de gouvernements
africains qui s’interrogent sur la possibilité du Japon, frappé lui aussi de plein fouet par
la crise, de tenir cet engagement. Mais je tiens à vous exprimer ici la détermination du
Japon à honorer les promesses faites à la TICAD IV. Et je vous confirme tout
particulièrement l’octroi sur 5 ans d’un prêt libellé en yens d’un montant maximum de 4
milliards de dollars.
On peut craindre que les effets de la crise mondiale dans laquelle nous sommes entrés
cet automne, se répercutent dans les pays africains pendant encore au moins deux ans.
Compte tenu de cette situation, nous aurons recours au prêt libellé en yens dont nous
venons de parler de façon flexible et, concernant les dons et l’assistance technique, notre
objectif est de fournir aussi rapidement que possible une aide de 2 milliards de dollars
pour la mise en œuvre régulière des promesses du Japon.
De cette façon, nous allons promouvoir plus encore la croissance de l’économie
africaine dans les domaines de l’infrastructure, de la formation des ressources humaines
et du secteur agricole. Par ailleurs, en vue d’atteindre les Objectifs du Millénaire pour le
Développement, nous soutiendrons plus fortement les initiatives africaines dans les
domaines du développement communautaire, de l’éducation, de la santé, de l’eau et de
l’assainissement, et nous renforcerons notre aide dans le domaine de l’environnement
pour assurer une croissance durable.

Pour concrétiser et mettre en œuvre ces mesures d’aide, le Japon a prévu jusqu’à la
première moitié de cette année de se concentrer sur la réalisation de plus de 100
enquêtes préliminaires.
Mesdames et Messieurs,
Le Japon compte apporter des soutiens plus directs encore, compte tenu de l’impact
de la crise financière et économique sur l’Afrique.
Par exemple, le Japon a mené durant ce mois de mars des opérations en faveur de
l’Afrique, comme une aide alimentaire et humanitaire d’un montant de 300 millions de
dollars car les effets à venir de la crise qui s’étend actuellement toucheront le plus
durement les populations pauvres. Sur le plan de la lutte contre les maladies infectieuses,
le Japon apportera la semaine prochaine une contribution de l’ordre de 200 millions de
dollars au Fonds mondial de lutte contre le sida, la tuberculose et le paludisme, dont
l’Afrique est un grand bénéficiaire.
Enfin, le Japon a inauguré de nouvelles mesures, comme un prêt équivalent à 100
milliards de dollars au Fonds Monétaire International ou l’octroi d’un « Fonds pour le
renforcement des capitaux des banques des pays en développement » d’une valeur de 3
milliards de dollars. Les pays d’Afrique pourront aussi bénéficier de ces ressources. Le
Japon apportera aussi un soutien pour la formation des ressources humaines dans le
secteur financier, afin de renforcer, entre autres, le système financier africain.
Mesdames et Messieurs,
(Le rôle de l’Afrique et des pays donateurs)
Je vous ai fait part des mesures que le Japon s’apprête à prendre. Mais la TICAD n’est
pas une conférence où les partenaires pour le développement prendraient
unilatéralement des engagements. La communauté internationale apporte une aide, en
tant que partenaire, à l’appropriation de l’Afrique par elle-même. Ces deux principes,
partenariat et appropriation, sont les principes mêmes du processus de la TICAD, et les
principes communs de la communauté internationale.
Les promesses de la TICAD IV ne sauraient être tenues cependant avec efficacité et
succès sans la collaboration rapide et rigoureuse des pays d’Afrique. La crise financière

et économique mondiale fait craindre désormais une baisse des recettes publiques, des
investissements directs à l’étranger, du flux des capitaux privés et des transferts de
fonds depuis l’étranger. C’est pourquoi, il va sans dire que vos efforts à vous tous, chers
partenaires africains, sont indispensables pour enrayer cette baisse, et pour utiliser avec
un maximum d’efficacité les fonds pour le développement.
J’espère que tous les pays d’Afrique, pour surmonter la crise actuelle, prendront
d’eux-mêmes les mesures qui s’imposent, optimisant ainsi l’idée d’ « appropriation ». Il
faudrait répartir les ressources selon les priorités et établir d’excellents projets qui
contribueraient à la croissance, afin de poursuivre ainsi avec fermeté des politiques
pour le développement de leur propre pays.
Quant à vous tous, chers représentants des pays et des organismes partenaires du
développement, je vous sollicite instamment pour que loin de réduire votre aide à
l’Afrique, vous continuiez à vous engager avec la même détermination que le Japon et de
manière encore plus active que vous ne l’avez fait jusqu’à présent.
Mesdames et Messieurs,
(En prévision du sommet de Londres)
Je veux me fonder sur les débats qui vont avoir lieu ici pendant deux journées pour
lancer un message au Sommet de Londres. Le premier ministre japonais, Tarô Asô
attend ce message pour en faire part au Sommet, dans l’intention de faire entendre à ce
sommet la « voix de l’Afrique » au côté des représentants des pays et gouvernements
africains.
Je me permets d’achever ce discours en renouvelant mes vœux pour que les
rencontres qui se dérouleront aujourd’hui soient l’occasion de débats positifs et
constructifs et qu’un message fort soit émis.
Je vous remercie de votre attention."
394,Hirofumi Nakasone,2021-03-01,"本文へ
御意見・御感想
サイトマップ
リンク集
English
Other Languages
検索
文字サイズ変更
小
中
大
外務省について
|
会見・発表・広報
|
外交政策
|
国・地域
|
海外渡航・滞在
|
申請・手続き
トップページ
＞
報道・広報
＞
演説
中曽根外務大臣演説
TICAD閣僚級フォローアップ会合
全体会合（「横浜行動計画の進捗状況と将来の課題」）における中曽根大臣スピーチ
平成21年3月21日
閣下
代表団の皆様
並びにご列席の皆様
（冒頭）
TICAD IVを開催し、「横浜宣言」と「横浜行動計画」を発表したのは昨年の5月でした。その数カ月後、世界は100年に1度と言われる金融・経済危機に見舞われました。今、国際社会はこの危機を克服しようと必死の努力を行っています。翌々週には、2回目の首脳会合がロンドンで開催されます。折しも、我々は、ここハボロネに参集し、TICAD IVのフォローアップを行おうとしています。
本日、私は、まず共同議長の1人として、これまでの「横浜行動計画」の履行状況を総括させて頂こうと思います。その上で、この危機の中、TICADの精神を共有するアフリカ諸国と開発のパートナー達は今後如何に協力を進めていくべきかについて私の考えをお話ししたいと思います。
（世界金融・経済危機のアフリカへの影響）
世界的金融・経済危機がアフリカに与えるインパクトについて、今、最も危惧されているのは、アフリカがこの危機の深刻な影響を受け、近年目覚ましい成長を遂げてきた経済が減速し、MDGsの達成が大きく後退する恐れがあるということです。
これは、開発パートナーとアフリカ諸国のこれまでの努力が水泡に帰すことを意味し、何としても避けなければなりません。
（「横浜行動計画」の履行状況）
皆様のお手元の「年次進捗報告書2008」は、TICAD IV開催時から約9か月にわたる「横浜行動計画」の履行状況をまとめたものです。
金融・経済危機が開発パートナー国の経済を大きく揺るがしているにもかかわらず、多くの分野で進捗が見られました。私は、フォローアップの初年度として大変良いスタートを切っていると確信したところです。
（成長の加速化）
まず、TICAD IVの1本目の柱である成長の加速化の分野について申し上げます。
第一に、アフリカとの貿易・投資を促進するため、のべ180名の企業・政府関係者からなるミッションがアフリカ12カ国を訪問し、採るべき措置についての提言を含む報告書をまとめました。日本政府は更に6カ国を招待して東京でシンポジウムを開催しています。
これに加え、本年、さらなるミッションの派遣を企画しています。また、観光分野については、アフリカ・アジア・ビジネス・フォーラムの枠組みで、本年6月にウガンダにおいてセミナーの開催が予定されています。
第二に、2012年までの対アフリカ向け民間投資倍増のため、TICAD IVで約束された総額25億ドル規模の金融支援に関してですが、JBICは、日系企業の投資促進等のため、既に計7.4億ドルを承諾しました。
第三に、3億ドルの円借款をアフリカ開発銀行に供与済みであり、資金難に直面しているアフリカの民間セクターが活用可能なファシリティとなっています。
第四に、サブサハラ・アフリカ貧困層の70％が農業に依存して生活しています。農業の振興に一役担うコメの生産高の10年倍増を目指す「アフリカ稲作振興のための共同体」が既に着実な活動を開始しています。
第五に、広域運輸及び電力インフラの整備においては、例えば我が国が5年間の無償資金協力・技術協力として表明した支援額のうち、既に約36％に相当する額につきコミットメントが行われています。
（MDGsの達成や平和の定着）
次に、2本目の柱であるMDGsの達成や3本目の柱である平和の定着の分野について申し上げます。これら人間の安全保障の確立のために極めて重要な目標を後押しするため、多くのプロジェクトが始動しています。詳細はここでは触れませんが、25ページに及ぶ進捗状況リストの約半分がこの2つの分野での進捗によって占められています。
（環境・気候変動問題への対処）
続いて、4本目の柱である環境・気候変動分野での進捗として、クールアース・パートナーシップを挙げたいと思います。これは、排出削減と経済成長を両立させ、気候の安定化に貢献しようとする途上国を支援する我が国のイニシアティブです。アフリカの半数以上にあたる27か国がパートナーとなったことを嬉しく思います。
（パートナーシップの拡大）
TICADプロセスにおいては、南南協力、特にアジア・アフリカ協力の推進を強化することが重視されています。この9カ月の間にアフリカ諸国と新興ドナーとの協力、市民社会、民間セクターとの連携等、新たなパートナーシップの拡大に向けた取組がなされています。今回の会合で日本とアフリカの民間セクター及びNGOの代表に発言者として参加して頂いているのもその証左です。
ご列席の皆様
（今後の日本の支援）
こうして見てみますと、「横浜行動計画」は、もともと「元気なアフリカを目指して」策定されたものですから、世界的金融・経済危機という新しい局面にあっても、有効な処方箋を提供してくれていることに改めて気づかされます。
TICAD IVで、我が国は、2012年までにアフリカ向けODAを倍増すること、また、民間投資を倍増すべく支援することを表明しました。
アフリカの同僚の皆様の中には、日本も危機の打撃を受け、この公約が守られるのだろうかと心配されている方もおいでかもしれません。しかし、私は、この場で改めて、我が国がTICAD IVの約束を必ず実施するとの決意を表明します。特に、5年間で最大40億ドルの円借款を実施することを改めて確認します。
昨年秋以降の世界的な金融・経済危機の影響は少なくとも今後2年間はアフリカ諸国にも及ぶと思われます。このことを考慮して、上述の円借款を機動的に活用するとともに、無償資金・技術協力についても、我が国の約束を着実に実施すべく当面20億ドルの支援をできる限り早期に実施することを目指します。
これにより、インフラ整備、人材育成、農業といった分野で、経済成長をより強力に促進します。また、MDGsの達成に向けて、コミュニティ開発、教育、保健、水・衛生等といった分野におけるアフリカ諸国の取組をより強く後押しするとともに、持続可能な成長の実現のため、環境分野の支援をより一層拡充・強化していきます。
我が国は、こうした支援策の具体化・実施に向け、本年前半までに100件を超える協力準備調査を集中的に実施する予定です。
ご列席の皆様
我が国は、金融・経済危機がアフリカに与える影響に、より直接的に対処する支援も行っていきます。
例えば、この3月、我が国は、約3億ドルの食料・人道支援などをアフリカに対して実施することとしました。今後、この危機が広がる中で、最も深刻な影響を受けるのは社会的弱者であるからです。また、感染症対策として、アフリカが大きく裨益する世界エイズ・結核・マラリア対策基金に対し、来週約2億ドルを拠出します。
さらに、我が国は、IMFに対する最大1000億ドル相当の融資や30億ドル規模の「途上国銀行資本増強ファンド」等の施策を打ち出しており、アフリカ諸国もこれを活用することができます。また、アフリカの金融システム等を強化するため、金融分野での人材育成支援も実施します。
ご列席の皆様
（アフリカ、他のドナーの役割）
ここまで、日本がどうする用意があるかを述べてきました。しかしながら、TICADは、開発パートナーが一方的にコミットメントを表明する会議ではありません。アフリカ自らの「オーナーシップ（自助努力）」を国際社会がパートナーとして支援する、これがTICADプロセスの理念であり、今や国際社会共通の理念です。
TICAD IVの約束を効率的かつ効果的に実施するためには、アフリカ諸国の迅速かつ緊密な協力が必須です。今後、金融・経済危機の影響として、財政収入、外国直接投資、民間資本流入、海外送金はいずれも減少することが懸念されています。これらを減らさないため、また、開発資金を最も効果的に活用するためには、アフリカの同僚の皆様方ご自身の努力が不可欠なことは言をまちません。
私は、すべてのアフリカ諸国が、自国の開発政策を力強く推進するための優先的資源配分、成長に資する優良案件の形成等、とるべき措置を率先してとり、「オーナーシップ」を最大限に発揮されることを強く期待します。
また、他の開発パートナー国、機関については、アフリカへの援助を縮小することなく、我が国と同じ決意でもって、これまで以上に積極的に取り組むべき、と声を大にして呼びかけたいと思います。
ご列席の皆様
（ロンドン・サミットに向けて）
我々は、これから2日間にわたって行われる議論を踏まえ、ロンドン・サミットへのメッセージを発出したいと思います。麻生総理は、このメッセージを携え、サミットに臨み、アフリカの代表者とともに、「アフリカの声」を首脳間の議論に反映させたいとの意向です。
これから行われる会合において、有益かつ建設的な議論が展開され、力強いメッセージが発出されることを心より期待し、私の演説を終えさせていただきます。
ご清聴有り難うございました。
TICAD閣僚級フォローアップ会合
このページのトップへ戻る
中曽根外務大臣演説
｜
平成21年演説
｜
目次へ戻る
外務省について
大臣・副大臣・政務官
組織案内・所在地
在外公館
採用情報・ワークライフバランス等
審議会等
所管の法人
予算・決算・財務
政策評価
国会提出条約・法律案
外交史料館
このサイトについて
会見・発表・広報
記者会見
報道発表
談話
演説
寄稿・インタビュー
広報・パンフレット・刊行物
広報イベント
その他のお知らせ
外交政策
外交青書・白書
主な外交日程
<分野別政策>
日本の安全保障と国際社会の平和と安定
ODAと地球規模の課題
経済外交
広報文化外交
国民と共にある外交
その他の分野
国・地域
地域で探す
アジア
大洋州
北米
中南米
欧州
中東
アフリカ
国名で探す
海外渡航・滞在
海外安全対策
パスポート（旅券）
届出・証明
ハーグ条約
海外教育・年金・保険・運転免許
在外選挙
ビザ
在留外国人施策関連
統計・お知らせ
申請・手続き
電子政府・電子申請・届出
情報公開・個人情報保護
公文書管理・外交記録公開
調達情報
その他の申請
メール配信サービス
国民の皆様からの御意見
法的事項
アクセシビリティ
プライバシーポリシー
Copyright © Ministry of Foreign Affairs of Japan
〒100-8919　東京都千代田区霞が関2-2-1
地図
電話（代表）03-3580-3311"
21,Current Foreign Minister,2021-03-04,"March 4, 2021
Japanese
Tweet
1. Specified Skilled Worker
Specified Skilled Worker (Outline of the system) (
English
/
Vietnamese
/
Filipino
/
Cambodian
/
Chinese
/
Indonesian
/
Thai
/
Nepalese
/
Mongolian
/
Myanmar
)
Outline of the system (Leaflet)
(
English (PDF)
/
Vietnamese (PDF)
)
Specified Skilled Worker (Signing of Memorandum of Cooperation)
(
the Philippines
/
Nepal
/
Cambodia
/
Myanmar
/
Mongolia
/
Sri Lanka
/
Indonesia
/
Viet Nam
/
Bangladesh
/
Uzbekistan
/
Pakistan
/
Thailand
/
India
)
List of Registered Support Organization (The Immigration Bureau, the Ministry of Justice)
Japan Foundation Test for Basic Japanese (JFT-Basic)
Japanese Language Proficiency Test (JLPT)
2. Disaster Information
Disaster Prevention Information
3. A daily life support portal for foreign nationals
A daily life support portal for foreign nationals (The Ministry of Justice)"
54,Taro Kono,2021-03-04,"March 4, 2021
Japanese
Tweet
1. Specified Skilled Worker
Specified Skilled Worker (Outline of the system) (
English
/
Vietnamese
/
Filipino
/
Cambodian
/
Chinese
/
Indonesian
/
Thai
/
Nepalese
/
Mongolian
/
Myanmar
)
Outline of the system (Leaflet)
(
English (PDF)
/
Vietnamese (PDF)
)
Specified Skilled Worker (Signing of Memorandum of Cooperation)
(
the Philippines
/
Nepal
/
Cambodia
/
Myanmar
/
Mongolia
/
Sri Lanka
/
Indonesia
/
Viet Nam
/
Bangladesh
/
Uzbekistan
/
Pakistan
/
Thailand
/
India
)
List of Registered Support Organization (The Immigration Bureau, the Ministry of Justice)
Japan Foundation Test for Basic Japanese (JFT-Basic)
Japanese Language Proficiency Test (JLPT)
2. Disaster Information
Disaster Prevention Information
3. A daily life support portal for foreign nationals
A daily life support portal for foreign nationals (The Ministry of Justice)"
116,Fumio Kishida,2021-03-04,"March 4, 2021
Japanese
Tweet
1. Specified Skilled Worker
Specified Skilled Worker (Outline of the system) (
English
/
Vietnamese
/
Filipino
/
Cambodian
/
Chinese
/
Indonesian
/
Thai
/
Nepalese
/
Mongolian
/
Myanmar
)
Outline of the system (Leaflet)
(
English (PDF)
/
Vietnamese (PDF)
)
Specified Skilled Worker (Signing of Memorandum of Cooperation)
(
the Philippines
/
Nepal
/
Cambodia
/
Myanmar
/
Mongolia
/
Sri Lanka
/
Indonesia
/
Viet Nam
/
Bangladesh
/
Uzbekistan
/
Pakistan
/
Thailand
/
India
)
List of Registered Support Organization (The Immigration Bureau, the Ministry of Justice)
Japan Foundation Test for Basic Japanese (JFT-Basic)
Japanese Language Proficiency Test (JLPT)
2. Disaster Information
Disaster Prevention Information
3. A daily life support portal for foreign nationals
A daily life support portal for foreign nationals (The Ministry of Justice)"
1012,Masahiko Koumura,2021-03-23,"March 23, 2021
Crime
Cybersecurity
Disarmament and Non-Proliferation, Peaceful Uses of Nuclear Technology
Human Rights , Humanitarian Assistance, Refugees
International Law and Treaties
Japan and the United Nations
Japan’s Security Policy
Japan-U.S. Alliance
Maritime Affairs
Women's Empowerment and Gender Equality"
911,Yoriko Kawaguchi,2021-03-23,"March 23, 2021
Crime
Cybersecurity
Disarmament and Non-Proliferation, Peaceful Uses of Nuclear Technology
Human Rights , Humanitarian Assistance, Refugees
International Law and Treaties
Japan and the United Nations
Japan’s Security Policy
Japan-U.S. Alliance
Maritime Affairs
Women's Empowerment and Gender Equality"
950,Makiko Tanaka,2021-03-23,"March 23, 2021
Crime
Cybersecurity
Disarmament and Non-Proliferation, Peaceful Uses of Nuclear Technology
Human Rights , Humanitarian Assistance, Refugees
International Law and Treaties
Japan and the United Nations
Japan’s Security Policy
Japan-U.S. Alliance
Maritime Affairs
Women's Empowerment and Gender Equality"
986,Yohei Kono,2021-03-23,"March 23, 2021
Crime
Cybersecurity
Disarmament and Non-Proliferation, Peaceful Uses of Nuclear Technology
Human Rights , Humanitarian Assistance, Refugees
International Law and Treaties
Japan and the United Nations
Japan’s Security Policy
Japan-U.S. Alliance
Maritime Affairs
Women's Empowerment and Gender Equality"
692,Nobutaka Machimura,2021-03-23,"March 23, 2021
Crime
Cybersecurity
Disarmament and Non-Proliferation, Peaceful Uses of Nuclear Technology
Human Rights , Humanitarian Assistance, Refugees
International Law and Treaties
Japan and the United Nations
Japan’s Security Policy
Japan-U.S. Alliance
Maritime Affairs
Women's Empowerment and Gender Equality"
434,Hirofumi Nakasone,2021-03-23,"March 23, 2021
Crime
Cybersecurity
Disarmament and Non-Proliferation, Peaceful Uses of Nuclear Technology
Human Rights , Humanitarian Assistance, Refugees
International Law and Treaties
Japan and the United Nations
Japan’s Security Policy
Japan-U.S. Alliance
Maritime Affairs
Women's Empowerment and Gender Equality"
352,Katsuya Okada,2021-03-23,"March 23, 2021
Crime
Cybersecurity
Disarmament and Non-Proliferation, Peaceful Uses of Nuclear Technology
Human Rights , Humanitarian Assistance, Refugees
International Law and Treaties
Japan and the United Nations
Japan’s Security Policy
Japan-U.S. Alliance
Maritime Affairs
Women's Empowerment and Gender Equality"
507,Masahiko Koumura,2021-03-23,"March 23, 2021
Crime
Cybersecurity
Disarmament and Non-Proliferation, Peaceful Uses of Nuclear Technology
Human Rights , Humanitarian Assistance, Refugees
International Law and Treaties
Japan and the United Nations
Japan’s Security Policy
Japan-U.S. Alliance
Maritime Affairs
Women's Empowerment and Gender Equality"
49,Taro Kono,2021-03-23,"March 23, 2021
Crime
Cybersecurity
Disarmament and Non-Proliferation, Peaceful Uses of Nuclear Technology
Human Rights , Humanitarian Assistance, Refugees
International Law and Treaties
Japan and the United Nations
Japan’s Security Policy
Japan-U.S. Alliance
Maritime Affairs
Women's Empowerment and Gender Equality"
16,Current Foreign Minister,2021-03-23,"March 23, 2021
Crime
Cybersecurity
Disarmament and Non-Proliferation, Peaceful Uses of Nuclear Technology
Human Rights , Humanitarian Assistance, Refugees
International Law and Treaties
Japan and the United Nations
Japan’s Security Policy
Japan-U.S. Alliance
Maritime Affairs
Women's Empowerment and Gender Equality"
294,Seiji Maehara,2021-03-23,"March 23, 2021
Crime
Cybersecurity
Disarmament and Non-Proliferation, Peaceful Uses of Nuclear Technology
Human Rights , Humanitarian Assistance, Refugees
International Law and Treaties
Japan and the United Nations
Japan’s Security Policy
Japan-U.S. Alliance
Maritime Affairs
Women's Empowerment and Gender Equality"
618,Taro Aso,2021-03-23,"March 23, 2021
Crime
Cybersecurity
Disarmament and Non-Proliferation, Peaceful Uses of Nuclear Technology
Human Rights , Humanitarian Assistance, Refugees
International Law and Treaties
Japan and the United Nations
Japan’s Security Policy
Japan-U.S. Alliance
Maritime Affairs
Women's Empowerment and Gender Equality"
527,Nobutaka Machimura,2021-03-23,"March 23, 2021
Crime
Cybersecurity
Disarmament and Non-Proliferation, Peaceful Uses of Nuclear Technology
Human Rights , Humanitarian Assistance, Refugees
International Law and Treaties
Japan and the United Nations
Japan’s Security Policy
Japan-U.S. Alliance
Maritime Affairs
Women's Empowerment and Gender Equality"
206,Koichiro Gemba,2021-03-23,"March 23, 2021
Crime
Cybersecurity
Disarmament and Non-Proliferation, Peaceful Uses of Nuclear Technology
Human Rights , Humanitarian Assistance, Refugees
International Law and Treaties
Japan and the United Nations
Japan’s Security Policy
Japan-U.S. Alliance
Maritime Affairs
Women's Empowerment and Gender Equality"
111,Fumio Kishida,2021-03-23,"March 23, 2021
Crime
Cybersecurity
Disarmament and Non-Proliferation, Peaceful Uses of Nuclear Technology
Human Rights , Humanitarian Assistance, Refugees
International Law and Treaties
Japan and the United Nations
Japan’s Security Policy
Japan-U.S. Alliance
Maritime Affairs
Women's Empowerment and Gender Equality"
249,Takeaki Matsumoto,2021-03-23,"March 23, 2021
Crime
Cybersecurity
Disarmament and Non-Proliferation, Peaceful Uses of Nuclear Technology
Human Rights , Humanitarian Assistance, Refugees
International Law and Treaties
Japan and the United Nations
Japan’s Security Policy
Japan-U.S. Alliance
Maritime Affairs
Women's Empowerment and Gender Equality"
253,Takeaki Matsumoto,2021-06-01,"June 1, 2021
Japanese
Bilateral Relations
Australia
Cook
Fiji
Kiribati
Marshall
Micronesia
Nauru
New Zealand
Niue
Palau
Papua New Guinea
Samoa
Solomon
Tonga
Tuvalu
Vanuatu
APEC
ASEAN
ASEM
ESCAP
PIF
Topics
Pacific Islands Leaders Meeting (PALM)
East Asia Summit (EAS)
The Working Holiday in Japan Programme (for Citizens of Australia, New Zealand, Canada, and Korea)
Archive of Japan-Oceania Relations"
915,Yoriko Kawaguchi,2021-06-01,"June 1, 2021
Japanese
Bilateral Relations
Australia
Cook
Fiji
Kiribati
Marshall
Micronesia
Nauru
New Zealand
Niue
Palau
Papua New Guinea
Samoa
Solomon
Tonga
Tuvalu
Vanuatu
APEC
ASEAN
ASEM
ESCAP
PIF
Topics
Pacific Islands Leaders Meeting (PALM)
East Asia Summit (EAS)
The Working Holiday in Japan Programme (for Citizens of Australia, New Zealand, Canada, and Korea)
Archive of Japan-Oceania Relations"
696,Nobutaka Machimura,2021-06-01,"June 1, 2021
Japanese
Bilateral Relations
Australia
Cook
Fiji
Kiribati
Marshall
Micronesia
Nauru
New Zealand
Niue
Palau
Papua New Guinea
Samoa
Solomon
Tonga
Tuvalu
Vanuatu
APEC
ASEAN
ASEM
ESCAP
PIF
Topics
Pacific Islands Leaders Meeting (PALM)
East Asia Summit (EAS)
The Working Holiday in Japan Programme (for Citizens of Australia, New Zealand, Canada, and Korea)
Archive of Japan-Oceania Relations"
990,Yohei Kono,2021-06-01,"June 1, 2021
Japanese
Bilateral Relations
Australia
Cook
Fiji
Kiribati
Marshall
Micronesia
Nauru
New Zealand
Niue
Palau
Papua New Guinea
Samoa
Solomon
Tonga
Tuvalu
Vanuatu
APEC
ASEAN
ASEM
ESCAP
PIF
Topics
Pacific Islands Leaders Meeting (PALM)
East Asia Summit (EAS)
The Working Holiday in Japan Programme (for Citizens of Australia, New Zealand, Canada, and Korea)
Archive of Japan-Oceania Relations"
210,Koichiro Gemba,2021-06-01,"June 1, 2021
Japanese
Bilateral Relations
Australia
Cook
Fiji
Kiribati
Marshall
Micronesia
Nauru
New Zealand
Niue
Palau
Papua New Guinea
Samoa
Solomon
Tonga
Tuvalu
Vanuatu
APEC
ASEAN
ASEM
ESCAP
PIF
Topics
Pacific Islands Leaders Meeting (PALM)
East Asia Summit (EAS)
The Working Holiday in Japan Programme (for Citizens of Australia, New Zealand, Canada, and Korea)
Archive of Japan-Oceania Relations"
298,Seiji Maehara,2021-06-01,"June 1, 2021
Japanese
Bilateral Relations
Australia
Cook
Fiji
Kiribati
Marshall
Micronesia
Nauru
New Zealand
Niue
Palau
Papua New Guinea
Samoa
Solomon
Tonga
Tuvalu
Vanuatu
APEC
ASEAN
ASEM
ESCAP
PIF
Topics
Pacific Islands Leaders Meeting (PALM)
East Asia Summit (EAS)
The Working Holiday in Japan Programme (for Citizens of Australia, New Zealand, Canada, and Korea)
Archive of Japan-Oceania Relations"
53,Taro Kono,2021-06-01,"June 1, 2021
Japanese
Bilateral Relations
Australia
Cook
Fiji
Kiribati
Marshall
Micronesia
Nauru
New Zealand
Niue
Palau
Papua New Guinea
Samoa
Solomon
Tonga
Tuvalu
Vanuatu
APEC
ASEAN
ASEM
ESCAP
PIF
Topics
Pacific Islands Leaders Meeting (PALM)
East Asia Summit (EAS)
The Working Holiday in Japan Programme (for Citizens of Australia, New Zealand, Canada, and Korea)
Archive of Japan-Oceania Relations"
954,Makiko Tanaka,2021-06-01,"June 1, 2021
Japanese
Bilateral Relations
Australia
Cook
Fiji
Kiribati
Marshall
Micronesia
Nauru
New Zealand
Niue
Palau
Papua New Guinea
Samoa
Solomon
Tonga
Tuvalu
Vanuatu
APEC
ASEAN
ASEM
ESCAP
PIF
Topics
Pacific Islands Leaders Meeting (PALM)
East Asia Summit (EAS)
The Working Holiday in Japan Programme (for Citizens of Australia, New Zealand, Canada, and Korea)
Archive of Japan-Oceania Relations"
356,Katsuya Okada,2021-06-01,"June 1, 2021
Japanese
Bilateral Relations
Australia
Cook
Fiji
Kiribati
Marshall
Micronesia
Nauru
New Zealand
Niue
Palau
Papua New Guinea
Samoa
Solomon
Tonga
Tuvalu
Vanuatu
APEC
ASEAN
ASEM
ESCAP
PIF
Topics
Pacific Islands Leaders Meeting (PALM)
East Asia Summit (EAS)
The Working Holiday in Japan Programme (for Citizens of Australia, New Zealand, Canada, and Korea)
Archive of Japan-Oceania Relations"
438,Hirofumi Nakasone,2021-06-01,"June 1, 2021
Japanese
Bilateral Relations
Australia
Cook
Fiji
Kiribati
Marshall
Micronesia
Nauru
New Zealand
Niue
Palau
Papua New Guinea
Samoa
Solomon
Tonga
Tuvalu
Vanuatu
APEC
ASEAN
ASEM
ESCAP
PIF
Topics
Pacific Islands Leaders Meeting (PALM)
East Asia Summit (EAS)
The Working Holiday in Japan Programme (for Citizens of Australia, New Zealand, Canada, and Korea)
Archive of Japan-Oceania Relations"
115,Fumio Kishida,2021-06-01,"June 1, 2021
Japanese
Bilateral Relations
Australia
Cook
Fiji
Kiribati
Marshall
Micronesia
Nauru
New Zealand
Niue
Palau
Papua New Guinea
Samoa
Solomon
Tonga
Tuvalu
Vanuatu
APEC
ASEAN
ASEM
ESCAP
PIF
Topics
Pacific Islands Leaders Meeting (PALM)
East Asia Summit (EAS)
The Working Holiday in Japan Programme (for Citizens of Australia, New Zealand, Canada, and Korea)
Archive of Japan-Oceania Relations"
20,Current Foreign Minister,2021-06-01,"June 1, 2021
Japanese
Bilateral Relations
Australia
Cook
Fiji
Kiribati
Marshall
Micronesia
Nauru
New Zealand
Niue
Palau
Papua New Guinea
Samoa
Solomon
Tonga
Tuvalu
Vanuatu
APEC
ASEAN
ASEM
ESCAP
PIF
Topics
Pacific Islands Leaders Meeting (PALM)
East Asia Summit (EAS)
The Working Holiday in Japan Programme (for Citizens of Australia, New Zealand, Canada, and Korea)
Archive of Japan-Oceania Relations"
622,Taro Aso,2021-06-01,"June 1, 2021
Japanese
Bilateral Relations
Australia
Cook
Fiji
Kiribati
Marshall
Micronesia
Nauru
New Zealand
Niue
Palau
Papua New Guinea
Samoa
Solomon
Tonga
Tuvalu
Vanuatu
APEC
ASEAN
ASEM
ESCAP
PIF
Topics
Pacific Islands Leaders Meeting (PALM)
East Asia Summit (EAS)
The Working Holiday in Japan Programme (for Citizens of Australia, New Zealand, Canada, and Korea)
Archive of Japan-Oceania Relations"
531,Nobutaka Machimura,2021-06-01,"June 1, 2021
Japanese
Bilateral Relations
Australia
Cook
Fiji
Kiribati
Marshall
Micronesia
Nauru
New Zealand
Niue
Palau
Papua New Guinea
Samoa
Solomon
Tonga
Tuvalu
Vanuatu
APEC
ASEAN
ASEM
ESCAP
PIF
Topics
Pacific Islands Leaders Meeting (PALM)
East Asia Summit (EAS)
The Working Holiday in Japan Programme (for Citizens of Australia, New Zealand, Canada, and Korea)
Archive of Japan-Oceania Relations"
1016,Masahiko Koumura,2021-06-01,"June 1, 2021
Japanese
Bilateral Relations
Australia
Cook
Fiji
Kiribati
Marshall
Micronesia
Nauru
New Zealand
Niue
Palau
Papua New Guinea
Samoa
Solomon
Tonga
Tuvalu
Vanuatu
APEC
ASEAN
ASEM
ESCAP
PIF
Topics
Pacific Islands Leaders Meeting (PALM)
East Asia Summit (EAS)
The Working Holiday in Japan Programme (for Citizens of Australia, New Zealand, Canada, and Korea)
Archive of Japan-Oceania Relations"
511,Masahiko Koumura,2021-06-01,"June 1, 2021
Japanese
Bilateral Relations
Australia
Cook
Fiji
Kiribati
Marshall
Micronesia
Nauru
New Zealand
Niue
Palau
Papua New Guinea
Samoa
Solomon
Tonga
Tuvalu
Vanuatu
APEC
ASEAN
ASEM
ESCAP
PIF
Topics
Pacific Islands Leaders Meeting (PALM)
East Asia Summit (EAS)
The Working Holiday in Japan Programme (for Citizens of Australia, New Zealand, Canada, and Korea)
Archive of Japan-Oceania Relations"
149,Koichiro Gemba,2021-06-20,"Top
>
Foreign Policy
>
Climate Change
>
United Nations Conference on Sustainable Development 
(Rio+20)
> United Nations Conference on Sustainable Development (Rio+20) Opening Remark by H.E. Mr. Koichiro GEMBA, Official Side Event Organized by the Government of Japan
United Nations Conference on Sustainable Development (Rio+20)
Opening Remark by H.E. Mr. Koichiro GEMBA,
Official Side Event Organized by the Government of Japan
June 21, 2012
(
Japanese
)
Distinguished Guests, Ladies and Gentlemen,
Welcome to our official side event on the theme of “Future Cities We Want”.
I would like to thank the presenters, panelists, and co-organizers of this side event.
Yesterday, I announced a new Japanese Initiative called the “Green Future Initiative” which aims to realize sustainable development.
One of the main pillars of the initiative is to spread the idea of sustainable future cities throughout the world. That is precisely why we are organizing today’s side event.
Our event also builds upon an international seminar that I hosted in Fukushima in March focused on rebuilding communities.
Since the world’s urban population is rapidly growing, I want future cities to be ecologically sustainable.
Japan has repeatedly overcome natural disasters and rebuilt more resilient communities each time, by developing advanced disaster-risk-reduction technologies. And yet, we experienced the unprecedented Great East Japan Earthquake last year and are learning new lessons.
We would like to share those lessons, as well as technology, with the international community. Such a contribution is our responsibility to the world.
In the “Green Future Initiative”, Japan committed 3 billion dollars in assistance over the next three years to support developing countries in introducing environmental and low-carbon technologies.
In the same initiative, Japan committed another 3 billion dollars in assistance over the next three years in implementing comprehensive disaster management measures.
In addition, we will host an international conference on future cities next year, and begin a process of inviting one hundred experts on city-building from developing countries to Japan every year.
These programs aim to promote sustainable urban development.
I also want our future cities to be human-centered. 
The role of communities and local governments is to closely stand by and meet the needs of residents. 
A number of Japanese local governments are undertaking innovative efforts to develop sustainable cities. Through today’s event, I hope we can learn their experiences together.
I sincerely hope that through this official side event local governments, national governments, international organizations, NGOs, and individuals will join in a new network to bring about ecologically sustainable and human-centered future cities. 
Those are the future cities that we all want.
Thank you.
Back to Index"
3,Current Foreign Minister,2021-07-20,"令和3年7月20日
英語版 (
English
)
茂木外務大臣
演説件名
日付
第1回「日印フォーラム」における茂木外務大臣ビデオ・メッセージ（
日本語
）
令和3年7月20日
第6回ライシナ対話における茂木外務大臣ビデオ・メッセージ（
日本語
）
令和3年4月16日
COVAXファシリティ増資準備会合における茂木外務大臣のビデオメッセージ（
日本語
）
令和3年4月16日
第2回東京グローバル・ダイアログにおける茂木外務大臣基調講演「ポスト・コロナの時代を見据えた日本外交」（
日本語
/
英語
）
令和3年2月25日
第204回国会における茂木外務大臣の外交演説（
日本語
/
英語
）
令和3年1月18日
国連創設75周年記念ハイレベル会合における茂木外務大臣のビデオメッセージ（
日本語
/
英語
）
令和2年9月22日
第201回国会における茂木外務大臣の外交演説（
日本語
/
英語
）
令和2年1月20日
日本の対ASEAN政策に関する茂木外務大臣スピーチ（
日本語
/
英語
/
インドネシア語(PDF)
）
令和2年1月10日
第1回東京グローバル・ダイアログにおける茂木外務大臣外交政策演説（
日本語
／
英語仮訳
）
令和元年12月2日
外務大臣演説（過去の記録）
河野外務大臣
岸田外務大臣
玄葉外務大臣
松本外務大臣
前原外務大臣
岡田外務大臣
中曽根外務大臣
高村外務大臣
町村外務大臣
麻生外務大臣
町村外務大臣
川口外務大臣
田中外務大臣
河野外務大臣
高村外務大臣
小渕外務大臣
池田外務大臣
羽田外務大臣
Adobe Systemsのウェブサイトより、Acrobatで作成されたPDFファイルを読むためのAdobe Readerを無料でダウンロードすることができます。左記ボタンをクリックして、Adobe Systemsのウェブサイトからご使用のコンピュータに対応したソフトウェアを入手してください。"
695,Nobutaka Machimura,2021-08-03,"August 3, 2021
Japanese Territory
Issues regarding History
Japan's orientation as a peace loving country
The Heavy Rains That Began on 1st July 2021
The Earthquake off the Coast of Fukushima Prefecture in February 2021
The Heavy Rain Event of July 2020 (Messages of Sympathy from Foreign Countries, Regions, and International Organizations)
Typhoon No.19 (Hagibis) (Messages of Sympathy from Foreign Countries, Regions and International Organizations)
The Heavy Rain Event of July 2018
Kumamoto Earthquake - Messages from Abroad
Recovery from Great East Japan Earthquake
Conferment of Decorations on Foreign Nationals
Foreign Missions in Japan
Videos on Japan's Foreign Policy
Rising Sun Flag
Information on the Novel Coronavirus Diseases (COVID-19)
Foreign Policy Archives
Application for Nominal Support
Booklet on Their Majesties the Emperor and Empress and the Imperial Family
Related Links
Imperial Household"
114,Fumio Kishida,2021-08-03,"August 3, 2021
Japanese Territory
Issues regarding History
Japan's orientation as a peace loving country
The Heavy Rains That Began on 1st July 2021
The Earthquake off the Coast of Fukushima Prefecture in February 2021
The Heavy Rain Event of July 2020 (Messages of Sympathy from Foreign Countries, Regions, and International Organizations)
Typhoon No.19 (Hagibis) (Messages of Sympathy from Foreign Countries, Regions and International Organizations)
The Heavy Rain Event of July 2018
Kumamoto Earthquake - Messages from Abroad
Recovery from Great East Japan Earthquake
Conferment of Decorations on Foreign Nationals
Foreign Missions in Japan
Videos on Japan's Foreign Policy
Rising Sun Flag
Information on the Novel Coronavirus Diseases (COVID-19)
Foreign Policy Archives
Application for Nominal Support
Booklet on Their Majesties the Emperor and Empress and the Imperial Family
Related Links
Imperial Household"
621,Taro Aso,2021-08-03,"August 3, 2021
Japanese Territory
Issues regarding History
Japan's orientation as a peace loving country
The Heavy Rains That Began on 1st July 2021
The Earthquake off the Coast of Fukushima Prefecture in February 2021
The Heavy Rain Event of July 2020 (Messages of Sympathy from Foreign Countries, Regions, and International Organizations)
Typhoon No.19 (Hagibis) (Messages of Sympathy from Foreign Countries, Regions and International Organizations)
The Heavy Rain Event of July 2018
Kumamoto Earthquake - Messages from Abroad
Recovery from Great East Japan Earthquake
Conferment of Decorations on Foreign Nationals
Foreign Missions in Japan
Videos on Japan's Foreign Policy
Rising Sun Flag
Information on the Novel Coronavirus Diseases (COVID-19)
Foreign Policy Archives
Application for Nominal Support
Booklet on Their Majesties the Emperor and Empress and the Imperial Family
Related Links
Imperial Household"
953,Makiko Tanaka,2021-08-03,"August 3, 2021
Japanese Territory
Issues regarding History
Japan's orientation as a peace loving country
The Heavy Rains That Began on 1st July 2021
The Earthquake off the Coast of Fukushima Prefecture in February 2021
The Heavy Rain Event of July 2020 (Messages of Sympathy from Foreign Countries, Regions, and International Organizations)
Typhoon No.19 (Hagibis) (Messages of Sympathy from Foreign Countries, Regions and International Organizations)
The Heavy Rain Event of July 2018
Kumamoto Earthquake - Messages from Abroad
Recovery from Great East Japan Earthquake
Conferment of Decorations on Foreign Nationals
Foreign Missions in Japan
Videos on Japan's Foreign Policy
Rising Sun Flag
Information on the Novel Coronavirus Diseases (COVID-19)
Foreign Policy Archives
Application for Nominal Support
Booklet on Their Majesties the Emperor and Empress and the Imperial Family
Related Links
Imperial Household"
209,Koichiro Gemba,2021-08-03,"August 3, 2021
Japanese Territory
Issues regarding History
Japan's orientation as a peace loving country
The Heavy Rains That Began on 1st July 2021
The Earthquake off the Coast of Fukushima Prefecture in February 2021
The Heavy Rain Event of July 2020 (Messages of Sympathy from Foreign Countries, Regions, and International Organizations)
Typhoon No.19 (Hagibis) (Messages of Sympathy from Foreign Countries, Regions and International Organizations)
The Heavy Rain Event of July 2018
Kumamoto Earthquake - Messages from Abroad
Recovery from Great East Japan Earthquake
Conferment of Decorations on Foreign Nationals
Foreign Missions in Japan
Videos on Japan's Foreign Policy
Rising Sun Flag
Information on the Novel Coronavirus Diseases (COVID-19)
Foreign Policy Archives
Application for Nominal Support
Booklet on Their Majesties the Emperor and Empress and the Imperial Family
Related Links
Imperial Household"
989,Yohei Kono,2021-08-03,"August 3, 2021
Japanese Territory
Issues regarding History
Japan's orientation as a peace loving country
The Heavy Rains That Began on 1st July 2021
The Earthquake off the Coast of Fukushima Prefecture in February 2021
The Heavy Rain Event of July 2020 (Messages of Sympathy from Foreign Countries, Regions, and International Organizations)
Typhoon No.19 (Hagibis) (Messages of Sympathy from Foreign Countries, Regions and International Organizations)
The Heavy Rain Event of July 2018
Kumamoto Earthquake - Messages from Abroad
Recovery from Great East Japan Earthquake
Conferment of Decorations on Foreign Nationals
Foreign Missions in Japan
Videos on Japan's Foreign Policy
Rising Sun Flag
Information on the Novel Coronavirus Diseases (COVID-19)
Foreign Policy Archives
Application for Nominal Support
Booklet on Their Majesties the Emperor and Empress and the Imperial Family
Related Links
Imperial Household"
530,Nobutaka Machimura,2021-08-03,"August 3, 2021
Japanese Territory
Issues regarding History
Japan's orientation as a peace loving country
The Heavy Rains That Began on 1st July 2021
The Earthquake off the Coast of Fukushima Prefecture in February 2021
The Heavy Rain Event of July 2020 (Messages of Sympathy from Foreign Countries, Regions, and International Organizations)
Typhoon No.19 (Hagibis) (Messages of Sympathy from Foreign Countries, Regions and International Organizations)
The Heavy Rain Event of July 2018
Kumamoto Earthquake - Messages from Abroad
Recovery from Great East Japan Earthquake
Conferment of Decorations on Foreign Nationals
Foreign Missions in Japan
Videos on Japan's Foreign Policy
Rising Sun Flag
Information on the Novel Coronavirus Diseases (COVID-19)
Foreign Policy Archives
Application for Nominal Support
Booklet on Their Majesties the Emperor and Empress and the Imperial Family
Related Links
Imperial Household"
1015,Masahiko Koumura,2021-08-03,"August 3, 2021
Japanese Territory
Issues regarding History
Japan's orientation as a peace loving country
The Heavy Rains That Began on 1st July 2021
The Earthquake off the Coast of Fukushima Prefecture in February 2021
The Heavy Rain Event of July 2020 (Messages of Sympathy from Foreign Countries, Regions, and International Organizations)
Typhoon No.19 (Hagibis) (Messages of Sympathy from Foreign Countries, Regions and International Organizations)
The Heavy Rain Event of July 2018
Kumamoto Earthquake - Messages from Abroad
Recovery from Great East Japan Earthquake
Conferment of Decorations on Foreign Nationals
Foreign Missions in Japan
Videos on Japan's Foreign Policy
Rising Sun Flag
Information on the Novel Coronavirus Diseases (COVID-19)
Foreign Policy Archives
Application for Nominal Support
Booklet on Their Majesties the Emperor and Empress and the Imperial Family
Related Links
Imperial Household"
297,Seiji Maehara,2021-08-03,"August 3, 2021
Japanese Territory
Issues regarding History
Japan's orientation as a peace loving country
The Heavy Rains That Began on 1st July 2021
The Earthquake off the Coast of Fukushima Prefecture in February 2021
The Heavy Rain Event of July 2020 (Messages of Sympathy from Foreign Countries, Regions, and International Organizations)
Typhoon No.19 (Hagibis) (Messages of Sympathy from Foreign Countries, Regions and International Organizations)
The Heavy Rain Event of July 2018
Kumamoto Earthquake - Messages from Abroad
Recovery from Great East Japan Earthquake
Conferment of Decorations on Foreign Nationals
Foreign Missions in Japan
Videos on Japan's Foreign Policy
Rising Sun Flag
Information on the Novel Coronavirus Diseases (COVID-19)
Foreign Policy Archives
Application for Nominal Support
Booklet on Their Majesties the Emperor and Empress and the Imperial Family
Related Links
Imperial Household"
914,Yoriko Kawaguchi,2021-08-03,"August 3, 2021
Japanese Territory
Issues regarding History
Japan's orientation as a peace loving country
The Heavy Rains That Began on 1st July 2021
The Earthquake off the Coast of Fukushima Prefecture in February 2021
The Heavy Rain Event of July 2020 (Messages of Sympathy from Foreign Countries, Regions, and International Organizations)
Typhoon No.19 (Hagibis) (Messages of Sympathy from Foreign Countries, Regions and International Organizations)
The Heavy Rain Event of July 2018
Kumamoto Earthquake - Messages from Abroad
Recovery from Great East Japan Earthquake
Conferment of Decorations on Foreign Nationals
Foreign Missions in Japan
Videos on Japan's Foreign Policy
Rising Sun Flag
Information on the Novel Coronavirus Diseases (COVID-19)
Foreign Policy Archives
Application for Nominal Support
Booklet on Their Majesties the Emperor and Empress and the Imperial Family
Related Links
Imperial Household"
252,Takeaki Matsumoto,2021-08-03,"August 3, 2021
Japanese Territory
Issues regarding History
Japan's orientation as a peace loving country
The Heavy Rains That Began on 1st July 2021
The Earthquake off the Coast of Fukushima Prefecture in February 2021
The Heavy Rain Event of July 2020 (Messages of Sympathy from Foreign Countries, Regions, and International Organizations)
Typhoon No.19 (Hagibis) (Messages of Sympathy from Foreign Countries, Regions and International Organizations)
The Heavy Rain Event of July 2018
Kumamoto Earthquake - Messages from Abroad
Recovery from Great East Japan Earthquake
Conferment of Decorations on Foreign Nationals
Foreign Missions in Japan
Videos on Japan's Foreign Policy
Rising Sun Flag
Information on the Novel Coronavirus Diseases (COVID-19)
Foreign Policy Archives
Application for Nominal Support
Booklet on Their Majesties the Emperor and Empress and the Imperial Family
Related Links
Imperial Household"
52,Taro Kono,2021-08-03,"August 3, 2021
Japanese Territory
Issues regarding History
Japan's orientation as a peace loving country
The Heavy Rains That Began on 1st July 2021
The Earthquake off the Coast of Fukushima Prefecture in February 2021
The Heavy Rain Event of July 2020 (Messages of Sympathy from Foreign Countries, Regions, and International Organizations)
Typhoon No.19 (Hagibis) (Messages of Sympathy from Foreign Countries, Regions and International Organizations)
The Heavy Rain Event of July 2018
Kumamoto Earthquake - Messages from Abroad
Recovery from Great East Japan Earthquake
Conferment of Decorations on Foreign Nationals
Foreign Missions in Japan
Videos on Japan's Foreign Policy
Rising Sun Flag
Information on the Novel Coronavirus Diseases (COVID-19)
Foreign Policy Archives
Application for Nominal Support
Booklet on Their Majesties the Emperor and Empress and the Imperial Family
Related Links
Imperial Household"
437,Hirofumi Nakasone,2021-08-03,"August 3, 2021
Japanese Territory
Issues regarding History
Japan's orientation as a peace loving country
The Heavy Rains That Began on 1st July 2021
The Earthquake off the Coast of Fukushima Prefecture in February 2021
The Heavy Rain Event of July 2020 (Messages of Sympathy from Foreign Countries, Regions, and International Organizations)
Typhoon No.19 (Hagibis) (Messages of Sympathy from Foreign Countries, Regions and International Organizations)
The Heavy Rain Event of July 2018
Kumamoto Earthquake - Messages from Abroad
Recovery from Great East Japan Earthquake
Conferment of Decorations on Foreign Nationals
Foreign Missions in Japan
Videos on Japan's Foreign Policy
Rising Sun Flag
Information on the Novel Coronavirus Diseases (COVID-19)
Foreign Policy Archives
Application for Nominal Support
Booklet on Their Majesties the Emperor and Empress and the Imperial Family
Related Links
Imperial Household"
510,Masahiko Koumura,2021-08-03,"August 3, 2021
Japanese Territory
Issues regarding History
Japan's orientation as a peace loving country
The Heavy Rains That Began on 1st July 2021
The Earthquake off the Coast of Fukushima Prefecture in February 2021
The Heavy Rain Event of July 2020 (Messages of Sympathy from Foreign Countries, Regions, and International Organizations)
Typhoon No.19 (Hagibis) (Messages of Sympathy from Foreign Countries, Regions and International Organizations)
The Heavy Rain Event of July 2018
Kumamoto Earthquake - Messages from Abroad
Recovery from Great East Japan Earthquake
Conferment of Decorations on Foreign Nationals
Foreign Missions in Japan
Videos on Japan's Foreign Policy
Rising Sun Flag
Information on the Novel Coronavirus Diseases (COVID-19)
Foreign Policy Archives
Application for Nominal Support
Booklet on Their Majesties the Emperor and Empress and the Imperial Family
Related Links
Imperial Household"
19,Current Foreign Minister,2021-08-03,"August 3, 2021
Japanese Territory
Issues regarding History
Japan's orientation as a peace loving country
The Heavy Rains That Began on 1st July 2021
The Earthquake off the Coast of Fukushima Prefecture in February 2021
The Heavy Rain Event of July 2020 (Messages of Sympathy from Foreign Countries, Regions, and International Organizations)
Typhoon No.19 (Hagibis) (Messages of Sympathy from Foreign Countries, Regions and International Organizations)
The Heavy Rain Event of July 2018
Kumamoto Earthquake - Messages from Abroad
Recovery from Great East Japan Earthquake
Conferment of Decorations on Foreign Nationals
Foreign Missions in Japan
Videos on Japan's Foreign Policy
Rising Sun Flag
Information on the Novel Coronavirus Diseases (COVID-19)
Foreign Policy Archives
Application for Nominal Support
Booklet on Their Majesties the Emperor and Empress and the Imperial Family
Related Links
Imperial Household"
355,Katsuya Okada,2021-08-03,"August 3, 2021
Japanese Territory
Issues regarding History
Japan's orientation as a peace loving country
The Heavy Rains That Began on 1st July 2021
The Earthquake off the Coast of Fukushima Prefecture in February 2021
The Heavy Rain Event of July 2020 (Messages of Sympathy from Foreign Countries, Regions, and International Organizations)
Typhoon No.19 (Hagibis) (Messages of Sympathy from Foreign Countries, Regions and International Organizations)
The Heavy Rain Event of July 2018
Kumamoto Earthquake - Messages from Abroad
Recovery from Great East Japan Earthquake
Conferment of Decorations on Foreign Nationals
Foreign Missions in Japan
Videos on Japan's Foreign Policy
Rising Sun Flag
Information on the Novel Coronavirus Diseases (COVID-19)
Foreign Policy Archives
Application for Nominal Support
Booklet on Their Majesties the Emperor and Empress and the Imperial Family
Related Links
Imperial Household"
65,Fumio Kishida,2021-09-08,"Closing Remarks by
H.E. Mr. Fumio KISHIDA, Minister for Foreign Affairs of Japan
At the Eighth Comprehensive Nuclear-Test-Ban Treaty (CTBT) Ministerial Meeting
Ladies and Gentlemen,
It is my great pleasure to host the 8th CTBT Ministerial Meeting today, together with our
colleagues from the CTBT Friends, 20 years after the Treaty was first opened for signature.
With the ratifications by Myanmar and Swaziland, the number of ratifying States will be
166. This shows that the CTBT is making a steady progress toward its universalization. We
highly commend these efforts for building momentum towards the early entry into force of
the Treaty.
Japan applauds the effective functioning of the International Monitoring System and the
tireless efforts undertaken by the CTBTO under the strong leadership of Executive
Secretary Dr. Lassina Zerbo.
Recently, North Korea conducted its fifth nuclear test. This test constitutes a grave threat
to the peace and security of the international community and represents a serious
challenge to the international disarmament and non-proliferation regime. Japan condemns
North Korea in the strongest terms and urges it to immediately comply with the relevant
Security Council resolutions and other commitments.
Furthermore, all Member States have an obligation to steadily implement a series of
Security Council resolutions, including Resolution 2270. Japan will coordinate closely with
relevant countries towards the adoption of a new Security Council resolution that includes
additional sanctions.
Universal condemnation by the international community demonstrates that prohibition of
nuclear testing is a de facto international norm. In order to make this prohibition a legal
obligation, early entry into force of the CTBT is imperative.
Japan calls upon the remaining non-ratifying States, Annex II countries in particular, to
undertake further efforts toward ratification.
Japan believes that concrete and practical measures with cooperation of nuclear- and
non-nuclear-weapon States are indispensable for the advancement of nuclear disarmament.
The CTBT is one of the most effective measures in this regard.
As a Foreign Minister from Hiroshima, I am determined to continue to take steady and
practical steps to promote nuclear disarmament. With this in mind, Japan, together with the
United Nations, will host an international conference on nuclear disarmament in Nagasaki
in December with a view to exploring ways and strengthening momentum for a world free of

nuclear weapons.
In closing, I would like to reaffirm my confidence in the international community’s
continued efforts towards the early entry into force of the CTBT. Thank you."
697,Nobutaka Machimura,2021-09-16,"September 16, 2021
Japanese
Please be advised that the application desk of Certification section of the Ministry of Foreign Affairs (Tokyo headquarters) continues to be closed until further notice. Please apply and receive certificates both by post.
Information on certification services at the Ministry of Foreign Affairs
Certification at the Ministry of Foreign Affairs (in Japan)  (Authentication (of official seals) / Apostille)
What is an Authentication (of official seals) / Apostille?
Information on Authentication / Apostille
Application Procedure Guide
Please refer to the following for information regarding the procedure flow, certifiable documents, the application procedure and required documents.
1 Certifiable Documents
2 Procedure Flow
3 Application Procedure and Required Documents
4 Pre-application Checklist
[Reference] Signatory countries (regions) of the Convention Abolishing the Requirement of Legalisation for Foreign Public Documents (Hague Convention)
Download Application Form / Sample of Power of Attorney
Click above to download application forms for an authentication or an apostille and a sample of power of attorney.
Business Hours / Contact Information / Addresses
Click above for contact and access information on the headquarters of the Ministry of Foreign Affairs (Tokyo) and Osaka Liaison Office.
Frequently Asked Questions
Click above if you have any questions.
Links to Relevant Websites
Click above for locations of notary public's offices and (district) legal affairs bureaus.
What's New
Singapore has been added to the signatory countries of the Convention Abolishing the Requirement of Legalisation for Foreign Public Documents (Hague Convention) (September 16, 2021).
Jamaica has been added to the signatory countries of the Convention Abolishing the Requirement of Legalisation for Foreign Public Documents (Hague Convention) (July 3, 2021).
We are not able to certify the Academic certificate issued at convenience store multi copier,e.g.POPITA,Shomeisho Gakugai Hakko Service.
From January 4, 2021, the one-stop service became available at notary offices in Shizuoka and Aichi prefecture, in addition to notary offices in Tokyo, Kanagawa and Osaka.
Please be advised that the application desk of Certification section of the Ministry of Foreign Affairs (Tokyo headquarters) remain closed until further notice, so please make application and receive authenticated certificates(s) both by post.
For urgent and humanitarian application, please call(contact) us the following number;
click here"
955,Makiko Tanaka,2021-09-16,"September 16, 2021
Japanese
Please be advised that the application desk of Certification section of the Ministry of Foreign Affairs (Tokyo headquarters) continues to be closed until further notice. Please apply and receive certificates both by post.
Information on certification services at the Ministry of Foreign Affairs
Certification at the Ministry of Foreign Affairs (in Japan)  (Authentication (of official seals) / Apostille)
What is an Authentication (of official seals) / Apostille?
Information on Authentication / Apostille
Application Procedure Guide
Please refer to the following for information regarding the procedure flow, certifiable documents, the application procedure and required documents.
1 Certifiable Documents
2 Procedure Flow
3 Application Procedure and Required Documents
4 Pre-application Checklist
[Reference] Signatory countries (regions) of the Convention Abolishing the Requirement of Legalisation for Foreign Public Documents (Hague Convention)
Download Application Form / Sample of Power of Attorney
Click above to download application forms for an authentication or an apostille and a sample of power of attorney.
Business Hours / Contact Information / Addresses
Click above for contact and access information on the headquarters of the Ministry of Foreign Affairs (Tokyo) and Osaka Liaison Office.
Frequently Asked Questions
Click above if you have any questions.
Links to Relevant Websites
Click above for locations of notary public's offices and (district) legal affairs bureaus.
What's New
Singapore has been added to the signatory countries of the Convention Abolishing the Requirement of Legalisation for Foreign Public Documents (Hague Convention) (September 16, 2021).
Jamaica has been added to the signatory countries of the Convention Abolishing the Requirement of Legalisation for Foreign Public Documents (Hague Convention) (July 3, 2021).
We are not able to certify the Academic certificate issued at convenience store multi copier,e.g.POPITA,Shomeisho Gakugai Hakko Service.
From January 4, 2021, the one-stop service became available at notary offices in Shizuoka and Aichi prefecture, in addition to notary offices in Tokyo, Kanagawa and Osaka.
Please be advised that the application desk of Certification section of the Ministry of Foreign Affairs (Tokyo headquarters) remain closed until further notice, so please make application and receive authenticated certificates(s) both by post.
For urgent and humanitarian application, please call(contact) us the following number;
click here"
22,Current Foreign Minister,2021-09-16,"September 16, 2021
Japanese
Please be advised that the application desk of Certification section of the Ministry of Foreign Affairs (Tokyo headquarters) continues to be closed until further notice. Please apply and receive certificates both by post.
Information on certification services at the Ministry of Foreign Affairs
Certification at the Ministry of Foreign Affairs (in Japan)  (Authentication (of official seals) / Apostille)
What is an Authentication (of official seals) / Apostille?
Information on Authentication / Apostille
Application Procedure Guide
Please refer to the following for information regarding the procedure flow, certifiable documents, the application procedure and required documents.
1 Certifiable Documents
2 Procedure Flow
3 Application Procedure and Required Documents
4 Pre-application Checklist
[Reference] Signatory countries (regions) of the Convention Abolishing the Requirement of Legalisation for Foreign Public Documents (Hague Convention)
Download Application Form / Sample of Power of Attorney
Click above to download application forms for an authentication or an apostille and a sample of power of attorney.
Business Hours / Contact Information / Addresses
Click above for contact and access information on the headquarters of the Ministry of Foreign Affairs (Tokyo) and Osaka Liaison Office.
Frequently Asked Questions
Click above if you have any questions.
Links to Relevant Websites
Click above for locations of notary public's offices and (district) legal affairs bureaus.
What's New
Singapore has been added to the signatory countries of the Convention Abolishing the Requirement of Legalisation for Foreign Public Documents (Hague Convention) (September 16, 2021).
Jamaica has been added to the signatory countries of the Convention Abolishing the Requirement of Legalisation for Foreign Public Documents (Hague Convention) (July 3, 2021).
We are not able to certify the Academic certificate issued at convenience store multi copier,e.g.POPITA,Shomeisho Gakugai Hakko Service.
From January 4, 2021, the one-stop service became available at notary offices in Shizuoka and Aichi prefecture, in addition to notary offices in Tokyo, Kanagawa and Osaka.
Please be advised that the application desk of Certification section of the Ministry of Foreign Affairs (Tokyo headquarters) remain closed until further notice, so please make application and receive authenticated certificates(s) both by post.
For urgent and humanitarian application, please call(contact) us the following number;
click here"
623,Taro Aso,2021-09-16,"September 16, 2021
Japanese
Please be advised that the application desk of Certification section of the Ministry of Foreign Affairs (Tokyo headquarters) continues to be closed until further notice. Please apply and receive certificates both by post.
Information on certification services at the Ministry of Foreign Affairs
Certification at the Ministry of Foreign Affairs (in Japan)  (Authentication (of official seals) / Apostille)
What is an Authentication (of official seals) / Apostille?
Information on Authentication / Apostille
Application Procedure Guide
Please refer to the following for information regarding the procedure flow, certifiable documents, the application procedure and required documents.
1 Certifiable Documents
2 Procedure Flow
3 Application Procedure and Required Documents
4 Pre-application Checklist
[Reference] Signatory countries (regions) of the Convention Abolishing the Requirement of Legalisation for Foreign Public Documents (Hague Convention)
Download Application Form / Sample of Power of Attorney
Click above to download application forms for an authentication or an apostille and a sample of power of attorney.
Business Hours / Contact Information / Addresses
Click above for contact and access information on the headquarters of the Ministry of Foreign Affairs (Tokyo) and Osaka Liaison Office.
Frequently Asked Questions
Click above if you have any questions.
Links to Relevant Websites
Click above for locations of notary public's offices and (district) legal affairs bureaus.
What's New
Singapore has been added to the signatory countries of the Convention Abolishing the Requirement of Legalisation for Foreign Public Documents (Hague Convention) (September 16, 2021).
Jamaica has been added to the signatory countries of the Convention Abolishing the Requirement of Legalisation for Foreign Public Documents (Hague Convention) (July 3, 2021).
We are not able to certify the Academic certificate issued at convenience store multi copier,e.g.POPITA,Shomeisho Gakugai Hakko Service.
From January 4, 2021, the one-stop service became available at notary offices in Shizuoka and Aichi prefecture, in addition to notary offices in Tokyo, Kanagawa and Osaka.
Please be advised that the application desk of Certification section of the Ministry of Foreign Affairs (Tokyo headquarters) remain closed until further notice, so please make application and receive authenticated certificates(s) both by post.
For urgent and humanitarian application, please call(contact) us the following number;
click here"
357,Katsuya Okada,2021-09-16,"September 16, 2021
Japanese
Please be advised that the application desk of Certification section of the Ministry of Foreign Affairs (Tokyo headquarters) continues to be closed until further notice. Please apply and receive certificates both by post.
Information on certification services at the Ministry of Foreign Affairs
Certification at the Ministry of Foreign Affairs (in Japan)  (Authentication (of official seals) / Apostille)
What is an Authentication (of official seals) / Apostille?
Information on Authentication / Apostille
Application Procedure Guide
Please refer to the following for information regarding the procedure flow, certifiable documents, the application procedure and required documents.
1 Certifiable Documents
2 Procedure Flow
3 Application Procedure and Required Documents
4 Pre-application Checklist
[Reference] Signatory countries (regions) of the Convention Abolishing the Requirement of Legalisation for Foreign Public Documents (Hague Convention)
Download Application Form / Sample of Power of Attorney
Click above to download application forms for an authentication or an apostille and a sample of power of attorney.
Business Hours / Contact Information / Addresses
Click above for contact and access information on the headquarters of the Ministry of Foreign Affairs (Tokyo) and Osaka Liaison Office.
Frequently Asked Questions
Click above if you have any questions.
Links to Relevant Websites
Click above for locations of notary public's offices and (district) legal affairs bureaus.
What's New
Singapore has been added to the signatory countries of the Convention Abolishing the Requirement of Legalisation for Foreign Public Documents (Hague Convention) (September 16, 2021).
Jamaica has been added to the signatory countries of the Convention Abolishing the Requirement of Legalisation for Foreign Public Documents (Hague Convention) (July 3, 2021).
We are not able to certify the Academic certificate issued at convenience store multi copier,e.g.POPITA,Shomeisho Gakugai Hakko Service.
From January 4, 2021, the one-stop service became available at notary offices in Shizuoka and Aichi prefecture, in addition to notary offices in Tokyo, Kanagawa and Osaka.
Please be advised that the application desk of Certification section of the Ministry of Foreign Affairs (Tokyo headquarters) remain closed until further notice, so please make application and receive authenticated certificates(s) both by post.
For urgent and humanitarian application, please call(contact) us the following number;
click here"
211,Koichiro Gemba,2021-09-16,"September 16, 2021
Japanese
Please be advised that the application desk of Certification section of the Ministry of Foreign Affairs (Tokyo headquarters) continues to be closed until further notice. Please apply and receive certificates both by post.
Information on certification services at the Ministry of Foreign Affairs
Certification at the Ministry of Foreign Affairs (in Japan)  (Authentication (of official seals) / Apostille)
What is an Authentication (of official seals) / Apostille?
Information on Authentication / Apostille
Application Procedure Guide
Please refer to the following for information regarding the procedure flow, certifiable documents, the application procedure and required documents.
1 Certifiable Documents
2 Procedure Flow
3 Application Procedure and Required Documents
4 Pre-application Checklist
[Reference] Signatory countries (regions) of the Convention Abolishing the Requirement of Legalisation for Foreign Public Documents (Hague Convention)
Download Application Form / Sample of Power of Attorney
Click above to download application forms for an authentication or an apostille and a sample of power of attorney.
Business Hours / Contact Information / Addresses
Click above for contact and access information on the headquarters of the Ministry of Foreign Affairs (Tokyo) and Osaka Liaison Office.
Frequently Asked Questions
Click above if you have any questions.
Links to Relevant Websites
Click above for locations of notary public's offices and (district) legal affairs bureaus.
What's New
Singapore has been added to the signatory countries of the Convention Abolishing the Requirement of Legalisation for Foreign Public Documents (Hague Convention) (September 16, 2021).
Jamaica has been added to the signatory countries of the Convention Abolishing the Requirement of Legalisation for Foreign Public Documents (Hague Convention) (July 3, 2021).
We are not able to certify the Academic certificate issued at convenience store multi copier,e.g.POPITA,Shomeisho Gakugai Hakko Service.
From January 4, 2021, the one-stop service became available at notary offices in Shizuoka and Aichi prefecture, in addition to notary offices in Tokyo, Kanagawa and Osaka.
Please be advised that the application desk of Certification section of the Ministry of Foreign Affairs (Tokyo headquarters) remain closed until further notice, so please make application and receive authenticated certificates(s) both by post.
For urgent and humanitarian application, please call(contact) us the following number;
click here"
299,Seiji Maehara,2021-09-16,"September 16, 2021
Japanese
Please be advised that the application desk of Certification section of the Ministry of Foreign Affairs (Tokyo headquarters) continues to be closed until further notice. Please apply and receive certificates both by post.
Information on certification services at the Ministry of Foreign Affairs
Certification at the Ministry of Foreign Affairs (in Japan)  (Authentication (of official seals) / Apostille)
What is an Authentication (of official seals) / Apostille?
Information on Authentication / Apostille
Application Procedure Guide
Please refer to the following for information regarding the procedure flow, certifiable documents, the application procedure and required documents.
1 Certifiable Documents
2 Procedure Flow
3 Application Procedure and Required Documents
4 Pre-application Checklist
[Reference] Signatory countries (regions) of the Convention Abolishing the Requirement of Legalisation for Foreign Public Documents (Hague Convention)
Download Application Form / Sample of Power of Attorney
Click above to download application forms for an authentication or an apostille and a sample of power of attorney.
Business Hours / Contact Information / Addresses
Click above for contact and access information on the headquarters of the Ministry of Foreign Affairs (Tokyo) and Osaka Liaison Office.
Frequently Asked Questions
Click above if you have any questions.
Links to Relevant Websites
Click above for locations of notary public's offices and (district) legal affairs bureaus.
What's New
Singapore has been added to the signatory countries of the Convention Abolishing the Requirement of Legalisation for Foreign Public Documents (Hague Convention) (September 16, 2021).
Jamaica has been added to the signatory countries of the Convention Abolishing the Requirement of Legalisation for Foreign Public Documents (Hague Convention) (July 3, 2021).
We are not able to certify the Academic certificate issued at convenience store multi copier,e.g.POPITA,Shomeisho Gakugai Hakko Service.
From January 4, 2021, the one-stop service became available at notary offices in Shizuoka and Aichi prefecture, in addition to notary offices in Tokyo, Kanagawa and Osaka.
Please be advised that the application desk of Certification section of the Ministry of Foreign Affairs (Tokyo headquarters) remain closed until further notice, so please make application and receive authenticated certificates(s) both by post.
For urgent and humanitarian application, please call(contact) us the following number;
click here"
55,Taro Kono,2021-09-16,"September 16, 2021
Japanese
Please be advised that the application desk of Certification section of the Ministry of Foreign Affairs (Tokyo headquarters) continues to be closed until further notice. Please apply and receive certificates both by post.
Information on certification services at the Ministry of Foreign Affairs
Certification at the Ministry of Foreign Affairs (in Japan)  (Authentication (of official seals) / Apostille)
What is an Authentication (of official seals) / Apostille?
Information on Authentication / Apostille
Application Procedure Guide
Please refer to the following for information regarding the procedure flow, certifiable documents, the application procedure and required documents.
1 Certifiable Documents
2 Procedure Flow
3 Application Procedure and Required Documents
4 Pre-application Checklist
[Reference] Signatory countries (regions) of the Convention Abolishing the Requirement of Legalisation for Foreign Public Documents (Hague Convention)
Download Application Form / Sample of Power of Attorney
Click above to download application forms for an authentication or an apostille and a sample of power of attorney.
Business Hours / Contact Information / Addresses
Click above for contact and access information on the headquarters of the Ministry of Foreign Affairs (Tokyo) and Osaka Liaison Office.
Frequently Asked Questions
Click above if you have any questions.
Links to Relevant Websites
Click above for locations of notary public's offices and (district) legal affairs bureaus.
What's New
Singapore has been added to the signatory countries of the Convention Abolishing the Requirement of Legalisation for Foreign Public Documents (Hague Convention) (September 16, 2021).
Jamaica has been added to the signatory countries of the Convention Abolishing the Requirement of Legalisation for Foreign Public Documents (Hague Convention) (July 3, 2021).
We are not able to certify the Academic certificate issued at convenience store multi copier,e.g.POPITA,Shomeisho Gakugai Hakko Service.
From January 4, 2021, the one-stop service became available at notary offices in Shizuoka and Aichi prefecture, in addition to notary offices in Tokyo, Kanagawa and Osaka.
Please be advised that the application desk of Certification section of the Ministry of Foreign Affairs (Tokyo headquarters) remain closed until further notice, so please make application and receive authenticated certificates(s) both by post.
For urgent and humanitarian application, please call(contact) us the following number;
click here"
532,Nobutaka Machimura,2021-09-16,"September 16, 2021
Japanese
Please be advised that the application desk of Certification section of the Ministry of Foreign Affairs (Tokyo headquarters) continues to be closed until further notice. Please apply and receive certificates both by post.
Information on certification services at the Ministry of Foreign Affairs
Certification at the Ministry of Foreign Affairs (in Japan)  (Authentication (of official seals) / Apostille)
What is an Authentication (of official seals) / Apostille?
Information on Authentication / Apostille
Application Procedure Guide
Please refer to the following for information regarding the procedure flow, certifiable documents, the application procedure and required documents.
1 Certifiable Documents
2 Procedure Flow
3 Application Procedure and Required Documents
4 Pre-application Checklist
[Reference] Signatory countries (regions) of the Convention Abolishing the Requirement of Legalisation for Foreign Public Documents (Hague Convention)
Download Application Form / Sample of Power of Attorney
Click above to download application forms for an authentication or an apostille and a sample of power of attorney.
Business Hours / Contact Information / Addresses
Click above for contact and access information on the headquarters of the Ministry of Foreign Affairs (Tokyo) and Osaka Liaison Office.
Frequently Asked Questions
Click above if you have any questions.
Links to Relevant Websites
Click above for locations of notary public's offices and (district) legal affairs bureaus.
What's New
Singapore has been added to the signatory countries of the Convention Abolishing the Requirement of Legalisation for Foreign Public Documents (Hague Convention) (September 16, 2021).
Jamaica has been added to the signatory countries of the Convention Abolishing the Requirement of Legalisation for Foreign Public Documents (Hague Convention) (July 3, 2021).
We are not able to certify the Academic certificate issued at convenience store multi copier,e.g.POPITA,Shomeisho Gakugai Hakko Service.
From January 4, 2021, the one-stop service became available at notary offices in Shizuoka and Aichi prefecture, in addition to notary offices in Tokyo, Kanagawa and Osaka.
Please be advised that the application desk of Certification section of the Ministry of Foreign Affairs (Tokyo headquarters) remain closed until further notice, so please make application and receive authenticated certificates(s) both by post.
For urgent and humanitarian application, please call(contact) us the following number;
click here"
117,Fumio Kishida,2021-09-16,"September 16, 2021
Japanese
Please be advised that the application desk of Certification section of the Ministry of Foreign Affairs (Tokyo headquarters) continues to be closed until further notice. Please apply and receive certificates both by post.
Information on certification services at the Ministry of Foreign Affairs
Certification at the Ministry of Foreign Affairs (in Japan)  (Authentication (of official seals) / Apostille)
What is an Authentication (of official seals) / Apostille?
Information on Authentication / Apostille
Application Procedure Guide
Please refer to the following for information regarding the procedure flow, certifiable documents, the application procedure and required documents.
1 Certifiable Documents
2 Procedure Flow
3 Application Procedure and Required Documents
4 Pre-application Checklist
[Reference] Signatory countries (regions) of the Convention Abolishing the Requirement of Legalisation for Foreign Public Documents (Hague Convention)
Download Application Form / Sample of Power of Attorney
Click above to download application forms for an authentication or an apostille and a sample of power of attorney.
Business Hours / Contact Information / Addresses
Click above for contact and access information on the headquarters of the Ministry of Foreign Affairs (Tokyo) and Osaka Liaison Office.
Frequently Asked Questions
Click above if you have any questions.
Links to Relevant Websites
Click above for locations of notary public's offices and (district) legal affairs bureaus.
What's New
Singapore has been added to the signatory countries of the Convention Abolishing the Requirement of Legalisation for Foreign Public Documents (Hague Convention) (September 16, 2021).
Jamaica has been added to the signatory countries of the Convention Abolishing the Requirement of Legalisation for Foreign Public Documents (Hague Convention) (July 3, 2021).
We are not able to certify the Academic certificate issued at convenience store multi copier,e.g.POPITA,Shomeisho Gakugai Hakko Service.
From January 4, 2021, the one-stop service became available at notary offices in Shizuoka and Aichi prefecture, in addition to notary offices in Tokyo, Kanagawa and Osaka.
Please be advised that the application desk of Certification section of the Ministry of Foreign Affairs (Tokyo headquarters) remain closed until further notice, so please make application and receive authenticated certificates(s) both by post.
For urgent and humanitarian application, please call(contact) us the following number;
click here"
1017,Masahiko Koumura,2021-09-16,"September 16, 2021
Japanese
Please be advised that the application desk of Certification section of the Ministry of Foreign Affairs (Tokyo headquarters) continues to be closed until further notice. Please apply and receive certificates both by post.
Information on certification services at the Ministry of Foreign Affairs
Certification at the Ministry of Foreign Affairs (in Japan)  (Authentication (of official seals) / Apostille)
What is an Authentication (of official seals) / Apostille?
Information on Authentication / Apostille
Application Procedure Guide
Please refer to the following for information regarding the procedure flow, certifiable documents, the application procedure and required documents.
1 Certifiable Documents
2 Procedure Flow
3 Application Procedure and Required Documents
4 Pre-application Checklist
[Reference] Signatory countries (regions) of the Convention Abolishing the Requirement of Legalisation for Foreign Public Documents (Hague Convention)
Download Application Form / Sample of Power of Attorney
Click above to download application forms for an authentication or an apostille and a sample of power of attorney.
Business Hours / Contact Information / Addresses
Click above for contact and access information on the headquarters of the Ministry of Foreign Affairs (Tokyo) and Osaka Liaison Office.
Frequently Asked Questions
Click above if you have any questions.
Links to Relevant Websites
Click above for locations of notary public's offices and (district) legal affairs bureaus.
What's New
Singapore has been added to the signatory countries of the Convention Abolishing the Requirement of Legalisation for Foreign Public Documents (Hague Convention) (September 16, 2021).
Jamaica has been added to the signatory countries of the Convention Abolishing the Requirement of Legalisation for Foreign Public Documents (Hague Convention) (July 3, 2021).
We are not able to certify the Academic certificate issued at convenience store multi copier,e.g.POPITA,Shomeisho Gakugai Hakko Service.
From January 4, 2021, the one-stop service became available at notary offices in Shizuoka and Aichi prefecture, in addition to notary offices in Tokyo, Kanagawa and Osaka.
Please be advised that the application desk of Certification section of the Ministry of Foreign Affairs (Tokyo headquarters) remain closed until further notice, so please make application and receive authenticated certificates(s) both by post.
For urgent and humanitarian application, please call(contact) us the following number;
click here"
916,Yoriko Kawaguchi,2021-09-16,"September 16, 2021
Japanese
Please be advised that the application desk of Certification section of the Ministry of Foreign Affairs (Tokyo headquarters) continues to be closed until further notice. Please apply and receive certificates both by post.
Information on certification services at the Ministry of Foreign Affairs
Certification at the Ministry of Foreign Affairs (in Japan)  (Authentication (of official seals) / Apostille)
What is an Authentication (of official seals) / Apostille?
Information on Authentication / Apostille
Application Procedure Guide
Please refer to the following for information regarding the procedure flow, certifiable documents, the application procedure and required documents.
1 Certifiable Documents
2 Procedure Flow
3 Application Procedure and Required Documents
4 Pre-application Checklist
[Reference] Signatory countries (regions) of the Convention Abolishing the Requirement of Legalisation for Foreign Public Documents (Hague Convention)
Download Application Form / Sample of Power of Attorney
Click above to download application forms for an authentication or an apostille and a sample of power of attorney.
Business Hours / Contact Information / Addresses
Click above for contact and access information on the headquarters of the Ministry of Foreign Affairs (Tokyo) and Osaka Liaison Office.
Frequently Asked Questions
Click above if you have any questions.
Links to Relevant Websites
Click above for locations of notary public's offices and (district) legal affairs bureaus.
What's New
Singapore has been added to the signatory countries of the Convention Abolishing the Requirement of Legalisation for Foreign Public Documents (Hague Convention) (September 16, 2021).
Jamaica has been added to the signatory countries of the Convention Abolishing the Requirement of Legalisation for Foreign Public Documents (Hague Convention) (July 3, 2021).
We are not able to certify the Academic certificate issued at convenience store multi copier,e.g.POPITA,Shomeisho Gakugai Hakko Service.
From January 4, 2021, the one-stop service became available at notary offices in Shizuoka and Aichi prefecture, in addition to notary offices in Tokyo, Kanagawa and Osaka.
Please be advised that the application desk of Certification section of the Ministry of Foreign Affairs (Tokyo headquarters) remain closed until further notice, so please make application and receive authenticated certificates(s) both by post.
For urgent and humanitarian application, please call(contact) us the following number;
click here"
439,Hirofumi Nakasone,2021-09-16,"September 16, 2021
Japanese
Please be advised that the application desk of Certification section of the Ministry of Foreign Affairs (Tokyo headquarters) continues to be closed until further notice. Please apply and receive certificates both by post.
Information on certification services at the Ministry of Foreign Affairs
Certification at the Ministry of Foreign Affairs (in Japan)  (Authentication (of official seals) / Apostille)
What is an Authentication (of official seals) / Apostille?
Information on Authentication / Apostille
Application Procedure Guide
Please refer to the following for information regarding the procedure flow, certifiable documents, the application procedure and required documents.
1 Certifiable Documents
2 Procedure Flow
3 Application Procedure and Required Documents
4 Pre-application Checklist
[Reference] Signatory countries (regions) of the Convention Abolishing the Requirement of Legalisation for Foreign Public Documents (Hague Convention)
Download Application Form / Sample of Power of Attorney
Click above to download application forms for an authentication or an apostille and a sample of power of attorney.
Business Hours / Contact Information / Addresses
Click above for contact and access information on the headquarters of the Ministry of Foreign Affairs (Tokyo) and Osaka Liaison Office.
Frequently Asked Questions
Click above if you have any questions.
Links to Relevant Websites
Click above for locations of notary public's offices and (district) legal affairs bureaus.
What's New
Singapore has been added to the signatory countries of the Convention Abolishing the Requirement of Legalisation for Foreign Public Documents (Hague Convention) (September 16, 2021).
Jamaica has been added to the signatory countries of the Convention Abolishing the Requirement of Legalisation for Foreign Public Documents (Hague Convention) (July 3, 2021).
We are not able to certify the Academic certificate issued at convenience store multi copier,e.g.POPITA,Shomeisho Gakugai Hakko Service.
From January 4, 2021, the one-stop service became available at notary offices in Shizuoka and Aichi prefecture, in addition to notary offices in Tokyo, Kanagawa and Osaka.
Please be advised that the application desk of Certification section of the Ministry of Foreign Affairs (Tokyo headquarters) remain closed until further notice, so please make application and receive authenticated certificates(s) both by post.
For urgent and humanitarian application, please call(contact) us the following number;
click here"
254,Takeaki Matsumoto,2021-09-16,"September 16, 2021
Japanese
Please be advised that the application desk of Certification section of the Ministry of Foreign Affairs (Tokyo headquarters) continues to be closed until further notice. Please apply and receive certificates both by post.
Information on certification services at the Ministry of Foreign Affairs
Certification at the Ministry of Foreign Affairs (in Japan)  (Authentication (of official seals) / Apostille)
What is an Authentication (of official seals) / Apostille?
Information on Authentication / Apostille
Application Procedure Guide
Please refer to the following for information regarding the procedure flow, certifiable documents, the application procedure and required documents.
1 Certifiable Documents
2 Procedure Flow
3 Application Procedure and Required Documents
4 Pre-application Checklist
[Reference] Signatory countries (regions) of the Convention Abolishing the Requirement of Legalisation for Foreign Public Documents (Hague Convention)
Download Application Form / Sample of Power of Attorney
Click above to download application forms for an authentication or an apostille and a sample of power of attorney.
Business Hours / Contact Information / Addresses
Click above for contact and access information on the headquarters of the Ministry of Foreign Affairs (Tokyo) and Osaka Liaison Office.
Frequently Asked Questions
Click above if you have any questions.
Links to Relevant Websites
Click above for locations of notary public's offices and (district) legal affairs bureaus.
What's New
Singapore has been added to the signatory countries of the Convention Abolishing the Requirement of Legalisation for Foreign Public Documents (Hague Convention) (September 16, 2021).
Jamaica has been added to the signatory countries of the Convention Abolishing the Requirement of Legalisation for Foreign Public Documents (Hague Convention) (July 3, 2021).
We are not able to certify the Academic certificate issued at convenience store multi copier,e.g.POPITA,Shomeisho Gakugai Hakko Service.
From January 4, 2021, the one-stop service became available at notary offices in Shizuoka and Aichi prefecture, in addition to notary offices in Tokyo, Kanagawa and Osaka.
Please be advised that the application desk of Certification section of the Ministry of Foreign Affairs (Tokyo headquarters) remain closed until further notice, so please make application and receive authenticated certificates(s) both by post.
For urgent and humanitarian application, please call(contact) us the following number;
click here"
991,Yohei Kono,2021-09-16,"September 16, 2021
Japanese
Please be advised that the application desk of Certification section of the Ministry of Foreign Affairs (Tokyo headquarters) continues to be closed until further notice. Please apply and receive certificates both by post.
Information on certification services at the Ministry of Foreign Affairs
Certification at the Ministry of Foreign Affairs (in Japan)  (Authentication (of official seals) / Apostille)
What is an Authentication (of official seals) / Apostille?
Information on Authentication / Apostille
Application Procedure Guide
Please refer to the following for information regarding the procedure flow, certifiable documents, the application procedure and required documents.
1 Certifiable Documents
2 Procedure Flow
3 Application Procedure and Required Documents
4 Pre-application Checklist
[Reference] Signatory countries (regions) of the Convention Abolishing the Requirement of Legalisation for Foreign Public Documents (Hague Convention)
Download Application Form / Sample of Power of Attorney
Click above to download application forms for an authentication or an apostille and a sample of power of attorney.
Business Hours / Contact Information / Addresses
Click above for contact and access information on the headquarters of the Ministry of Foreign Affairs (Tokyo) and Osaka Liaison Office.
Frequently Asked Questions
Click above if you have any questions.
Links to Relevant Websites
Click above for locations of notary public's offices and (district) legal affairs bureaus.
What's New
Singapore has been added to the signatory countries of the Convention Abolishing the Requirement of Legalisation for Foreign Public Documents (Hague Convention) (September 16, 2021).
Jamaica has been added to the signatory countries of the Convention Abolishing the Requirement of Legalisation for Foreign Public Documents (Hague Convention) (July 3, 2021).
We are not able to certify the Academic certificate issued at convenience store multi copier,e.g.POPITA,Shomeisho Gakugai Hakko Service.
From January 4, 2021, the one-stop service became available at notary offices in Shizuoka and Aichi prefecture, in addition to notary offices in Tokyo, Kanagawa and Osaka.
Please be advised that the application desk of Certification section of the Ministry of Foreign Affairs (Tokyo headquarters) remain closed until further notice, so please make application and receive authenticated certificates(s) both by post.
For urgent and humanitarian application, please call(contact) us the following number;
click here"
512,Masahiko Koumura,2021-09-16,"September 16, 2021
Japanese
Please be advised that the application desk of Certification section of the Ministry of Foreign Affairs (Tokyo headquarters) continues to be closed until further notice. Please apply and receive certificates both by post.
Information on certification services at the Ministry of Foreign Affairs
Certification at the Ministry of Foreign Affairs (in Japan)  (Authentication (of official seals) / Apostille)
What is an Authentication (of official seals) / Apostille?
Information on Authentication / Apostille
Application Procedure Guide
Please refer to the following for information regarding the procedure flow, certifiable documents, the application procedure and required documents.
1 Certifiable Documents
2 Procedure Flow
3 Application Procedure and Required Documents
4 Pre-application Checklist
[Reference] Signatory countries (regions) of the Convention Abolishing the Requirement of Legalisation for Foreign Public Documents (Hague Convention)
Download Application Form / Sample of Power of Attorney
Click above to download application forms for an authentication or an apostille and a sample of power of attorney.
Business Hours / Contact Information / Addresses
Click above for contact and access information on the headquarters of the Ministry of Foreign Affairs (Tokyo) and Osaka Liaison Office.
Frequently Asked Questions
Click above if you have any questions.
Links to Relevant Websites
Click above for locations of notary public's offices and (district) legal affairs bureaus.
What's New
Singapore has been added to the signatory countries of the Convention Abolishing the Requirement of Legalisation for Foreign Public Documents (Hague Convention) (September 16, 2021).
Jamaica has been added to the signatory countries of the Convention Abolishing the Requirement of Legalisation for Foreign Public Documents (Hague Convention) (July 3, 2021).
We are not able to certify the Academic certificate issued at convenience store multi copier,e.g.POPITA,Shomeisho Gakugai Hakko Service.
From January 4, 2021, the one-stop service became available at notary offices in Shizuoka and Aichi prefecture, in addition to notary offices in Tokyo, Kanagawa and Osaka.
Please be advised that the application desk of Certification section of the Ministry of Foreign Affairs (Tokyo headquarters) remain closed until further notice, so please make application and receive authenticated certificates(s) both by post.
For urgent and humanitarian application, please call(contact) us the following number;
click here"
996,Masahiko Koumura,2021-09-17,"September 17, 2021
The Ministry of Foreign Affairs of Japan currently disseminates information in the following languages through the websites of Japanese embassies and consulates.
Languages
Links
中文
Chinese
日本国驻华大使馆
日本国驻沈阳总领事馆常驻大连领事办公室
日本国驻广州总领事馆
在香港日本國總領事館
日本国驻上海总领事馆
日本国驻沈阳总领事馆
日本国驻重庆总领事馆
日本国驻青岛总领事馆
한국어
Korean
주대한민국일본국대사관
주부산일본국총영사관
주제주일본국총영사관
عربي
Arabic
Embassy of Japan in Bahrain
Embassy of Japan in Egypt
Embassy of Japan in Iraq
Embassy of Japan in the State of Kuwait
Embassy of Japan in Saudi Arabia
Ambassade du Japon au Royaume du Maroc
Representative Office of Japan to Palestinian Authority
հայերեն
Armenian
ՀՀ-ում Ճապոնիայի Դեսպանություն
Azərbaycan dili
Azerbaijani
Embassy of Japan in Azerbaijan
Bosanski
/
Hrvatski
/
Српски
Bosnina / Croatian / Serbian
Ambasada Japana u Bosni i Hecegovini
Български
Bulgarian
Посолство на Япония в Република България
Česky
Czech
Velvyslanectví Japonska v ČR
Hrvatski
Croatian
Veleposlanstvo Japana u Hrvatskoj
Deutsch
German
Japanische Botschaft in Deutschland
Japanisches Generalkonsulat Düsseldorf
Japanisches Generalkonsulat Frankfurt
Japanisches Generalkonsulat Hamburg
Japanisches Generalkonsulat München
Japanische Botschaft in Liechtenstein
Japanische Botschaft in Österreich
Japanische Botschaft in der Schweiz
Español
Spanish
Embajada del Japón en la Argentina
Embajada del Japón en Bolivia
Oficina del Cónsul del Japón en Santa Cruz
Embajada del Japón en Chile
Embajada del Japón en Colombia
Embajada del Japón en Costa Rica
Embajada del Japón en Cuba
Embajada del Japón en Dominican Republic
Embajada del Japón en Ecuador
Embajada del Japón en El Salvador
Embajada del Japón en España
Consulado del Japón en Las Palmas
Consulado General del Japón en Barcelona
Embajada del Japón en Guatemala
Embajada del Japón en Honduras
Embajada del Japón en México
Consulado del Japón en León
Embajada del Japón en Nicaragua
Embajada del Japón en Panama
Embajada del Japón en Paraguay
Oficina Consular del Japón en Encarnación
Embajada del Japón en Peru
Embajada del Japón en Uruguay
Embajada del Japón en Venezuela
Eesti keel
Estonian
Jaapani Suursaatkond Eestis
Français
French
Ambassade du Japon en Algérie
Ambassade du Japon en Andorre
Ambassade du Japon au Benin
Ambassade du Japon au Burkina Faso
Ambassade du Japon au Burundi
Ambassade du Japon au Canada
Consulat Général du Japon à Montréal
Ambassade du Japon aux Comores
Ambassade du Japon en Cap Vert
Ambassade du Japon en République centrafricaine
Ambassade du Japon en Côte d'Ivoire
Ambassade du Japon à Djibouti
Ambassade du Japon en France
Consulat Général du Japon à Marseille
Consulat Général du Japon à Strasbourg
Bureau Consulaire du Japon à Lyon
Consulat du Japon à Geneve
Ambassade du Japon au Gabon
Ambassade du Japon en Guinee
Ambassade du Japon en Guinee Bissau
Ambassade du Japon en Guinée Equatoriale
Ambassade du Japon au Haïti
Ambassade du Japon au Luxembourg
Ambassade du Japon a Madagascar
Ambassade du Japon au Mali
Ambassade du Japon au Royaume du Maroc
Ambassade du Japon à Maurice
Ambassade du Japon à Monaco
Ambassade du Japon au Niger
Ambassade du Japon à Sao Tomé Principe
Ambassade du Japon au Senegal
Ambassade du Japon en République du Tchad
Ambassade du Japon au Togo
Ambassade du Japon en Tunisie
L'Ambassade du Japon en Mauritanie
L'Ambassade du Japon en Republique Democratique du Congo
L'Ambassade du Japon en Republique du Cameroun
L'Ambassade du Japon en Republique du Congo
Délégation permanente du Japon auprès de l'UNESCO
ქართული
Georgian
Embassy of Japan in Georgia
Αρχική Σελίδα
Greek
Embassy of Japan in Greece
Embassy of Japan in Cyprus
עברית
Hebrew
שגרירות יפן בישראל
Magyar
Hungarian
Magyarországi Japán Nagykövetség
Bahasa Indonesia
Indonesian
Kedutaan Besar Jepang di Indonesia
Konsulat Jenderal Jepang di Denpasar
Konsulat Jenderal Jepang di Surabaya
Kantor Konsuler Jepang di Makasar
Konsulat Jenderal Jepang di Medan
Italiano
Italian
Ambasciata del Giappone in Italia
Consolato Generale del Giappone in Milano
Ambasciata del Giappone presso San Marino
ລາວ
Lao language
Embassy of Japan in Lao PDR (a part of the site only)
Latviski
Latvian
Japānas vēstniecība Latvijā
Lietuviškai
Lithuanian
Embassy of Japan in Lithuania
Bahasa Melayu
Malaysian
Embassy of Malaysia in Japan
Монгол хэл
Mongolian
Embassy of Japan in Mongolia
Myanmar
Embassy of Japan in Myanmar
Norsk
Norwegian
Embassy of Japan in Norway
فارسي
Persian
Embassy of Japan in Iran
Polski
Polish
Ambasada Japonii w Polsce
Português
Portuguese
Embaixada do Japão na República de Angola
Embaixada do Japao em Moçambique
Embaixada do Japão em Portugal
Embaixada do Japão no Brasil
Consulado do Japão em Belém
Consulado Geral do Japão em Curitiba
Escritório Consular do Japão em Porto Alegre
Consulado Geral do Japão em Manaus
Consulado Geral do Japão em Recife
Consulado Geral do Japão no Rio de Janeiro
Consulado Geral do Japão em São Paulo
Русский
Russian
Посольство Японии в России
Генеральное Консульство Японии в Хабаровске
Генеральное консульство Японии в Санкт-Петербурге
Генеральное консульство Японии во Владивостоке
Генеральное консульство Японии в Южно-Сахалинске
Посольство Японии в Республике Беларусь
Посольство Японии в Республике Казахстан
Посольство Японии в Кыргызской Республике
Посольство Японии в Узбекистане
Посольство Японии в Таджикистане
Посольство Японии в Туркменистане
Limba Romana
Romanian
Ambasada Japoniei,Romania
slovenská verzia
Slovak
Vel'vyslanectvo Japonska v Slovenskej republike
Slovensko
Slovene
Veleposlaništvo Japonske v Sloveniji
Srpski
Serbian
Ambasada Japana u Srbiji
Ambasada Japana u Cronj Gori
Suomeksi
Finnish
Japanin Suomen-suurlähetystö
Svenska
Swedish
Japanska Ambassaden i Sverige
Tetum
Tetum
Embassy of Japan in Timor-Leste
Тоҷикӣ
Tajik
Сафорати Ҷопон дар Ҷумҳурии Тоҷикистон
ภาษาไทย
Thai
Embassy of Japan in Thailand
Consulate-General of Japan in Chiang Mai
Tiếng Việt
Vietnamese
Türkçe
Turkish
Tϋrkiye'deki Japonya Bϋyϋkelҫiliği'
Japonya İstanbul Başkonsolosluğu
Українська
Ukrainian
Посольство Японії в Україні"
27,Taro Kono,2021-09-17,"September 17, 2021
The Ministry of Foreign Affairs of Japan currently disseminates information in the following languages through the websites of Japanese embassies and consulates.
Languages
Links
中文
Chinese
日本国驻华大使馆
日本国驻沈阳总领事馆常驻大连领事办公室
日本国驻广州总领事馆
在香港日本國總領事館
日本国驻上海总领事馆
日本国驻沈阳总领事馆
日本国驻重庆总领事馆
日本国驻青岛总领事馆
한국어
Korean
주대한민국일본국대사관
주부산일본국총영사관
주제주일본국총영사관
عربي
Arabic
Embassy of Japan in Bahrain
Embassy of Japan in Egypt
Embassy of Japan in Iraq
Embassy of Japan in the State of Kuwait
Embassy of Japan in Saudi Arabia
Ambassade du Japon au Royaume du Maroc
Representative Office of Japan to Palestinian Authority
հայերեն
Armenian
ՀՀ-ում Ճապոնիայի Դեսպանություն
Azərbaycan dili
Azerbaijani
Embassy of Japan in Azerbaijan
Bosanski
/
Hrvatski
/
Српски
Bosnina / Croatian / Serbian
Ambasada Japana u Bosni i Hecegovini
Български
Bulgarian
Посолство на Япония в Република България
Česky
Czech
Velvyslanectví Japonska v ČR
Hrvatski
Croatian
Veleposlanstvo Japana u Hrvatskoj
Deutsch
German
Japanische Botschaft in Deutschland
Japanisches Generalkonsulat Düsseldorf
Japanisches Generalkonsulat Frankfurt
Japanisches Generalkonsulat Hamburg
Japanisches Generalkonsulat München
Japanische Botschaft in Liechtenstein
Japanische Botschaft in Österreich
Japanische Botschaft in der Schweiz
Español
Spanish
Embajada del Japón en la Argentina
Embajada del Japón en Bolivia
Oficina del Cónsul del Japón en Santa Cruz
Embajada del Japón en Chile
Embajada del Japón en Colombia
Embajada del Japón en Costa Rica
Embajada del Japón en Cuba
Embajada del Japón en Dominican Republic
Embajada del Japón en Ecuador
Embajada del Japón en El Salvador
Embajada del Japón en España
Consulado del Japón en Las Palmas
Consulado General del Japón en Barcelona
Embajada del Japón en Guatemala
Embajada del Japón en Honduras
Embajada del Japón en México
Consulado del Japón en León
Embajada del Japón en Nicaragua
Embajada del Japón en Panama
Embajada del Japón en Paraguay
Oficina Consular del Japón en Encarnación
Embajada del Japón en Peru
Embajada del Japón en Uruguay
Embajada del Japón en Venezuela
Eesti keel
Estonian
Jaapani Suursaatkond Eestis
Français
French
Ambassade du Japon en Algérie
Ambassade du Japon en Andorre
Ambassade du Japon au Benin
Ambassade du Japon au Burkina Faso
Ambassade du Japon au Burundi
Ambassade du Japon au Canada
Consulat Général du Japon à Montréal
Ambassade du Japon aux Comores
Ambassade du Japon en Cap Vert
Ambassade du Japon en République centrafricaine
Ambassade du Japon en Côte d'Ivoire
Ambassade du Japon à Djibouti
Ambassade du Japon en France
Consulat Général du Japon à Marseille
Consulat Général du Japon à Strasbourg
Bureau Consulaire du Japon à Lyon
Consulat du Japon à Geneve
Ambassade du Japon au Gabon
Ambassade du Japon en Guinee
Ambassade du Japon en Guinee Bissau
Ambassade du Japon en Guinée Equatoriale
Ambassade du Japon au Haïti
Ambassade du Japon au Luxembourg
Ambassade du Japon a Madagascar
Ambassade du Japon au Mali
Ambassade du Japon au Royaume du Maroc
Ambassade du Japon à Maurice
Ambassade du Japon à Monaco
Ambassade du Japon au Niger
Ambassade du Japon à Sao Tomé Principe
Ambassade du Japon au Senegal
Ambassade du Japon en République du Tchad
Ambassade du Japon au Togo
Ambassade du Japon en Tunisie
L'Ambassade du Japon en Mauritanie
L'Ambassade du Japon en Republique Democratique du Congo
L'Ambassade du Japon en Republique du Cameroun
L'Ambassade du Japon en Republique du Congo
Délégation permanente du Japon auprès de l'UNESCO
ქართული
Georgian
Embassy of Japan in Georgia
Αρχική Σελίδα
Greek
Embassy of Japan in Greece
Embassy of Japan in Cyprus
עברית
Hebrew
שגרירות יפן בישראל
Magyar
Hungarian
Magyarországi Japán Nagykövetség
Bahasa Indonesia
Indonesian
Kedutaan Besar Jepang di Indonesia
Konsulat Jenderal Jepang di Denpasar
Konsulat Jenderal Jepang di Surabaya
Kantor Konsuler Jepang di Makasar
Konsulat Jenderal Jepang di Medan
Italiano
Italian
Ambasciata del Giappone in Italia
Consolato Generale del Giappone in Milano
Ambasciata del Giappone presso San Marino
ລາວ
Lao language
Embassy of Japan in Lao PDR (a part of the site only)
Latviski
Latvian
Japānas vēstniecība Latvijā
Lietuviškai
Lithuanian
Embassy of Japan in Lithuania
Bahasa Melayu
Malaysian
Embassy of Malaysia in Japan
Монгол хэл
Mongolian
Embassy of Japan in Mongolia
Myanmar
Embassy of Japan in Myanmar
Norsk
Norwegian
Embassy of Japan in Norway
فارسي
Persian
Embassy of Japan in Iran
Polski
Polish
Ambasada Japonii w Polsce
Português
Portuguese
Embaixada do Japão na República de Angola
Embaixada do Japao em Moçambique
Embaixada do Japão em Portugal
Embaixada do Japão no Brasil
Consulado do Japão em Belém
Consulado Geral do Japão em Curitiba
Escritório Consular do Japão em Porto Alegre
Consulado Geral do Japão em Manaus
Consulado Geral do Japão em Recife
Consulado Geral do Japão no Rio de Janeiro
Consulado Geral do Japão em São Paulo
Русский
Russian
Посольство Японии в России
Генеральное Консульство Японии в Хабаровске
Генеральное консульство Японии в Санкт-Петербурге
Генеральное консульство Японии во Владивостоке
Генеральное консульство Японии в Южно-Сахалинске
Посольство Японии в Республике Беларусь
Посольство Японии в Республике Казахстан
Посольство Японии в Кыргызской Республике
Посольство Японии в Узбекистане
Посольство Японии в Таджикистане
Посольство Японии в Туркменистане
Limba Romana
Romanian
Ambasada Japoniei,Romania
slovenská verzia
Slovak
Vel'vyslanectvo Japonska v Slovenskej republike
Slovensko
Slovene
Veleposlaništvo Japonske v Sloveniji
Srpski
Serbian
Ambasada Japana u Srbiji
Ambasada Japana u Cronj Gori
Suomeksi
Finnish
Japanin Suomen-suurlähetystö
Svenska
Swedish
Japanska Ambassaden i Sverige
Tetum
Tetum
Embassy of Japan in Timor-Leste
Тоҷикӣ
Tajik
Сафорати Ҷопон дар Ҷумҳурии Тоҷикистон
ภาษาไทย
Thai
Embassy of Japan in Thailand
Consulate-General of Japan in Chiang Mai
Tiếng Việt
Vietnamese
Türkçe
Turkish
Tϋrkiye'deki Japonya Bϋyϋkelҫiliği'
Japonya İstanbul Başkonsolosluğu
Українська
Ukrainian
Посольство Японії в Україні"
60,Fumio Kishida,2021-09-17,"September 17, 2021
The Ministry of Foreign Affairs of Japan currently disseminates information in the following languages through the websites of Japanese embassies and consulates.
Languages
Links
中文
Chinese
日本国驻华大使馆
日本国驻沈阳总领事馆常驻大连领事办公室
日本国驻广州总领事馆
在香港日本國總領事館
日本国驻上海总领事馆
日本国驻沈阳总领事馆
日本国驻重庆总领事馆
日本国驻青岛总领事馆
한국어
Korean
주대한민국일본국대사관
주부산일본국총영사관
주제주일본국총영사관
عربي
Arabic
Embassy of Japan in Bahrain
Embassy of Japan in Egypt
Embassy of Japan in Iraq
Embassy of Japan in the State of Kuwait
Embassy of Japan in Saudi Arabia
Ambassade du Japon au Royaume du Maroc
Representative Office of Japan to Palestinian Authority
հայերեն
Armenian
ՀՀ-ում Ճապոնիայի Դեսպանություն
Azərbaycan dili
Azerbaijani
Embassy of Japan in Azerbaijan
Bosanski
/
Hrvatski
/
Српски
Bosnina / Croatian / Serbian
Ambasada Japana u Bosni i Hecegovini
Български
Bulgarian
Посолство на Япония в Република България
Česky
Czech
Velvyslanectví Japonska v ČR
Hrvatski
Croatian
Veleposlanstvo Japana u Hrvatskoj
Deutsch
German
Japanische Botschaft in Deutschland
Japanisches Generalkonsulat Düsseldorf
Japanisches Generalkonsulat Frankfurt
Japanisches Generalkonsulat Hamburg
Japanisches Generalkonsulat München
Japanische Botschaft in Liechtenstein
Japanische Botschaft in Österreich
Japanische Botschaft in der Schweiz
Español
Spanish
Embajada del Japón en la Argentina
Embajada del Japón en Bolivia
Oficina del Cónsul del Japón en Santa Cruz
Embajada del Japón en Chile
Embajada del Japón en Colombia
Embajada del Japón en Costa Rica
Embajada del Japón en Cuba
Embajada del Japón en Dominican Republic
Embajada del Japón en Ecuador
Embajada del Japón en El Salvador
Embajada del Japón en España
Consulado del Japón en Las Palmas
Consulado General del Japón en Barcelona
Embajada del Japón en Guatemala
Embajada del Japón en Honduras
Embajada del Japón en México
Consulado del Japón en León
Embajada del Japón en Nicaragua
Embajada del Japón en Panama
Embajada del Japón en Paraguay
Oficina Consular del Japón en Encarnación
Embajada del Japón en Peru
Embajada del Japón en Uruguay
Embajada del Japón en Venezuela
Eesti keel
Estonian
Jaapani Suursaatkond Eestis
Français
French
Ambassade du Japon en Algérie
Ambassade du Japon en Andorre
Ambassade du Japon au Benin
Ambassade du Japon au Burkina Faso
Ambassade du Japon au Burundi
Ambassade du Japon au Canada
Consulat Général du Japon à Montréal
Ambassade du Japon aux Comores
Ambassade du Japon en Cap Vert
Ambassade du Japon en République centrafricaine
Ambassade du Japon en Côte d'Ivoire
Ambassade du Japon à Djibouti
Ambassade du Japon en France
Consulat Général du Japon à Marseille
Consulat Général du Japon à Strasbourg
Bureau Consulaire du Japon à Lyon
Consulat du Japon à Geneve
Ambassade du Japon au Gabon
Ambassade du Japon en Guinee
Ambassade du Japon en Guinee Bissau
Ambassade du Japon en Guinée Equatoriale
Ambassade du Japon au Haïti
Ambassade du Japon au Luxembourg
Ambassade du Japon a Madagascar
Ambassade du Japon au Mali
Ambassade du Japon au Royaume du Maroc
Ambassade du Japon à Maurice
Ambassade du Japon à Monaco
Ambassade du Japon au Niger
Ambassade du Japon à Sao Tomé Principe
Ambassade du Japon au Senegal
Ambassade du Japon en République du Tchad
Ambassade du Japon au Togo
Ambassade du Japon en Tunisie
L'Ambassade du Japon en Mauritanie
L'Ambassade du Japon en Republique Democratique du Congo
L'Ambassade du Japon en Republique du Cameroun
L'Ambassade du Japon en Republique du Congo
Délégation permanente du Japon auprès de l'UNESCO
ქართული
Georgian
Embassy of Japan in Georgia
Αρχική Σελίδα
Greek
Embassy of Japan in Greece
Embassy of Japan in Cyprus
עברית
Hebrew
שגרירות יפן בישראל
Magyar
Hungarian
Magyarországi Japán Nagykövetség
Bahasa Indonesia
Indonesian
Kedutaan Besar Jepang di Indonesia
Konsulat Jenderal Jepang di Denpasar
Konsulat Jenderal Jepang di Surabaya
Kantor Konsuler Jepang di Makasar
Konsulat Jenderal Jepang di Medan
Italiano
Italian
Ambasciata del Giappone in Italia
Consolato Generale del Giappone in Milano
Ambasciata del Giappone presso San Marino
ລາວ
Lao language
Embassy of Japan in Lao PDR (a part of the site only)
Latviski
Latvian
Japānas vēstniecība Latvijā
Lietuviškai
Lithuanian
Embassy of Japan in Lithuania
Bahasa Melayu
Malaysian
Embassy of Malaysia in Japan
Монгол хэл
Mongolian
Embassy of Japan in Mongolia
Myanmar
Embassy of Japan in Myanmar
Norsk
Norwegian
Embassy of Japan in Norway
فارسي
Persian
Embassy of Japan in Iran
Polski
Polish
Ambasada Japonii w Polsce
Português
Portuguese
Embaixada do Japão na República de Angola
Embaixada do Japao em Moçambique
Embaixada do Japão em Portugal
Embaixada do Japão no Brasil
Consulado do Japão em Belém
Consulado Geral do Japão em Curitiba
Escritório Consular do Japão em Porto Alegre
Consulado Geral do Japão em Manaus
Consulado Geral do Japão em Recife
Consulado Geral do Japão no Rio de Janeiro
Consulado Geral do Japão em São Paulo
Русский
Russian
Посольство Японии в России
Генеральное Консульство Японии в Хабаровске
Генеральное консульство Японии в Санкт-Петербурге
Генеральное консульство Японии во Владивостоке
Генеральное консульство Японии в Южно-Сахалинске
Посольство Японии в Республике Беларусь
Посольство Японии в Республике Казахстан
Посольство Японии в Кыргызской Республике
Посольство Японии в Узбекистане
Посольство Японии в Таджикистане
Посольство Японии в Туркменистане
Limba Romana
Romanian
Ambasada Japoniei,Romania
slovenská verzia
Slovak
Vel'vyslanectvo Japonska v Slovenskej republike
Slovensko
Slovene
Veleposlaništvo Japonske v Sloveniji
Srpski
Serbian
Ambasada Japana u Srbiji
Ambasada Japana u Cronj Gori
Suomeksi
Finnish
Japanin Suomen-suurlähetystö
Svenska
Swedish
Japanska Ambassaden i Sverige
Tetum
Tetum
Embassy of Japan in Timor-Leste
Тоҷикӣ
Tajik
Сафорати Ҷопон дар Ҷумҳурии Тоҷикистон
ภาษาไทย
Thai
Embassy of Japan in Thailand
Consulate-General of Japan in Chiang Mai
Tiếng Việt
Vietnamese
Türkçe
Turkish
Tϋrkiye'deki Japonya Bϋyϋkelҫiliği'
Japonya İstanbul Başkonsolosluğu
Українська
Ukrainian
Посольство Японії в Україні"
0,Current Foreign Minister,2021-09-17,"September 17, 2021
The Ministry of Foreign Affairs of Japan currently disseminates information in the following languages through the websites of Japanese embassies and consulates.
Languages
Links
中文
Chinese
日本国驻华大使馆
日本国驻沈阳总领事馆常驻大连领事办公室
日本国驻广州总领事馆
在香港日本國總領事館
日本国驻上海总领事馆
日本国驻沈阳总领事馆
日本国驻重庆总领事馆
日本国驻青岛总领事馆
한국어
Korean
주대한민국일본국대사관
주부산일본국총영사관
주제주일본국총영사관
عربي
Arabic
Embassy of Japan in Bahrain
Embassy of Japan in Egypt
Embassy of Japan in Iraq
Embassy of Japan in the State of Kuwait
Embassy of Japan in Saudi Arabia
Ambassade du Japon au Royaume du Maroc
Representative Office of Japan to Palestinian Authority
հայերեն
Armenian
ՀՀ-ում Ճապոնիայի Դեսպանություն
Azərbaycan dili
Azerbaijani
Embassy of Japan in Azerbaijan
Bosanski
/
Hrvatski
/
Српски
Bosnina / Croatian / Serbian
Ambasada Japana u Bosni i Hecegovini
Български
Bulgarian
Посолство на Япония в Република България
Česky
Czech
Velvyslanectví Japonska v ČR
Hrvatski
Croatian
Veleposlanstvo Japana u Hrvatskoj
Deutsch
German
Japanische Botschaft in Deutschland
Japanisches Generalkonsulat Düsseldorf
Japanisches Generalkonsulat Frankfurt
Japanisches Generalkonsulat Hamburg
Japanisches Generalkonsulat München
Japanische Botschaft in Liechtenstein
Japanische Botschaft in Österreich
Japanische Botschaft in der Schweiz
Español
Spanish
Embajada del Japón en la Argentina
Embajada del Japón en Bolivia
Oficina del Cónsul del Japón en Santa Cruz
Embajada del Japón en Chile
Embajada del Japón en Colombia
Embajada del Japón en Costa Rica
Embajada del Japón en Cuba
Embajada del Japón en Dominican Republic
Embajada del Japón en Ecuador
Embajada del Japón en El Salvador
Embajada del Japón en España
Consulado del Japón en Las Palmas
Consulado General del Japón en Barcelona
Embajada del Japón en Guatemala
Embajada del Japón en Honduras
Embajada del Japón en México
Consulado del Japón en León
Embajada del Japón en Nicaragua
Embajada del Japón en Panama
Embajada del Japón en Paraguay
Oficina Consular del Japón en Encarnación
Embajada del Japón en Peru
Embajada del Japón en Uruguay
Embajada del Japón en Venezuela
Eesti keel
Estonian
Jaapani Suursaatkond Eestis
Français
French
Ambassade du Japon en Algérie
Ambassade du Japon en Andorre
Ambassade du Japon au Benin
Ambassade du Japon au Burkina Faso
Ambassade du Japon au Burundi
Ambassade du Japon au Canada
Consulat Général du Japon à Montréal
Ambassade du Japon aux Comores
Ambassade du Japon en Cap Vert
Ambassade du Japon en République centrafricaine
Ambassade du Japon en Côte d'Ivoire
Ambassade du Japon à Djibouti
Ambassade du Japon en France
Consulat Général du Japon à Marseille
Consulat Général du Japon à Strasbourg
Bureau Consulaire du Japon à Lyon
Consulat du Japon à Geneve
Ambassade du Japon au Gabon
Ambassade du Japon en Guinee
Ambassade du Japon en Guinee Bissau
Ambassade du Japon en Guinée Equatoriale
Ambassade du Japon au Haïti
Ambassade du Japon au Luxembourg
Ambassade du Japon a Madagascar
Ambassade du Japon au Mali
Ambassade du Japon au Royaume du Maroc
Ambassade du Japon à Maurice
Ambassade du Japon à Monaco
Ambassade du Japon au Niger
Ambassade du Japon à Sao Tomé Principe
Ambassade du Japon au Senegal
Ambassade du Japon en République du Tchad
Ambassade du Japon au Togo
Ambassade du Japon en Tunisie
L'Ambassade du Japon en Mauritanie
L'Ambassade du Japon en Republique Democratique du Congo
L'Ambassade du Japon en Republique du Cameroun
L'Ambassade du Japon en Republique du Congo
Délégation permanente du Japon auprès de l'UNESCO
ქართული
Georgian
Embassy of Japan in Georgia
Αρχική Σελίδα
Greek
Embassy of Japan in Greece
Embassy of Japan in Cyprus
עברית
Hebrew
שגרירות יפן בישראל
Magyar
Hungarian
Magyarországi Japán Nagykövetség
Bahasa Indonesia
Indonesian
Kedutaan Besar Jepang di Indonesia
Konsulat Jenderal Jepang di Denpasar
Konsulat Jenderal Jepang di Surabaya
Kantor Konsuler Jepang di Makasar
Konsulat Jenderal Jepang di Medan
Italiano
Italian
Ambasciata del Giappone in Italia
Consolato Generale del Giappone in Milano
Ambasciata del Giappone presso San Marino
ລາວ
Lao language
Embassy of Japan in Lao PDR (a part of the site only)
Latviski
Latvian
Japānas vēstniecība Latvijā
Lietuviškai
Lithuanian
Embassy of Japan in Lithuania
Bahasa Melayu
Malaysian
Embassy of Malaysia in Japan
Монгол хэл
Mongolian
Embassy of Japan in Mongolia
Myanmar
Embassy of Japan in Myanmar
Norsk
Norwegian
Embassy of Japan in Norway
فارسي
Persian
Embassy of Japan in Iran
Polski
Polish
Ambasada Japonii w Polsce
Português
Portuguese
Embaixada do Japão na República de Angola
Embaixada do Japao em Moçambique
Embaixada do Japão em Portugal
Embaixada do Japão no Brasil
Consulado do Japão em Belém
Consulado Geral do Japão em Curitiba
Escritório Consular do Japão em Porto Alegre
Consulado Geral do Japão em Manaus
Consulado Geral do Japão em Recife
Consulado Geral do Japão no Rio de Janeiro
Consulado Geral do Japão em São Paulo
Русский
Russian
Посольство Японии в России
Генеральное Консульство Японии в Хабаровске
Генеральное консульство Японии в Санкт-Петербурге
Генеральное консульство Японии во Владивостоке
Генеральное консульство Японии в Южно-Сахалинске
Посольство Японии в Республике Беларусь
Посольство Японии в Республике Казахстан
Посольство Японии в Кыргызской Республике
Посольство Японии в Узбекистане
Посольство Японии в Таджикистане
Посольство Японии в Туркменистане
Limba Romana
Romanian
Ambasada Japoniei,Romania
slovenská verzia
Slovak
Vel'vyslanectvo Japonska v Slovenskej republike
Slovensko
Slovene
Veleposlaništvo Japonske v Sloveniji
Srpski
Serbian
Ambasada Japana u Srbiji
Ambasada Japana u Cronj Gori
Suomeksi
Finnish
Japanin Suomen-suurlähetystö
Svenska
Swedish
Japanska Ambassaden i Sverige
Tetum
Tetum
Embassy of Japan in Timor-Leste
Тоҷикӣ
Tajik
Сафорати Ҷопон дар Ҷумҳурии Тоҷикистон
ภาษาไทย
Thai
Embassy of Japan in Thailand
Consulate-General of Japan in Chiang Mai
Tiếng Việt
Vietnamese
Türkçe
Turkish
Tϋrkiye'deki Japonya Bϋyϋkelҫiliği'
Japonya İstanbul Başkonsolosluğu
Українська
Ukrainian
Посольство Японії в Україні"
702,Yoriko Kawaguchi,2021-09-17,"September 17, 2021
The Ministry of Foreign Affairs of Japan currently disseminates information in the following languages through the websites of Japanese embassies and consulates.
Languages
Links
中文
Chinese
日本国驻华大使馆
日本国驻沈阳总领事馆常驻大连领事办公室
日本国驻广州总领事馆
在香港日本國總領事館
日本国驻上海总领事馆
日本国驻沈阳总领事馆
日本国驻重庆总领事馆
日本国驻青岛总领事馆
한국어
Korean
주대한민국일본국대사관
주부산일본국총영사관
주제주일본국총영사관
عربي
Arabic
Embassy of Japan in Bahrain
Embassy of Japan in Egypt
Embassy of Japan in Iraq
Embassy of Japan in the State of Kuwait
Embassy of Japan in Saudi Arabia
Ambassade du Japon au Royaume du Maroc
Representative Office of Japan to Palestinian Authority
հայերեն
Armenian
ՀՀ-ում Ճապոնիայի Դեսպանություն
Azərbaycan dili
Azerbaijani
Embassy of Japan in Azerbaijan
Bosanski
/
Hrvatski
/
Српски
Bosnina / Croatian / Serbian
Ambasada Japana u Bosni i Hecegovini
Български
Bulgarian
Посолство на Япония в Република България
Česky
Czech
Velvyslanectví Japonska v ČR
Hrvatski
Croatian
Veleposlanstvo Japana u Hrvatskoj
Deutsch
German
Japanische Botschaft in Deutschland
Japanisches Generalkonsulat Düsseldorf
Japanisches Generalkonsulat Frankfurt
Japanisches Generalkonsulat Hamburg
Japanisches Generalkonsulat München
Japanische Botschaft in Liechtenstein
Japanische Botschaft in Österreich
Japanische Botschaft in der Schweiz
Español
Spanish
Embajada del Japón en la Argentina
Embajada del Japón en Bolivia
Oficina del Cónsul del Japón en Santa Cruz
Embajada del Japón en Chile
Embajada del Japón en Colombia
Embajada del Japón en Costa Rica
Embajada del Japón en Cuba
Embajada del Japón en Dominican Republic
Embajada del Japón en Ecuador
Embajada del Japón en El Salvador
Embajada del Japón en España
Consulado del Japón en Las Palmas
Consulado General del Japón en Barcelona
Embajada del Japón en Guatemala
Embajada del Japón en Honduras
Embajada del Japón en México
Consulado del Japón en León
Embajada del Japón en Nicaragua
Embajada del Japón en Panama
Embajada del Japón en Paraguay
Oficina Consular del Japón en Encarnación
Embajada del Japón en Peru
Embajada del Japón en Uruguay
Embajada del Japón en Venezuela
Eesti keel
Estonian
Jaapani Suursaatkond Eestis
Français
French
Ambassade du Japon en Algérie
Ambassade du Japon en Andorre
Ambassade du Japon au Benin
Ambassade du Japon au Burkina Faso
Ambassade du Japon au Burundi
Ambassade du Japon au Canada
Consulat Général du Japon à Montréal
Ambassade du Japon aux Comores
Ambassade du Japon en Cap Vert
Ambassade du Japon en République centrafricaine
Ambassade du Japon en Côte d'Ivoire
Ambassade du Japon à Djibouti
Ambassade du Japon en France
Consulat Général du Japon à Marseille
Consulat Général du Japon à Strasbourg
Bureau Consulaire du Japon à Lyon
Consulat du Japon à Geneve
Ambassade du Japon au Gabon
Ambassade du Japon en Guinee
Ambassade du Japon en Guinee Bissau
Ambassade du Japon en Guinée Equatoriale
Ambassade du Japon au Haïti
Ambassade du Japon au Luxembourg
Ambassade du Japon a Madagascar
Ambassade du Japon au Mali
Ambassade du Japon au Royaume du Maroc
Ambassade du Japon à Maurice
Ambassade du Japon à Monaco
Ambassade du Japon au Niger
Ambassade du Japon à Sao Tomé Principe
Ambassade du Japon au Senegal
Ambassade du Japon en République du Tchad
Ambassade du Japon au Togo
Ambassade du Japon en Tunisie
L'Ambassade du Japon en Mauritanie
L'Ambassade du Japon en Republique Democratique du Congo
L'Ambassade du Japon en Republique du Cameroun
L'Ambassade du Japon en Republique du Congo
Délégation permanente du Japon auprès de l'UNESCO
ქართული
Georgian
Embassy of Japan in Georgia
Αρχική Σελίδα
Greek
Embassy of Japan in Greece
Embassy of Japan in Cyprus
עברית
Hebrew
שגרירות יפן בישראל
Magyar
Hungarian
Magyarországi Japán Nagykövetség
Bahasa Indonesia
Indonesian
Kedutaan Besar Jepang di Indonesia
Konsulat Jenderal Jepang di Denpasar
Konsulat Jenderal Jepang di Surabaya
Kantor Konsuler Jepang di Makasar
Konsulat Jenderal Jepang di Medan
Italiano
Italian
Ambasciata del Giappone in Italia
Consolato Generale del Giappone in Milano
Ambasciata del Giappone presso San Marino
ລາວ
Lao language
Embassy of Japan in Lao PDR (a part of the site only)
Latviski
Latvian
Japānas vēstniecība Latvijā
Lietuviškai
Lithuanian
Embassy of Japan in Lithuania
Bahasa Melayu
Malaysian
Embassy of Malaysia in Japan
Монгол хэл
Mongolian
Embassy of Japan in Mongolia
Myanmar
Embassy of Japan in Myanmar
Norsk
Norwegian
Embassy of Japan in Norway
فارسي
Persian
Embassy of Japan in Iran
Polski
Polish
Ambasada Japonii w Polsce
Português
Portuguese
Embaixada do Japão na República de Angola
Embaixada do Japao em Moçambique
Embaixada do Japão em Portugal
Embaixada do Japão no Brasil
Consulado do Japão em Belém
Consulado Geral do Japão em Curitiba
Escritório Consular do Japão em Porto Alegre
Consulado Geral do Japão em Manaus
Consulado Geral do Japão em Recife
Consulado Geral do Japão no Rio de Janeiro
Consulado Geral do Japão em São Paulo
Русский
Russian
Посольство Японии в России
Генеральное Консульство Японии в Хабаровске
Генеральное консульство Японии в Санкт-Петербурге
Генеральное консульство Японии во Владивостоке
Генеральное консульство Японии в Южно-Сахалинске
Посольство Японии в Республике Беларусь
Посольство Японии в Республике Казахстан
Посольство Японии в Кыргызской Республике
Посольство Японии в Узбекистане
Посольство Японии в Таджикистане
Посольство Японии в Туркменистане
Limba Romana
Romanian
Ambasada Japoniei,Romania
slovenská verzia
Slovak
Vel'vyslanectvo Japonska v Slovenskej republike
Slovensko
Slovene
Veleposlaništvo Japonske v Sloveniji
Srpski
Serbian
Ambasada Japana u Srbiji
Ambasada Japana u Cronj Gori
Suomeksi
Finnish
Japanin Suomen-suurlähetystö
Svenska
Swedish
Japanska Ambassaden i Sverige
Tetum
Tetum
Embassy of Japan in Timor-Leste
Тоҷикӣ
Tajik
Сафорати Ҷопон дар Ҷумҳурии Тоҷикистон
ภาษาไทย
Thai
Embassy of Japan in Thailand
Consulate-General of Japan in Chiang Mai
Tiếng Việt
Vietnamese
Türkçe
Turkish
Tϋrkiye'deki Japonya Bϋyϋkelҫiliği'
Japonya İstanbul Başkonsolosluğu
Українська
Ukrainian
Посольство Японії в Україні"
444,Masahiko Koumura,2021-09-17,"September 17, 2021
The Ministry of Foreign Affairs of Japan currently disseminates information in the following languages through the websites of Japanese embassies and consulates.
Languages
Links
中文
Chinese
日本国驻华大使馆
日本国驻沈阳总领事馆常驻大连领事办公室
日本国驻广州总领事馆
在香港日本國總領事館
日本国驻上海总领事馆
日本国驻沈阳总领事馆
日本国驻重庆总领事馆
日本国驻青岛总领事馆
한국어
Korean
주대한민국일본국대사관
주부산일본국총영사관
주제주일본국총영사관
عربي
Arabic
Embassy of Japan in Bahrain
Embassy of Japan in Egypt
Embassy of Japan in Iraq
Embassy of Japan in the State of Kuwait
Embassy of Japan in Saudi Arabia
Ambassade du Japon au Royaume du Maroc
Representative Office of Japan to Palestinian Authority
հայերեն
Armenian
ՀՀ-ում Ճապոնիայի Դեսպանություն
Azərbaycan dili
Azerbaijani
Embassy of Japan in Azerbaijan
Bosanski
/
Hrvatski
/
Српски
Bosnina / Croatian / Serbian
Ambasada Japana u Bosni i Hecegovini
Български
Bulgarian
Посолство на Япония в Република България
Česky
Czech
Velvyslanectví Japonska v ČR
Hrvatski
Croatian
Veleposlanstvo Japana u Hrvatskoj
Deutsch
German
Japanische Botschaft in Deutschland
Japanisches Generalkonsulat Düsseldorf
Japanisches Generalkonsulat Frankfurt
Japanisches Generalkonsulat Hamburg
Japanisches Generalkonsulat München
Japanische Botschaft in Liechtenstein
Japanische Botschaft in Österreich
Japanische Botschaft in der Schweiz
Español
Spanish
Embajada del Japón en la Argentina
Embajada del Japón en Bolivia
Oficina del Cónsul del Japón en Santa Cruz
Embajada del Japón en Chile
Embajada del Japón en Colombia
Embajada del Japón en Costa Rica
Embajada del Japón en Cuba
Embajada del Japón en Dominican Republic
Embajada del Japón en Ecuador
Embajada del Japón en El Salvador
Embajada del Japón en España
Consulado del Japón en Las Palmas
Consulado General del Japón en Barcelona
Embajada del Japón en Guatemala
Embajada del Japón en Honduras
Embajada del Japón en México
Consulado del Japón en León
Embajada del Japón en Nicaragua
Embajada del Japón en Panama
Embajada del Japón en Paraguay
Oficina Consular del Japón en Encarnación
Embajada del Japón en Peru
Embajada del Japón en Uruguay
Embajada del Japón en Venezuela
Eesti keel
Estonian
Jaapani Suursaatkond Eestis
Français
French
Ambassade du Japon en Algérie
Ambassade du Japon en Andorre
Ambassade du Japon au Benin
Ambassade du Japon au Burkina Faso
Ambassade du Japon au Burundi
Ambassade du Japon au Canada
Consulat Général du Japon à Montréal
Ambassade du Japon aux Comores
Ambassade du Japon en Cap Vert
Ambassade du Japon en République centrafricaine
Ambassade du Japon en Côte d'Ivoire
Ambassade du Japon à Djibouti
Ambassade du Japon en France
Consulat Général du Japon à Marseille
Consulat Général du Japon à Strasbourg
Bureau Consulaire du Japon à Lyon
Consulat du Japon à Geneve
Ambassade du Japon au Gabon
Ambassade du Japon en Guinee
Ambassade du Japon en Guinee Bissau
Ambassade du Japon en Guinée Equatoriale
Ambassade du Japon au Haïti
Ambassade du Japon au Luxembourg
Ambassade du Japon a Madagascar
Ambassade du Japon au Mali
Ambassade du Japon au Royaume du Maroc
Ambassade du Japon à Maurice
Ambassade du Japon à Monaco
Ambassade du Japon au Niger
Ambassade du Japon à Sao Tomé Principe
Ambassade du Japon au Senegal
Ambassade du Japon en République du Tchad
Ambassade du Japon au Togo
Ambassade du Japon en Tunisie
L'Ambassade du Japon en Mauritanie
L'Ambassade du Japon en Republique Democratique du Congo
L'Ambassade du Japon en Republique du Cameroun
L'Ambassade du Japon en Republique du Congo
Délégation permanente du Japon auprès de l'UNESCO
ქართული
Georgian
Embassy of Japan in Georgia
Αρχική Σελίδα
Greek
Embassy of Japan in Greece
Embassy of Japan in Cyprus
עברית
Hebrew
שגרירות יפן בישראל
Magyar
Hungarian
Magyarországi Japán Nagykövetség
Bahasa Indonesia
Indonesian
Kedutaan Besar Jepang di Indonesia
Konsulat Jenderal Jepang di Denpasar
Konsulat Jenderal Jepang di Surabaya
Kantor Konsuler Jepang di Makasar
Konsulat Jenderal Jepang di Medan
Italiano
Italian
Ambasciata del Giappone in Italia
Consolato Generale del Giappone in Milano
Ambasciata del Giappone presso San Marino
ລາວ
Lao language
Embassy of Japan in Lao PDR (a part of the site only)
Latviski
Latvian
Japānas vēstniecība Latvijā
Lietuviškai
Lithuanian
Embassy of Japan in Lithuania
Bahasa Melayu
Malaysian
Embassy of Malaysia in Japan
Монгол хэл
Mongolian
Embassy of Japan in Mongolia
Myanmar
Embassy of Japan in Myanmar
Norsk
Norwegian
Embassy of Japan in Norway
فارسي
Persian
Embassy of Japan in Iran
Polski
Polish
Ambasada Japonii w Polsce
Português
Portuguese
Embaixada do Japão na República de Angola
Embaixada do Japao em Moçambique
Embaixada do Japão em Portugal
Embaixada do Japão no Brasil
Consulado do Japão em Belém
Consulado Geral do Japão em Curitiba
Escritório Consular do Japão em Porto Alegre
Consulado Geral do Japão em Manaus
Consulado Geral do Japão em Recife
Consulado Geral do Japão no Rio de Janeiro
Consulado Geral do Japão em São Paulo
Русский
Russian
Посольство Японии в России
Генеральное Консульство Японии в Хабаровске
Генеральное консульство Японии в Санкт-Петербурге
Генеральное консульство Японии во Владивостоке
Генеральное консульство Японии в Южно-Сахалинске
Посольство Японии в Республике Беларусь
Посольство Японии в Республике Казахстан
Посольство Японии в Кыргызской Республике
Посольство Японии в Узбекистане
Посольство Японии в Таджикистане
Посольство Японии в Туркменистане
Limba Romana
Romanian
Ambasada Japoniei,Romania
slovenská verzia
Slovak
Vel'vyslanectvo Japonska v Slovenskej republike
Slovensko
Slovene
Veleposlaništvo Japonske v Sloveniji
Srpski
Serbian
Ambasada Japana u Srbiji
Ambasada Japana u Cronj Gori
Suomeksi
Finnish
Japanin Suomen-suurlähetystö
Svenska
Swedish
Japanska Ambassaden i Sverige
Tetum
Tetum
Embassy of Japan in Timor-Leste
Тоҷикӣ
Tajik
Сафорати Ҷопон дар Ҷумҳурии Тоҷикистон
ภาษาไทย
Thai
Embassy of Japan in Thailand
Consulate-General of Japan in Chiang Mai
Tiếng Việt
Vietnamese
Türkçe
Turkish
Tϋrkiye'deki Japonya Bϋyϋkelҫiliği'
Japonya İstanbul Başkonsolosluğu
Українська
Ukrainian
Посольство Японії в Україні"
960,Yohei Kono,2021-09-17,"September 17, 2021
The Ministry of Foreign Affairs of Japan currently disseminates information in the following languages through the websites of Japanese embassies and consulates.
Languages
Links
中文
Chinese
日本国驻华大使馆
日本国驻沈阳总领事馆常驻大连领事办公室
日本国驻广州总领事馆
在香港日本國總領事館
日本国驻上海总领事馆
日本国驻沈阳总领事馆
日本国驻重庆总领事馆
日本国驻青岛总领事馆
한국어
Korean
주대한민국일본국대사관
주부산일본국총영사관
주제주일본국총영사관
عربي
Arabic
Embassy of Japan in Bahrain
Embassy of Japan in Egypt
Embassy of Japan in Iraq
Embassy of Japan in the State of Kuwait
Embassy of Japan in Saudi Arabia
Ambassade du Japon au Royaume du Maroc
Representative Office of Japan to Palestinian Authority
հայերեն
Armenian
ՀՀ-ում Ճապոնիայի Դեսպանություն
Azərbaycan dili
Azerbaijani
Embassy of Japan in Azerbaijan
Bosanski
/
Hrvatski
/
Српски
Bosnina / Croatian / Serbian
Ambasada Japana u Bosni i Hecegovini
Български
Bulgarian
Посолство на Япония в Република България
Česky
Czech
Velvyslanectví Japonska v ČR
Hrvatski
Croatian
Veleposlanstvo Japana u Hrvatskoj
Deutsch
German
Japanische Botschaft in Deutschland
Japanisches Generalkonsulat Düsseldorf
Japanisches Generalkonsulat Frankfurt
Japanisches Generalkonsulat Hamburg
Japanisches Generalkonsulat München
Japanische Botschaft in Liechtenstein
Japanische Botschaft in Österreich
Japanische Botschaft in der Schweiz
Español
Spanish
Embajada del Japón en la Argentina
Embajada del Japón en Bolivia
Oficina del Cónsul del Japón en Santa Cruz
Embajada del Japón en Chile
Embajada del Japón en Colombia
Embajada del Japón en Costa Rica
Embajada del Japón en Cuba
Embajada del Japón en Dominican Republic
Embajada del Japón en Ecuador
Embajada del Japón en El Salvador
Embajada del Japón en España
Consulado del Japón en Las Palmas
Consulado General del Japón en Barcelona
Embajada del Japón en Guatemala
Embajada del Japón en Honduras
Embajada del Japón en México
Consulado del Japón en León
Embajada del Japón en Nicaragua
Embajada del Japón en Panama
Embajada del Japón en Paraguay
Oficina Consular del Japón en Encarnación
Embajada del Japón en Peru
Embajada del Japón en Uruguay
Embajada del Japón en Venezuela
Eesti keel
Estonian
Jaapani Suursaatkond Eestis
Français
French
Ambassade du Japon en Algérie
Ambassade du Japon en Andorre
Ambassade du Japon au Benin
Ambassade du Japon au Burkina Faso
Ambassade du Japon au Burundi
Ambassade du Japon au Canada
Consulat Général du Japon à Montréal
Ambassade du Japon aux Comores
Ambassade du Japon en Cap Vert
Ambassade du Japon en République centrafricaine
Ambassade du Japon en Côte d'Ivoire
Ambassade du Japon à Djibouti
Ambassade du Japon en France
Consulat Général du Japon à Marseille
Consulat Général du Japon à Strasbourg
Bureau Consulaire du Japon à Lyon
Consulat du Japon à Geneve
Ambassade du Japon au Gabon
Ambassade du Japon en Guinee
Ambassade du Japon en Guinee Bissau
Ambassade du Japon en Guinée Equatoriale
Ambassade du Japon au Haïti
Ambassade du Japon au Luxembourg
Ambassade du Japon a Madagascar
Ambassade du Japon au Mali
Ambassade du Japon au Royaume du Maroc
Ambassade du Japon à Maurice
Ambassade du Japon à Monaco
Ambassade du Japon au Niger
Ambassade du Japon à Sao Tomé Principe
Ambassade du Japon au Senegal
Ambassade du Japon en République du Tchad
Ambassade du Japon au Togo
Ambassade du Japon en Tunisie
L'Ambassade du Japon en Mauritanie
L'Ambassade du Japon en Republique Democratique du Congo
L'Ambassade du Japon en Republique du Cameroun
L'Ambassade du Japon en Republique du Congo
Délégation permanente du Japon auprès de l'UNESCO
ქართული
Georgian
Embassy of Japan in Georgia
Αρχική Σελίδα
Greek
Embassy of Japan in Greece
Embassy of Japan in Cyprus
עברית
Hebrew
שגרירות יפן בישראל
Magyar
Hungarian
Magyarországi Japán Nagykövetség
Bahasa Indonesia
Indonesian
Kedutaan Besar Jepang di Indonesia
Konsulat Jenderal Jepang di Denpasar
Konsulat Jenderal Jepang di Surabaya
Kantor Konsuler Jepang di Makasar
Konsulat Jenderal Jepang di Medan
Italiano
Italian
Ambasciata del Giappone in Italia
Consolato Generale del Giappone in Milano
Ambasciata del Giappone presso San Marino
ລາວ
Lao language
Embassy of Japan in Lao PDR (a part of the site only)
Latviski
Latvian
Japānas vēstniecība Latvijā
Lietuviškai
Lithuanian
Embassy of Japan in Lithuania
Bahasa Melayu
Malaysian
Embassy of Malaysia in Japan
Монгол хэл
Mongolian
Embassy of Japan in Mongolia
Myanmar
Embassy of Japan in Myanmar
Norsk
Norwegian
Embassy of Japan in Norway
فارسي
Persian
Embassy of Japan in Iran
Polski
Polish
Ambasada Japonii w Polsce
Português
Portuguese
Embaixada do Japão na República de Angola
Embaixada do Japao em Moçambique
Embaixada do Japão em Portugal
Embaixada do Japão no Brasil
Consulado do Japão em Belém
Consulado Geral do Japão em Curitiba
Escritório Consular do Japão em Porto Alegre
Consulado Geral do Japão em Manaus
Consulado Geral do Japão em Recife
Consulado Geral do Japão no Rio de Janeiro
Consulado Geral do Japão em São Paulo
Русский
Russian
Посольство Японии в России
Генеральное Консульство Японии в Хабаровске
Генеральное консульство Японии в Санкт-Петербурге
Генеральное консульство Японии во Владивостоке
Генеральное консульство Японии в Южно-Сахалинске
Посольство Японии в Республике Беларусь
Посольство Японии в Республике Казахстан
Посольство Японии в Кыргызской Республике
Посольство Японии в Узбекистане
Посольство Японии в Таджикистане
Посольство Японии в Туркменистане
Limba Romana
Romanian
Ambasada Japoniei,Romania
slovenská verzia
Slovak
Vel'vyslanectvo Japonska v Slovenskej republike
Slovensko
Slovene
Veleposlaništvo Japonske v Sloveniji
Srpski
Serbian
Ambasada Japana u Srbiji
Ambasada Japana u Cronj Gori
Suomeksi
Finnish
Japanin Suomen-suurlähetystö
Svenska
Swedish
Japanska Ambassaden i Sverige
Tetum
Tetum
Embassy of Japan in Timor-Leste
Тоҷикӣ
Tajik
Сафорати Ҷопон дар Ҷумҳурии Тоҷикистон
ภาษาไทย
Thai
Embassy of Japan in Thailand
Consulate-General of Japan in Chiang Mai
Tiếng Việt
Vietnamese
Türkçe
Turkish
Tϋrkiye'deki Japonya Bϋyϋkelҫiliği'
Japonya İstanbul Başkonsolosluğu
Українська
Ukrainian
Посольство Японії в Україні"
304,Katsuya Okada,2021-09-17,"September 17, 2021
The Ministry of Foreign Affairs of Japan currently disseminates information in the following languages through the websites of Japanese embassies and consulates.
Languages
Links
中文
Chinese
日本国驻华大使馆
日本国驻沈阳总领事馆常驻大连领事办公室
日本国驻广州总领事馆
在香港日本國總領事館
日本国驻上海总领事馆
日本国驻沈阳总领事馆
日本国驻重庆总领事馆
日本国驻青岛总领事馆
한국어
Korean
주대한민국일본국대사관
주부산일본국총영사관
주제주일본국총영사관
عربي
Arabic
Embassy of Japan in Bahrain
Embassy of Japan in Egypt
Embassy of Japan in Iraq
Embassy of Japan in the State of Kuwait
Embassy of Japan in Saudi Arabia
Ambassade du Japon au Royaume du Maroc
Representative Office of Japan to Palestinian Authority
հայերեն
Armenian
ՀՀ-ում Ճապոնիայի Դեսպանություն
Azərbaycan dili
Azerbaijani
Embassy of Japan in Azerbaijan
Bosanski
/
Hrvatski
/
Српски
Bosnina / Croatian / Serbian
Ambasada Japana u Bosni i Hecegovini
Български
Bulgarian
Посолство на Япония в Република България
Česky
Czech
Velvyslanectví Japonska v ČR
Hrvatski
Croatian
Veleposlanstvo Japana u Hrvatskoj
Deutsch
German
Japanische Botschaft in Deutschland
Japanisches Generalkonsulat Düsseldorf
Japanisches Generalkonsulat Frankfurt
Japanisches Generalkonsulat Hamburg
Japanisches Generalkonsulat München
Japanische Botschaft in Liechtenstein
Japanische Botschaft in Österreich
Japanische Botschaft in der Schweiz
Español
Spanish
Embajada del Japón en la Argentina
Embajada del Japón en Bolivia
Oficina del Cónsul del Japón en Santa Cruz
Embajada del Japón en Chile
Embajada del Japón en Colombia
Embajada del Japón en Costa Rica
Embajada del Japón en Cuba
Embajada del Japón en Dominican Republic
Embajada del Japón en Ecuador
Embajada del Japón en El Salvador
Embajada del Japón en España
Consulado del Japón en Las Palmas
Consulado General del Japón en Barcelona
Embajada del Japón en Guatemala
Embajada del Japón en Honduras
Embajada del Japón en México
Consulado del Japón en León
Embajada del Japón en Nicaragua
Embajada del Japón en Panama
Embajada del Japón en Paraguay
Oficina Consular del Japón en Encarnación
Embajada del Japón en Peru
Embajada del Japón en Uruguay
Embajada del Japón en Venezuela
Eesti keel
Estonian
Jaapani Suursaatkond Eestis
Français
French
Ambassade du Japon en Algérie
Ambassade du Japon en Andorre
Ambassade du Japon au Benin
Ambassade du Japon au Burkina Faso
Ambassade du Japon au Burundi
Ambassade du Japon au Canada
Consulat Général du Japon à Montréal
Ambassade du Japon aux Comores
Ambassade du Japon en Cap Vert
Ambassade du Japon en République centrafricaine
Ambassade du Japon en Côte d'Ivoire
Ambassade du Japon à Djibouti
Ambassade du Japon en France
Consulat Général du Japon à Marseille
Consulat Général du Japon à Strasbourg
Bureau Consulaire du Japon à Lyon
Consulat du Japon à Geneve
Ambassade du Japon au Gabon
Ambassade du Japon en Guinee
Ambassade du Japon en Guinee Bissau
Ambassade du Japon en Guinée Equatoriale
Ambassade du Japon au Haïti
Ambassade du Japon au Luxembourg
Ambassade du Japon a Madagascar
Ambassade du Japon au Mali
Ambassade du Japon au Royaume du Maroc
Ambassade du Japon à Maurice
Ambassade du Japon à Monaco
Ambassade du Japon au Niger
Ambassade du Japon à Sao Tomé Principe
Ambassade du Japon au Senegal
Ambassade du Japon en République du Tchad
Ambassade du Japon au Togo
Ambassade du Japon en Tunisie
L'Ambassade du Japon en Mauritanie
L'Ambassade du Japon en Republique Democratique du Congo
L'Ambassade du Japon en Republique du Cameroun
L'Ambassade du Japon en Republique du Congo
Délégation permanente du Japon auprès de l'UNESCO
ქართული
Georgian
Embassy of Japan in Georgia
Αρχική Σελίδα
Greek
Embassy of Japan in Greece
Embassy of Japan in Cyprus
עברית
Hebrew
שגרירות יפן בישראל
Magyar
Hungarian
Magyarországi Japán Nagykövetség
Bahasa Indonesia
Indonesian
Kedutaan Besar Jepang di Indonesia
Konsulat Jenderal Jepang di Denpasar
Konsulat Jenderal Jepang di Surabaya
Kantor Konsuler Jepang di Makasar
Konsulat Jenderal Jepang di Medan
Italiano
Italian
Ambasciata del Giappone in Italia
Consolato Generale del Giappone in Milano
Ambasciata del Giappone presso San Marino
ລາວ
Lao language
Embassy of Japan in Lao PDR (a part of the site only)
Latviski
Latvian
Japānas vēstniecība Latvijā
Lietuviškai
Lithuanian
Embassy of Japan in Lithuania
Bahasa Melayu
Malaysian
Embassy of Malaysia in Japan
Монгол хэл
Mongolian
Embassy of Japan in Mongolia
Myanmar
Embassy of Japan in Myanmar
Norsk
Norwegian
Embassy of Japan in Norway
فارسي
Persian
Embassy of Japan in Iran
Polski
Polish
Ambasada Japonii w Polsce
Português
Portuguese
Embaixada do Japão na República de Angola
Embaixada do Japao em Moçambique
Embaixada do Japão em Portugal
Embaixada do Japão no Brasil
Consulado do Japão em Belém
Consulado Geral do Japão em Curitiba
Escritório Consular do Japão em Porto Alegre
Consulado Geral do Japão em Manaus
Consulado Geral do Japão em Recife
Consulado Geral do Japão no Rio de Janeiro
Consulado Geral do Japão em São Paulo
Русский
Russian
Посольство Японии в России
Генеральное Консульство Японии в Хабаровске
Генеральное консульство Японии в Санкт-Петербурге
Генеральное консульство Японии во Владивостоке
Генеральное консульство Японии в Южно-Сахалинске
Посольство Японии в Республике Беларусь
Посольство Японии в Республике Казахстан
Посольство Японии в Кыргызской Республике
Посольство Японии в Узбекистане
Посольство Японии в Таджикистане
Посольство Японии в Туркменистане
Limba Romana
Romanian
Ambasada Japoniei,Romania
slovenská verzia
Slovak
Vel'vyslanectvo Japonska v Slovenskej republike
Slovensko
Slovene
Veleposlaništvo Japonske v Sloveniji
Srpski
Serbian
Ambasada Japana u Srbiji
Ambasada Japana u Cronj Gori
Suomeksi
Finnish
Japanin Suomen-suurlähetystö
Svenska
Swedish
Japanska Ambassaden i Sverige
Tetum
Tetum
Embassy of Japan in Timor-Leste
Тоҷикӣ
Tajik
Сафорати Ҷопон дар Ҷумҳурии Тоҷикистон
ภาษาไทย
Thai
Embassy of Japan in Thailand
Consulate-General of Japan in Chiang Mai
Tiếng Việt
Vietnamese
Türkçe
Turkish
Tϋrkiye'deki Japonya Bϋyϋkelҫiliği'
Japonya İstanbul Başkonsolosluğu
Українська
Ukrainian
Посольство Японії в Україні"
921,Makiko Tanaka,2021-09-17,"September 17, 2021
The Ministry of Foreign Affairs of Japan currently disseminates information in the following languages through the websites of Japanese embassies and consulates.
Languages
Links
中文
Chinese
日本国驻华大使馆
日本国驻沈阳总领事馆常驻大连领事办公室
日本国驻广州总领事馆
在香港日本國總領事館
日本国驻上海总领事馆
日本国驻沈阳总领事馆
日本国驻重庆总领事馆
日本国驻青岛总领事馆
한국어
Korean
주대한민국일본국대사관
주부산일본국총영사관
주제주일본국총영사관
عربي
Arabic
Embassy of Japan in Bahrain
Embassy of Japan in Egypt
Embassy of Japan in Iraq
Embassy of Japan in the State of Kuwait
Embassy of Japan in Saudi Arabia
Ambassade du Japon au Royaume du Maroc
Representative Office of Japan to Palestinian Authority
հայերեն
Armenian
ՀՀ-ում Ճապոնիայի Դեսպանություն
Azərbaycan dili
Azerbaijani
Embassy of Japan in Azerbaijan
Bosanski
/
Hrvatski
/
Српски
Bosnina / Croatian / Serbian
Ambasada Japana u Bosni i Hecegovini
Български
Bulgarian
Посолство на Япония в Република България
Česky
Czech
Velvyslanectví Japonska v ČR
Hrvatski
Croatian
Veleposlanstvo Japana u Hrvatskoj
Deutsch
German
Japanische Botschaft in Deutschland
Japanisches Generalkonsulat Düsseldorf
Japanisches Generalkonsulat Frankfurt
Japanisches Generalkonsulat Hamburg
Japanisches Generalkonsulat München
Japanische Botschaft in Liechtenstein
Japanische Botschaft in Österreich
Japanische Botschaft in der Schweiz
Español
Spanish
Embajada del Japón en la Argentina
Embajada del Japón en Bolivia
Oficina del Cónsul del Japón en Santa Cruz
Embajada del Japón en Chile
Embajada del Japón en Colombia
Embajada del Japón en Costa Rica
Embajada del Japón en Cuba
Embajada del Japón en Dominican Republic
Embajada del Japón en Ecuador
Embajada del Japón en El Salvador
Embajada del Japón en España
Consulado del Japón en Las Palmas
Consulado General del Japón en Barcelona
Embajada del Japón en Guatemala
Embajada del Japón en Honduras
Embajada del Japón en México
Consulado del Japón en León
Embajada del Japón en Nicaragua
Embajada del Japón en Panama
Embajada del Japón en Paraguay
Oficina Consular del Japón en Encarnación
Embajada del Japón en Peru
Embajada del Japón en Uruguay
Embajada del Japón en Venezuela
Eesti keel
Estonian
Jaapani Suursaatkond Eestis
Français
French
Ambassade du Japon en Algérie
Ambassade du Japon en Andorre
Ambassade du Japon au Benin
Ambassade du Japon au Burkina Faso
Ambassade du Japon au Burundi
Ambassade du Japon au Canada
Consulat Général du Japon à Montréal
Ambassade du Japon aux Comores
Ambassade du Japon en Cap Vert
Ambassade du Japon en République centrafricaine
Ambassade du Japon en Côte d'Ivoire
Ambassade du Japon à Djibouti
Ambassade du Japon en France
Consulat Général du Japon à Marseille
Consulat Général du Japon à Strasbourg
Bureau Consulaire du Japon à Lyon
Consulat du Japon à Geneve
Ambassade du Japon au Gabon
Ambassade du Japon en Guinee
Ambassade du Japon en Guinee Bissau
Ambassade du Japon en Guinée Equatoriale
Ambassade du Japon au Haïti
Ambassade du Japon au Luxembourg
Ambassade du Japon a Madagascar
Ambassade du Japon au Mali
Ambassade du Japon au Royaume du Maroc
Ambassade du Japon à Maurice
Ambassade du Japon à Monaco
Ambassade du Japon au Niger
Ambassade du Japon à Sao Tomé Principe
Ambassade du Japon au Senegal
Ambassade du Japon en République du Tchad
Ambassade du Japon au Togo
Ambassade du Japon en Tunisie
L'Ambassade du Japon en Mauritanie
L'Ambassade du Japon en Republique Democratique du Congo
L'Ambassade du Japon en Republique du Cameroun
L'Ambassade du Japon en Republique du Congo
Délégation permanente du Japon auprès de l'UNESCO
ქართული
Georgian
Embassy of Japan in Georgia
Αρχική Σελίδα
Greek
Embassy of Japan in Greece
Embassy of Japan in Cyprus
עברית
Hebrew
שגרירות יפן בישראל
Magyar
Hungarian
Magyarországi Japán Nagykövetség
Bahasa Indonesia
Indonesian
Kedutaan Besar Jepang di Indonesia
Konsulat Jenderal Jepang di Denpasar
Konsulat Jenderal Jepang di Surabaya
Kantor Konsuler Jepang di Makasar
Konsulat Jenderal Jepang di Medan
Italiano
Italian
Ambasciata del Giappone in Italia
Consolato Generale del Giappone in Milano
Ambasciata del Giappone presso San Marino
ລາວ
Lao language
Embassy of Japan in Lao PDR (a part of the site only)
Latviski
Latvian
Japānas vēstniecība Latvijā
Lietuviškai
Lithuanian
Embassy of Japan in Lithuania
Bahasa Melayu
Malaysian
Embassy of Malaysia in Japan
Монгол хэл
Mongolian
Embassy of Japan in Mongolia
Myanmar
Embassy of Japan in Myanmar
Norsk
Norwegian
Embassy of Japan in Norway
فارسي
Persian
Embassy of Japan in Iran
Polski
Polish
Ambasada Japonii w Polsce
Português
Portuguese
Embaixada do Japão na República de Angola
Embaixada do Japao em Moçambique
Embaixada do Japão em Portugal
Embaixada do Japão no Brasil
Consulado do Japão em Belém
Consulado Geral do Japão em Curitiba
Escritório Consular do Japão em Porto Alegre
Consulado Geral do Japão em Manaus
Consulado Geral do Japão em Recife
Consulado Geral do Japão no Rio de Janeiro
Consulado Geral do Japão em São Paulo
Русский
Russian
Посольство Японии в России
Генеральное Консульство Японии в Хабаровске
Генеральное консульство Японии в Санкт-Петербурге
Генеральное консульство Японии во Владивостоке
Генеральное консульство Японии в Южно-Сахалинске
Посольство Японии в Республике Беларусь
Посольство Японии в Республике Казахстан
Посольство Японии в Кыргызской Республике
Посольство Японии в Узбекистане
Посольство Японии в Таджикистане
Посольство Японии в Туркменистане
Limba Romana
Romanian
Ambasada Japoniei,Romania
slovenská verzia
Slovak
Vel'vyslanectvo Japonska v Slovenskej republike
Slovensko
Slovene
Veleposlaništvo Japonske v Sloveniji
Srpski
Serbian
Ambasada Japana u Srbiji
Ambasada Japana u Cronj Gori
Suomeksi
Finnish
Japanin Suomen-suurlähetystö
Svenska
Swedish
Japanska Ambassaden i Sverige
Tetum
Tetum
Embassy of Japan in Timor-Leste
Тоҷикӣ
Tajik
Сафорати Ҷопон дар Ҷумҳурии Тоҷикистон
ภาษาไทย
Thai
Embassy of Japan in Thailand
Consulate-General of Japan in Chiang Mai
Tiếng Việt
Vietnamese
Türkçe
Turkish
Tϋrkiye'deki Japonya Bϋyϋkelҫiliği'
Japonya İstanbul Başkonsolosluğu
Українська
Ukrainian
Посольство Японії в Україні"
517,Nobutaka Machimura,2021-09-17,"September 17, 2021
The Ministry of Foreign Affairs of Japan currently disseminates information in the following languages through the websites of Japanese embassies and consulates.
Languages
Links
中文
Chinese
日本国驻华大使馆
日本国驻沈阳总领事馆常驻大连领事办公室
日本国驻广州总领事馆
在香港日本國總領事館
日本国驻上海总领事馆
日本国驻沈阳总领事馆
日本国驻重庆总领事馆
日本国驻青岛总领事馆
한국어
Korean
주대한민국일본국대사관
주부산일본국총영사관
주제주일본국총영사관
عربي
Arabic
Embassy of Japan in Bahrain
Embassy of Japan in Egypt
Embassy of Japan in Iraq
Embassy of Japan in the State of Kuwait
Embassy of Japan in Saudi Arabia
Ambassade du Japon au Royaume du Maroc
Representative Office of Japan to Palestinian Authority
հայերեն
Armenian
ՀՀ-ում Ճապոնիայի Դեսպանություն
Azərbaycan dili
Azerbaijani
Embassy of Japan in Azerbaijan
Bosanski
/
Hrvatski
/
Српски
Bosnina / Croatian / Serbian
Ambasada Japana u Bosni i Hecegovini
Български
Bulgarian
Посолство на Япония в Република България
Česky
Czech
Velvyslanectví Japonska v ČR
Hrvatski
Croatian
Veleposlanstvo Japana u Hrvatskoj
Deutsch
German
Japanische Botschaft in Deutschland
Japanisches Generalkonsulat Düsseldorf
Japanisches Generalkonsulat Frankfurt
Japanisches Generalkonsulat Hamburg
Japanisches Generalkonsulat München
Japanische Botschaft in Liechtenstein
Japanische Botschaft in Österreich
Japanische Botschaft in der Schweiz
Español
Spanish
Embajada del Japón en la Argentina
Embajada del Japón en Bolivia
Oficina del Cónsul del Japón en Santa Cruz
Embajada del Japón en Chile
Embajada del Japón en Colombia
Embajada del Japón en Costa Rica
Embajada del Japón en Cuba
Embajada del Japón en Dominican Republic
Embajada del Japón en Ecuador
Embajada del Japón en El Salvador
Embajada del Japón en España
Consulado del Japón en Las Palmas
Consulado General del Japón en Barcelona
Embajada del Japón en Guatemala
Embajada del Japón en Honduras
Embajada del Japón en México
Consulado del Japón en León
Embajada del Japón en Nicaragua
Embajada del Japón en Panama
Embajada del Japón en Paraguay
Oficina Consular del Japón en Encarnación
Embajada del Japón en Peru
Embajada del Japón en Uruguay
Embajada del Japón en Venezuela
Eesti keel
Estonian
Jaapani Suursaatkond Eestis
Français
French
Ambassade du Japon en Algérie
Ambassade du Japon en Andorre
Ambassade du Japon au Benin
Ambassade du Japon au Burkina Faso
Ambassade du Japon au Burundi
Ambassade du Japon au Canada
Consulat Général du Japon à Montréal
Ambassade du Japon aux Comores
Ambassade du Japon en Cap Vert
Ambassade du Japon en République centrafricaine
Ambassade du Japon en Côte d'Ivoire
Ambassade du Japon à Djibouti
Ambassade du Japon en France
Consulat Général du Japon à Marseille
Consulat Général du Japon à Strasbourg
Bureau Consulaire du Japon à Lyon
Consulat du Japon à Geneve
Ambassade du Japon au Gabon
Ambassade du Japon en Guinee
Ambassade du Japon en Guinee Bissau
Ambassade du Japon en Guinée Equatoriale
Ambassade du Japon au Haïti
Ambassade du Japon au Luxembourg
Ambassade du Japon a Madagascar
Ambassade du Japon au Mali
Ambassade du Japon au Royaume du Maroc
Ambassade du Japon à Maurice
Ambassade du Japon à Monaco
Ambassade du Japon au Niger
Ambassade du Japon à Sao Tomé Principe
Ambassade du Japon au Senegal
Ambassade du Japon en République du Tchad
Ambassade du Japon au Togo
Ambassade du Japon en Tunisie
L'Ambassade du Japon en Mauritanie
L'Ambassade du Japon en Republique Democratique du Congo
L'Ambassade du Japon en Republique du Cameroun
L'Ambassade du Japon en Republique du Congo
Délégation permanente du Japon auprès de l'UNESCO
ქართული
Georgian
Embassy of Japan in Georgia
Αρχική Σελίδα
Greek
Embassy of Japan in Greece
Embassy of Japan in Cyprus
עברית
Hebrew
שגרירות יפן בישראל
Magyar
Hungarian
Magyarországi Japán Nagykövetség
Bahasa Indonesia
Indonesian
Kedutaan Besar Jepang di Indonesia
Konsulat Jenderal Jepang di Denpasar
Konsulat Jenderal Jepang di Surabaya
Kantor Konsuler Jepang di Makasar
Konsulat Jenderal Jepang di Medan
Italiano
Italian
Ambasciata del Giappone in Italia
Consolato Generale del Giappone in Milano
Ambasciata del Giappone presso San Marino
ລາວ
Lao language
Embassy of Japan in Lao PDR (a part of the site only)
Latviski
Latvian
Japānas vēstniecība Latvijā
Lietuviškai
Lithuanian
Embassy of Japan in Lithuania
Bahasa Melayu
Malaysian
Embassy of Malaysia in Japan
Монгол хэл
Mongolian
Embassy of Japan in Mongolia
Myanmar
Embassy of Japan in Myanmar
Norsk
Norwegian
Embassy of Japan in Norway
فارسي
Persian
Embassy of Japan in Iran
Polski
Polish
Ambasada Japonii w Polsce
Português
Portuguese
Embaixada do Japão na República de Angola
Embaixada do Japao em Moçambique
Embaixada do Japão em Portugal
Embaixada do Japão no Brasil
Consulado do Japão em Belém
Consulado Geral do Japão em Curitiba
Escritório Consular do Japão em Porto Alegre
Consulado Geral do Japão em Manaus
Consulado Geral do Japão em Recife
Consulado Geral do Japão no Rio de Janeiro
Consulado Geral do Japão em São Paulo
Русский
Russian
Посольство Японии в России
Генеральное Консульство Японии в Хабаровске
Генеральное консульство Японии в Санкт-Петербурге
Генеральное консульство Японии во Владивостоке
Генеральное консульство Японии в Южно-Сахалинске
Посольство Японии в Республике Беларусь
Посольство Японии в Республике Казахстан
Посольство Японии в Кыргызской Республике
Посольство Японии в Узбекистане
Посольство Японии в Таджикистане
Посольство Японии в Туркменистане
Limba Romana
Romanian
Ambasada Japoniei,Romania
slovenská verzia
Slovak
Vel'vyslanectvo Japonska v Slovenskej republike
Slovensko
Slovene
Veleposlaništvo Japonske v Sloveniji
Srpski
Serbian
Ambasada Japana u Srbiji
Ambasada Japana u Cronj Gori
Suomeksi
Finnish
Japanin Suomen-suurlähetystö
Svenska
Swedish
Japanska Ambassaden i Sverige
Tetum
Tetum
Embassy of Japan in Timor-Leste
Тоҷикӣ
Tajik
Сафорати Ҷопон дар Ҷумҳурии Тоҷикистон
ภาษาไทย
Thai
Embassy of Japan in Thailand
Consulate-General of Japan in Chiang Mai
Tiếng Việt
Vietnamese
Türkçe
Turkish
Tϋrkiye'deki Japonya Bϋyϋkelҫiliği'
Japonya İstanbul Başkonsolosluğu
Українська
Ukrainian
Посольство Японії в Україні"
259,Seiji Maehara,2021-09-17,"September 17, 2021
The Ministry of Foreign Affairs of Japan currently disseminates information in the following languages through the websites of Japanese embassies and consulates.
Languages
Links
中文
Chinese
日本国驻华大使馆
日本国驻沈阳总领事馆常驻大连领事办公室
日本国驻广州总领事馆
在香港日本國總領事館
日本国驻上海总领事馆
日本国驻沈阳总领事馆
日本国驻重庆总领事馆
日本国驻青岛总领事馆
한국어
Korean
주대한민국일본국대사관
주부산일본국총영사관
주제주일본국총영사관
عربي
Arabic
Embassy of Japan in Bahrain
Embassy of Japan in Egypt
Embassy of Japan in Iraq
Embassy of Japan in the State of Kuwait
Embassy of Japan in Saudi Arabia
Ambassade du Japon au Royaume du Maroc
Representative Office of Japan to Palestinian Authority
հայերեն
Armenian
ՀՀ-ում Ճապոնիայի Դեսպանություն
Azərbaycan dili
Azerbaijani
Embassy of Japan in Azerbaijan
Bosanski
/
Hrvatski
/
Српски
Bosnina / Croatian / Serbian
Ambasada Japana u Bosni i Hecegovini
Български
Bulgarian
Посолство на Япония в Република България
Česky
Czech
Velvyslanectví Japonska v ČR
Hrvatski
Croatian
Veleposlanstvo Japana u Hrvatskoj
Deutsch
German
Japanische Botschaft in Deutschland
Japanisches Generalkonsulat Düsseldorf
Japanisches Generalkonsulat Frankfurt
Japanisches Generalkonsulat Hamburg
Japanisches Generalkonsulat München
Japanische Botschaft in Liechtenstein
Japanische Botschaft in Österreich
Japanische Botschaft in der Schweiz
Español
Spanish
Embajada del Japón en la Argentina
Embajada del Japón en Bolivia
Oficina del Cónsul del Japón en Santa Cruz
Embajada del Japón en Chile
Embajada del Japón en Colombia
Embajada del Japón en Costa Rica
Embajada del Japón en Cuba
Embajada del Japón en Dominican Republic
Embajada del Japón en Ecuador
Embajada del Japón en El Salvador
Embajada del Japón en España
Consulado del Japón en Las Palmas
Consulado General del Japón en Barcelona
Embajada del Japón en Guatemala
Embajada del Japón en Honduras
Embajada del Japón en México
Consulado del Japón en León
Embajada del Japón en Nicaragua
Embajada del Japón en Panama
Embajada del Japón en Paraguay
Oficina Consular del Japón en Encarnación
Embajada del Japón en Peru
Embajada del Japón en Uruguay
Embajada del Japón en Venezuela
Eesti keel
Estonian
Jaapani Suursaatkond Eestis
Français
French
Ambassade du Japon en Algérie
Ambassade du Japon en Andorre
Ambassade du Japon au Benin
Ambassade du Japon au Burkina Faso
Ambassade du Japon au Burundi
Ambassade du Japon au Canada
Consulat Général du Japon à Montréal
Ambassade du Japon aux Comores
Ambassade du Japon en Cap Vert
Ambassade du Japon en République centrafricaine
Ambassade du Japon en Côte d'Ivoire
Ambassade du Japon à Djibouti
Ambassade du Japon en France
Consulat Général du Japon à Marseille
Consulat Général du Japon à Strasbourg
Bureau Consulaire du Japon à Lyon
Consulat du Japon à Geneve
Ambassade du Japon au Gabon
Ambassade du Japon en Guinee
Ambassade du Japon en Guinee Bissau
Ambassade du Japon en Guinée Equatoriale
Ambassade du Japon au Haïti
Ambassade du Japon au Luxembourg
Ambassade du Japon a Madagascar
Ambassade du Japon au Mali
Ambassade du Japon au Royaume du Maroc
Ambassade du Japon à Maurice
Ambassade du Japon à Monaco
Ambassade du Japon au Niger
Ambassade du Japon à Sao Tomé Principe
Ambassade du Japon au Senegal
Ambassade du Japon en République du Tchad
Ambassade du Japon au Togo
Ambassade du Japon en Tunisie
L'Ambassade du Japon en Mauritanie
L'Ambassade du Japon en Republique Democratique du Congo
L'Ambassade du Japon en Republique du Cameroun
L'Ambassade du Japon en Republique du Congo
Délégation permanente du Japon auprès de l'UNESCO
ქართული
Georgian
Embassy of Japan in Georgia
Αρχική Σελίδα
Greek
Embassy of Japan in Greece
Embassy of Japan in Cyprus
עברית
Hebrew
שגרירות יפן בישראל
Magyar
Hungarian
Magyarországi Japán Nagykövetség
Bahasa Indonesia
Indonesian
Kedutaan Besar Jepang di Indonesia
Konsulat Jenderal Jepang di Denpasar
Konsulat Jenderal Jepang di Surabaya
Kantor Konsuler Jepang di Makasar
Konsulat Jenderal Jepang di Medan
Italiano
Italian
Ambasciata del Giappone in Italia
Consolato Generale del Giappone in Milano
Ambasciata del Giappone presso San Marino
ລາວ
Lao language
Embassy of Japan in Lao PDR (a part of the site only)
Latviski
Latvian
Japānas vēstniecība Latvijā
Lietuviškai
Lithuanian
Embassy of Japan in Lithuania
Bahasa Melayu
Malaysian
Embassy of Malaysia in Japan
Монгол хэл
Mongolian
Embassy of Japan in Mongolia
Myanmar
Embassy of Japan in Myanmar
Norsk
Norwegian
Embassy of Japan in Norway
فارسي
Persian
Embassy of Japan in Iran
Polski
Polish
Ambasada Japonii w Polsce
Português
Portuguese
Embaixada do Japão na República de Angola
Embaixada do Japao em Moçambique
Embaixada do Japão em Portugal
Embaixada do Japão no Brasil
Consulado do Japão em Belém
Consulado Geral do Japão em Curitiba
Escritório Consular do Japão em Porto Alegre
Consulado Geral do Japão em Manaus
Consulado Geral do Japão em Recife
Consulado Geral do Japão no Rio de Janeiro
Consulado Geral do Japão em São Paulo
Русский
Russian
Посольство Японии в России
Генеральное Консульство Японии в Хабаровске
Генеральное консульство Японии в Санкт-Петербурге
Генеральное консульство Японии во Владивостоке
Генеральное консульство Японии в Южно-Сахалинске
Посольство Японии в Республике Беларусь
Посольство Японии в Республике Казахстан
Посольство Японии в Кыргызской Республике
Посольство Японии в Узбекистане
Посольство Японии в Таджикистане
Посольство Японии в Туркменистане
Limba Romana
Romanian
Ambasada Japoniei,Romania
slovenská verzia
Slovak
Vel'vyslanectvo Japonska v Slovenskej republike
Slovensko
Slovene
Veleposlaništvo Japonske v Sloveniji
Srpski
Serbian
Ambasada Japana u Srbiji
Ambasada Japana u Cronj Gori
Suomeksi
Finnish
Japanin Suomen-suurlähetystö
Svenska
Swedish
Japanska Ambassaden i Sverige
Tetum
Tetum
Embassy of Japan in Timor-Leste
Тоҷикӣ
Tajik
Сафорати Ҷопон дар Ҷумҳурии Тоҷикистон
ภาษาไทย
Thai
Embassy of Japan in Thailand
Consulate-General of Japan in Chiang Mai
Tiếng Việt
Vietnamese
Türkçe
Turkish
Tϋrkiye'deki Japonya Bϋyϋkelҫiliği'
Japonya İstanbul Başkonsolosluğu
Українська
Ukrainian
Посольство Японії в Україні"
216,Takeaki Matsumoto,2021-09-17,"September 17, 2021
The Ministry of Foreign Affairs of Japan currently disseminates information in the following languages through the websites of Japanese embassies and consulates.
Languages
Links
中文
Chinese
日本国驻华大使馆
日本国驻沈阳总领事馆常驻大连领事办公室
日本国驻广州总领事馆
在香港日本國總領事館
日本国驻上海总领事馆
日本国驻沈阳总领事馆
日本国驻重庆总领事馆
日本国驻青岛总领事馆
한국어
Korean
주대한민국일본국대사관
주부산일본국총영사관
주제주일본국총영사관
عربي
Arabic
Embassy of Japan in Bahrain
Embassy of Japan in Egypt
Embassy of Japan in Iraq
Embassy of Japan in the State of Kuwait
Embassy of Japan in Saudi Arabia
Ambassade du Japon au Royaume du Maroc
Representative Office of Japan to Palestinian Authority
հայերեն
Armenian
ՀՀ-ում Ճապոնիայի Դեսպանություն
Azərbaycan dili
Azerbaijani
Embassy of Japan in Azerbaijan
Bosanski
/
Hrvatski
/
Српски
Bosnina / Croatian / Serbian
Ambasada Japana u Bosni i Hecegovini
Български
Bulgarian
Посолство на Япония в Република България
Česky
Czech
Velvyslanectví Japonska v ČR
Hrvatski
Croatian
Veleposlanstvo Japana u Hrvatskoj
Deutsch
German
Japanische Botschaft in Deutschland
Japanisches Generalkonsulat Düsseldorf
Japanisches Generalkonsulat Frankfurt
Japanisches Generalkonsulat Hamburg
Japanisches Generalkonsulat München
Japanische Botschaft in Liechtenstein
Japanische Botschaft in Österreich
Japanische Botschaft in der Schweiz
Español
Spanish
Embajada del Japón en la Argentina
Embajada del Japón en Bolivia
Oficina del Cónsul del Japón en Santa Cruz
Embajada del Japón en Chile
Embajada del Japón en Colombia
Embajada del Japón en Costa Rica
Embajada del Japón en Cuba
Embajada del Japón en Dominican Republic
Embajada del Japón en Ecuador
Embajada del Japón en El Salvador
Embajada del Japón en España
Consulado del Japón en Las Palmas
Consulado General del Japón en Barcelona
Embajada del Japón en Guatemala
Embajada del Japón en Honduras
Embajada del Japón en México
Consulado del Japón en León
Embajada del Japón en Nicaragua
Embajada del Japón en Panama
Embajada del Japón en Paraguay
Oficina Consular del Japón en Encarnación
Embajada del Japón en Peru
Embajada del Japón en Uruguay
Embajada del Japón en Venezuela
Eesti keel
Estonian
Jaapani Suursaatkond Eestis
Français
French
Ambassade du Japon en Algérie
Ambassade du Japon en Andorre
Ambassade du Japon au Benin
Ambassade du Japon au Burkina Faso
Ambassade du Japon au Burundi
Ambassade du Japon au Canada
Consulat Général du Japon à Montréal
Ambassade du Japon aux Comores
Ambassade du Japon en Cap Vert
Ambassade du Japon en République centrafricaine
Ambassade du Japon en Côte d'Ivoire
Ambassade du Japon à Djibouti
Ambassade du Japon en France
Consulat Général du Japon à Marseille
Consulat Général du Japon à Strasbourg
Bureau Consulaire du Japon à Lyon
Consulat du Japon à Geneve
Ambassade du Japon au Gabon
Ambassade du Japon en Guinee
Ambassade du Japon en Guinee Bissau
Ambassade du Japon en Guinée Equatoriale
Ambassade du Japon au Haïti
Ambassade du Japon au Luxembourg
Ambassade du Japon a Madagascar
Ambassade du Japon au Mali
Ambassade du Japon au Royaume du Maroc
Ambassade du Japon à Maurice
Ambassade du Japon à Monaco
Ambassade du Japon au Niger
Ambassade du Japon à Sao Tomé Principe
Ambassade du Japon au Senegal
Ambassade du Japon en République du Tchad
Ambassade du Japon au Togo
Ambassade du Japon en Tunisie
L'Ambassade du Japon en Mauritanie
L'Ambassade du Japon en Republique Democratique du Congo
L'Ambassade du Japon en Republique du Cameroun
L'Ambassade du Japon en Republique du Congo
Délégation permanente du Japon auprès de l'UNESCO
ქართული
Georgian
Embassy of Japan in Georgia
Αρχική Σελίδα
Greek
Embassy of Japan in Greece
Embassy of Japan in Cyprus
עברית
Hebrew
שגרירות יפן בישראל
Magyar
Hungarian
Magyarországi Japán Nagykövetség
Bahasa Indonesia
Indonesian
Kedutaan Besar Jepang di Indonesia
Konsulat Jenderal Jepang di Denpasar
Konsulat Jenderal Jepang di Surabaya
Kantor Konsuler Jepang di Makasar
Konsulat Jenderal Jepang di Medan
Italiano
Italian
Ambasciata del Giappone in Italia
Consolato Generale del Giappone in Milano
Ambasciata del Giappone presso San Marino
ລາວ
Lao language
Embassy of Japan in Lao PDR (a part of the site only)
Latviski
Latvian
Japānas vēstniecība Latvijā
Lietuviškai
Lithuanian
Embassy of Japan in Lithuania
Bahasa Melayu
Malaysian
Embassy of Malaysia in Japan
Монгол хэл
Mongolian
Embassy of Japan in Mongolia
Myanmar
Embassy of Japan in Myanmar
Norsk
Norwegian
Embassy of Japan in Norway
فارسي
Persian
Embassy of Japan in Iran
Polski
Polish
Ambasada Japonii w Polsce
Português
Portuguese
Embaixada do Japão na República de Angola
Embaixada do Japao em Moçambique
Embaixada do Japão em Portugal
Embaixada do Japão no Brasil
Consulado do Japão em Belém
Consulado Geral do Japão em Curitiba
Escritório Consular do Japão em Porto Alegre
Consulado Geral do Japão em Manaus
Consulado Geral do Japão em Recife
Consulado Geral do Japão no Rio de Janeiro
Consulado Geral do Japão em São Paulo
Русский
Russian
Посольство Японии в России
Генеральное Консульство Японии в Хабаровске
Генеральное консульство Японии в Санкт-Петербурге
Генеральное консульство Японии во Владивостоке
Генеральное консульство Японии в Южно-Сахалинске
Посольство Японии в Республике Беларусь
Посольство Японии в Республике Казахстан
Посольство Японии в Кыргызской Республике
Посольство Японии в Узбекистане
Посольство Японии в Таджикистане
Посольство Японии в Туркменистане
Limba Romana
Romanian
Ambasada Japoniei,Romania
slovenská verzia
Slovak
Vel'vyslanectvo Japonska v Slovenskej republike
Slovensko
Slovene
Veleposlaništvo Japonske v Sloveniji
Srpski
Serbian
Ambasada Japana u Srbiji
Ambasada Japana u Cronj Gori
Suomeksi
Finnish
Japanin Suomen-suurlähetystö
Svenska
Swedish
Japanska Ambassaden i Sverige
Tetum
Tetum
Embassy of Japan in Timor-Leste
Тоҷикӣ
Tajik
Сафорати Ҷопон дар Ҷумҳурии Тоҷикистон
ภาษาไทย
Thai
Embassy of Japan in Thailand
Consulate-General of Japan in Chiang Mai
Tiếng Việt
Vietnamese
Türkçe
Turkish
Tϋrkiye'deki Japonya Bϋyϋkelҫiliği'
Japonya İstanbul Başkonsolosluğu
Українська
Ukrainian
Посольство Японії в Україні"
628,Nobutaka Machimura,2021-09-17,"September 17, 2021
The Ministry of Foreign Affairs of Japan currently disseminates information in the following languages through the websites of Japanese embassies and consulates.
Languages
Links
中文
Chinese
日本国驻华大使馆
日本国驻沈阳总领事馆常驻大连领事办公室
日本国驻广州总领事馆
在香港日本國總領事館
日本国驻上海总领事馆
日本国驻沈阳总领事馆
日本国驻重庆总领事馆
日本国驻青岛总领事馆
한국어
Korean
주대한민국일본국대사관
주부산일본국총영사관
주제주일본국총영사관
عربي
Arabic
Embassy of Japan in Bahrain
Embassy of Japan in Egypt
Embassy of Japan in Iraq
Embassy of Japan in the State of Kuwait
Embassy of Japan in Saudi Arabia
Ambassade du Japon au Royaume du Maroc
Representative Office of Japan to Palestinian Authority
հայերեն
Armenian
ՀՀ-ում Ճապոնիայի Դեսպանություն
Azərbaycan dili
Azerbaijani
Embassy of Japan in Azerbaijan
Bosanski
/
Hrvatski
/
Српски
Bosnina / Croatian / Serbian
Ambasada Japana u Bosni i Hecegovini
Български
Bulgarian
Посолство на Япония в Република България
Česky
Czech
Velvyslanectví Japonska v ČR
Hrvatski
Croatian
Veleposlanstvo Japana u Hrvatskoj
Deutsch
German
Japanische Botschaft in Deutschland
Japanisches Generalkonsulat Düsseldorf
Japanisches Generalkonsulat Frankfurt
Japanisches Generalkonsulat Hamburg
Japanisches Generalkonsulat München
Japanische Botschaft in Liechtenstein
Japanische Botschaft in Österreich
Japanische Botschaft in der Schweiz
Español
Spanish
Embajada del Japón en la Argentina
Embajada del Japón en Bolivia
Oficina del Cónsul del Japón en Santa Cruz
Embajada del Japón en Chile
Embajada del Japón en Colombia
Embajada del Japón en Costa Rica
Embajada del Japón en Cuba
Embajada del Japón en Dominican Republic
Embajada del Japón en Ecuador
Embajada del Japón en El Salvador
Embajada del Japón en España
Consulado del Japón en Las Palmas
Consulado General del Japón en Barcelona
Embajada del Japón en Guatemala
Embajada del Japón en Honduras
Embajada del Japón en México
Consulado del Japón en León
Embajada del Japón en Nicaragua
Embajada del Japón en Panama
Embajada del Japón en Paraguay
Oficina Consular del Japón en Encarnación
Embajada del Japón en Peru
Embajada del Japón en Uruguay
Embajada del Japón en Venezuela
Eesti keel
Estonian
Jaapani Suursaatkond Eestis
Français
French
Ambassade du Japon en Algérie
Ambassade du Japon en Andorre
Ambassade du Japon au Benin
Ambassade du Japon au Burkina Faso
Ambassade du Japon au Burundi
Ambassade du Japon au Canada
Consulat Général du Japon à Montréal
Ambassade du Japon aux Comores
Ambassade du Japon en Cap Vert
Ambassade du Japon en République centrafricaine
Ambassade du Japon en Côte d'Ivoire
Ambassade du Japon à Djibouti
Ambassade du Japon en France
Consulat Général du Japon à Marseille
Consulat Général du Japon à Strasbourg
Bureau Consulaire du Japon à Lyon
Consulat du Japon à Geneve
Ambassade du Japon au Gabon
Ambassade du Japon en Guinee
Ambassade du Japon en Guinee Bissau
Ambassade du Japon en Guinée Equatoriale
Ambassade du Japon au Haïti
Ambassade du Japon au Luxembourg
Ambassade du Japon a Madagascar
Ambassade du Japon au Mali
Ambassade du Japon au Royaume du Maroc
Ambassade du Japon à Maurice
Ambassade du Japon à Monaco
Ambassade du Japon au Niger
Ambassade du Japon à Sao Tomé Principe
Ambassade du Japon au Senegal
Ambassade du Japon en République du Tchad
Ambassade du Japon au Togo
Ambassade du Japon en Tunisie
L'Ambassade du Japon en Mauritanie
L'Ambassade du Japon en Republique Democratique du Congo
L'Ambassade du Japon en Republique du Cameroun
L'Ambassade du Japon en Republique du Congo
Délégation permanente du Japon auprès de l'UNESCO
ქართული
Georgian
Embassy of Japan in Georgia
Αρχική Σελίδα
Greek
Embassy of Japan in Greece
Embassy of Japan in Cyprus
עברית
Hebrew
שגרירות יפן בישראל
Magyar
Hungarian
Magyarországi Japán Nagykövetség
Bahasa Indonesia
Indonesian
Kedutaan Besar Jepang di Indonesia
Konsulat Jenderal Jepang di Denpasar
Konsulat Jenderal Jepang di Surabaya
Kantor Konsuler Jepang di Makasar
Konsulat Jenderal Jepang di Medan
Italiano
Italian
Ambasciata del Giappone in Italia
Consolato Generale del Giappone in Milano
Ambasciata del Giappone presso San Marino
ລາວ
Lao language
Embassy of Japan in Lao PDR (a part of the site only)
Latviski
Latvian
Japānas vēstniecība Latvijā
Lietuviškai
Lithuanian
Embassy of Japan in Lithuania
Bahasa Melayu
Malaysian
Embassy of Malaysia in Japan
Монгол хэл
Mongolian
Embassy of Japan in Mongolia
Myanmar
Embassy of Japan in Myanmar
Norsk
Norwegian
Embassy of Japan in Norway
فارسي
Persian
Embassy of Japan in Iran
Polski
Polish
Ambasada Japonii w Polsce
Português
Portuguese
Embaixada do Japão na República de Angola
Embaixada do Japao em Moçambique
Embaixada do Japão em Portugal
Embaixada do Japão no Brasil
Consulado do Japão em Belém
Consulado Geral do Japão em Curitiba
Escritório Consular do Japão em Porto Alegre
Consulado Geral do Japão em Manaus
Consulado Geral do Japão em Recife
Consulado Geral do Japão no Rio de Janeiro
Consulado Geral do Japão em São Paulo
Русский
Russian
Посольство Японии в России
Генеральное Консульство Японии в Хабаровске
Генеральное консульство Японии в Санкт-Петербурге
Генеральное консульство Японии во Владивостоке
Генеральное консульство Японии в Южно-Сахалинске
Посольство Японии в Республике Беларусь
Посольство Японии в Республике Казахстан
Посольство Японии в Кыргызской Республике
Посольство Японии в Узбекистане
Посольство Японии в Таджикистане
Посольство Японии в Туркменистане
Limba Romana
Romanian
Ambasada Japoniei,Romania
slovenská verzia
Slovak
Vel'vyslanectvo Japonska v Slovenskej republike
Slovensko
Slovene
Veleposlaništvo Japonske v Sloveniji
Srpski
Serbian
Ambasada Japana u Srbiji
Ambasada Japana u Cronj Gori
Suomeksi
Finnish
Japanin Suomen-suurlähetystö
Svenska
Swedish
Japanska Ambassaden i Sverige
Tetum
Tetum
Embassy of Japan in Timor-Leste
Тоҷикӣ
Tajik
Сафорати Ҷопон дар Ҷумҳурии Тоҷикистон
ภาษาไทย
Thai
Embassy of Japan in Thailand
Consulate-General of Japan in Chiang Mai
Tiếng Việt
Vietnamese
Türkçe
Turkish
Tϋrkiye'deki Japonya Bϋyϋkelҫiliği'
Japonya İstanbul Başkonsolosluğu
Українська
Ukrainian
Посольство Японії в Україні"
537,Taro Aso,2021-09-17,"September 17, 2021
The Ministry of Foreign Affairs of Japan currently disseminates information in the following languages through the websites of Japanese embassies and consulates.
Languages
Links
中文
Chinese
日本国驻华大使馆
日本国驻沈阳总领事馆常驻大连领事办公室
日本国驻广州总领事馆
在香港日本國總領事館
日本国驻上海总领事馆
日本国驻沈阳总领事馆
日本国驻重庆总领事馆
日本国驻青岛总领事馆
한국어
Korean
주대한민국일본국대사관
주부산일본국총영사관
주제주일본국총영사관
عربي
Arabic
Embassy of Japan in Bahrain
Embassy of Japan in Egypt
Embassy of Japan in Iraq
Embassy of Japan in the State of Kuwait
Embassy of Japan in Saudi Arabia
Ambassade du Japon au Royaume du Maroc
Representative Office of Japan to Palestinian Authority
հայերեն
Armenian
ՀՀ-ում Ճապոնիայի Դեսպանություն
Azərbaycan dili
Azerbaijani
Embassy of Japan in Azerbaijan
Bosanski
/
Hrvatski
/
Српски
Bosnina / Croatian / Serbian
Ambasada Japana u Bosni i Hecegovini
Български
Bulgarian
Посолство на Япония в Република България
Česky
Czech
Velvyslanectví Japonska v ČR
Hrvatski
Croatian
Veleposlanstvo Japana u Hrvatskoj
Deutsch
German
Japanische Botschaft in Deutschland
Japanisches Generalkonsulat Düsseldorf
Japanisches Generalkonsulat Frankfurt
Japanisches Generalkonsulat Hamburg
Japanisches Generalkonsulat München
Japanische Botschaft in Liechtenstein
Japanische Botschaft in Österreich
Japanische Botschaft in der Schweiz
Español
Spanish
Embajada del Japón en la Argentina
Embajada del Japón en Bolivia
Oficina del Cónsul del Japón en Santa Cruz
Embajada del Japón en Chile
Embajada del Japón en Colombia
Embajada del Japón en Costa Rica
Embajada del Japón en Cuba
Embajada del Japón en Dominican Republic
Embajada del Japón en Ecuador
Embajada del Japón en El Salvador
Embajada del Japón en España
Consulado del Japón en Las Palmas
Consulado General del Japón en Barcelona
Embajada del Japón en Guatemala
Embajada del Japón en Honduras
Embajada del Japón en México
Consulado del Japón en León
Embajada del Japón en Nicaragua
Embajada del Japón en Panama
Embajada del Japón en Paraguay
Oficina Consular del Japón en Encarnación
Embajada del Japón en Peru
Embajada del Japón en Uruguay
Embajada del Japón en Venezuela
Eesti keel
Estonian
Jaapani Suursaatkond Eestis
Français
French
Ambassade du Japon en Algérie
Ambassade du Japon en Andorre
Ambassade du Japon au Benin
Ambassade du Japon au Burkina Faso
Ambassade du Japon au Burundi
Ambassade du Japon au Canada
Consulat Général du Japon à Montréal
Ambassade du Japon aux Comores
Ambassade du Japon en Cap Vert
Ambassade du Japon en République centrafricaine
Ambassade du Japon en Côte d'Ivoire
Ambassade du Japon à Djibouti
Ambassade du Japon en France
Consulat Général du Japon à Marseille
Consulat Général du Japon à Strasbourg
Bureau Consulaire du Japon à Lyon
Consulat du Japon à Geneve
Ambassade du Japon au Gabon
Ambassade du Japon en Guinee
Ambassade du Japon en Guinee Bissau
Ambassade du Japon en Guinée Equatoriale
Ambassade du Japon au Haïti
Ambassade du Japon au Luxembourg
Ambassade du Japon a Madagascar
Ambassade du Japon au Mali
Ambassade du Japon au Royaume du Maroc
Ambassade du Japon à Maurice
Ambassade du Japon à Monaco
Ambassade du Japon au Niger
Ambassade du Japon à Sao Tomé Principe
Ambassade du Japon au Senegal
Ambassade du Japon en République du Tchad
Ambassade du Japon au Togo
Ambassade du Japon en Tunisie
L'Ambassade du Japon en Mauritanie
L'Ambassade du Japon en Republique Democratique du Congo
L'Ambassade du Japon en Republique du Cameroun
L'Ambassade du Japon en Republique du Congo
Délégation permanente du Japon auprès de l'UNESCO
ქართული
Georgian
Embassy of Japan in Georgia
Αρχική Σελίδα
Greek
Embassy of Japan in Greece
Embassy of Japan in Cyprus
עברית
Hebrew
שגרירות יפן בישראל
Magyar
Hungarian
Magyarországi Japán Nagykövetség
Bahasa Indonesia
Indonesian
Kedutaan Besar Jepang di Indonesia
Konsulat Jenderal Jepang di Denpasar
Konsulat Jenderal Jepang di Surabaya
Kantor Konsuler Jepang di Makasar
Konsulat Jenderal Jepang di Medan
Italiano
Italian
Ambasciata del Giappone in Italia
Consolato Generale del Giappone in Milano
Ambasciata del Giappone presso San Marino
ລາວ
Lao language
Embassy of Japan in Lao PDR (a part of the site only)
Latviski
Latvian
Japānas vēstniecība Latvijā
Lietuviškai
Lithuanian
Embassy of Japan in Lithuania
Bahasa Melayu
Malaysian
Embassy of Malaysia in Japan
Монгол хэл
Mongolian
Embassy of Japan in Mongolia
Myanmar
Embassy of Japan in Myanmar
Norsk
Norwegian
Embassy of Japan in Norway
فارسي
Persian
Embassy of Japan in Iran
Polski
Polish
Ambasada Japonii w Polsce
Português
Portuguese
Embaixada do Japão na República de Angola
Embaixada do Japao em Moçambique
Embaixada do Japão em Portugal
Embaixada do Japão no Brasil
Consulado do Japão em Belém
Consulado Geral do Japão em Curitiba
Escritório Consular do Japão em Porto Alegre
Consulado Geral do Japão em Manaus
Consulado Geral do Japão em Recife
Consulado Geral do Japão no Rio de Janeiro
Consulado Geral do Japão em São Paulo
Русский
Russian
Посольство Японии в России
Генеральное Консульство Японии в Хабаровске
Генеральное консульство Японии в Санкт-Петербурге
Генеральное консульство Японии во Владивостоке
Генеральное консульство Японии в Южно-Сахалинске
Посольство Японии в Республике Беларусь
Посольство Японии в Республике Казахстан
Посольство Японии в Кыргызской Республике
Посольство Японии в Узбекистане
Посольство Японии в Таджикистане
Посольство Японии в Туркменистане
Limba Romana
Romanian
Ambasada Japoniei,Romania
slovenská verzia
Slovak
Vel'vyslanectvo Japonska v Slovenskej republike
Slovensko
Slovene
Veleposlaništvo Japonske v Sloveniji
Srpski
Serbian
Ambasada Japana u Srbiji
Ambasada Japana u Cronj Gori
Suomeksi
Finnish
Japanin Suomen-suurlähetystö
Svenska
Swedish
Japanska Ambassaden i Sverige
Tetum
Tetum
Embassy of Japan in Timor-Leste
Тоҷикӣ
Tajik
Сафорати Ҷопон дар Ҷумҳурии Тоҷикистон
ภาษาไทย
Thai
Embassy of Japan in Thailand
Consulate-General of Japan in Chiang Mai
Tiếng Việt
Vietnamese
Türkçe
Turkish
Tϋrkiye'deki Japonya Bϋyϋkelҫiliği'
Japonya İstanbul Başkonsolosluğu
Українська
Ukrainian
Посольство Японії в Україні"
122,Koichiro Gemba,2021-09-17,"September 17, 2021
The Ministry of Foreign Affairs of Japan currently disseminates information in the following languages through the websites of Japanese embassies and consulates.
Languages
Links
中文
Chinese
日本国驻华大使馆
日本国驻沈阳总领事馆常驻大连领事办公室
日本国驻广州总领事馆
在香港日本國總領事館
日本国驻上海总领事馆
日本国驻沈阳总领事馆
日本国驻重庆总领事馆
日本国驻青岛总领事馆
한국어
Korean
주대한민국일본국대사관
주부산일본국총영사관
주제주일본국총영사관
عربي
Arabic
Embassy of Japan in Bahrain
Embassy of Japan in Egypt
Embassy of Japan in Iraq
Embassy of Japan in the State of Kuwait
Embassy of Japan in Saudi Arabia
Ambassade du Japon au Royaume du Maroc
Representative Office of Japan to Palestinian Authority
հայերեն
Armenian
ՀՀ-ում Ճապոնիայի Դեսպանություն
Azərbaycan dili
Azerbaijani
Embassy of Japan in Azerbaijan
Bosanski
/
Hrvatski
/
Српски
Bosnina / Croatian / Serbian
Ambasada Japana u Bosni i Hecegovini
Български
Bulgarian
Посолство на Япония в Република България
Česky
Czech
Velvyslanectví Japonska v ČR
Hrvatski
Croatian
Veleposlanstvo Japana u Hrvatskoj
Deutsch
German
Japanische Botschaft in Deutschland
Japanisches Generalkonsulat Düsseldorf
Japanisches Generalkonsulat Frankfurt
Japanisches Generalkonsulat Hamburg
Japanisches Generalkonsulat München
Japanische Botschaft in Liechtenstein
Japanische Botschaft in Österreich
Japanische Botschaft in der Schweiz
Español
Spanish
Embajada del Japón en la Argentina
Embajada del Japón en Bolivia
Oficina del Cónsul del Japón en Santa Cruz
Embajada del Japón en Chile
Embajada del Japón en Colombia
Embajada del Japón en Costa Rica
Embajada del Japón en Cuba
Embajada del Japón en Dominican Republic
Embajada del Japón en Ecuador
Embajada del Japón en El Salvador
Embajada del Japón en España
Consulado del Japón en Las Palmas
Consulado General del Japón en Barcelona
Embajada del Japón en Guatemala
Embajada del Japón en Honduras
Embajada del Japón en México
Consulado del Japón en León
Embajada del Japón en Nicaragua
Embajada del Japón en Panama
Embajada del Japón en Paraguay
Oficina Consular del Japón en Encarnación
Embajada del Japón en Peru
Embajada del Japón en Uruguay
Embajada del Japón en Venezuela
Eesti keel
Estonian
Jaapani Suursaatkond Eestis
Français
French
Ambassade du Japon en Algérie
Ambassade du Japon en Andorre
Ambassade du Japon au Benin
Ambassade du Japon au Burkina Faso
Ambassade du Japon au Burundi
Ambassade du Japon au Canada
Consulat Général du Japon à Montréal
Ambassade du Japon aux Comores
Ambassade du Japon en Cap Vert
Ambassade du Japon en République centrafricaine
Ambassade du Japon en Côte d'Ivoire
Ambassade du Japon à Djibouti
Ambassade du Japon en France
Consulat Général du Japon à Marseille
Consulat Général du Japon à Strasbourg
Bureau Consulaire du Japon à Lyon
Consulat du Japon à Geneve
Ambassade du Japon au Gabon
Ambassade du Japon en Guinee
Ambassade du Japon en Guinee Bissau
Ambassade du Japon en Guinée Equatoriale
Ambassade du Japon au Haïti
Ambassade du Japon au Luxembourg
Ambassade du Japon a Madagascar
Ambassade du Japon au Mali
Ambassade du Japon au Royaume du Maroc
Ambassade du Japon à Maurice
Ambassade du Japon à Monaco
Ambassade du Japon au Niger
Ambassade du Japon à Sao Tomé Principe
Ambassade du Japon au Senegal
Ambassade du Japon en République du Tchad
Ambassade du Japon au Togo
Ambassade du Japon en Tunisie
L'Ambassade du Japon en Mauritanie
L'Ambassade du Japon en Republique Democratique du Congo
L'Ambassade du Japon en Republique du Cameroun
L'Ambassade du Japon en Republique du Congo
Délégation permanente du Japon auprès de l'UNESCO
ქართული
Georgian
Embassy of Japan in Georgia
Αρχική Σελίδα
Greek
Embassy of Japan in Greece
Embassy of Japan in Cyprus
עברית
Hebrew
שגרירות יפן בישראל
Magyar
Hungarian
Magyarországi Japán Nagykövetség
Bahasa Indonesia
Indonesian
Kedutaan Besar Jepang di Indonesia
Konsulat Jenderal Jepang di Denpasar
Konsulat Jenderal Jepang di Surabaya
Kantor Konsuler Jepang di Makasar
Konsulat Jenderal Jepang di Medan
Italiano
Italian
Ambasciata del Giappone in Italia
Consolato Generale del Giappone in Milano
Ambasciata del Giappone presso San Marino
ລາວ
Lao language
Embassy of Japan in Lao PDR (a part of the site only)
Latviski
Latvian
Japānas vēstniecība Latvijā
Lietuviškai
Lithuanian
Embassy of Japan in Lithuania
Bahasa Melayu
Malaysian
Embassy of Malaysia in Japan
Монгол хэл
Mongolian
Embassy of Japan in Mongolia
Myanmar
Embassy of Japan in Myanmar
Norsk
Norwegian
Embassy of Japan in Norway
فارسي
Persian
Embassy of Japan in Iran
Polski
Polish
Ambasada Japonii w Polsce
Português
Portuguese
Embaixada do Japão na República de Angola
Embaixada do Japao em Moçambique
Embaixada do Japão em Portugal
Embaixada do Japão no Brasil
Consulado do Japão em Belém
Consulado Geral do Japão em Curitiba
Escritório Consular do Japão em Porto Alegre
Consulado Geral do Japão em Manaus
Consulado Geral do Japão em Recife
Consulado Geral do Japão no Rio de Janeiro
Consulado Geral do Japão em São Paulo
Русский
Russian
Посольство Японии в России
Генеральное Консульство Японии в Хабаровске
Генеральное консульство Японии в Санкт-Петербурге
Генеральное консульство Японии во Владивостоке
Генеральное консульство Японии в Южно-Сахалинске
Посольство Японии в Республике Беларусь
Посольство Японии в Республике Казахстан
Посольство Японии в Кыргызской Республике
Посольство Японии в Узбекистане
Посольство Японии в Таджикистане
Посольство Японии в Туркменистане
Limba Romana
Romanian
Ambasada Japoniei,Romania
slovenská verzia
Slovak
Vel'vyslanectvo Japonska v Slovenskej republike
Slovensko
Slovene
Veleposlaništvo Japonske v Sloveniji
Srpski
Serbian
Ambasada Japana u Srbiji
Ambasada Japana u Cronj Gori
Suomeksi
Finnish
Japanin Suomen-suurlähetystö
Svenska
Swedish
Japanska Ambassaden i Sverige
Tetum
Tetum
Embassy of Japan in Timor-Leste
Тоҷикӣ
Tajik
Сафорати Ҷопон дар Ҷумҳурии Тоҷикистон
ภาษาไทย
Thai
Embassy of Japan in Thailand
Consulate-General of Japan in Chiang Mai
Tiếng Việt
Vietnamese
Türkçe
Turkish
Tϋrkiye'deki Japonya Bϋyϋkelҫiliği'
Japonya İstanbul Başkonsolosluğu
Українська
Ukrainian
Посольство Японії в Україні"
362,Hirofumi Nakasone,2021-09-17,"September 17, 2021
The Ministry of Foreign Affairs of Japan currently disseminates information in the following languages through the websites of Japanese embassies and consulates.
Languages
Links
中文
Chinese
日本国驻华大使馆
日本国驻沈阳总领事馆常驻大连领事办公室
日本国驻广州总领事馆
在香港日本國總領事館
日本国驻上海总领事馆
日本国驻沈阳总领事馆
日本国驻重庆总领事馆
日本国驻青岛总领事馆
한국어
Korean
주대한민국일본국대사관
주부산일본국총영사관
주제주일본국총영사관
عربي
Arabic
Embassy of Japan in Bahrain
Embassy of Japan in Egypt
Embassy of Japan in Iraq
Embassy of Japan in the State of Kuwait
Embassy of Japan in Saudi Arabia
Ambassade du Japon au Royaume du Maroc
Representative Office of Japan to Palestinian Authority
հայերեն
Armenian
ՀՀ-ում Ճապոնիայի Դեսպանություն
Azərbaycan dili
Azerbaijani
Embassy of Japan in Azerbaijan
Bosanski
/
Hrvatski
/
Српски
Bosnina / Croatian / Serbian
Ambasada Japana u Bosni i Hecegovini
Български
Bulgarian
Посолство на Япония в Република България
Česky
Czech
Velvyslanectví Japonska v ČR
Hrvatski
Croatian
Veleposlanstvo Japana u Hrvatskoj
Deutsch
German
Japanische Botschaft in Deutschland
Japanisches Generalkonsulat Düsseldorf
Japanisches Generalkonsulat Frankfurt
Japanisches Generalkonsulat Hamburg
Japanisches Generalkonsulat München
Japanische Botschaft in Liechtenstein
Japanische Botschaft in Österreich
Japanische Botschaft in der Schweiz
Español
Spanish
Embajada del Japón en la Argentina
Embajada del Japón en Bolivia
Oficina del Cónsul del Japón en Santa Cruz
Embajada del Japón en Chile
Embajada del Japón en Colombia
Embajada del Japón en Costa Rica
Embajada del Japón en Cuba
Embajada del Japón en Dominican Republic
Embajada del Japón en Ecuador
Embajada del Japón en El Salvador
Embajada del Japón en España
Consulado del Japón en Las Palmas
Consulado General del Japón en Barcelona
Embajada del Japón en Guatemala
Embajada del Japón en Honduras
Embajada del Japón en México
Consulado del Japón en León
Embajada del Japón en Nicaragua
Embajada del Japón en Panama
Embajada del Japón en Paraguay
Oficina Consular del Japón en Encarnación
Embajada del Japón en Peru
Embajada del Japón en Uruguay
Embajada del Japón en Venezuela
Eesti keel
Estonian
Jaapani Suursaatkond Eestis
Français
French
Ambassade du Japon en Algérie
Ambassade du Japon en Andorre
Ambassade du Japon au Benin
Ambassade du Japon au Burkina Faso
Ambassade du Japon au Burundi
Ambassade du Japon au Canada
Consulat Général du Japon à Montréal
Ambassade du Japon aux Comores
Ambassade du Japon en Cap Vert
Ambassade du Japon en République centrafricaine
Ambassade du Japon en Côte d'Ivoire
Ambassade du Japon à Djibouti
Ambassade du Japon en France
Consulat Général du Japon à Marseille
Consulat Général du Japon à Strasbourg
Bureau Consulaire du Japon à Lyon
Consulat du Japon à Geneve
Ambassade du Japon au Gabon
Ambassade du Japon en Guinee
Ambassade du Japon en Guinee Bissau
Ambassade du Japon en Guinée Equatoriale
Ambassade du Japon au Haïti
Ambassade du Japon au Luxembourg
Ambassade du Japon a Madagascar
Ambassade du Japon au Mali
Ambassade du Japon au Royaume du Maroc
Ambassade du Japon à Maurice
Ambassade du Japon à Monaco
Ambassade du Japon au Niger
Ambassade du Japon à Sao Tomé Principe
Ambassade du Japon au Senegal
Ambassade du Japon en République du Tchad
Ambassade du Japon au Togo
Ambassade du Japon en Tunisie
L'Ambassade du Japon en Mauritanie
L'Ambassade du Japon en Republique Democratique du Congo
L'Ambassade du Japon en Republique du Cameroun
L'Ambassade du Japon en Republique du Congo
Délégation permanente du Japon auprès de l'UNESCO
ქართული
Georgian
Embassy of Japan in Georgia
Αρχική Σελίδα
Greek
Embassy of Japan in Greece
Embassy of Japan in Cyprus
עברית
Hebrew
שגרירות יפן בישראל
Magyar
Hungarian
Magyarországi Japán Nagykövetség
Bahasa Indonesia
Indonesian
Kedutaan Besar Jepang di Indonesia
Konsulat Jenderal Jepang di Denpasar
Konsulat Jenderal Jepang di Surabaya
Kantor Konsuler Jepang di Makasar
Konsulat Jenderal Jepang di Medan
Italiano
Italian
Ambasciata del Giappone in Italia
Consolato Generale del Giappone in Milano
Ambasciata del Giappone presso San Marino
ລາວ
Lao language
Embassy of Japan in Lao PDR (a part of the site only)
Latviski
Latvian
Japānas vēstniecība Latvijā
Lietuviškai
Lithuanian
Embassy of Japan in Lithuania
Bahasa Melayu
Malaysian
Embassy of Malaysia in Japan
Монгол хэл
Mongolian
Embassy of Japan in Mongolia
Myanmar
Embassy of Japan in Myanmar
Norsk
Norwegian
Embassy of Japan in Norway
فارسي
Persian
Embassy of Japan in Iran
Polski
Polish
Ambasada Japonii w Polsce
Português
Portuguese
Embaixada do Japão na República de Angola
Embaixada do Japao em Moçambique
Embaixada do Japão em Portugal
Embaixada do Japão no Brasil
Consulado do Japão em Belém
Consulado Geral do Japão em Curitiba
Escritório Consular do Japão em Porto Alegre
Consulado Geral do Japão em Manaus
Consulado Geral do Japão em Recife
Consulado Geral do Japão no Rio de Janeiro
Consulado Geral do Japão em São Paulo
Русский
Russian
Посольство Японии в России
Генеральное Консульство Японии в Хабаровске
Генеральное консульство Японии в Санкт-Петербурге
Генеральное консульство Японии во Владивостоке
Генеральное консульство Японии в Южно-Сахалинске
Посольство Японии в Республике Беларусь
Посольство Японии в Республике Казахстан
Посольство Японии в Кыргызской Республике
Посольство Японии в Узбекистане
Посольство Японии в Таджикистане
Посольство Японии в Туркменистане
Limba Romana
Romanian
Ambasada Japoniei,Romania
slovenská verzia
Slovak
Vel'vyslanectvo Japonska v Slovenskej republike
Slovensko
Slovene
Veleposlaništvo Japonske v Sloveniji
Srpski
Serbian
Ambasada Japana u Srbiji
Ambasada Japana u Cronj Gori
Suomeksi
Finnish
Japanin Suomen-suurlähetystö
Svenska
Swedish
Japanska Ambassaden i Sverige
Tetum
Tetum
Embassy of Japan in Timor-Leste
Тоҷикӣ
Tajik
Сафорати Ҷопон дар Ҷумҳурии Тоҷикистон
ภาษาไทย
Thai
Embassy of Japan in Thailand
Consulate-General of Japan in Chiang Mai
Tiếng Việt
Vietnamese
Türkçe
Turkish
Tϋrkiye'deki Japonya Bϋyϋkelҫiliği'
Japonya İstanbul Başkonsolosluğu
Українська
Ukrainian
Посольство Японії в Україні"
429,Hirofumi Nakasone,2021-09-29,"September 29, 2021
Japanese
Minister for Foreign Affairs
State Minister for Foreign Affairs
Parliamentary Vice-Minister for Foreign Affairs
Vice-Minister for Foreign Affairs
Secretary to the Minister for Foreign Affairs
Deputy Minister for Foreign Affairs
Minister's Secretariat
Chief of Protocol
Press Secretary/Director-General for Press and Public Diplomacy
Foreign Policy Bureau
Disarmament, Non-proliferation and Science Department
Asian and Oceanian Affairs Bureau
Southeast and Southwest Asian Affairs Department
North American Affairs Bureau
Latin American and Caribbean Affairs Bureau
European Affairs Bureau
Middle Eastern and African Affairs Bureau
African Affairs Department
Economic Affairs Bureau
International Cooperation Bureau
Global Issues
International Legal Affairs Bureau
Consular Affairs Bureau
Intelligence and Analysis Service
Foreign Service Training Institute, Ministry of Foreign Affairs"
12,Current Foreign Minister,2021-09-29,"September 29, 2021
Japanese
Minister for Foreign Affairs
State Minister for Foreign Affairs
Parliamentary Vice-Minister for Foreign Affairs
Vice-Minister for Foreign Affairs
Secretary to the Minister for Foreign Affairs
Deputy Minister for Foreign Affairs
Minister's Secretariat
Chief of Protocol
Press Secretary/Director-General for Press and Public Diplomacy
Foreign Policy Bureau
Disarmament, Non-proliferation and Science Department
Asian and Oceanian Affairs Bureau
Southeast and Southwest Asian Affairs Department
North American Affairs Bureau
Latin American and Caribbean Affairs Bureau
European Affairs Bureau
Middle Eastern and African Affairs Bureau
African Affairs Department
Economic Affairs Bureau
International Cooperation Bureau
Global Issues
International Legal Affairs Bureau
Consular Affairs Bureau
Intelligence and Analysis Service
Foreign Service Training Institute, Ministry of Foreign Affairs"
687,Nobutaka Machimura,2021-09-29,"September 29, 2021
Japanese
Minister for Foreign Affairs
State Minister for Foreign Affairs
Parliamentary Vice-Minister for Foreign Affairs
Vice-Minister for Foreign Affairs
Secretary to the Minister for Foreign Affairs
Deputy Minister for Foreign Affairs
Minister's Secretariat
Chief of Protocol
Press Secretary/Director-General for Press and Public Diplomacy
Foreign Policy Bureau
Disarmament, Non-proliferation and Science Department
Asian and Oceanian Affairs Bureau
Southeast and Southwest Asian Affairs Department
North American Affairs Bureau
Latin American and Caribbean Affairs Bureau
European Affairs Bureau
Middle Eastern and African Affairs Bureau
African Affairs Department
Economic Affairs Bureau
International Cooperation Bureau
Global Issues
International Legal Affairs Bureau
Consular Affairs Bureau
Intelligence and Analysis Service
Foreign Service Training Institute, Ministry of Foreign Affairs"
502,Masahiko Koumura,2021-09-29,"September 29, 2021
Japanese
Minister for Foreign Affairs
State Minister for Foreign Affairs
Parliamentary Vice-Minister for Foreign Affairs
Vice-Minister for Foreign Affairs
Secretary to the Minister for Foreign Affairs
Deputy Minister for Foreign Affairs
Minister's Secretariat
Chief of Protocol
Press Secretary/Director-General for Press and Public Diplomacy
Foreign Policy Bureau
Disarmament, Non-proliferation and Science Department
Asian and Oceanian Affairs Bureau
Southeast and Southwest Asian Affairs Department
North American Affairs Bureau
Latin American and Caribbean Affairs Bureau
European Affairs Bureau
Middle Eastern and African Affairs Bureau
African Affairs Department
Economic Affairs Bureau
International Cooperation Bureau
Global Issues
International Legal Affairs Bureau
Consular Affairs Bureau
Intelligence and Analysis Service
Foreign Service Training Institute, Ministry of Foreign Affairs"
522,Nobutaka Machimura,2021-09-29,"September 29, 2021
Japanese
Minister for Foreign Affairs
State Minister for Foreign Affairs
Parliamentary Vice-Minister for Foreign Affairs
Vice-Minister for Foreign Affairs
Secretary to the Minister for Foreign Affairs
Deputy Minister for Foreign Affairs
Minister's Secretariat
Chief of Protocol
Press Secretary/Director-General for Press and Public Diplomacy
Foreign Policy Bureau
Disarmament, Non-proliferation and Science Department
Asian and Oceanian Affairs Bureau
Southeast and Southwest Asian Affairs Department
North American Affairs Bureau
Latin American and Caribbean Affairs Bureau
European Affairs Bureau
Middle Eastern and African Affairs Bureau
African Affairs Department
Economic Affairs Bureau
International Cooperation Bureau
Global Issues
International Legal Affairs Bureau
Consular Affairs Bureau
Intelligence and Analysis Service
Foreign Service Training Institute, Ministry of Foreign Affairs"
981,Yohei Kono,2021-09-29,"September 29, 2021
Japanese
Minister for Foreign Affairs
State Minister for Foreign Affairs
Parliamentary Vice-Minister for Foreign Affairs
Vice-Minister for Foreign Affairs
Secretary to the Minister for Foreign Affairs
Deputy Minister for Foreign Affairs
Minister's Secretariat
Chief of Protocol
Press Secretary/Director-General for Press and Public Diplomacy
Foreign Policy Bureau
Disarmament, Non-proliferation and Science Department
Asian and Oceanian Affairs Bureau
Southeast and Southwest Asian Affairs Department
North American Affairs Bureau
Latin American and Caribbean Affairs Bureau
European Affairs Bureau
Middle Eastern and African Affairs Bureau
African Affairs Department
Economic Affairs Bureau
International Cooperation Bureau
Global Issues
International Legal Affairs Bureau
Consular Affairs Bureau
Intelligence and Analysis Service
Foreign Service Training Institute, Ministry of Foreign Affairs"
45,Taro Kono,2021-09-29,"September 29, 2021
Japanese
Minister for Foreign Affairs
State Minister for Foreign Affairs
Parliamentary Vice-Minister for Foreign Affairs
Vice-Minister for Foreign Affairs
Secretary to the Minister for Foreign Affairs
Deputy Minister for Foreign Affairs
Minister's Secretariat
Chief of Protocol
Press Secretary/Director-General for Press and Public Diplomacy
Foreign Policy Bureau
Disarmament, Non-proliferation and Science Department
Asian and Oceanian Affairs Bureau
Southeast and Southwest Asian Affairs Department
North American Affairs Bureau
Latin American and Caribbean Affairs Bureau
European Affairs Bureau
Middle Eastern and African Affairs Bureau
African Affairs Department
Economic Affairs Bureau
International Cooperation Bureau
Global Issues
International Legal Affairs Bureau
Consular Affairs Bureau
Intelligence and Analysis Service
Foreign Service Training Institute, Ministry of Foreign Affairs"
347,Katsuya Okada,2021-09-29,"September 29, 2021
Japanese
Minister for Foreign Affairs
State Minister for Foreign Affairs
Parliamentary Vice-Minister for Foreign Affairs
Vice-Minister for Foreign Affairs
Secretary to the Minister for Foreign Affairs
Deputy Minister for Foreign Affairs
Minister's Secretariat
Chief of Protocol
Press Secretary/Director-General for Press and Public Diplomacy
Foreign Policy Bureau
Disarmament, Non-proliferation and Science Department
Asian and Oceanian Affairs Bureau
Southeast and Southwest Asian Affairs Department
North American Affairs Bureau
Latin American and Caribbean Affairs Bureau
European Affairs Bureau
Middle Eastern and African Affairs Bureau
African Affairs Department
Economic Affairs Bureau
International Cooperation Bureau
Global Issues
International Legal Affairs Bureau
Consular Affairs Bureau
Intelligence and Analysis Service
Foreign Service Training Institute, Ministry of Foreign Affairs"
906,Yoriko Kawaguchi,2021-09-29,"September 29, 2021
Japanese
Minister for Foreign Affairs
State Minister for Foreign Affairs
Parliamentary Vice-Minister for Foreign Affairs
Vice-Minister for Foreign Affairs
Secretary to the Minister for Foreign Affairs
Deputy Minister for Foreign Affairs
Minister's Secretariat
Chief of Protocol
Press Secretary/Director-General for Press and Public Diplomacy
Foreign Policy Bureau
Disarmament, Non-proliferation and Science Department
Asian and Oceanian Affairs Bureau
Southeast and Southwest Asian Affairs Department
North American Affairs Bureau
Latin American and Caribbean Affairs Bureau
European Affairs Bureau
Middle Eastern and African Affairs Bureau
African Affairs Department
Economic Affairs Bureau
International Cooperation Bureau
Global Issues
International Legal Affairs Bureau
Consular Affairs Bureau
Intelligence and Analysis Service
Foreign Service Training Institute, Ministry of Foreign Affairs"
289,Seiji Maehara,2021-09-29,"September 29, 2021
Japanese
Minister for Foreign Affairs
State Minister for Foreign Affairs
Parliamentary Vice-Minister for Foreign Affairs
Vice-Minister for Foreign Affairs
Secretary to the Minister for Foreign Affairs
Deputy Minister for Foreign Affairs
Minister's Secretariat
Chief of Protocol
Press Secretary/Director-General for Press and Public Diplomacy
Foreign Policy Bureau
Disarmament, Non-proliferation and Science Department
Asian and Oceanian Affairs Bureau
Southeast and Southwest Asian Affairs Department
North American Affairs Bureau
Latin American and Caribbean Affairs Bureau
European Affairs Bureau
Middle Eastern and African Affairs Bureau
African Affairs Department
Economic Affairs Bureau
International Cooperation Bureau
Global Issues
International Legal Affairs Bureau
Consular Affairs Bureau
Intelligence and Analysis Service
Foreign Service Training Institute, Ministry of Foreign Affairs"
244,Takeaki Matsumoto,2021-09-29,"September 29, 2021
Japanese
Minister for Foreign Affairs
State Minister for Foreign Affairs
Parliamentary Vice-Minister for Foreign Affairs
Vice-Minister for Foreign Affairs
Secretary to the Minister for Foreign Affairs
Deputy Minister for Foreign Affairs
Minister's Secretariat
Chief of Protocol
Press Secretary/Director-General for Press and Public Diplomacy
Foreign Policy Bureau
Disarmament, Non-proliferation and Science Department
Asian and Oceanian Affairs Bureau
Southeast and Southwest Asian Affairs Department
North American Affairs Bureau
Latin American and Caribbean Affairs Bureau
European Affairs Bureau
Middle Eastern and African Affairs Bureau
African Affairs Department
Economic Affairs Bureau
International Cooperation Bureau
Global Issues
International Legal Affairs Bureau
Consular Affairs Bureau
Intelligence and Analysis Service
Foreign Service Training Institute, Ministry of Foreign Affairs"
945,Makiko Tanaka,2021-09-29,"September 29, 2021
Japanese
Minister for Foreign Affairs
State Minister for Foreign Affairs
Parliamentary Vice-Minister for Foreign Affairs
Vice-Minister for Foreign Affairs
Secretary to the Minister for Foreign Affairs
Deputy Minister for Foreign Affairs
Minister's Secretariat
Chief of Protocol
Press Secretary/Director-General for Press and Public Diplomacy
Foreign Policy Bureau
Disarmament, Non-proliferation and Science Department
Asian and Oceanian Affairs Bureau
Southeast and Southwest Asian Affairs Department
North American Affairs Bureau
Latin American and Caribbean Affairs Bureau
European Affairs Bureau
Middle Eastern and African Affairs Bureau
African Affairs Department
Economic Affairs Bureau
International Cooperation Bureau
Global Issues
International Legal Affairs Bureau
Consular Affairs Bureau
Intelligence and Analysis Service
Foreign Service Training Institute, Ministry of Foreign Affairs"
107,Fumio Kishida,2021-09-29,"September 29, 2021
Japanese
Minister for Foreign Affairs
State Minister for Foreign Affairs
Parliamentary Vice-Minister for Foreign Affairs
Vice-Minister for Foreign Affairs
Secretary to the Minister for Foreign Affairs
Deputy Minister for Foreign Affairs
Minister's Secretariat
Chief of Protocol
Press Secretary/Director-General for Press and Public Diplomacy
Foreign Policy Bureau
Disarmament, Non-proliferation and Science Department
Asian and Oceanian Affairs Bureau
Southeast and Southwest Asian Affairs Department
North American Affairs Bureau
Latin American and Caribbean Affairs Bureau
European Affairs Bureau
Middle Eastern and African Affairs Bureau
African Affairs Department
Economic Affairs Bureau
International Cooperation Bureau
Global Issues
International Legal Affairs Bureau
Consular Affairs Bureau
Intelligence and Analysis Service
Foreign Service Training Institute, Ministry of Foreign Affairs"
201,Koichiro Gemba,2021-09-29,"September 29, 2021
Japanese
Minister for Foreign Affairs
State Minister for Foreign Affairs
Parliamentary Vice-Minister for Foreign Affairs
Vice-Minister for Foreign Affairs
Secretary to the Minister for Foreign Affairs
Deputy Minister for Foreign Affairs
Minister's Secretariat
Chief of Protocol
Press Secretary/Director-General for Press and Public Diplomacy
Foreign Policy Bureau
Disarmament, Non-proliferation and Science Department
Asian and Oceanian Affairs Bureau
Southeast and Southwest Asian Affairs Department
North American Affairs Bureau
Latin American and Caribbean Affairs Bureau
European Affairs Bureau
Middle Eastern and African Affairs Bureau
African Affairs Department
Economic Affairs Bureau
International Cooperation Bureau
Global Issues
International Legal Affairs Bureau
Consular Affairs Bureau
Intelligence and Analysis Service
Foreign Service Training Institute, Ministry of Foreign Affairs"
1007,Masahiko Koumura,2021-09-29,"September 29, 2021
Japanese
Minister for Foreign Affairs
State Minister for Foreign Affairs
Parliamentary Vice-Minister for Foreign Affairs
Vice-Minister for Foreign Affairs
Secretary to the Minister for Foreign Affairs
Deputy Minister for Foreign Affairs
Minister's Secretariat
Chief of Protocol
Press Secretary/Director-General for Press and Public Diplomacy
Foreign Policy Bureau
Disarmament, Non-proliferation and Science Department
Asian and Oceanian Affairs Bureau
Southeast and Southwest Asian Affairs Department
North American Affairs Bureau
Latin American and Caribbean Affairs Bureau
European Affairs Bureau
Middle Eastern and African Affairs Bureau
African Affairs Department
Economic Affairs Bureau
International Cooperation Bureau
Global Issues
International Legal Affairs Bureau
Consular Affairs Bureau
Intelligence and Analysis Service
Foreign Service Training Institute, Ministry of Foreign Affairs"
613,Taro Aso,2021-09-29,"September 29, 2021
Japanese
Minister for Foreign Affairs
State Minister for Foreign Affairs
Parliamentary Vice-Minister for Foreign Affairs
Vice-Minister for Foreign Affairs
Secretary to the Minister for Foreign Affairs
Deputy Minister for Foreign Affairs
Minister's Secretariat
Chief of Protocol
Press Secretary/Director-General for Press and Public Diplomacy
Foreign Policy Bureau
Disarmament, Non-proliferation and Science Department
Asian and Oceanian Affairs Bureau
Southeast and Southwest Asian Affairs Department
North American Affairs Bureau
Latin American and Caribbean Affairs Bureau
European Affairs Bureau
Middle Eastern and African Affairs Bureau
African Affairs Department
Economic Affairs Bureau
International Cooperation Bureau
Global Issues
International Legal Affairs Bureau
Consular Affairs Bureau
Intelligence and Analysis Service
Foreign Service Training Institute, Ministry of Foreign Affairs"
